# File produced by Open Asset Import Library (http://www.assimp.sf.net)
# (assimp v3.1.137539927)

mtllib ThingBest.mtl

# vertex positions
v 406.233887 949.153809 390.479645
v 427.666595 949.153809 384.000488
v 427.666504 954.512085 377.521301
v 401.669342 954.916748 384.000488
v 398.691406 958.589478 366.331329
v 427.666504 958.450684 361.766541
v 427.666595 960.070557 340.333832
v 398.555634 960.070557 340.333832
v 369.444519 960.070557 340.333832
v 369.308807 959.333984 369.309204
v 340.333435 960.070557 340.333832
v 340.333435 960.070557 369.444916
v 366.330933 958.589478 398.691803
v 340.333435 960.070557 398.555908
v 340.333435 960.070557 427.667114
v 361.766144 958.450684 427.667114
v 377.520905 954.512085 427.667114
v 384.000092 954.916748 401.669617
v 384.000092 949.153809 427.667114
v 390.479187 949.153809 406.234406
v 392.834717 954.916748 392.835114
v 398.356598 949.153809 398.356995
v 340.333435 960.070557 -369.444122
v 340.333435 960.070557 -340.333313
v 369.444519 960.070557 -340.333313
v 369.308807 959.333984 -369.308594
v 398.691406 958.589478 -366.330597
v 398.555634 960.070557 -340.333313
v 427.666595 960.070557 -340.333313
v 427.666595 958.450684 -361.765808
v 427.666595 954.512085 -377.520508
v 401.669342 954.916748 -383.999542
v 427.666595 949.153809 -383.999542
v 406.234131 949.153687 -390.478729
v 392.834717 954.916748 -392.834198
v 398.356689 949.153687 -398.356110
v 390.479187 949.153687 -406.233734
v 384.000092 949.153687 -427.666199
v 377.520905 954.512085 -427.665985
v 384.000092 954.916748 -401.668945
v 366.330811 958.589478 -398.690826
v 361.766144 958.450684 -427.665985
v 340.333435 960.070557 -427.666199
v 340.333435 960.070557 -398.555115
v 802.454651 954.507202 377.534393
v 797.646179 949.153809 384.000488
v 815.174377 947.830566 384.000488
v 821.867126 953.323730 377.153595
v 833.319458 944.537231 384.000488
v 839.247314 950.169312 377.153595
v 847.351501 940.132080 384.000488
v 854.257141 945.104736 377.534332
v 858.096802 949.343018 361.747101
v 843.237305 953.952148 362.568237
v 857.971863 951.854858 340.333923
v 845.193787 955.866455 340.333923
v 828.670349 958.865845 340.333923
v 826.357544 957.016113 362.568237
v 812.708618 960.070557 340.333923
v 807.900330 958.453979 361.747101
v 815.174377 947.830566 -383.999542
v 797.646179 949.153809 -383.999542
v 802.454712 954.507202 -377.533722
v 821.867126 953.323730 -377.152893
v 807.900330 958.453979 -361.746429
v 826.357544 957.016113 -362.567413
v 812.708618 960.070557 -340.333099
v 828.670349 958.865845 -340.333099
v 845.193787 955.866455 -340.333099
v 843.237305 953.952148 -362.567413
v 857.971863 951.854858 -340.333099
v 858.096802 949.342896 -361.746185
v 839.247314 950.169312 -377.152893
v 854.257141 945.104736 -377.533722
v 847.351501 940.132080 -383.999542
v 833.319458 944.537231 -383.999542
v 427.666595 824.894043 377.521210
v 427.666595 830.980774 384.000427
v 406.234131 830.980774 390.479706
v 401.669342 824.434326 384.000427
v 392.834717 824.434326 392.835114
v 398.356689 830.980774 398.356995
v 390.479187 830.980774 406.234406
v 384.000092 830.980774 427.667114
v 377.520813 824.894043 427.667114
v 384.000092 824.434326 401.669617
v 366.330811 820.262085 398.691742
v 361.766144 820.419922 427.667114
v 340.333435 818.579712 427.667114
v 340.333435 818.579712 398.556000
v 340.333435 818.579712 369.444916
v 369.308807 819.416504 369.309204
v 369.444519 818.579712 340.333923
v 340.333435 818.579712 340.333923
v 398.691406 820.262085 366.331329
v 398.555634 818.579712 340.333923
v 427.666595 818.579712 340.333923
v 427.666595 820.419922 361.766541
v 406.233887 830.981018 -390.478729
v 427.666504 830.981018 -383.999542
v 427.666504 824.894287 -377.520508
v 401.669220 824.434448 -383.999542
v 398.691406 820.262085 -366.330597
v 427.666504 820.420044 -361.765808
v 427.666504 818.579834 -340.333313
v 398.555511 818.579834 -340.333313
v 369.444519 818.579834 -340.333313
v 369.308807 819.416626 -369.308594
v 340.333496 818.579834 -369.444122
v 340.333496 818.579834 -340.333313
v 366.330811 820.262085 -398.690826
v 340.333496 818.579834 -398.555115
v 340.333496 818.579834 -427.666199
v 361.766022 820.420044 -427.666199
v 377.520813 824.894287 -427.666199
v 384.000092 824.434448 -401.668945
v 384.000092 830.981018 -427.666199
v 390.479126 830.981018 -406.233734
v 392.834595 824.434448 -392.834198
v 398.356537 830.981018 -398.356110
v 694.814331 823.141602 377.147797
v 699.900513 829.477783 384.000488
v 680.181274 830.980774 384.000488
v 676.693481 824.896484 377.527191
v 690.563538 819.056274 362.578796
v 672.750305 820.418091 361.757813
v 669.262329 818.579712 340.333923
v 687.219299 817.210815 340.333923
v 705.808289 813.804077 340.333923
v 707.043884 816.035278 362.578796
v 720.183533 809.246826 340.333923
v 721.312134 811.517700 361.757813
v 727.059875 815.665405 377.527191
v 711.856873 820.017822 377.147797
v 736.099548 820.732300 384.000488
v 720.313782 825.736572 384.000488
v 721.311951 811.517822 -361.757019
v 720.183533 809.246887 -340.333191
v 705.808289 813.804077 -340.333313
v 707.043884 816.035278 -362.578125
v 687.219116 817.210938 -340.333313
v 690.563416 819.056274 -362.578125
v 669.262329 818.579834 -340.333191
v 672.750183 820.418213 -361.757019
v 676.693176 824.896484 -377.526520
v 694.814087 823.141296 -377.147125
v 680.181213 830.981018 -383.999603
v 699.900330 829.477783 -383.999603
v 720.313477 825.736572 -383.999603
v 711.856873 820.017944 -377.147125
v 736.099548 820.732422 -383.999603
v 727.059753 815.665527 -377.526520
v 1338.255127 570.999573 362.574188
v 1340.765259 563.606079 361.753326
v 1344.000244 565.153870 340.333832
v 1341.893188 571.686218 340.333832
v 1336.640137 578.676514 340.333832
v 1332.998169 577.995422 362.574188
v 1329.622803 584.286072 340.333832
v 1325.149536 584.385925 361.753326
v 1325.544067 576.678772 377.149994
v 1316.906494 583.106384 377.530243
v 1306.808105 580.745178 384.000427
v 1314.304443 574.752625 384.000427
v 1319.916260 567.285217 384.000427
v 1330.911499 569.536011 377.149994
v 1322.166748 560.307007 384.000427
v 1332.876465 561.854980 377.530243
v 1338.255127 570.999573 -362.573303
v 1341.893188 571.686218 -340.333099
v 1344.000244 565.153870 -340.333099
v 1340.765259 563.606079 -361.752441
v 1330.911499 569.536011 -377.149445
v 1332.876465 561.854919 -377.529327
v 1322.166748 560.307007 -383.999542
v 1319.916016 567.284973 -383.999542
v 1314.304443 574.752625 -383.999542
v 1325.543579 576.678772 -377.149200
v 1306.808105 580.745178 -383.999542
v 1316.906494 583.106628 -377.529327
v 1325.149536 584.385925 -361.752441
v 1332.998169 577.995422 -362.573517
v 1329.622803 584.286072 -340.332916
v 1336.640137 578.676514 -340.332916
v 1127.516235 499.545013 340.333832
v 1129.996460 493.012787 340.333832
v 1133.807007 494.085144 361.759888
v 1131.383057 500.605011 362.580841
v 1143.085938 495.296997 377.525787
v 1139.889893 501.878723 377.146637
v 1155.696045 496.369385 384.000488
v 1153.046509 503.347504 384.000488
v 1146.441284 510.814911 384.000488
v 1134.262939 508.240112 377.146515
v 1137.617676 516.807617 384.000488
v 1126.465088 514.087280 377.525696
v 1125.886230 506.819214 362.580841
v 1117.603394 512.403870 361.759888
v 1113.073242 512.145081 340.333832
v 1121.333008 506.535339 340.333832
v 1133.807007 494.085144 -361.759003
v 1129.996460 493.012787 -340.333099
v 1127.516235 499.545013 -340.333099
v 1131.382935 500.605011 -362.579987
v 1121.333008 506.535339 -340.333099
v 1125.886230 506.819214 -362.579926
v 1113.073242 512.145020 -340.333099
v 1117.603394 512.403870 -361.759003
v 1126.465088 514.087402 -377.524902
v 1134.262939 508.240112 -377.145721
v 1137.617676 516.807617 -383.999542
v 1146.441162 510.814911 -383.999542
v 1153.046509 503.347504 -383.999542
v 1139.889771 501.878723 -377.145721
v 1155.696045 496.369385 -383.999542
v 1143.085938 495.296997 -377.524902
v -427.666595 954.512085 377.521301
v -427.666595 949.153809 384.000488
v -406.234131 949.153809 390.479645
v -401.669342 954.916748 384.000488
v -392.834595 954.916748 392.835114
v -398.356598 949.153809 398.356995
v -390.479126 949.153809 406.234406
v -384.000000 949.153809 427.667114
v -377.520905 954.512085 427.666931
v -384.000000 954.916748 401.669617
v -366.330811 958.589478 398.691803
v -361.766144 958.450684 427.666931
v -340.333435 960.070557 427.667114
v -340.333435 960.070557 398.555908
v -340.333435 960.070557 369.444916
v -369.308807 959.333984 369.309204
v -340.333435 960.070557 340.333832
v -369.444519 960.070557 340.333832
v -398.691345 958.589478 366.331329
v -398.555511 960.070557 340.333832
v -427.666595 960.070557 340.333832
v -427.666595 958.450684 361.766541
v -406.233887 949.153687 -390.478729
v -427.666595 949.153809 -383.999542
v -427.666504 954.512085 -377.520508
v -401.669342 954.916748 -383.999542
v -398.691345 958.589478 -366.330597
v -427.666504 958.450684 -361.765808
v -427.666595 960.070557 -340.333313
v -398.555511 960.070557 -340.333313
v -369.444519 960.070557 -340.333313
v -369.308807 959.333984 -369.308594
v -340.333435 960.070557 -340.333313
v -340.333435 960.070557 -369.444122
v -366.330933 958.589478 -398.690826
v -340.333435 960.070557 -398.555115
v -340.333435 960.070557 -427.666199
v -361.766144 958.450684 -427.666199
v -377.520905 954.512085 -427.666199
v -384.000000 954.916748 -401.668945
v -384.000000 949.153687 -427.666199
v -390.479126 949.153809 -406.233734
v -392.834595 954.916748 -392.834198
v -398.356506 949.153809 -398.356110
v -815.174377 947.830566 384.000488
v -797.646118 949.153809 384.000488
v -802.454407 954.507202 377.534393
v -821.866882 953.323730 377.153595
v -807.900024 958.453979 361.747101
v -826.357422 957.016113 362.568237
v -812.708374 960.070557 340.333923
v -828.670044 958.865845 340.333923
v -845.193665 955.866455 340.333923
v -843.237122 953.952148 362.568146
v -857.971619 951.854858 340.333923
v -858.096497 949.342896 361.746918
v -839.247253 950.169067 377.153595
v -854.256836 945.104736 377.534393
v -847.351196 940.132080 384.000488
v -833.319214 944.537231 384.000488
v -843.237122 953.952148 -362.567413
v -858.096497 949.343018 -361.746429
v -857.971619 951.854858 -340.333099
v -845.193665 955.866455 -340.333099
v -828.670044 958.865845 -340.333099
v -826.357422 957.016113 -362.567413
v -812.708374 960.070557 -340.333099
v -807.900024 958.453979 -361.746429
v -821.866882 953.323730 -377.152893
v -802.454407 954.507202 -377.533722
v -797.646118 949.153809 -383.999542
v -815.174377 947.830566 -383.999542
v -833.319214 944.537231 -383.999542
v -839.246948 950.169312 -377.152893
v -847.351196 940.132080 -383.999542
v -854.256836 945.104736 -377.533386
v -406.233887 830.980774 390.479706
v -427.666595 830.980774 384.000488
v -427.666595 824.894043 377.521210
v -401.669342 824.434326 384.000488
v -398.691406 820.262085 366.331329
v -427.666595 820.419922 361.766541
v -427.666595 818.579712 340.333923
v -398.555511 818.579712 340.333923
v -369.444519 818.579712 340.333923
v -369.308807 819.416504 369.309113
v -340.333435 818.579712 369.445038
v -340.333435 818.579712 340.333923
v -366.330811 820.262085 398.691742
v -340.333435 818.579712 398.556122
v -340.333435 818.579712 427.667114
v -361.766022 820.419922 427.667114
v -377.520813 824.894043 427.667114
v -384.000000 824.434326 401.669739
v -384.000000 830.980774 427.667114
v -390.479126 830.980774 406.234619
v -392.834595 824.434326 392.835114
v -398.356506 830.980774 398.356995
v -369.444519 818.579834 -340.333313
v -369.308807 819.416626 -369.308594
v -340.333435 818.579834 -340.333313
v -398.691406 820.262085 -366.330597
v -398.555634 818.579834 -340.333313
v -427.666718 818.579834 -340.333313
v -427.666718 820.420044 -361.765625
v -427.666718 824.894287 -377.520508
v -401.669342 824.434448 -383.999542
v -427.666718 830.981018 -383.999542
v -406.234131 830.981018 -390.478729
v -392.834717 824.434448 -392.834198
v -398.356720 830.981018 -398.356110
v -390.479309 830.981018 -406.233734
v -384.000092 830.981018 -427.666199
v -377.520813 824.894287 -427.666199
v -384.000092 824.434448 -401.668945
v -366.330811 820.262085 -398.690826
v -361.766144 820.420044 -427.666199
v -340.333435 818.579834 -427.666199
v -340.333435 818.579834 -398.555115
v -340.333435 818.579834 -369.444122
v -694.814087 823.141174 377.147919
v -676.693176 824.896484 377.527191
v -680.181091 830.980774 384.000488
v -699.900330 829.477783 384.000488
v -720.313232 825.736572 384.000488
v -711.857056 820.017822 377.147919
v -736.099609 820.732300 384.000488
v -727.059570 815.665405 377.527191
v -707.043884 816.035278 362.578796
v -721.311951 811.517700 361.757813
v -720.183289 809.246826 340.333923
v -705.808289 813.804077 340.334015
v -687.219116 817.210815 340.334015
v -690.563538 819.056274 362.578796
v -669.262329 818.579712 340.333923
v -672.750183 820.418091 361.757813
v -694.814331 823.141724 -377.147125
v -699.900391 829.477783 -383.999603
v -680.181213 830.981018 -383.999603
v -676.693481 824.896484 -377.526520
v -690.563538 819.056274 -362.578125
v -672.750183 820.418213 -361.757019
v -669.262329 818.579834 -340.333191
v -687.219116 817.210938 -340.333191
v -705.808289 813.804077 -340.333191
v -707.043884 816.035278 -362.578125
v -720.183289 809.246887 -340.333191
v -721.311951 811.517822 -361.757019
v -727.059753 815.665527 -377.526520
v -711.857056 820.017944 -377.147125
v -736.099609 820.732422 -383.999603
v -720.313721 825.736572 -383.999603
v -1338.255127 570.999573 362.574188
v -1341.893188 571.686218 340.333832
v -1344.000000 565.153870 340.333832
v -1340.765015 563.606079 361.753326
v -1330.911499 569.536011 377.150085
v -1332.876465 561.854919 377.530243
v -1322.166748 560.307007 384.000427
v -1319.916016 567.284973 384.000427
v -1314.304443 574.752625 384.000427
v -1325.543579 576.678772 377.149994
v -1306.807983 580.745178 384.000427
v -1316.906494 583.106628 377.530243
v -1325.149414 584.385925 361.753326
v -1332.998169 577.995422 362.574188
v -1329.622803 584.286072 340.333832
v -1336.639893 578.676514 340.333832
v -1338.255127 570.999573 -362.573303
v -1340.765015 563.606079 -361.752441
v -1344.000000 565.153870 -340.333099
v -1341.892944 571.686218 -340.333099
v -1336.639893 578.676514 -340.332916
v -1332.998169 577.995422 -362.573517
v -1329.622803 584.286072 -340.333313
v -1325.149414 584.385925 -361.752441
v -1325.543823 576.678772 -377.149200
v -1316.906494 583.106384 -377.529327
v -1306.807983 580.745178 -383.999542
v -1314.304443 574.752625 -383.999542
v -1319.916260 567.285217 -383.999542
v -1330.911499 569.536011 -377.149200
v -1322.166748 560.307007 -383.999542
v -1332.876465 561.854980 -377.529327
v -1133.807129 494.085144 361.759888
v -1129.996582 493.012787 340.333832
v -1127.516357 499.545013 340.333832
v -1131.383057 500.605011 362.580841
v -1121.333252 506.535339 340.333832
v -1125.886230 506.819214 362.580688
v -1113.073486 512.145020 340.333832
v -1117.603638 512.403870 361.759888
v -1126.465088 514.087402 377.525696
v -1134.263184 508.240112 377.146637
v -1137.617676 516.807617 384.000488
v -1146.441284 510.814911 384.000488
v -1153.046509 503.347504 384.000488
v -1139.889893 501.878723 377.146637
v -1155.696045 496.369385 384.000488
v -1143.085938 495.296997 377.525696
v -1127.516357 499.545013 -340.333099
v -1129.996582 493.012787 -340.333099
v -1133.807129 494.085144 -361.759003
v -1131.383057 500.605011 -362.579987
v -1143.085938 495.296997 -377.524902
v -1139.889893 501.878723 -377.145721
v -1155.696045 496.369385 -383.999542
v -1153.046509 503.347504 -383.999542
v -1146.441284 510.814911 -383.999542
v -1134.263184 508.240112 -377.145721
v -1137.617676 516.807617 -383.999542
v -1126.465088 514.087280 -377.524902
v -1125.886230 506.819214 -362.579987
v -1117.603638 512.403870 -361.759003
v -1113.073486 512.145081 -340.333099
v -1121.333252 506.535339 -340.333099
v -362.567627 953.952148 -843.237183
v -340.333435 955.866455 -845.193604
v -340.333435 951.854858 -857.971741
v -361.746521 949.343018 -858.096375
v -377.153198 950.169067 -839.247131
v -377.533905 945.104736 -854.256775
v -383.999939 940.132080 -847.351074
v -383.999939 944.537231 -833.319275
v -383.999939 947.830566 -815.174255
v -377.153198 953.323730 -821.866760
v -383.999939 949.153809 -797.645996
v -377.533905 954.507324 -802.454285
v -361.746643 958.453979 -807.900085
v -362.567688 957.016113 -826.357361
v -340.333435 960.070557 -812.708435
v -340.333435 958.865845 -828.669922
v 362.567841 953.952148 -843.237183
v 361.746704 949.343018 -858.096375
v 340.333496 951.854858 -857.971741
v 340.333496 955.866455 -845.193604
v 340.333496 958.865845 -828.669922
v 362.567841 957.016113 -826.357361
v 340.333496 960.070557 -812.708435
v 361.746704 958.453979 -807.900085
v 377.153290 953.323730 -821.866943
v 377.533997 954.507202 -802.454285
v 384.000092 949.153809 -797.645996
v 384.000092 947.830566 -815.174255
v 384.000092 944.537231 -833.319275
v 377.153290 950.169312 -839.246826
v 384.000092 940.132080 -847.351074
v 377.533936 945.104736 -854.257019
v -361.757416 811.517700 -721.312073
v -340.333496 809.246826 -720.183228
v -340.333496 813.804077 -705.807983
v -362.578400 816.035278 -707.043884
v -340.333496 817.210815 -687.219116
v -362.578400 819.055786 -690.563416
v -340.333496 818.579712 -669.262024
v -361.757416 820.418091 -672.750122
v -377.526794 824.896484 -676.693481
v -377.147400 823.141174 -694.814026
v -384.000092 830.980774 -680.180908
v -384.000092 829.477417 -699.900391
v -384.000092 825.736206 -720.313416
v -377.147400 820.017822 -711.856934
v -384.000092 820.731995 -736.099487
v -377.526794 815.665405 -727.059692
v 340.333588 813.803589 -705.808167
v 340.333588 809.246826 -720.183228
v 361.757416 811.517700 -721.312073
v 362.578522 816.035278 -707.043884
v 377.526917 815.665405 -727.059692
v 377.147522 820.017822 -711.856934
v 384.000214 820.731995 -736.099487
v 384.000214 825.736206 -720.313416
v 384.000214 829.477417 -699.900391
v 377.147522 823.141602 -694.814026
v 384.000214 830.980774 -680.180908
v 377.526917 824.896484 -676.693481
v 362.578522 819.055786 -690.563416
v 361.757416 820.418091 -672.750122
v 340.333588 818.579712 -669.262024
v 340.333588 817.210815 -687.219116
v -362.573792 570.999573 -1338.254883
v -340.333435 571.686218 -1341.892822
v -340.333435 565.153870 -1344.000000
v -361.752930 563.606079 -1340.764893
v -377.149719 569.535889 -1330.911377
v -377.529724 561.854919 -1332.876465
v -384.000000 560.307007 -1322.166504
v -384.000000 567.284973 -1319.915771
v -384.000000 574.752625 -1314.304443
v -377.149597 576.678772 -1325.543457
v -384.000000 580.745178 -1306.807739
v -377.529724 583.106384 -1316.906250
v -361.752930 584.385925 -1325.149414
v -362.573792 577.995422 -1332.998047
v -340.333435 584.286194 -1329.622681
v -340.333435 578.676514 -1336.639893
v 362.573792 570.999573 -1338.254883
v 361.752930 563.606079 -1340.764893
v 340.333435 565.153870 -1344.000000
v 340.333435 571.686218 -1341.892578
v 340.333435 578.676514 -1336.639893
v 362.573792 577.995422 -1332.998047
v 340.333435 584.286072 -1329.622681
v 361.752930 584.385925 -1325.149414
v 377.149597 576.678772 -1325.543701
v 377.529724 583.106384 -1316.906250
v 384.000092 580.745178 -1306.807739
v 384.000092 574.752625 -1314.304443
v 384.000092 567.285095 -1319.915771
v 377.149597 569.535889 -1330.911377
v 384.000092 560.307007 -1322.166504
v 377.529724 561.854919 -1332.876465
v -361.759399 494.085144 -1145.626221
v -340.333435 493.012939 -1141.775879
v -340.333435 499.545013 -1139.269775
v -362.580444 500.605011 -1143.176514
v -340.333435 506.535400 -1133.022217
v -362.580322 506.819214 -1137.622559
v -340.333435 512.145020 -1124.676147
v -361.759399 512.403870 -1129.253174
v -377.525299 514.087402 -1138.207764
v -377.146240 508.240112 -1146.086548
v -384.000000 516.807617 -1149.476563
v -384.000000 510.814911 -1158.391846
v -384.000000 503.347504 -1165.065674
v -377.146240 501.878815 -1151.772095
v -384.000000 496.369385 -1167.743286
v -377.525299 495.297089 -1155.001465
v 340.333435 499.545013 -1139.269775
v 340.333435 493.012939 -1141.775879
v 361.759399 494.085144 -1145.626221
v 362.580444 500.605011 -1143.176514
v 377.525391 495.297089 -1155.001465
v 377.146240 501.878815 -1151.772339
v 384.000092 496.369385 -1167.743286
v 384.000092 503.347504 -1165.065674
v 384.000092 510.814911 -1158.392334
v 377.146118 508.240112 -1146.086548
v 384.000092 516.807617 -1149.476563
v 377.525299 514.087280 -1138.207520
v 362.580444 506.819214 -1137.622559
v 361.759399 512.403870 -1129.253174
v 340.333435 512.145081 -1124.676147
v 340.333435 506.535400 -1133.022217
v -362.567688 953.952148 843.237183
v -361.746643 949.343018 858.096619
v -340.333435 951.854858 857.971741
v -340.333435 955.866455 845.193848
v -340.333435 958.865845 828.669983
v -362.567688 957.016113 826.357422
v -340.333435 960.070557 812.708496
v -361.746643 958.453979 807.900146
v -377.153198 953.323730 821.866943
v -377.533905 954.507202 802.454529
v -384.000000 949.153809 797.646179
v -384.000000 947.830566 815.174255
v -384.000000 944.537231 833.319580
v -377.153198 950.169312 839.247131
v -384.000000 940.132080 847.351318
v -377.533844 945.104736 854.257019
v 362.567627 953.952148 843.237183
v 340.333496 955.866455 845.193848
v 340.333496 951.854858 857.971741
v 361.746643 949.342896 858.096680
v 377.153198 950.169067 839.247131
v 377.533936 945.104736 854.257019
v 384.000092 940.132080 847.351318
v 384.000092 944.537231 833.319580
v 384.000092 947.830566 815.174255
v 377.153198 953.323730 821.866943
v 384.000092 949.153809 797.646179
v 377.533936 954.507202 802.454590
v 361.746643 958.453979 807.900146
v 362.567841 957.016113 826.357422
v 340.333496 960.070557 812.708496
v 340.333496 958.865845 828.669983
v -340.333435 813.803589 705.808289
v -340.333435 809.246826 720.183655
v -361.757324 811.517700 721.312073
v -362.578400 816.035278 707.044006
v -377.526703 815.665405 727.059998
v -377.147400 820.017822 711.857178
v -383.999939 820.731995 736.099731
v -383.999939 825.736206 720.313843
v -383.999939 829.477417 699.900635
v -377.147400 823.141602 694.814453
v -383.999939 830.980774 680.181335
v -377.526703 824.896484 676.693481
v -362.578400 819.055786 690.563782
v -361.757324 820.418091 672.750427
v -340.333435 818.579712 669.262451
v -340.333435 817.210815 687.219421
v 361.757416 811.517700 721.312073
v 340.333496 809.246826 720.183350
v 340.333588 813.804077 705.807983
v 362.578400 816.035278 707.043823
v 340.333588 817.210815 687.219177
v 362.578400 819.055786 690.563416
v 340.333496 818.579712 669.262329
v 361.757416 820.418091 672.750061
v 377.526794 824.896484 676.693481
v 377.147400 823.141174 694.814026
v 384.000092 830.980774 680.181213
v 384.000092 829.477417 699.900391
v 384.000092 825.736206 720.313538
v 377.147400 820.017822 711.856934
v 384.000092 820.731995 736.099487
v 377.526794 815.665405 727.059875
v -362.573792 570.999573 1338.255493
v -361.752930 563.606079 1340.765137
v -340.333435 565.153870 1344.000122
v -340.333435 571.686218 1341.893066
v -340.333435 578.676514 1336.640015
v -362.573792 577.995422 1332.998291
v -340.333435 584.286194 1329.622681
v -361.752930 584.385925 1325.149658
v -377.149597 576.678772 1325.543945
v -377.529724 583.106384 1316.906372
v -384.000000 580.745178 1306.808105
v -384.000000 574.752502 1314.304688
v -384.000000 567.285095 1319.916382
v -377.149597 569.535889 1330.911377
v -384.000000 560.307007 1322.167114
v -377.529724 561.854919 1332.876709
v 362.573792 570.999573 1338.255493
v 340.333435 571.686218 1341.893066
v 340.333435 565.153870 1344.000122
v 361.752930 563.606079 1340.765137
v 377.149689 569.535889 1330.911621
v 377.529724 561.854919 1332.876709
v 384.000092 560.307007 1322.167114
v 384.000092 567.284973 1319.916382
v 384.000092 574.752502 1314.304688
v 377.149597 576.678772 1325.543701
v 384.000092 580.745178 1306.808105
v 377.529724 583.106384 1316.906372
v 361.752930 584.385803 1325.149414
v 362.573792 577.995422 1332.998047
v 340.333435 584.286194 1329.622681
v 340.333435 578.676514 1336.640015
v -340.333435 499.545013 1139.269653
v -340.333435 493.012939 1141.775879
v -361.759399 494.085144 1145.625854
v -362.580444 500.605011 1143.177002
v -377.525391 495.297089 1155.001587
v -377.146240 501.878815 1151.772339
v -384.000000 496.369385 1167.743286
v -384.000000 503.347504 1165.066284
v -384.000000 510.814911 1158.391968
v -377.146118 508.240112 1146.087036
v -384.000000 516.807617 1149.476563
v -377.525299 514.087280 1138.207642
v -362.580444 506.819214 1137.622681
v -361.759399 512.403870 1129.253662
v -340.333435 512.145020 1124.676147
v -340.333435 506.535400 1133.022095
v 361.759399 494.085144 1145.626221
v 340.333435 493.012939 1141.775879
v 340.333435 499.545013 1139.269653
v 362.580444 500.605011 1143.177002
v 340.333435 506.535400 1133.022095
v 362.580322 506.819214 1137.622681
v 340.333435 512.145020 1124.676147
v 361.759399 512.403870 1129.253662
v 377.525299 514.087402 1138.207642
v 377.146240 508.240112 1146.087036
v 384.000092 516.807617 1149.476563
v 384.000092 510.814911 1158.391968
v 384.000092 503.347504 1165.066284
v 377.146240 501.878815 1151.772339
v 384.000092 496.369385 1167.743286
v 377.525299 495.297089 1155.001587
v 1341.074951 -242.946198 362.167206
v 1344.000244 -242.946198 340.333832
v 1333.083496 -242.946198 378.150238
v 1322.166748 -242.946198 384.000488
v 1344.000244 -242.946198 -340.332916
v 1341.074951 -242.946198 -362.166443
v 1333.083496 -242.946198 -378.149323
v 1322.166748 -242.946198 -383.999542
v 1129.996460 -242.946198 340.333832
v 1133.439453 -242.946198 362.167206
v 1142.846191 -242.946198 378.150238
v 1155.696045 -242.946198 384.000488
v 1133.439453 -242.946198 -362.166443
v 1129.996460 -242.946198 -340.332916
v 1142.846191 -242.946198 -378.149323
v 1155.696045 -242.946198 -383.999542
v -1344.000000 -242.946198 340.333832
v -1341.074951 -242.946198 362.167206
v -1333.083496 -242.946198 378.150238
v -1322.166748 -242.946198 384.000488
v -1341.074951 -242.946198 -362.166443
v -1344.000000 -242.946198 -340.332916
v -1333.083496 -242.946198 -378.149323
v -1322.166748 -242.946198 -383.999542
v -1133.439575 -242.946198 362.167206
v -1129.996582 -242.946198 340.333832
v -1142.846436 -242.946198 378.150238
v -1155.696045 -242.946198 384.000488
v -1129.996582 -242.946198 -340.332916
v -1133.439575 -242.946198 -362.166443
v -1142.846436 -242.946198 -378.149323
v -1155.696045 -242.946198 -383.999542
v 362.166687 -242.946198 -1341.074585
v 340.333435 -242.946198 -1343.999878
v 378.149719 -242.946198 -1333.083130
v 384.000092 -242.946198 -1322.166382
v -340.333435 -242.946198 -1343.999878
v -362.166718 -242.946198 -1341.074585
v -378.149719 -242.946198 -1333.083130
v -384.000000 -242.946198 -1322.166382
v 340.333435 -242.946198 -1141.775879
v 362.166687 -242.946198 -1145.254395
v 378.149719 -242.946198 -1154.759033
v 384.000092 -242.946198 -1167.743286
v -362.166718 -242.946198 -1145.254395
v -340.333435 -242.946198 -1141.775879
v -378.149719 -242.946198 -1154.759033
v -384.000000 -242.946198 -1167.743286
v 340.333435 -242.946198 1344.000122
v 362.166687 -242.946198 1341.075317
v 378.149719 -242.946198 1333.083862
v 384.000092 -242.946198 1322.167114
v -362.166718 -242.946198 1341.075317
v -340.333435 -242.946198 1344.000122
v -378.149719 -242.946198 1333.083862
v -384.000000 -242.946198 1322.167114
v 362.166687 -242.946198 1145.254517
v 340.333435 -242.946198 1141.776001
v 378.149719 -242.946198 1154.759644
v 384.000092 -242.946198 1167.743286
v -340.333435 -242.946198 1141.776001
v -362.166718 -242.946198 1145.254517
v -378.149719 -242.946198 1154.759644
v -384.000000 -242.946198 1167.743286

# UV coordinates
vt 0.200300 0.809400
vt 0.200600 0.804500
vt 0.202700 0.804500
vt 0.202100 0.810300
vt 0.205800 0.810800
vt 0.206400 0.804500
vt 0.211000 0.804500
vt 0.211200 0.810700
vt 0.211300 0.816900
vt 0.205500 0.817200
vt 0.997600 0.063800
vt 0.991300 0.063800
vt 0.991300 0.057500
vt 0.997500 0.057500
vt 0.783700 0.808300
vt 0.783900 0.814700
vt 0.778100 0.814400
vt 0.778300 0.808100
vt 0.778500 0.801900
vt 0.783200 0.802000
vt 0.786900 0.802200
vt 0.787500 0.807900
vt 0.789000 0.802200
vt 0.789300 0.807100
vt 0.788900 0.810100
vt 0.789900 0.809400
vt 0.991300 0.216600
vt 0.991300 0.210400
vt 0.997600 0.210400
vt 0.997500 0.216600
vt 0.362900 0.810800
vt 0.363300 0.817200
vt 0.357400 0.817000
vt 0.357500 0.810700
vt 0.357700 0.804500
vt 0.362300 0.804500
vt 0.366000 0.804600
vt 0.366600 0.810300
vt 0.368100 0.804600
vt 0.368500 0.809500
vt 0.368100 0.812500
vt 0.369000 0.811700
vt 0.194000 0.927500
vt 0.194300 0.922600
vt 0.196400 0.922600
vt 0.195900 0.928300
vt 0.199600 0.928800
vt 0.200100 0.922500
vt 0.204800 0.922500
vt 0.205000 0.928700
vt 0.205100 0.935000
vt 0.199300 0.935200
vt 0.194400 0.930500
vt 0.202700 0.723800
vt 0.200800 0.724800
vt 0.200900 0.721100
vt 0.202900 0.719700
vt 0.200600 0.717200
vt 0.202700 0.715900
vt 0.200000 0.714100
vt 0.202100 0.712600
vt 0.206000 0.711700
vt 0.206000 0.715000
vt 0.210900 0.711700
vt 0.211000 0.714600
vt 0.211000 0.718200
vt 0.206100 0.718700
vt 0.211000 0.721600
vt 0.206300 0.722700
vt 0.367800 0.721100
vt 0.367800 0.724800
vt 0.365900 0.723900
vt 0.365800 0.719700
vt 0.362400 0.722700
vt 0.362500 0.718700
vt 0.357700 0.721600
vt 0.357700 0.718200
vt 0.357700 0.714600
vt 0.362600 0.715000
vt 0.357800 0.711700
vt 0.362700 0.711700
vt 0.366000 0.715900
vt 0.366500 0.712600
vt 0.368600 0.714100
vt 0.368000 0.717100
vt 0.172700 0.804200
vt 0.174900 0.804300
vt 0.175000 0.809100
vt 0.173000 0.809900
vt 0.174400 0.812100
vt 0.175400 0.811400
vt 0.814800 0.807100
vt 0.814700 0.802100
vt 0.816800 0.801900
vt 0.816900 0.807800
vt 0.820800 0.807800
vt 0.820400 0.801600
vt 0.825100 0.801100
vt 0.826300 0.806900
vt 0.827600 0.812900
vt 0.821600 0.814200
vt 0.163500 0.816400
vt 0.169500 0.816600
vt 0.163400 0.822700
vt 0.169200 0.810300
vt 0.163700 0.810100
vt 0.164100 0.803800
vt 0.168900 0.804000
vt 0.815800 0.810200
vt 0.393900 0.809300
vt 0.393800 0.804400
vt 0.395900 0.804200
vt 0.396000 0.810000
vt 0.399900 0.810100
vt 0.399500 0.803800
vt 0.404100 0.803400
vt 0.405400 0.809100
vt 0.406700 0.815100
vt 0.400700 0.816400
vt 0.157200 0.934400
vt 0.163200 0.934700
vt 0.157000 0.940700
vt 0.162900 0.928300
vt 0.157400 0.928100
vt 0.157800 0.921900
vt 0.162600 0.922000
vt 0.166400 0.922200
vt 0.166700 0.928000
vt 0.168600 0.922300
vt 0.168700 0.927200
vt 0.168100 0.930200
vt 0.169100 0.929400
vt 0.172600 0.746500
vt 0.174800 0.745500
vt 0.174900 0.749800
vt 0.172700 0.750500
vt 0.169200 0.747400
vt 0.169000 0.751200
vt 0.164200 0.751900
vt 0.164300 0.748000
vt 0.164300 0.743900
vt 0.169100 0.743800
vt 0.164200 0.740700
vt 0.168800 0.740600
vt 0.172000 0.739300
vt 0.172400 0.742700
vt 0.173700 0.737500
vt 0.174400 0.741000
vt 0.399900 0.740500
vt 0.404500 0.740900
vt 0.404300 0.744100
vt 0.399400 0.743700
vt 0.404100 0.748000
vt 0.399200 0.747300
vt 0.404100 0.751700
vt 0.399400 0.751100
vt 0.395800 0.750400
vt 0.395900 0.746400
vt 0.393700 0.749800
vt 0.393700 0.745400
vt 0.394200 0.740900
vt 0.396200 0.742700
vt 0.394900 0.737400
vt 0.396600 0.739300
vt 0.209700 0.191600
vt 0.209500 0.189900
vt 0.214400 0.189300
vt 0.214500 0.190800
vt 0.214600 0.192700
vt 0.209900 0.193400
vt 0.214700 0.194800
vt 0.210100 0.195600
vt 0.206600 0.194500
vt 0.206400 0.196800
vt 0.204200 0.198200
vt 0.204200 0.196100
vt 0.203900 0.194100
vt 0.206300 0.192700
vt 0.203100 0.192700
vt 0.205600 0.191100
vt 0.366000 0.191300
vt 0.361100 0.190800
vt 0.361200 0.189300
vt 0.366100 0.189600
vt 0.369400 0.192300
vt 0.370000 0.190700
vt 0.372600 0.192200
vt 0.371900 0.193700
vt 0.371500 0.195700
vt 0.369200 0.194100
vt 0.371600 0.197800
vt 0.369300 0.196400
vt 0.365700 0.195300
vt 0.365900 0.193100
vt 0.361200 0.194500
vt 0.361100 0.192600
vt 0.160100 0.217900
vt 0.160000 0.216400
vt 0.164500 0.216000
vt 0.165000 0.217400
vt 0.168000 0.214600
vt 0.168400 0.216100
vt 0.170300 0.212700
vt 0.171000 0.214100
vt 0.171200 0.216300
vt 0.168600 0.217900
vt 0.171000 0.218600
vt 0.168600 0.220100
vt 0.165100 0.219200
vt 0.164800 0.221400
vt 0.160100 0.222100
vt 0.160100 0.219900
vt 0.411400 0.215100
vt 0.416000 0.215700
vt 0.415800 0.217200
vt 0.411000 0.216500
vt 0.415700 0.219100
vt 0.410800 0.218300
vt 0.415700 0.221200
vt 0.411000 0.220500
vt 0.407300 0.219300
vt 0.407400 0.217100
vt 0.404900 0.217800
vt 0.404700 0.215500
vt 0.404900 0.213300
vt 0.407500 0.215300
vt 0.405600 0.211900
vt 0.407900 0.213700
vt 0.778900 0.922800
vt 0.781000 0.922900
vt 0.781400 0.927700
vt 0.779600 0.928600
vt 0.781000 0.930800
vt 0.782000 0.930000
vt 0.621000 0.806600
vt 0.621300 0.801700
vt 0.623500 0.801800
vt 0.622800 0.807500
vt 0.626500 0.808100
vt 0.627200 0.801800
vt 0.631900 0.801900
vt 0.632000 0.808100
vt 0.632000 0.814400
vt 0.626100 0.814400
vt 0.844700 0.057500
vt 0.844700 0.063800
vt 0.838500 0.063800
vt 0.838500 0.057500
vt 0.775900 0.929100
vt 0.776200 0.935400
vt 0.770400 0.935200
vt 0.770500 0.929000
vt 0.770600 0.922700
vt 0.775300 0.922800
vt 0.621300 0.809600
vt 0.613300 0.927700
vt 0.613600 0.922800
vt 0.615700 0.922800
vt 0.615100 0.928500
vt 0.618700 0.929000
vt 0.619300 0.922800
vt 0.624000 0.922700
vt 0.624100 0.929000
vt 0.624200 0.935200
vt 0.618400 0.935400
vt 0.838500 0.210400
vt 0.844700 0.210400
vt 0.844700 0.216600
vt 0.838500 0.216600
vt 0.356700 0.928700
vt 0.357100 0.935000
vt 0.351300 0.935000
vt 0.351300 0.928700
vt 0.351300 0.922500
vt 0.356000 0.922400
vt 0.359700 0.922500
vt 0.360400 0.928200
vt 0.361900 0.922500
vt 0.362300 0.927300
vt 0.361900 0.930400
vt 0.362800 0.929600
vt 0.780700 0.839300
vt 0.780800 0.843100
vt 0.778900 0.842100
vt 0.778700 0.838000
vt 0.775300 0.840900
vt 0.775500 0.837000
vt 0.770600 0.839900
vt 0.770600 0.836500
vt 0.770600 0.832900
vt 0.775600 0.833300
vt 0.770700 0.830000
vt 0.775600 0.830000
vt 0.778900 0.834200
vt 0.779500 0.830800
vt 0.781600 0.832300
vt 0.781000 0.835400
vt 0.619000 0.833300
vt 0.618900 0.829900
vt 0.623900 0.830000
vt 0.623900 0.832900
vt 0.624000 0.836500
vt 0.619100 0.837000
vt 0.624000 0.839900
vt 0.619300 0.840900
vt 0.615800 0.838000
vt 0.615700 0.842100
vt 0.613800 0.843100
vt 0.613800 0.839400
vt 0.613600 0.835400
vt 0.615600 0.834200
vt 0.612900 0.832400
vt 0.615100 0.830800
vt 0.806900 0.927600
vt 0.806800 0.922600
vt 0.808800 0.922400
vt 0.809000 0.928300
vt 0.812900 0.928300
vt 0.812500 0.922100
vt 0.817100 0.921600
vt 0.818300 0.927400
vt 0.819700 0.933400
vt 0.813600 0.934700
vt 0.584000 0.813200
vt 0.590000 0.813500
vt 0.583900 0.819500
vt 0.589800 0.807100
vt 0.584300 0.806900
vt 0.584700 0.800700
vt 0.589500 0.800800
vt 0.593300 0.801000
vt 0.593600 0.806800
vt 0.595500 0.801200
vt 0.595600 0.806000
vt 0.594900 0.809000
vt 0.596000 0.808300
vt 0.576400 0.934600
vt 0.582400 0.934900
vt 0.576300 0.940900
vt 0.582200 0.928600
vt 0.576700 0.928300
vt 0.577100 0.922100
vt 0.581900 0.922200
vt 0.585700 0.922400
vt 0.585900 0.928200
vt 0.587800 0.922600
vt 0.587900 0.927400
vt 0.587300 0.930400
vt 0.588400 0.929700
vt 0.387700 0.927200
vt 0.387600 0.922300
vt 0.389700 0.922000
vt 0.389800 0.927900
vt 0.393700 0.927900
vt 0.393300 0.921700
vt 0.397900 0.921200
vt 0.399200 0.927000
vt 0.400500 0.933000
vt 0.394500 0.934300
vt 0.388700 0.930300
vt 0.808800 0.864700
vt 0.808800 0.868700
vt 0.806600 0.868100
vt 0.806700 0.863700
vt 0.807100 0.859200
vt 0.809100 0.860900
vt 0.807900 0.855700
vt 0.809500 0.857500
vt 0.812400 0.861900
vt 0.812900 0.858800
vt 0.817400 0.859100
vt 0.817200 0.862300
vt 0.817000 0.866300
vt 0.812200 0.865500
vt 0.817000 0.870000
vt 0.812400 0.869300
vt 0.585600 0.864800
vt 0.587800 0.863700
vt 0.587900 0.868100
vt 0.585700 0.868700
vt 0.582200 0.865600
vt 0.582000 0.869500
vt 0.577200 0.870100
vt 0.577200 0.866300
vt 0.577200 0.862200
vt 0.582000 0.862000
vt 0.577200 0.858900
vt 0.581700 0.858800
vt 0.585000 0.857600
vt 0.585300 0.861000
vt 0.586600 0.855700
vt 0.587400 0.859200
vt 0.780000 0.184700
vt 0.775200 0.184200
vt 0.775200 0.182700
vt 0.780100 0.183000
vt 0.783400 0.185700
vt 0.784100 0.184100
vt 0.786600 0.185700
vt 0.785900 0.187100
vt 0.785500 0.189100
vt 0.783200 0.187600
vt 0.785600 0.191200
vt 0.783400 0.189800
vt 0.779800 0.188700
vt 0.779900 0.186500
vt 0.775200 0.187900
vt 0.775200 0.186000
vt 0.623700 0.185000
vt 0.623600 0.183300
vt 0.628500 0.182700
vt 0.628600 0.184200
vt 0.628600 0.186200
vt 0.623900 0.186800
vt 0.628700 0.188200
vt 0.624100 0.189000
vt 0.620600 0.187900
vt 0.620500 0.190200
vt 0.618300 0.191600
vt 0.618300 0.189500
vt 0.617900 0.187500
vt 0.620400 0.186100
vt 0.617200 0.186100
vt 0.619700 0.184500
vt 0.825500 0.208500
vt 0.830100 0.209100
vt 0.829900 0.210600
vt 0.825000 0.209900
vt 0.829700 0.212500
vt 0.824900 0.211700
vt 0.829800 0.214600
vt 0.825100 0.213900
vt 0.821400 0.212700
vt 0.821400 0.210500
vt 0.819000 0.211200
vt 0.818800 0.208900
vt 0.819000 0.206700
vt 0.821600 0.208700
vt 0.819700 0.205300
vt 0.821900 0.207100
vt 0.574100 0.211300
vt 0.574100 0.209800
vt 0.578600 0.209400
vt 0.579000 0.210800
vt 0.582100 0.208000
vt 0.582400 0.209500
vt 0.584300 0.206100
vt 0.585000 0.207500
vt 0.585300 0.209700
vt 0.582600 0.211400
vt 0.585100 0.212000
vt 0.582600 0.213500
vt 0.579100 0.212600
vt 0.578900 0.214800
vt 0.574200 0.215500
vt 0.574200 0.213300
vt 0.356300 0.833000
vt 0.351400 0.832600
vt 0.351400 0.829700
vt 0.356400 0.829700
vt 0.359700 0.833900
vt 0.360200 0.830500
vt 0.362300 0.832000
vt 0.361700 0.835100
vt 0.361500 0.839000
vt 0.359500 0.837700
vt 0.361600 0.842800
vt 0.359700 0.841800
vt 0.356000 0.840600
vt 0.356200 0.836700
vt 0.351400 0.839600
vt 0.351400 0.836200
vt 0.199700 0.833000
vt 0.199600 0.829700
vt 0.204600 0.829700
vt 0.204700 0.832600
vt 0.204700 0.836200
vt 0.199800 0.836700
vt 0.204700 0.839600
vt 0.200100 0.840700
vt 0.196500 0.837700
vt 0.196400 0.841900
vt 0.194500 0.842900
vt 0.194600 0.839100
vt 0.194300 0.835200
vt 0.196300 0.834000
vt 0.193600 0.832100
vt 0.195800 0.830600
vt 0.393600 0.858400
vt 0.398200 0.858600
vt 0.398000 0.861800
vt 0.393200 0.861600
vt 0.397900 0.865900
vt 0.393000 0.865200
vt 0.397900 0.869600
vt 0.393200 0.869000
vt 0.389600 0.868300
vt 0.389700 0.864300
vt 0.387400 0.867700
vt 0.387500 0.863300
vt 0.388000 0.858800
vt 0.390000 0.860500
vt 0.388700 0.855300
vt 0.390300 0.857100
vt 0.157900 0.862100
vt 0.157800 0.858800
vt 0.162300 0.858600
vt 0.162700 0.861800
vt 0.165600 0.857300
vt 0.166000 0.860700
vt 0.167300 0.855500
vt 0.168000 0.859000
vt 0.168500 0.863500
vt 0.166300 0.864500
vt 0.168600 0.867800
vt 0.166400 0.868500
vt 0.162900 0.865400
vt 0.162700 0.869300
vt 0.157900 0.870000
vt 0.158000 0.866100
vt 0.367700 0.044100
vt 0.362800 0.043500
vt 0.362900 0.042000
vt 0.367800 0.042400
vt 0.371100 0.045100
vt 0.371700 0.043600
vt 0.374200 0.045100
vt 0.373500 0.046500
vt 0.373200 0.048500
vt 0.370800 0.047000
vt 0.373200 0.050600
vt 0.371000 0.049300
vt 0.367400 0.048100
vt 0.367600 0.045900
vt 0.362800 0.047300
vt 0.362800 0.045400
vt 0.211300 0.044100
vt 0.211200 0.042500
vt 0.216100 0.042000
vt 0.216200 0.043500
vt 0.216300 0.045400
vt 0.211500 0.046000
vt 0.216300 0.047300
vt 0.211700 0.048100
vt 0.208200 0.047100
vt 0.208000 0.049300
vt 0.205800 0.050700
vt 0.205800 0.048600
vt 0.205400 0.046600
vt 0.207900 0.045200
vt 0.204700 0.045200
vt 0.207200 0.043700
vt 0.411400 0.066100
vt 0.416000 0.066600
vt 0.415800 0.068100
vt 0.411000 0.067500
vt 0.415700 0.070100
vt 0.410900 0.069300
vt 0.415800 0.072100
vt 0.411100 0.071500
vt 0.407400 0.070200
vt 0.407400 0.068100
vt 0.404900 0.068700
vt 0.404700 0.066400
vt 0.405000 0.064200
vt 0.407500 0.066200
vt 0.405700 0.062800
vt 0.407900 0.064700
vt 0.163100 0.068500
vt 0.163100 0.067000
vt 0.167600 0.066500
vt 0.168000 0.068000
vt 0.171100 0.065100
vt 0.171500 0.066700
vt 0.173400 0.063200
vt 0.174100 0.064700
vt 0.174400 0.066800
vt 0.171700 0.068500
vt 0.174200 0.069200
vt 0.171700 0.070700
vt 0.168100 0.069800
vt 0.167900 0.072000
vt 0.163100 0.072700
vt 0.163200 0.070500
vt 0.627000 0.712400
vt 0.627000 0.709100
vt 0.631900 0.709200
vt 0.632000 0.712000
vt 0.632000 0.715600
vt 0.627100 0.716100
vt 0.631900 0.719100
vt 0.627200 0.720000
vt 0.623800 0.717000
vt 0.623600 0.721100
vt 0.621600 0.722000
vt 0.621800 0.718300
vt 0.621500 0.714400
vt 0.623600 0.713300
vt 0.621000 0.711400
vt 0.623100 0.709900
vt 0.783600 0.712600
vt 0.778700 0.712100
vt 0.778800 0.709200
vt 0.783700 0.709300
vt 0.787000 0.713600
vt 0.787600 0.710300
vt 0.789700 0.711800
vt 0.789000 0.714900
vt 0.788700 0.718800
vt 0.786700 0.717400
vt 0.788800 0.722500
vt 0.786800 0.721500
vt 0.783200 0.720300
vt 0.783400 0.716300
vt 0.778500 0.719100
vt 0.778600 0.715700
vt 0.584800 0.740900
vt 0.584700 0.737600
vt 0.589200 0.737400
vt 0.589600 0.740600
vt 0.592600 0.736200
vt 0.592900 0.739600
vt 0.594300 0.734300
vt 0.595000 0.737800
vt 0.595400 0.742300
vt 0.593200 0.743400
vt 0.595600 0.746800
vt 0.593400 0.747400
vt 0.589800 0.744200
vt 0.589600 0.748100
vt 0.584800 0.748700
vt 0.584900 0.744900
vt 0.821000 0.738300
vt 0.825500 0.738700
vt 0.825300 0.741900
vt 0.820500 0.741500
vt 0.825100 0.745800
vt 0.820300 0.745100
vt 0.825000 0.749600
vt 0.820400 0.748900
vt 0.816700 0.748200
vt 0.816900 0.744200
vt 0.814600 0.747500
vt 0.814700 0.743100
vt 0.815200 0.738600
vt 0.817200 0.740400
vt 0.816000 0.735200
vt 0.817600 0.737000
vt 0.621900 0.034900
vt 0.621700 0.033300
vt 0.626600 0.032800
vt 0.626700 0.034300
vt 0.626800 0.036200
vt 0.622000 0.036800
vt 0.626900 0.038100
vt 0.622200 0.038900
vt 0.618700 0.037900
vt 0.618600 0.040100
vt 0.616300 0.041500
vt 0.616300 0.039400
vt 0.616000 0.037400
vt 0.618500 0.036000
vt 0.615200 0.036000
vt 0.617800 0.034500
vt 0.778200 0.034900
vt 0.773400 0.034300
vt 0.773400 0.032800
vt 0.778300 0.033200
vt 0.781600 0.035900
vt 0.782200 0.034400
vt 0.784800 0.035900
vt 0.784100 0.037300
vt 0.783700 0.039300
vt 0.781400 0.037800
vt 0.783700 0.041400
vt 0.781500 0.040100
vt 0.777900 0.038900
vt 0.778100 0.036700
vt 0.773400 0.038100
vt 0.773300 0.036200
vt 0.573700 0.059300
vt 0.573600 0.057800
vt 0.578200 0.057300
vt 0.578600 0.058800
vt 0.581700 0.055900
vt 0.582100 0.057500
vt 0.584000 0.054000
vt 0.584700 0.055500
vt 0.584900 0.057600
vt 0.582200 0.059300
vt 0.584700 0.060000
vt 0.582200 0.061500
vt 0.578700 0.060600
vt 0.578400 0.062800
vt 0.573600 0.063500
vt 0.573700 0.061300
vt 0.822000 0.056900
vt 0.826600 0.057400
vt 0.826400 0.058900
vt 0.821500 0.058300
vt 0.826300 0.060900
vt 0.821400 0.060100
vt 0.826300 0.062900
vt 0.821600 0.062300
vt 0.817900 0.061000
vt 0.817900 0.058900
vt 0.815500 0.059500
vt 0.815300 0.057200
vt 0.815500 0.055000
vt 0.818100 0.057000
vt 0.816200 0.053600
vt 0.818400 0.055500
vt 0.161600 0.747500
vt 0.161600 0.751400
vt 0.014900 0.751400
vt 0.015000 0.747500
vt 0.161600 0.743400
vt 0.015000 0.743400
vt 0.161600 0.740200
vt 0.015000 0.740200
vt 0.014500 0.809600
vt 0.014800 0.803400
vt 0.161400 0.803400
vt 0.161000 0.809600
vt 0.014300 0.815900
vt 0.160800 0.815900
vt 0.014200 0.822200
vt 0.160700 0.822200
vt 0.814400 0.809400
vt 0.193500 0.929700
vt 0.157500 0.219400
vt 0.157400 0.221600
vt 0.010800 0.221400
vt 0.010900 0.219300
vt 0.157400 0.217400
vt 0.010800 0.217400
vt 0.157300 0.215900
vt 0.010800 0.215900
vt 0.426600 0.929400
vt 0.426900 0.923100
vt 0.573600 0.923100
vt 0.573200 0.929400
vt 0.426400 0.935700
vt 0.572900 0.935700
vt 0.426300 0.941900
vt 0.572800 0.942000
vt 0.573700 0.867300
vt 0.573700 0.871200
vt 0.427100 0.871100
vt 0.427100 0.867300
vt 0.573700 0.863200
vt 0.427100 0.863200
vt 0.573700 0.860000
vt 0.427100 0.860000
vt 0.620400 0.808800
vt 0.387300 0.929600
vt 0.570700 0.214300
vt 0.570700 0.216500
vt 0.424100 0.216300
vt 0.424100 0.214300
vt 0.570600 0.212300
vt 0.424100 0.212300
vt 0.570600 0.210800
vt 0.424000 0.210800
vt 0.155300 0.865600
vt 0.155200 0.869500
vt 0.008600 0.869500
vt 0.008700 0.865600
vt 0.155200 0.861600
vt 0.008600 0.861600
vt 0.155100 0.858400
vt 0.008600 0.858300
vt 0.160500 0.070000
vt 0.160400 0.072200
vt 0.013800 0.072200
vt 0.013900 0.070000
vt 0.160500 0.068000
vt 0.013900 0.068000
vt 0.160400 0.066500
vt 0.013800 0.066500
vt 0.581400 0.745900
vt 0.581300 0.749800
vt 0.434800 0.749700
vt 0.434800 0.745900
vt 0.581300 0.741900
vt 0.434800 0.741900
vt 0.581200 0.738600
vt 0.434800 0.738600
vt 0.570200 0.062300
vt 0.570200 0.064500
vt 0.423500 0.064500
vt 0.423600 0.062400
vt 0.570200 0.060300
vt 0.423600 0.060300
vt 0.570100 0.058800
vt 0.423600 0.058800
vt 0.215000 0.323600
vt 0.210600 0.323200
vt 0.207100 0.323300
vt 0.205000 0.323800
vt 0.366200 0.322900
vt 0.361600 0.323200
vt 0.369900 0.322900
vt 0.372100 0.323400
vt 0.164300 0.328300
vt 0.159800 0.328200
vt 0.167800 0.327900
vt 0.170100 0.327000
vt 0.418000 0.327200
vt 0.413400 0.327400
vt 0.409600 0.327000
vt 0.407200 0.326200
vt 0.213500 0.343400
vt 0.218200 0.343400
vt 0.218200 0.517400
vt 0.213600 0.517100
vt 0.209800 0.343400
vt 0.209800 0.516700
vt 0.207200 0.343400
vt 0.207200 0.516400
vt 0.369300 0.517100
vt 0.364700 0.517400
vt 0.364700 0.343400
vt 0.369300 0.343400
vt 0.373000 0.516700
vt 0.373100 0.343400
vt 0.375700 0.516400
vt 0.375700 0.343400
vt 0.164500 0.502100
vt 0.159800 0.501900
vt 0.159800 0.343400
vt 0.164500 0.343400
vt 0.168400 0.502400
vt 0.168400 0.343400
vt 0.171400 0.502600
vt 0.171400 0.343400
vt 0.418400 0.343400
vt 0.423100 0.343400
vt 0.423100 0.501900
vt 0.418500 0.502200
vt 0.414500 0.343400
vt 0.414500 0.502400
vt 0.411500 0.343400
vt 0.411500 0.502600
vt 0.780300 0.316300
vt 0.775600 0.316600
vt 0.783900 0.316300
vt 0.786200 0.316800
vt 0.629100 0.317000
vt 0.624600 0.316600
vt 0.621100 0.316700
vt 0.619000 0.317200
vt 0.832100 0.320600
vt 0.827400 0.320800
vt 0.823700 0.320400
vt 0.821200 0.319600
vt 0.578300 0.321700
vt 0.573800 0.321600
vt 0.581800 0.321300
vt 0.584200 0.320400
vt 0.784400 0.513600
vt 0.779800 0.514000
vt 0.779800 0.339900
vt 0.784500 0.339900
vt 0.788100 0.513300
vt 0.788200 0.339900
vt 0.790800 0.512900
vt 0.790800 0.339900
vt 0.628600 0.339900
vt 0.633300 0.339900
vt 0.633300 0.514000
vt 0.628700 0.513600
vt 0.624900 0.339900
vt 0.625000 0.513300
vt 0.622300 0.339900
vt 0.622300 0.512900
vt 0.833500 0.339900
vt 0.838300 0.339900
vt 0.838300 0.498500
vt 0.833600 0.498700
vt 0.829600 0.339900
vt 0.829600 0.498900
vt 0.826600 0.339900
vt 0.826600 0.499200
vt 0.579600 0.498700
vt 0.574900 0.498500
vt 0.574900 0.339900
vt 0.579600 0.339900
vt 0.583500 0.498900
vt 0.583600 0.339900
vt 0.586500 0.499200
vt 0.586500 0.339900
vt 0.008200 0.927700
vt 0.008500 0.921500
vt 0.155100 0.921400
vt 0.154700 0.927700
vt 0.008000 0.934000
vt 0.154500 0.934000
vt 0.007900 0.940200
vt 0.154400 0.940300
vt 0.216500 0.176100
vt 0.212200 0.175700
vt 0.209000 0.175800
vt 0.207100 0.176300
vt 0.367600 0.175700
vt 0.363000 0.176100
vt 0.371200 0.175800
vt 0.373500 0.176200
vt 0.167000 0.180900
vt 0.162800 0.180800
vt 0.170400 0.180500
vt 0.172500 0.179700
vt 0.419300 0.180100
vt 0.414700 0.180300
vt 0.411000 0.180000
vt 0.408500 0.179100
vt 0.628800 0.527300
vt 0.633400 0.527300
vt 0.633400 0.701300
vt 0.628800 0.701000
vt 0.625000 0.527300
vt 0.625100 0.700600
vt 0.622500 0.527300
vt 0.622500 0.700300
vt 0.784500 0.701100
vt 0.779900 0.701400
vt 0.779900 0.527300
vt 0.784600 0.527300
vt 0.788300 0.700700
vt 0.788300 0.527300
vt 0.790900 0.700400
vt 0.790900 0.527400
vt 0.582300 0.686000
vt 0.577700 0.685800
vt 0.577600 0.527200
vt 0.582300 0.527200
vt 0.586200 0.686300
vt 0.586300 0.527200
vt 0.589300 0.686500
vt 0.589300 0.527300
vt 0.831100 0.527400
vt 0.835900 0.527400
vt 0.835700 0.685900
vt 0.831100 0.686100
vt 0.827100 0.527400
vt 0.827100 0.686400
vt 0.824100 0.527400
vt 0.824100 0.686600
vt 0.434300 0.807900
vt 0.434600 0.801700
vt 0.581200 0.801700
vt 0.580800 0.807900
vt 0.434100 0.814200
vt 0.580500 0.814200
vt 0.434000 0.820500
vt 0.580400 0.820500
vt 0.778200 0.166500
vt 0.773500 0.166900
vt 0.781800 0.166600
vt 0.784000 0.167000
vt 0.627100 0.166900
vt 0.622800 0.166500
vt 0.619500 0.166600
vt 0.617600 0.167100
vt 0.829900 0.170900
vt 0.825200 0.171200
vt 0.821500 0.170800
vt 0.819000 0.170000
vt 0.577600 0.171700
vt 0.573300 0.171600
vt 0.580900 0.171300
vt 0.583000 0.170500
vt 0.365400 0.699800
vt 0.360800 0.700100
vt 0.360800 0.526100
vt 0.365400 0.526100
vt 0.369100 0.699400
vt 0.369200 0.526100
vt 0.371800 0.699100
vt 0.371800 0.526100
vt 0.209700 0.526000
vt 0.214300 0.526000
vt 0.214300 0.700100
vt 0.209700 0.699700
vt 0.205900 0.526000
vt 0.205900 0.699400
vt 0.203300 0.526000
vt 0.203300 0.699000
vt 0.412000 0.526100
vt 0.416700 0.526100
vt 0.416600 0.684600
vt 0.411900 0.684900
vt 0.408000 0.526100
vt 0.408000 0.685100
vt 0.405000 0.526100
vt 0.405000 0.685400
vt 0.163200 0.684700
vt 0.158500 0.684500
vt 0.158400 0.526000
vt 0.163200 0.526000
vt 0.167100 0.685000
vt 0.167100 0.526000
vt 0.170100 0.685200
vt 0.170100 0.526000
vt 0.991500 0.403300
vt 0.844900 0.403300
vt 0.844900 0.256700
vt 0.991500 0.256700
vt 0.157100 0.327700
vt 0.010600 0.327400
vt 0.010500 0.342900
vt 0.157100 0.342900
vt 0.157100 0.501400
vt 0.010500 0.501400
vt 0.570300 0.322600
vt 0.423800 0.322300
vt 0.571400 0.499500
vt 0.424800 0.499500
vt 0.424800 0.341000
vt 0.571400 0.341000
vt 0.160100 0.180300
vt 0.013700 0.180300
vt 0.427500 0.528400
vt 0.574100 0.528300
vt 0.574200 0.686800
vt 0.427600 0.686900
vt 0.569800 0.172600
vt 0.423400 0.172600
vt 0.155900 0.684000
vt 0.009300 0.684100
vt 0.009100 0.525600
vt 0.155700 0.525500
vt 0.200700 0.812400
vt 0.199800 0.811700
vt 0.807900 0.930700
vt 0.806500 0.930000
vt 0.613600 0.930700
vt 0.612700 0.929900
vt 0.394900 0.812400
vt 0.393500 0.811700
vt 0.401900 0.939100
vt 0.821000 0.939500
vt 0.408000 0.821300
vt 0.828900 0.819000

# vertex normals
vn 0.442313 0.480914 0.757022
vn 0.175897 0.568889 0.803384
vn 0.055598 0.901362 0.429482
vn 0.205192 0.923365 0.324488
vn 0.039399 0.992468 0.115996
vn 0.011401 0.988144 0.153107
vn 0.000000 0.997154 0.075397
vn 0.004100 0.998154 0.060597
vn 0.013899 0.999555 0.026399
vn 0.045198 0.997955 0.045198
vn 0.000000 1.000000 0.000000
vn 0.026399 0.999555 0.013899
vn 0.115996 0.992468 0.039399
vn 0.060597 0.998154 0.004100
vn 0.075397 0.997154 0.000000
vn 0.153107 0.988144 0.011401
vn 0.429482 0.901362 0.055598
vn 0.324488 0.923365 0.205192
vn 0.803384 0.568889 0.175897
vn 0.757022 0.480914 0.442313
vn 0.278687 0.919058 0.278687
vn 0.631213 0.450710 0.631213
vn 0.026399 0.999555 -0.013899
vn 0.013899 0.999555 -0.026399
vn 0.045198 0.997955 -0.045198
vn 0.039399 0.992468 -0.115996
vn 0.004100 0.998154 -0.060597
vn 0.000000 0.997154 -0.075397
vn 0.011401 0.988144 -0.153107
vn 0.055598 0.901362 -0.429482
vn 0.205192 0.923365 -0.324488
vn 0.175897 0.568889 -0.803384
vn 0.442279 0.480877 -0.757064
vn 0.278687 0.919058 -0.278687
vn 0.631213 0.450710 -0.631213
vn 0.757064 0.480877 -0.442279
vn 0.803384 0.568889 -0.175897
vn 0.429482 0.901362 -0.055598
vn 0.324488 0.923365 -0.205192
vn 0.115996 0.992468 -0.039399
vn 0.153107 0.988144 -0.011401
vn 0.060597 0.998154 -0.004100
vn 0.032399 0.885566 0.463382
vn 0.019500 0.763002 0.646102
vn 0.080897 0.736777 0.671279
vn 0.110796 0.865568 0.488382
vn 0.157000 0.691202 0.705401
vn 0.209194 0.830475 0.516284
vn 0.277706 0.595012 0.754215
vn 0.394789 0.730080 0.557785
vn 0.464412 0.859523 0.213406
vn 0.240586 0.948345 0.206788
vn 0.405516 0.911636 0.066903
vn 0.240394 0.969276 0.052099
vn 0.128495 0.990558 0.047798
vn 0.124999 0.973989 0.188998
vn 0.053400 0.996996 0.056100
vn 0.035100 0.985213 0.167702
vn 0.080897 0.736777 -0.671279
vn 0.019499 0.762953 -0.646160
vn 0.032402 0.885544 -0.463423
vn 0.110796 0.865568 -0.488382
vn 0.035100 0.985213 -0.167702
vn 0.124999 0.973989 -0.188998
vn 0.053400 0.996996 -0.056100
vn 0.128495 0.990558 -0.047798
vn 0.240394 0.969276 -0.052099
vn 0.240586 0.948345 -0.206788
vn 0.405197 0.911793 -0.066699
vn 0.464009 0.859716 -0.213504
vn 0.209194 0.830475 -0.516284
vn 0.394621 0.730138 -0.557829
vn 0.277798 0.594995 -0.754194
vn 0.157000 0.691202 -0.705401
vn 0.060900 -0.880402 0.470301
vn 0.179098 -0.530593 0.828489
vn 0.450501 -0.449601 0.771302
vn 0.226494 -0.905878 0.357891
vn 0.306113 -0.901438 0.306113
vn 0.640797 -0.422798 0.640797
vn 0.771302 -0.449601 0.450501
vn 0.828489 -0.530593 0.179098
vn 0.470301 -0.880402 0.060900
vn 0.357891 -0.905878 0.226494
vn 0.131306 -0.990343 0.044502
vn 0.173006 -0.984836 0.012900
vn 0.085503 -0.996338 0.000000
vn 0.068801 -0.997620 0.004600
vn 0.037199 -0.999271 0.008600
vn 0.047602 -0.997732 0.047602
vn 0.008600 -0.999271 0.037199
vn 0.014400 -0.999793 0.014400
vn 0.044502 -0.990343 0.131306
vn 0.004600 -0.997620 0.068801
vn 0.000000 -0.996338 0.085503
vn 0.012900 -0.984836 0.173006
vn 0.450501 -0.449601 -0.771302
vn 0.179098 -0.530593 -0.828489
vn 0.060900 -0.880402 -0.470301
vn 0.226494 -0.905878 -0.357891
vn 0.044502 -0.990343 -0.131306
vn 0.012900 -0.984836 -0.173006
vn 0.000000 -0.996338 -0.085503
vn 0.004600 -0.997620 -0.068801
vn 0.008600 -0.999271 -0.037199
vn 0.047602 -0.997732 -0.047602
vn 0.037199 -0.999271 -0.008600
vn 0.014400 -0.999793 -0.014400
vn 0.131306 -0.990343 -0.044502
vn 0.068801 -0.997620 -0.004600
vn 0.173006 -0.984836 -0.012900
vn 0.470301 -0.880402 -0.060900
vn 0.357891 -0.905878 -0.226494
vn 0.828489 -0.530593 -0.179098
vn 0.771302 -0.449601 -0.450501
vn 0.306113 -0.901438 -0.306113
vn 0.640797 -0.422798 -0.640797
vn -0.110799 -0.845290 0.522694
vn -0.099000 -0.692902 0.714202
vn -0.033300 -0.719202 0.694002
vn -0.036099 -0.861784 0.505990
vn -0.129001 -0.970308 0.204602
vn -0.040199 -0.981671 0.186295
vn -0.048100 -0.996996 0.060700
vn -0.126396 -0.990668 0.050998
vn -0.240203 -0.969112 0.055901
vn -0.226209 -0.948838 0.220309
vn -0.406808 -0.910117 0.078701
vn -0.430100 -0.868901 0.245000
vn -0.346995 -0.705290 0.618191
vn -0.192599 -0.813398 0.548898
vn -0.293897 -0.509394 0.808791
vn -0.174595 -0.639180 0.748976
vn -0.430003 -0.869005 -0.244801
vn -0.406514 -0.910231 -0.078903
vn -0.240203 -0.969112 -0.055901
vn -0.226209 -0.948838 -0.220309
vn -0.126396 -0.990668 -0.050998
vn -0.129099 -0.970295 -0.204599
vn -0.048100 -0.996996 -0.060700
vn -0.040199 -0.981671 -0.186295
vn -0.036099 -0.861784 -0.505990
vn -0.110799 -0.845290 -0.522694
vn -0.033300 -0.719202 -0.694002
vn -0.099000 -0.692902 -0.714202
vn -0.174595 -0.639180 -0.748976
vn -0.192599 -0.813398 -0.548898
vn -0.294098 -0.508796 -0.809094
vn -0.347083 -0.705266 -0.618170
vn 0.851023 0.427112 0.305508
vn 0.943394 0.139099 0.301098
vn 0.972131 0.209607 0.105003
vn 0.886168 0.456684 0.078397
vn 0.718405 0.692205 0.068900
vn 0.691448 0.670147 0.269819
vn 0.619268 0.780760 0.083196
vn 0.597029 0.765537 0.239812
vn 0.563276 0.555276 0.611873
vn 0.496989 0.632786 0.593787
vn 0.386097 0.490097 0.781495
vn 0.411696 0.434095 0.801291
vn 0.469633 0.262419 0.842960
vn 0.677088 0.344494 0.650289
vn 0.506881 0.080297 0.858268
vn 0.731204 0.105801 0.673904
vn 0.851023 0.427112 -0.305508
vn 0.886168 0.456684 -0.078397
vn 0.972142 0.209509 -0.105104
vn 0.943435 0.139005 -0.301011
vn 0.677088 0.344494 -0.650289
vn 0.731189 0.105998 -0.673890
vn 0.506598 0.080700 -0.858397
vn 0.469594 0.262396 -0.842989
vn 0.411696 0.434095 -0.801291
vn 0.563276 0.555276 -0.611873
vn 0.386097 0.490097 -0.781495
vn 0.497098 0.632597 -0.593898
vn 0.597395 0.765193 -0.239998
vn 0.691448 0.670147 -0.269819
vn 0.619608 0.780510 -0.083001
vn 0.718405 0.692205 -0.068900
vn -0.850794 -0.518197 0.087299
vn -0.963883 -0.236896 0.121698
vn -0.917614 -0.187803 0.350305
vn -0.792528 -0.508718 0.336312
vn -0.648417 -0.129903 0.750120
vn -0.596713 -0.382708 0.705315
vn -0.450416 -0.077703 0.889431
vn -0.428002 -0.236801 0.872204
vn -0.383113 -0.401813 0.831728
vn -0.504687 -0.572485 0.646183
vn -0.344894 -0.492291 0.799186
vn -0.464184 -0.632778 0.619778
vn -0.635613 -0.716715 0.286906
vn -0.569105 -0.780806 0.257802
vn -0.574595 -0.813693 0.087999
vn -0.654934 -0.752239 0.072104
vn -0.917599 -0.187700 -0.350400
vn -0.963952 -0.236713 -0.121507
vn -0.850794 -0.518197 -0.087299
vn -0.792528 -0.508718 -0.336312
vn -0.654934 -0.752239 -0.072104
vn -0.635613 -0.716715 -0.286906
vn -0.574874 -0.813464 -0.088296
vn -0.569299 -0.780698 -0.257699
vn -0.464075 -0.633066 -0.619566
vn -0.504687 -0.572485 -0.646183
vn -0.344690 -0.492286 -0.799277
vn -0.383113 -0.401813 -0.831728
vn -0.427920 -0.236811 -0.872241
vn -0.596713 -0.382708 -0.705315
vn -0.450677 -0.078196 -0.889255
vn -0.648294 -0.130099 -0.750193
vn -0.055598 0.901362 0.429482
vn -0.175897 0.568889 0.803384
vn -0.442313 0.480914 0.757022
vn -0.205192 0.923365 0.324488
vn -0.278687 0.919058 0.278687
vn -0.631213 0.450710 0.631213
vn -0.757022 0.480914 0.442313
vn -0.803384 0.568889 0.175897
vn -0.429482 0.901362 0.055598
vn -0.324488 0.923365 0.205192
vn -0.115996 0.992468 0.039399
vn -0.153107 0.988144 0.011401
vn -0.075397 0.997154 0.000000
vn -0.060597 0.998154 0.004100
vn -0.026399 0.999555 0.013899
vn -0.045198 0.997955 0.045198
vn -0.013899 0.999555 0.026399
vn -0.039399 0.992468 0.115996
vn -0.004100 0.998154 0.060597
vn -0.011401 0.988144 0.153107
vn -0.442279 0.480877 -0.757064
vn -0.175897 0.568889 -0.803384
vn -0.055598 0.901362 -0.429482
vn -0.205192 0.923365 -0.324488
vn -0.039399 0.992468 -0.115996
vn -0.011401 0.988144 -0.153107
vn -0.004100 0.998154 -0.060597
vn -0.013899 0.999555 -0.026399
vn -0.045198 0.997955 -0.045198
vn -0.026399 0.999555 -0.013899
vn -0.115996 0.992468 -0.039399
vn -0.060597 0.998154 -0.004100
vn -0.153107 0.988144 -0.011401
vn -0.429482 0.901362 -0.055598
vn -0.324488 0.923365 -0.205192
vn -0.803384 0.568889 -0.175897
vn -0.757022 0.480914 -0.442313
vn -0.278687 0.919058 -0.278687
vn -0.631213 0.450710 -0.631213
vn -0.080897 0.736777 0.671279
vn -0.019500 0.763002 0.646102
vn -0.032399 0.885566 0.463382
vn -0.110796 0.865568 0.488382
vn -0.035100 0.985213 0.167702
vn -0.124999 0.973989 0.188998
vn -0.053400 0.996996 0.056100
vn -0.128495 0.990558 0.047798
vn -0.240394 0.969276 0.052099
vn -0.240586 0.948345 0.206788
vn -0.405197 0.911793 0.066699
vn -0.464009 0.859716 0.213504
vn -0.209204 0.830518 0.516211
vn -0.394621 0.730138 0.557829
vn -0.277798 0.594995 0.754194
vn -0.157000 0.691202 0.705401
vn -0.240586 0.948345 -0.206788
vn -0.464412 0.859523 -0.213406
vn -0.405516 0.911636 -0.066903
vn -0.240394 0.969276 -0.052099
vn -0.128495 0.990558 -0.047798
vn -0.124999 0.973989 -0.188998
vn -0.053400 0.996996 -0.056100
vn -0.035100 0.985213 -0.167702
vn -0.110796 0.865568 -0.488382
vn -0.032402 0.885544 -0.463423
vn -0.019499 0.762953 -0.646160
vn -0.080897 0.736777 -0.671279
vn -0.157000 0.691202 -0.705401
vn -0.209194 0.830475 -0.516284
vn -0.277706 0.595012 -0.754215
vn -0.394789 0.730080 -0.557785
vn -0.450501 -0.449601 0.771302
vn -0.179098 -0.530593 0.828489
vn -0.060900 -0.880402 0.470301
vn -0.226494 -0.905878 0.357891
vn -0.044502 -0.990343 0.131306
vn -0.012900 -0.984836 0.173006
vn -0.004600 -0.997620 0.068801
vn -0.008600 -0.999271 0.037199
vn -0.047602 -0.997732 0.047602
vn -0.037199 -0.999271 0.008600
vn -0.014400 -0.999793 0.014400
vn -0.131306 -0.990343 0.044502
vn -0.068801 -0.997620 0.004600
vn -0.085503 -0.996338 -0.000000
vn -0.173006 -0.984836 0.012900
vn -0.470301 -0.880402 0.060900
vn -0.357891 -0.905878 0.226494
vn -0.828489 -0.530593 0.179098
vn -0.771302 -0.449601 0.450501
vn -0.306113 -0.901438 0.306113
vn -0.640797 -0.422798 0.640797
vn -0.008600 -0.999271 -0.037199
vn -0.047602 -0.997732 -0.047602
vn -0.014400 -0.999793 -0.014400
vn -0.044502 -0.990343 -0.131306
vn -0.004600 -0.997620 -0.068801
vn -0.012900 -0.984836 -0.173006
vn -0.060900 -0.880402 -0.470301
vn -0.226494 -0.905878 -0.357891
vn -0.179098 -0.530593 -0.828489
vn -0.450501 -0.449601 -0.771302
vn -0.306113 -0.901438 -0.306113
vn -0.640797 -0.422798 -0.640797
vn -0.771302 -0.449601 -0.450501
vn -0.828489 -0.530593 -0.179098
vn -0.470301 -0.880402 -0.060900
vn -0.357891 -0.905878 -0.226494
vn -0.131306 -0.990343 -0.044502
vn -0.173006 -0.984836 -0.012900
vn -0.068801 -0.997620 -0.004600
vn -0.037199 -0.999271 -0.008600
vn 0.110799 -0.845290 0.522694
vn 0.036099 -0.861784 0.505990
vn 0.033300 -0.719202 0.694002
vn 0.099000 -0.692902 0.714202
vn 0.174608 -0.639228 0.748933
vn 0.192599 -0.813398 0.548898
vn 0.294083 -0.508870 0.809053
vn 0.347083 -0.705266 0.618170
vn 0.226209 -0.948838 0.220309
vn 0.430003 -0.869005 0.244801
vn 0.406514 -0.910231 0.078903
vn 0.240203 -0.969112 0.055901
vn 0.126396 -0.990668 0.050998
vn 0.129099 -0.970295 0.204599
vn 0.048100 -0.996996 0.060700
vn 0.040199 -0.981671 0.186295
vn 0.110799 -0.845290 -0.522694
vn 0.099000 -0.692902 -0.714202
vn 0.033300 -0.719202 -0.694002
vn 0.036099 -0.861784 -0.505990
vn 0.129001 -0.970308 -0.204602
vn 0.040199 -0.981671 -0.186295
vn 0.048100 -0.996996 -0.060700
vn 0.126396 -0.990668 -0.050998
vn 0.240203 -0.969112 -0.055901
vn 0.226209 -0.948838 -0.220309
vn 0.406808 -0.910117 -0.078701
vn 0.430100 -0.868901 -0.245000
vn 0.346995 -0.705290 -0.618191
vn 0.192599 -0.813398 -0.548898
vn 0.293897 -0.509394 -0.808791
vn 0.174595 -0.639180 -0.748976
vn -0.851087 0.426994 0.305495
vn -0.886168 0.456684 0.078397
vn -0.972142 0.209509 0.105104
vn -0.943448 0.138907 0.301015
vn -0.677088 0.344494 0.650289
vn -0.731189 0.105998 0.673890
vn -0.506598 0.080700 0.858397
vn -0.469633 0.262419 0.842960
vn -0.411696 0.434095 0.801291
vn -0.563276 0.555276 0.611873
vn -0.386097 0.490097 0.781495
vn -0.497098 0.632597 0.593898
vn -0.597395 0.765193 0.239998
vn -0.691448 0.670147 0.269819
vn -0.619608 0.780510 0.083001
vn -0.718355 0.692257 0.068896
vn -0.851087 0.426994 -0.305495
vn -0.943394 0.139099 -0.301098
vn -0.972131 0.209607 -0.105003
vn -0.886168 0.456684 -0.078397
vn -0.718405 0.692205 -0.068900
vn -0.691448 0.670147 -0.269819
vn -0.619316 0.780721 -0.083202
vn -0.597029 0.765537 -0.239812
vn -0.563276 0.555276 -0.611873
vn -0.496989 0.632786 -0.593787
vn -0.386097 0.490097 -0.781495
vn -0.411696 0.434095 -0.801291
vn -0.469633 0.262419 -0.842960
vn -0.677088 0.344494 -0.650289
vn -0.506881 0.080297 -0.858268
vn -0.731204 0.105801 -0.673904
vn 0.917599 -0.187700 0.350400
vn 0.963952 -0.236713 0.121507
vn 0.850794 -0.518197 0.087299
vn 0.792528 -0.508718 0.336312
vn 0.654934 -0.752239 0.072104
vn 0.635613 -0.716715 0.286906
vn 0.574874 -0.813464 0.088296
vn 0.569299 -0.780698 0.257699
vn 0.464075 -0.633066 0.619566
vn 0.504687 -0.572485 0.646183
vn 0.344718 -0.492325 0.799241
vn 0.383113 -0.401813 0.831728
vn 0.428002 -0.236801 0.872204
vn 0.596713 -0.382708 0.705315
vn 0.450677 -0.078196 0.889255
vn 0.648294 -0.130099 0.750193
vn 0.850794 -0.518197 -0.087299
vn 0.963883 -0.236896 -0.121698
vn 0.917614 -0.187803 -0.350305
vn 0.792528 -0.508718 -0.336312
vn 0.648417 -0.129903 -0.750120
vn 0.596713 -0.382708 -0.705315
vn 0.450416 -0.077703 -0.889431
vn 0.427920 -0.236811 -0.872241
vn 0.383113 -0.401813 -0.831728
vn 0.504687 -0.572485 -0.646183
vn 0.344894 -0.492291 -0.799186
vn 0.464184 -0.632778 -0.619778
vn 0.635613 -0.716715 -0.286906
vn 0.569105 -0.780806 -0.257802
vn 0.574709 -0.813613 -0.088001
vn 0.654934 -0.752239 -0.072104
vn -0.206788 0.948345 -0.240586
vn -0.052099 0.969276 -0.240394
vn -0.066699 0.911793 -0.405197
vn -0.213504 0.859716 -0.464009
vn -0.516284 0.830475 -0.209194
vn -0.557829 0.730138 -0.394621
vn -0.754194 0.594995 -0.277798
vn -0.705401 0.691202 -0.157000
vn -0.671279 0.736777 -0.080897
vn -0.488382 0.865568 -0.110796
vn -0.646160 0.762953 -0.019499
vn -0.463382 0.885566 -0.032399
vn -0.167702 0.985213 -0.035100
vn -0.188998 0.973989 -0.124999
vn -0.056100 0.996996 -0.053400
vn -0.047798 0.990558 -0.128495
vn 0.206788 0.948345 -0.240586
vn 0.213406 0.859523 -0.464412
vn 0.066903 0.911636 -0.405516
vn 0.052099 0.969276 -0.240394
vn 0.047798 0.990558 -0.128495
vn 0.188998 0.973989 -0.124999
vn 0.056100 0.996996 -0.053400
vn 0.167702 0.985213 -0.035100
vn 0.488382 0.865568 -0.110796
vn 0.463382 0.885566 -0.032399
vn 0.646102 0.763002 -0.019500
vn 0.671279 0.736777 -0.080897
vn 0.705401 0.691202 -0.157000
vn 0.516284 0.830475 -0.209194
vn 0.754215 0.595012 -0.277706
vn 0.557785 0.730080 -0.394789
vn -0.244100 -0.872000 0.424300
vn -0.078900 -0.912101 0.402301
vn -0.055901 -0.969112 0.240203
vn -0.220309 -0.948838 0.226209
vn -0.050998 -0.990668 0.126396
vn -0.204602 -0.970308 0.129001
vn -0.060700 -0.996996 0.048100
vn -0.186295 -0.981671 0.040199
vn -0.505990 -0.861784 0.036099
vn -0.522694 -0.845290 0.110799
vn -0.694002 -0.719202 0.033300
vn -0.714202 -0.692902 0.099000
vn -0.748933 -0.639228 0.174608
vn -0.548898 -0.813398 0.192599
vn -0.807672 -0.512882 0.290890
vn -0.616320 -0.708723 0.343311
vn 0.055901 -0.969112 0.240203
vn 0.078702 -0.912026 0.402511
vn 0.244299 -0.871897 0.424398
vn 0.220309 -0.948838 0.226209
vn 0.616297 -0.708797 0.343198
vn 0.548898 -0.813398 0.192599
vn 0.807408 -0.513405 0.290703
vn 0.748933 -0.639228 0.174608
vn 0.714202 -0.692902 0.099000
vn 0.522694 -0.845290 0.110799
vn 0.694002 -0.719202 0.033300
vn 0.505990 -0.861784 0.036099
vn 0.204602 -0.970308 0.129001
vn 0.186295 -0.981671 0.040199
vn 0.060700 -0.996996 0.048100
vn 0.050998 -0.990668 0.126396
vn -0.305508 0.427112 -0.851023
vn -0.078397 0.456684 -0.886168
vn -0.105104 0.209509 -0.972141
vn -0.301011 0.139005 -0.943435
vn -0.650289 0.344494 -0.677088
vn -0.673890 0.105998 -0.731189
vn -0.858397 0.080700 -0.506598
vn -0.842989 0.262396 -0.469594
vn -0.801291 0.434095 -0.411696
vn -0.611873 0.555276 -0.563276
vn -0.781495 0.490097 -0.386097
vn -0.593898 0.632597 -0.497098
vn -0.239998 0.765193 -0.597395
vn -0.269819 0.670147 -0.691448
vn -0.083001 0.780510 -0.619608
vn -0.068900 0.692205 -0.718405
vn 0.305508 0.427112 -0.851023
vn 0.301098 0.139099 -0.943394
vn 0.105001 0.209702 -0.972111
vn 0.078397 0.456684 -0.886168
vn 0.068900 0.692205 -0.718405
vn 0.269800 0.670101 -0.691501
vn 0.083202 0.780721 -0.619316
vn 0.239812 0.765537 -0.597029
vn 0.611873 0.555276 -0.563276
vn 0.593787 0.632786 -0.496989
vn 0.781495 0.490097 -0.386097
vn 0.801291 0.434095 -0.411696
vn 0.842960 0.262419 -0.469633
vn 0.650289 0.344494 -0.677088
vn 0.858261 0.080396 -0.506877
vn 0.673904 0.105801 -0.731204
vn -0.353406 -0.189303 0.916116
vn -0.122707 -0.238914 0.963257
vn -0.088000 -0.521997 0.848396
vn -0.338405 -0.512008 0.789512
vn -0.072402 -0.755518 0.651115
vn -0.288006 -0.719715 0.631714
vn -0.088099 -0.818094 0.568296
vn -0.257495 -0.786186 0.561790
vn -0.619689 -0.637289 0.458092
vn -0.647607 -0.574106 0.501006
vn -0.799498 -0.494699 0.340699
vn -0.833107 -0.402003 0.379903
vn -0.873948 -0.236813 0.424423
vn -0.707615 -0.384208 0.593013
vn -0.891107 -0.078201 0.447004
vn -0.753198 -0.130600 0.644698
vn 0.088000 -0.521997 0.848396
vn 0.122898 -0.239097 0.963187
vn 0.353312 -0.189406 0.916131
vn 0.338405 -0.512008 0.789512
vn 0.753126 -0.130405 0.644822
vn 0.707615 -0.384208 0.593013
vn 0.891303 -0.077700 0.446701
vn 0.873948 -0.236813 0.424423
vn 0.833107 -0.402003 0.379903
vn 0.647607 -0.574106 0.501006
vn 0.799483 -0.494590 0.340893
vn 0.619902 -0.637003 0.458202
vn 0.288006 -0.719715 0.631714
vn 0.257597 -0.786292 0.561594
vn 0.087802 -0.818321 0.568015
vn 0.072402 -0.755518 0.651115
vn -0.206788 0.948345 0.240586
vn -0.213406 0.859523 0.464412
vn -0.066903 0.911636 0.405516
vn -0.052099 0.969276 0.240394
vn -0.047798 0.990558 0.128495
vn -0.188998 0.973989 0.124999
vn -0.056100 0.996996 0.053400
vn -0.167702 0.985213 0.035100
vn -0.488382 0.865568 0.110796
vn -0.463382 0.885566 0.032399
vn -0.646102 0.763002 0.019500
vn -0.671279 0.736777 0.080897
vn -0.705401 0.691202 0.157000
vn -0.516284 0.830475 0.209194
vn -0.754215 0.595012 0.277706
vn -0.557785 0.730080 0.394789
vn 0.206788 0.948345 0.240586
vn 0.052099 0.969276 0.240394
vn 0.066699 0.911793 0.405197
vn 0.213504 0.859716 0.464009
vn 0.516211 0.830518 0.209204
vn 0.557829 0.730138 0.394621
vn 0.754194 0.594995 0.277798
vn 0.705401 0.691202 0.157000
vn 0.671279 0.736777 0.080897
vn 0.488382 0.865568 0.110796
vn 0.646102 0.763002 0.019500
vn 0.463382 0.885566 0.032399
vn 0.167702 0.985213 0.035100
vn 0.188998 0.973989 0.124999
vn 0.056100 0.996996 0.053400
vn 0.047798 0.990558 0.128495
vn -0.055901 -0.969112 -0.240203
vn -0.078702 -0.912026 -0.402511
vn -0.244299 -0.871897 -0.424398
vn -0.220309 -0.948838 -0.226209
vn -0.616297 -0.708797 -0.343198
vn -0.548898 -0.813398 -0.192599
vn -0.807408 -0.513405 -0.290703
vn -0.748933 -0.639228 -0.174608
vn -0.714202 -0.692902 -0.099000
vn -0.522694 -0.845290 -0.110799
vn -0.694002 -0.719202 -0.033300
vn -0.505990 -0.861784 -0.036099
vn -0.204599 -0.970295 -0.129099
vn -0.186295 -0.981671 -0.040199
vn -0.060700 -0.996996 -0.048100
vn -0.050998 -0.990668 -0.126396
vn 0.244100 -0.872000 -0.424300
vn 0.078900 -0.912101 -0.402301
vn 0.055901 -0.969112 -0.240203
vn 0.220309 -0.948838 -0.226209
vn 0.050998 -0.990668 -0.126396
vn 0.204599 -0.970295 -0.129099
vn 0.060700 -0.996996 -0.048100
vn 0.186295 -0.981671 -0.040199
vn 0.505990 -0.861784 -0.036099
vn 0.522694 -0.845290 -0.110799
vn 0.694002 -0.719202 -0.033300
vn 0.714202 -0.692902 -0.099000
vn 0.748933 -0.639228 -0.174608
vn 0.548898 -0.813398 -0.192599
vn 0.807672 -0.512882 -0.290890
vn 0.616320 -0.708723 -0.343311
vn -0.305495 0.426994 0.851087
vn -0.301098 0.139099 0.943394
vn -0.105003 0.209607 0.972131
vn -0.078397 0.456684 0.886168
vn -0.068900 0.692205 0.718405
vn -0.269819 0.670147 0.691448
vn -0.083202 0.780721 0.619316
vn -0.239812 0.765537 0.597029
vn -0.611873 0.555276 0.563276
vn -0.593787 0.632786 0.496989
vn -0.917797 0.311899 0.245699
vn -0.941262 0.244990 0.232391
vn -0.951676 0.149796 0.268093
vn -0.650289 0.344494 0.677088
vn -0.934219 0.055801 0.352307
vn -0.673904 0.105801 0.731204
vn 0.305482 0.427075 0.851051
vn 0.078397 0.456684 0.886168
vn 0.105104 0.209509 0.972141
vn 0.301015 0.138907 0.943448
vn 0.650289 0.344494 0.677088
vn 0.673890 0.105998 0.731189
vn 0.934282 0.056099 0.352093
vn 0.951676 0.149796 0.268093
vn 0.941262 0.244990 0.232391
vn 0.611873 0.555276 0.563276
vn 0.917797 0.311899 0.245699
vn 0.593898 0.632597 0.497098
vn 0.239998 0.765193 0.597395
vn 0.269801 0.670202 0.691402
vn 0.083001 0.780510 0.619608
vn 0.068900 0.692205 0.718405
vn -0.088000 -0.521997 -0.848396
vn -0.122898 -0.239097 -0.963187
vn -0.353312 -0.189406 -0.916131
vn -0.338379 -0.511968 -0.789550
vn -0.753126 -0.130405 -0.644822
vn -0.707615 -0.384208 -0.593013
vn -0.953925 -0.051401 -0.295608
vn -0.974699 -0.108900 -0.195200
vn -0.963526 -0.194505 -0.183805
vn -0.647607 -0.574106 -0.501006
vn -0.879000 -0.392600 -0.270600
vn -0.619902 -0.637003 -0.458202
vn -0.288006 -0.719715 -0.631714
vn -0.257597 -0.786292 -0.561594
vn -0.087902 -0.818314 -0.568010
vn -0.072402 -0.755518 -0.651115
vn 0.353406 -0.189303 -0.916116
vn 0.122704 -0.239008 -0.963233
vn 0.088000 -0.521997 -0.848396
vn 0.338405 -0.512008 -0.789512
vn 0.072501 -0.755512 -0.651110
vn 0.288006 -0.719715 -0.631714
vn 0.088099 -0.818094 -0.568296
vn 0.257495 -0.786186 -0.561790
vn 0.619689 -0.637289 -0.458092
vn 0.647607 -0.574106 -0.501006
vn 0.879013 -0.392706 -0.270404
vn 0.963526 -0.194505 -0.183805
vn 0.974699 -0.108900 -0.195200
vn 0.707615 -0.384208 -0.593013
vn 0.953883 -0.051699 -0.295695
vn 0.753198 -0.130600 -0.644698
vn 0.000000 -1.000000 0.000000
vn 0.000000 0.000000 1.000000
vn 0.000000 0.000000 -1.000000
vn -1.000000 0.000000 0.000000
vn 1.000000 0.000000 0.000000
vn 0.955740 0.000300 0.294212
vn 0.991142 0.000000 0.132806
vn 0.716986 0.000700 0.697087
vn 0.472787 0.000800 0.881176
vn 0.991102 0.000400 -0.133100
vn 0.955805 0.000500 -0.294001
vn 0.717184 0.000300 -0.696884
vn 0.472316 0.000000 -0.881429
vn -0.987740 0.000600 0.156106
vn -0.941322 0.000700 0.337508
vn -0.669296 0.000400 0.742996
vn -0.414398 0.000000 0.910096
vn -0.941291 0.000400 -0.337597
vn -0.987789 -0.000000 -0.155798
vn -0.669086 0.000800 -0.743185
vn -0.414887 0.000900 -0.909872
vn -0.991102 0.000400 0.133100
vn -0.955805 0.000500 0.294001
vn -0.717184 0.000300 0.696884
vn -0.472393 0.000000 0.881388
vn -0.955749 0.000300 -0.294184
vn -0.991142 -0.000000 -0.132806
vn -0.716986 0.000700 -0.697087
vn -0.472787 0.000800 -0.881176
vn 0.941291 0.000400 0.337597
vn 0.987789 0.000000 0.155798
vn 0.669086 0.000800 0.743185
vn 0.414887 0.000900 0.909872
vn 0.987740 0.000600 -0.156106
vn 0.941322 0.000700 -0.337508
vn 0.669296 0.000400 -0.742996
vn 0.414398 0.000000 -0.910096
vn 0.294212 0.000300 -0.955740
vn 0.132806 0.000000 -0.991142
vn 0.697087 0.000700 -0.716986
vn 0.881176 0.000800 -0.472787
vn -0.133100 0.000400 -0.991102
vn -0.294001 0.000500 -0.955805
vn -0.696884 0.000300 -0.717184
vn -0.881429 -0.000000 -0.472316
vn 0.157698 0.000600 0.987487
vn 0.340305 0.000700 0.940315
vn 0.745785 0.000400 0.666187
vn 0.911721 0.000000 0.410810
vn -0.340514 0.000400 0.940239
vn -0.157308 0.000000 0.987550
vn -0.746022 0.000900 0.665920
vn -0.911500 0.000900 0.411300
vn 0.133100 0.000400 0.991102
vn 0.294001 0.000500 0.955805
vn 0.696884 0.000300 0.717184
vn 0.881429 0.000000 0.472316
vn -0.294184 0.000300 0.955749
vn -0.132806 0.000000 0.991142
vn -0.697087 0.000700 0.716986
vn -0.881176 0.000800 0.472787
vn 0.340514 0.000400 -0.940239
vn 0.157308 0.000000 -0.987550
vn 0.746022 0.000900 -0.665920
vn 0.911500 0.000900 -0.411300
vn -0.157698 0.000600 -0.987487
vn -0.340394 0.000700 -0.940283
vn -0.745785 0.000400 -0.666187
vn -0.911721 -0.000000 -0.410810
vn 0.614681 0.788776 0.000000
vn -0.603195 -0.797594 -0.000000
vn -0.614681 0.788776 0.000000
vn 0.603195 -0.797594 0.000000
vn 0.000000 0.788776 -0.614681
vn 0.000000 -0.805960 0.591970
vn 0.000000 0.788776 0.614681
vn -0.000000 -0.805960 -0.591970

# Mesh
g cross_clean
usemtl default
f 1/1/1 2/2/2 3/3/3
f 3/3/3 4/4/4 1/1/1
f 5/5/5 4/4/4 3/3/3
f 3/3/3 6/6/6 5/5/5
f 6/6/6 7/7/7 8/8/8
f 8/8/8 5/5/5 6/6/6
f 5/5/5 8/8/8 9/9/9
f 9/9/9 10/10/10 5/5/5
f 9/11/9 11/12/11 12/13/12
f 12/13/12 10/14/10 9/11/9
f 13/15/13 10/16/10 12/17/12
f 12/17/12 14/18/14 13/15/13
f 14/18/14 15/19/15 16/20/16
f 16/20/16 13/15/13 14/18/14
f 13/15/13 16/20/16 17/21/17
f 17/21/17 18/22/18 13/15/13
f 17/21/17 19/23/19 20/24/20
f 20/24/20 18/22/18 17/21/17
f 21/25/21 18/22/18 20/24/20
f 20/24/20 22/26/22 21/25/21
f 13/15/13 18/22/18 21/25/21
f 21/25/21 10/16/10 13/15/13
f 23/27/23 24/28/11 25/29/24
f 25/29/24 26/30/25 23/27/23
f 27/31/26 26/32/25 25/33/24
f 25/33/24 28/34/27 27/31/26
f 28/34/27 29/35/28 30/36/29
f 30/36/29 27/31/26 28/34/27
f 27/31/26 30/36/29 31/37/30
f 31/37/30 32/38/31 27/31/26
f 31/37/30 33/39/32 34/40/33
f 34/40/33 32/38/31 31/37/30
f 35/41/34 32/38/31 34/40/33
f 34/40/33 36/42/35 35/41/34
f 37/43/36 38/44/37 39/45/38
f 39/45/38 40/46/39 37/43/36
f 41/47/40 40/46/39 39/45/38
f 39/45/38 42/48/41 41/47/40
f 42/48/41 43/49/15 44/50/42
f 44/50/42 41/47/40 42/48/41
f 41/47/40 44/50/42 23/51/23
f 23/51/23 26/52/25 41/47/40
f 35/53/34 40/46/39 41/47/40
f 41/47/40 26/52/25 35/53/34
f 45/54/43 46/55/44 47/56/45
f 47/56/45 48/57/46 45/54/43
f 48/57/46 47/56/45 49/58/47
f 49/58/47 50/59/48 48/57/46
f 49/58/47 51/60/49 52/61/50
f 52/61/50 50/59/48 49/58/47
f 50/59/48 52/61/50 53/62/51
f 53/62/51 54/63/52 50/59/48
f 54/63/52 53/62/51 55/64/53
f 55/64/53 56/65/54 54/63/52
f 54/63/52 56/65/54 57/66/55
f 57/66/55 58/67/56 54/63/52
f 58/67/56 57/66/55 59/68/57
f 59/68/57 60/69/58 58/67/56
f 48/57/46 58/67/56 60/69/58
f 60/69/58 45/54/43 48/57/46
f 58/67/56 48/57/46 50/59/48
f 50/59/48 54/63/52 58/67/56
f 61/70/59 62/71/60 63/72/61
f 63/72/61 64/73/62 61/70/59
f 64/73/62 63/72/61 65/74/63
f 65/74/63 66/75/64 64/73/62
f 66/75/64 65/74/63 67/76/65
f 67/76/65 68/77/66 66/75/64
f 66/75/64 68/77/66 69/78/67
f 69/78/67 70/79/68 66/75/64
f 70/79/68 69/78/67 71/80/69
f 71/80/69 72/81/70 70/79/68
f 73/82/71 70/79/68 72/81/70
f 72/81/70 74/83/72 73/82/71
f 74/83/72 75/84/73 76/85/74
f 76/85/74 73/82/71 74/83/72
f 73/82/71 76/85/74 61/70/59
f 61/70/59 64/73/62 73/82/71
f 73/82/71 64/73/62 66/75/64
f 66/75/64 70/79/68 73/82/71
f 77/86/75 78/87/76 79/88/77
f 79/88/77 80/89/78 77/86/75
f 81/90/79 80/89/78 79/88/77
f 79/88/77 82/91/80 81/90/79
f 83/92/81 84/93/82 85/94/83
f 85/94/83 86/95/84 83/92/81
f 87/96/85 86/95/84 85/94/83
f 85/94/83 88/97/86 87/96/85
f 88/97/86 89/98/87 90/99/88
f 90/99/88 87/96/85 88/97/86
f 87/96/85 90/99/88 91/100/89
f 91/100/89 92/101/90 87/96/85
f 93/102/91 92/103/90 94/104/92
f 95/105/93 92/103/90 93/102/91
f 93/102/91 96/106/94 95/105/93
f 96/106/94 97/107/95 98/108/96
f 98/108/96 95/105/93 96/106/94
f 95/105/93 98/108/96 77/86/75
f 77/86/75 80/89/78 95/105/93
f 81/109/79 86/95/84 87/96/85
f 87/96/85 92/101/90 81/109/79
f 99/110/97 100/111/98 101/112/99
f 101/112/99 102/113/100 99/110/97
f 103/114/101 102/113/100 101/112/99
f 101/112/99 104/115/102 103/114/101
f 104/115/102 105/116/103 106/117/104
f 106/117/104 103/114/101 104/115/102
f 103/114/101 106/117/104 107/118/105
f 107/118/105 108/119/106 103/114/101
f 109/120/107 108/121/106 110/122/108
f 111/123/109 108/121/106 109/120/107
f 109/120/107 112/124/110 111/123/109
f 112/124/110 113/125/87 114/126/111
f 114/126/111 111/123/109 112/124/110
f 111/123/109 114/126/111 115/127/112
f 115/127/112 116/128/113 111/123/109
f 115/127/112 117/129/114 118/130/115
f 118/130/115 116/128/113 115/127/112
f 119/131/116 116/128/113 118/130/115
f 118/130/115 120/132/117 119/131/116
f 111/123/109 116/128/113 119/131/116
f 119/131/116 108/121/106 111/123/109
f 121/133/118 122/134/119 123/135/120
f 123/135/120 124/136/121 121/133/118
f 125/137/122 121/133/118 124/136/121
f 124/136/121 126/138/123 125/137/122
f 126/138/123 127/139/124 128/140/125
f 128/140/125 125/137/122 126/138/123
f 125/137/122 128/140/125 129/141/126
f 129/141/126 130/142/127 125/137/122
f 129/141/126 131/143/128 132/144/129
f 132/144/129 130/142/127 129/141/126
f 130/142/127 132/144/129 133/145/130
f 133/145/130 134/146/131 130/142/127
f 134/146/131 133/145/130 135/147/132
f 135/147/132 136/148/133 134/146/131
f 134/146/131 136/148/133 122/134/119
f 122/134/119 121/133/118 134/146/131
f 134/146/131 121/133/118 125/137/122
f 125/137/122 130/142/127 134/146/131
f 137/149/134 138/150/135 139/151/136
f 139/151/136 140/152/137 137/149/134
f 140/152/137 139/151/136 141/153/138
f 141/153/138 142/154/139 140/152/137
f 141/153/138 143/155/140 144/156/141
f 144/156/141 142/154/139 141/153/138
f 142/154/139 144/156/141 145/157/142
f 145/157/142 146/158/143 142/154/139
f 146/158/143 145/157/142 147/159/144
f 147/159/144 148/160/145 146/158/143
f 146/158/143 148/160/145 149/161/146
f 149/161/146 150/162/147 146/158/143
f 150/162/147 149/161/146 151/163/148
f 151/163/148 152/164/149 150/162/147
f 140/152/137 150/162/147 152/164/149
f 152/164/149 137/149/134 140/152/137
f 150/162/147 140/152/137 142/154/139
f 142/154/139 146/158/143 150/162/147
f 153/165/150 154/166/151 155/167/152
f 155/167/152 156/168/153 153/165/150
f 153/165/150 156/168/153 157/169/154
f 157/169/154 158/170/155 153/165/150
f 158/170/155 157/169/154 159/171/156
f 159/171/156 160/172/157 158/170/155
f 161/173/158 158/170/155 160/172/157
f 160/172/157 162/174/159 161/173/158
f 162/174/159 163/175/160 164/176/161
f 164/176/161 161/173/158 162/174/159
f 161/173/158 164/176/161 165/177/162
f 165/177/162 166/178/163 161/173/158
f 165/177/162 167/179/164 168/180/165
f 168/180/165 166/178/163 165/177/162
f 166/178/163 168/180/165 154/166/151
f 154/166/151 153/165/150 166/178/163
f 166/178/163 153/165/150 158/170/155
f 158/170/155 161/173/158 166/178/163
f 169/181/166 170/182/167 171/183/168
f 171/183/168 172/184/169 169/181/166
f 173/185/170 169/181/166 172/184/169
f 172/184/169 174/186/171 173/185/170
f 174/186/171 175/187/172 176/188/173
f 176/188/173 173/185/170 174/186/171
f 173/185/170 176/188/173 177/189/174
f 177/189/174 178/190/175 173/185/170
f 177/189/174 179/191/176 180/192/177
f 180/192/177 178/190/175 177/189/174
f 178/190/175 180/192/177 181/193/178
f 181/193/178 182/194/179 178/190/175
f 182/194/179 181/193/178 183/195/180
f 183/195/180 184/196/181 182/194/179
f 182/194/179 184/196/181 170/182/167
f 170/182/167 169/181/166 182/194/179
f 182/194/179 169/181/166 173/185/170
f 173/185/170 178/190/175 182/194/179
f 185/197/182 186/198/183 187/199/184
f 187/199/184 188/200/185 185/197/182
f 188/200/185 187/199/184 189/201/186
f 189/201/186 190/202/187 188/200/185
f 190/202/187 189/201/186 191/203/188
f 191/203/188 192/204/189 190/202/187
f 190/202/187 192/204/189 193/205/190
f 193/205/190 194/206/191 190/202/187
f 194/206/191 193/205/190 195/207/192
f 195/207/192 196/208/193 194/206/191
f 197/209/194 194/206/191 196/208/193
f 196/208/193 198/210/195 197/209/194
f 198/210/195 199/211/196 200/212/197
f 200/212/197 197/209/194 198/210/195
f 197/209/194 200/212/197 185/197/182
f 185/197/182 188/200/185 197/209/194
f 197/209/194 188/200/185 190/202/187
f 190/202/187 194/206/191 197/209/194
f 201/213/198 202/214/199 203/215/200
f 203/215/200 204/216/201 201/213/198
f 204/216/201 203/215/200 205/217/202
f 205/217/202 206/218/203 204/216/201
f 205/217/202 207/219/204 208/220/205
f 208/220/205 206/218/203 205/217/202
f 206/218/203 208/220/205 209/221/206
f 209/221/206 210/222/207 206/218/203
f 210/222/207 209/221/206 211/223/208
f 211/223/208 212/224/209 210/222/207
f 210/222/207 212/224/209 213/225/210
f 213/225/210 214/226/211 210/222/207
f 214/226/211 213/225/210 215/227/212
f 215/227/212 216/228/213 214/226/211
f 204/216/201 214/226/211 216/228/213
f 216/228/213 201/213/198 204/216/201
f 214/226/211 204/216/201 206/218/203
f 206/218/203 210/222/207 214/226/211
f 217/229/214 218/230/215 219/231/216
f 219/231/216 220/232/217 217/229/214
f 221/233/218 220/232/217 219/231/216
f 219/231/216 222/234/219 221/233/218
f 223/235/220 224/236/221 225/237/222
f 225/237/222 226/238/223 223/235/220
f 227/239/224 226/238/223 225/237/222
f 225/237/222 228/240/225 227/239/224
f 228/240/225 229/241/226 230/242/227
f 230/242/227 227/239/224 228/240/225
f 227/239/224 230/242/227 231/243/228
f 231/243/228 232/244/229 227/239/224
f 231/245/228 233/246/11 234/247/230
f 234/247/230 232/248/229 231/245/228
f 235/249/231 232/250/229 234/251/230
f 234/251/230 236/252/232 235/249/231
f 236/252/232 237/253/7 238/254/233
f 238/254/233 235/249/231 236/252/232
f 235/249/231 238/254/233 217/229/214
f 217/229/214 220/232/217 235/249/231
f 221/255/218 226/238/223 227/239/224
f 227/239/224 232/244/229 221/255/218
f 239/256/234 240/257/235 241/258/236
f 241/258/236 242/259/237 239/256/234
f 243/260/238 242/259/237 241/258/236
f 241/258/236 244/261/239 243/260/238
f 244/261/239 245/262/28 246/263/240
f 246/263/240 243/260/238 244/261/239
f 243/260/238 246/263/240 247/264/241
f 247/264/241 248/265/242 243/260/238
f 247/266/241 249/267/11 250/268/243
f 250/268/243 248/269/242 247/266/241
f 251/270/244 248/271/242 250/272/243
f 250/272/243 252/273/245 251/270/244
f 252/273/245 253/274/226 254/275/246
f 254/275/246 251/270/244 252/273/245
f 251/270/244 254/275/246 255/276/247
f 255/276/247 256/277/248 251/270/244
f 255/276/247 257/278/249 258/279/250
f 258/279/250 256/277/248 255/276/247
f 259/280/251 256/277/248 258/279/250
f 258/279/250 260/281/252 259/280/251
f 251/270/244 256/277/248 259/280/251
f 259/280/251 248/271/242 251/270/244
f 261/282/253 262/283/254 263/284/255
f 263/284/255 264/285/256 261/282/253
f 264/285/256 263/284/255 265/286/257
f 265/286/257 266/287/258 264/285/256
f 266/287/258 265/286/257 267/288/259
f 267/288/259 268/289/260 266/287/258
f 266/287/258 268/289/260 269/290/261
f 269/290/261 270/291/262 266/287/258
f 270/291/262 269/290/261 271/292/263
f 271/292/263 272/293/264 270/291/262
f 273/294/265 270/291/262 272/293/264
f 272/293/264 274/295/266 273/294/265
f 274/295/266 275/296/267 276/297/268
f 276/297/268 273/294/265 274/295/266
f 273/294/265 276/297/268 261/282/253
f 261/282/253 264/285/256 273/294/265
f 273/294/265 264/285/256 266/287/258
f 266/287/258 270/291/262 273/294/265
f 277/298/269 278/299/270 279/300/271
f 279/300/271 280/301/272 277/298/269
f 277/298/269 280/301/272 281/302/273
f 281/302/273 282/303/274 277/298/269
f 282/303/274 281/302/273 283/304/275
f 283/304/275 284/305/276 282/303/274
f 285/306/277 282/303/274 284/305/276
f 284/305/276 286/307/278 285/306/277
f 286/307/278 287/308/279 288/309/280
f 288/309/280 285/306/277 286/307/278
f 285/306/277 288/309/280 289/310/281
f 289/310/281 290/311/282 285/306/277
f 289/310/281 291/312/283 292/313/284
f 292/313/284 290/311/282 289/310/281
f 290/311/282 292/313/284 278/299/270
f 278/299/270 277/298/269 290/311/282
f 290/311/282 277/298/269 282/303/274
f 282/303/274 285/306/277 290/311/282
f 293/314/285 294/315/286 295/316/287
f 295/316/287 296/317/288 293/314/285
f 297/318/289 296/317/288 295/316/287
f 295/316/287 298/319/290 297/318/289
f 298/319/290 299/320/95 300/321/291
f 300/321/291 297/318/289 298/319/290
f 297/318/289 300/321/291 301/322/292
f 301/322/292 302/323/293 297/318/289
f 303/324/294 302/325/293 304/326/295
f 305/327/296 302/325/293 303/324/294
f 303/324/294 306/328/297 305/327/296
f 306/328/297 307/329/298 308/330/299
f 308/330/299 305/327/296 306/328/297
f 305/327/296 308/330/299 309/331/300
f 309/331/300 310/332/301 305/327/296
f 309/331/300 311/333/302 312/334/303
f 312/334/303 310/332/301 309/331/300
f 313/335/304 310/332/301 312/334/303
f 312/334/303 314/336/305 313/335/304
f 305/327/296 310/332/301 313/335/304
f 313/335/304 302/325/293 305/327/296
f 315/337/306 316/338/307 317/339/308
f 318/340/309 316/338/307 315/337/306
f 315/337/306 319/341/310 318/340/309
f 319/341/310 320/342/103 321/343/311
f 321/343/311 318/340/309 319/341/310
f 318/340/309 321/343/311 322/344/312
f 322/344/312 323/345/313 318/340/309
f 322/344/312 324/346/314 325/347/315
f 325/347/315 323/345/313 322/344/312
f 326/348/316 323/345/313 325/347/315
f 325/347/315 327/349/317 326/348/316
f 328/350/318 329/351/319 330/352/320
f 330/352/320 331/353/321 328/350/318
f 332/354/322 331/353/321 330/352/320
f 330/352/320 333/355/323 332/354/322
f 333/355/323 334/356/298 335/357/324
f 335/357/324 332/354/322 333/355/323
f 332/354/322 335/357/324 336/358/325
f 336/358/325 316/359/307 332/354/322
f 326/360/316 331/353/321 332/354/322
f 332/354/322 316/359/307 326/360/316
f 337/361/326 338/362/327 339/363/328
f 339/363/328 340/364/329 337/361/326
f 337/361/326 340/364/329 341/365/330
f 341/365/330 342/366/331 337/361/326
f 342/366/331 341/365/330 343/367/332
f 343/367/332 344/368/333 342/366/331
f 345/369/334 342/366/331 344/368/333
f 344/368/333 346/370/335 345/369/334
f 346/370/335 347/371/336 348/372/337
f 348/372/337 345/369/334 346/370/335
f 345/369/334 348/372/337 349/373/338
f 349/373/338 350/374/339 345/369/334
f 349/373/338 351/375/340 352/376/341
f 352/376/341 350/374/339 349/373/338
f 350/374/339 352/376/341 338/362/327
f 338/362/327 337/361/326 350/374/339
f 350/374/339 337/361/326 342/366/331
f 342/366/331 345/369/334 350/374/339
f 353/377/342 354/378/343 355/379/344
f 355/379/344 356/380/345 353/377/342
f 357/381/346 353/377/342 356/380/345
f 356/380/345 358/382/347 357/381/346
f 358/382/347 359/383/348 360/384/349
f 360/384/349 357/381/346 358/382/347
f 357/381/346 360/384/349 361/385/350
f 361/385/350 362/386/351 357/381/346
f 361/385/350 363/387/352 364/388/353
f 364/388/353 362/386/351 361/385/350
f 362/386/351 364/388/353 365/389/354
f 365/389/354 366/390/355 362/386/351
f 366/390/355 365/389/354 367/391/356
f 367/391/356 368/392/357 366/390/355
f 366/390/355 368/392/357 354/378/343
f 354/378/343 353/377/342 366/390/355
f 366/390/355 353/377/342 357/381/346
f 357/381/346 362/386/351 366/390/355
f 369/393/358 370/394/359 371/395/360
f 371/395/360 372/396/361 369/393/358
f 373/397/362 369/393/358 372/396/361
f 372/396/361 374/398/363 373/397/362
f 374/398/363 375/399/364 376/400/365
f 376/400/365 373/397/362 374/398/363
f 373/397/362 376/400/365 377/401/366
f 377/401/366 378/402/367 373/397/362
f 377/401/366 379/403/368 380/404/369
f 380/404/369 378/402/367 377/401/366
f 378/402/367 380/404/369 381/405/370
f 381/405/370 382/406/371 378/402/367
f 382/406/371 381/405/370 383/407/372
f 383/407/372 384/408/373 382/406/371
f 382/406/371 384/408/373 370/394/359
f 370/394/359 369/393/358 382/406/371
f 382/406/371 369/393/358 373/397/362
f 373/397/362 378/402/367 382/406/371
f 385/409/374 386/410/375 387/411/376
f 387/411/376 388/412/377 385/409/374
f 385/409/374 388/412/377 389/413/378
f 389/413/378 390/414/379 385/409/374
f 390/414/379 389/413/378 391/415/380
f 391/415/380 392/416/381 390/414/379
f 393/417/382 390/414/379 392/416/381
f 392/416/381 394/418/383 393/417/382
f 394/418/383 395/419/384 396/420/385
f 396/420/385 393/417/382 394/418/383
f 393/417/382 396/420/385 397/421/386
f 397/421/386 398/422/387 393/417/382
f 397/421/386 399/423/388 400/424/389
f 400/424/389 398/422/387 397/421/386
f 398/422/387 400/424/389 386/410/375
f 386/410/375 385/409/374 398/422/387
f 398/422/387 385/409/374 390/414/379
f 390/414/379 393/417/382 398/422/387
f 401/425/390 402/426/391 403/427/392
f 403/427/392 404/428/393 401/425/390
f 404/428/393 403/427/392 405/429/394
f 405/429/394 406/430/395 404/428/393
f 405/429/394 407/431/396 408/432/397
f 408/432/397 406/430/395 405/429/394
f 406/430/395 408/432/397 409/433/398
f 409/433/398 410/434/399 406/430/395
f 410/434/399 409/433/398 411/435/400
f 411/435/400 412/436/401 410/434/399
f 410/434/399 412/436/401 413/437/402
f 413/437/402 414/438/403 410/434/399
f 414/438/403 413/437/402 415/439/404
f 415/439/404 416/440/405 414/438/403
f 404/428/393 414/438/403 416/440/405
f 416/440/405 401/425/390 404/428/393
f 414/438/403 404/428/393 406/430/395
f 406/430/395 410/434/399 414/438/403
f 417/441/406 418/442/407 419/443/408
f 419/443/408 420/444/409 417/441/406
f 420/444/409 419/443/408 421/445/410
f 421/445/410 422/446/411 420/444/409
f 422/446/411 421/445/410 423/447/412
f 423/447/412 424/448/413 422/446/411
f 422/446/411 424/448/413 425/449/414
f 425/449/414 426/450/415 422/446/411
f 426/450/415 425/449/414 427/451/416
f 427/451/416 428/452/417 426/450/415
f 429/453/418 426/450/415 428/452/417
f 428/452/417 430/454/419 429/453/418
f 430/454/419 431/455/420 432/456/421
f 432/456/421 429/453/418 430/454/419
f 429/453/418 432/456/421 417/441/406
f 417/441/406 420/444/409 429/453/418
f 429/453/418 420/444/409 422/446/411
f 422/446/411 426/450/415 429/453/418
f 433/457/422 434/458/423 435/459/424
f 435/459/424 436/460/425 433/457/422
f 437/461/426 433/457/422 436/460/425
f 436/460/425 438/462/427 437/461/426
f 438/462/427 439/463/428 440/464/429
f 440/464/429 437/461/426 438/462/427
f 437/461/426 440/464/429 441/465/430
f 441/465/430 442/466/431 437/461/426
f 441/465/430 443/467/432 444/468/433
f 444/468/433 442/466/431 441/465/430
f 442/466/431 444/468/433 445/469/434
f 445/469/434 446/470/435 442/466/431
f 446/470/435 445/469/434 447/471/436
f 447/471/436 448/472/437 446/470/435
f 446/470/435 448/472/437 434/458/423
f 434/458/423 433/457/422 446/470/435
f 446/470/435 433/457/422 437/461/426
f 437/461/426 442/466/431 446/470/435
f 449/473/438 450/474/439 451/475/440
f 451/475/440 452/476/441 449/473/438
f 449/473/438 452/476/441 453/477/442
f 453/477/442 454/478/443 449/473/438
f 454/478/443 453/477/442 455/479/444
f 455/479/444 456/480/445 454/478/443
f 457/481/446 454/478/443 456/480/445
f 456/480/445 458/482/447 457/481/446
f 458/482/447 459/483/448 460/484/449
f 460/484/449 457/481/446 458/482/447
f 457/481/446 460/484/449 461/485/450
f 461/485/450 462/486/451 457/481/446
f 461/485/450 463/487/452 464/488/453
f 464/488/453 462/486/451 461/485/450
f 462/486/451 464/488/453 450/474/439
f 450/474/439 449/473/438 462/486/451
f 462/486/451 449/473/438 454/478/443
f 454/478/443 457/481/446 462/486/451
f 465/489/454 466/490/455 467/491/456
f 467/491/456 468/492/457 465/489/454
f 468/492/457 467/491/456 469/493/458
f 469/493/458 470/494/459 468/492/457
f 469/493/458 471/495/460 472/496/461
f 472/496/461 470/494/459 469/493/458
f 470/494/459 472/496/461 473/497/462
f 473/497/462 474/498/463 470/494/459
f 474/498/463 473/497/462 475/499/464
f 475/499/464 476/500/465 474/498/463
f 474/498/463 476/500/465 477/501/466
f 477/501/466 478/502/467 474/498/463
f 478/502/467 477/501/466 479/503/468
f 479/503/468 480/504/469 478/502/467
f 468/492/457 478/502/467 480/504/469
f 480/504/469 465/489/454 468/492/457
f 478/502/467 468/492/457 470/494/459
f 470/494/459 474/498/463 478/502/467
f 481/505/470 482/506/471 483/507/472
f 483/507/472 484/508/473 481/505/470
f 484/508/473 483/507/472 485/509/474
f 485/509/474 486/510/475 484/508/473
f 486/510/475 485/509/474 487/511/476
f 487/511/476 488/512/477 486/510/475
f 486/510/475 488/512/477 489/513/478
f 489/513/478 490/514/479 486/510/475
f 490/514/479 489/513/478 491/515/480
f 491/515/480 492/516/481 490/514/479
f 493/517/482 490/514/479 492/516/481
f 492/516/481 494/518/483 493/517/482
f 494/518/483 495/519/484 496/520/485
f 496/520/485 493/517/482 494/518/483
f 493/517/482 496/520/485 481/505/470
f 481/505/470 484/508/473 493/517/482
f 493/517/482 484/508/473 486/510/475
f 486/510/475 490/514/479 493/517/482
f 497/521/486 498/522/487 499/523/488
f 499/523/488 500/524/489 497/521/486
f 501/525/490 497/521/486 500/524/489
f 500/524/489 502/526/491 501/525/490
f 502/526/491 503/527/492 504/528/493
f 504/528/493 501/525/490 502/526/491
f 501/525/490 504/528/493 505/529/494
f 505/529/494 506/530/495 501/525/490
f 505/529/494 507/531/496 508/532/497
f 508/532/497 506/530/495 505/529/494
f 506/530/495 508/532/497 509/533/498
f 509/533/498 510/534/499 506/530/495
f 510/534/499 509/533/498 511/535/500
f 511/535/500 512/536/501 510/534/499
f 510/534/499 512/536/501 498/522/487
f 498/522/487 497/521/486 510/534/499
f 510/534/499 497/521/486 501/525/490
f 501/525/490 506/530/495 510/534/499
f 513/537/502 514/538/503 515/539/504
f 515/539/504 516/540/505 513/537/502
f 513/537/502 516/540/505 517/541/506
f 517/541/506 518/542/507 513/537/502
f 518/542/507 517/541/506 519/543/508
f 519/543/508 520/544/509 518/542/507
f 521/545/510 518/542/507 520/544/509
f 520/544/509 522/546/511 521/545/510
f 522/546/511 523/547/512 524/548/513
f 524/548/513 521/545/510 522/546/511
f 521/545/510 524/548/513 525/549/514
f 525/549/514 526/550/515 521/545/510
f 525/549/514 527/551/516 528/552/517
f 528/552/517 526/550/515 525/549/514
f 526/550/515 528/552/517 514/538/503
f 514/538/503 513/537/502 526/550/515
f 526/550/515 513/537/502 518/542/507
f 518/542/507 521/545/510 526/550/515
f 529/553/518 530/554/519 531/555/520
f 531/555/520 532/556/521 529/553/518
f 532/556/521 531/555/520 533/557/522
f 533/557/522 534/558/523 532/556/521
f 533/557/522 535/559/524 536/560/525
f 536/560/525 534/558/523 533/557/522
f 534/558/523 536/560/525 537/561/526
f 537/561/526 538/562/527 534/558/523
f 538/562/527 537/561/526 539/563/528
f 539/563/528 540/564/529 538/562/527
f 538/562/527 540/564/529 541/565/530
f 541/565/530 542/566/531 538/562/527
f 542/566/531 541/565/530 543/567/532
f 543/567/532 544/568/533 542/566/531
f 532/556/521 542/566/531 544/568/533
f 544/568/533 529/553/518 532/556/521
f 542/566/531 532/556/521 534/558/523
f 534/558/523 538/562/527 542/566/531
f 545/569/534 546/570/535 547/571/536
f 547/571/536 548/572/537 545/569/534
f 548/572/537 547/571/536 549/573/538
f 549/573/538 550/574/539 548/572/537
f 550/574/539 549/573/538 551/575/540
f 551/575/540 552/576/541 550/574/539
f 550/574/539 552/576/541 553/577/542
f 553/577/542 554/578/543 550/574/539
f 554/578/543 553/577/542 555/579/544
f 555/579/544 556/580/545 554/578/543
f 557/581/546 554/578/543 556/580/545
f 556/580/545 558/582/547 557/581/546
f 558/582/547 559/583/548 560/584/549
f 560/584/549 557/581/546 558/582/547
f 557/581/546 560/584/549 545/569/534
f 545/569/534 548/572/537 557/581/546
f 557/581/546 548/572/537 550/574/539
f 550/574/539 554/578/543 557/581/546
f 561/585/550 562/586/551 563/587/552
f 563/587/552 564/588/553 561/585/550
f 561/585/550 564/588/553 565/589/554
f 565/589/554 566/590/555 561/585/550
f 566/590/555 565/589/554 567/591/556
f 567/591/556 568/592/557 566/590/555
f 569/593/558 566/590/555 568/592/557
f 568/592/557 570/594/559 569/593/558
f 570/594/559 571/595/560 572/596/561
f 572/596/561 569/593/558 570/594/559
f 569/593/558 572/596/561 573/597/562
f 573/597/562 574/598/563 569/593/558
f 573/597/562 575/599/564 576/600/565
f 576/600/565 574/598/563 573/597/562
f 574/598/563 576/600/565 562/586/551
f 562/586/551 561/585/550 574/598/563
f 574/598/563 561/585/550 566/590/555
f 566/590/555 569/593/558 574/598/563
f 577/601/566 578/602/567 579/603/568
f 579/603/568 580/604/569 577/601/566
f 581/605/570 577/601/566 580/604/569
f 580/604/569 582/606/571 581/605/570
f 582/606/571 583/607/572 584/608/573
f 584/608/573 581/605/570 582/606/571
f 581/605/570 584/608/573 585/609/574
f 585/609/574 586/610/575 581/605/570
f 585/609/574 587/611/576 588/612/577
f 588/612/577 586/610/575 585/609/574
f 586/610/575 588/612/577 589/613/578
f 589/613/578 590/614/579 586/610/575
f 590/614/579 589/613/578 591/615/580
f 591/615/580 592/616/581 590/614/579
f 590/614/579 592/616/581 578/602/567
f 578/602/567 577/601/566 590/614/579
f 590/614/579 577/601/566 581/605/570
f 581/605/570 586/610/575 590/614/579
f 593/617/582 594/618/583 595/619/584
f 595/619/584 596/620/585 593/617/582
f 596/620/585 595/619/584 597/621/586
f 597/621/586 598/622/587 596/620/585
f 598/622/587 597/621/586 599/623/588
f 599/623/588 600/624/589 598/622/587
f 598/622/587 600/624/589 601/625/590
f 601/625/590 602/626/591 598/622/587
f 602/626/591 601/625/590 603/627/592
f 603/627/592 604/628/593 602/626/591
f 605/629/594 602/626/591 604/628/593
f 604/628/593 606/630/595 605/629/594
f 606/630/595 607/631/596 608/632/597
f 608/632/597 605/629/594 606/630/595
f 605/629/594 608/632/597 593/617/582
f 593/617/582 596/620/585 605/629/594
f 605/629/594 596/620/585 598/622/587
f 598/622/587 602/626/591 605/629/594
f 609/633/598 610/634/599 611/635/600
f 611/635/600 612/636/601 609/633/598
f 612/636/601 611/635/600 613/637/602
f 613/637/602 614/638/603 612/636/601
f 613/637/602 615/639/604 616/640/605
f 616/640/605 614/638/603 613/637/602
f 614/638/603 616/640/605 617/641/606
f 617/641/606 618/642/607 614/638/603
f 618/642/607 617/641/606 619/643/608
f 619/643/608 620/644/609 618/642/607
f 618/642/607 620/644/609 621/645/610
f 621/645/610 622/646/611 618/642/607
f 622/646/611 621/645/610 623/647/612
f 623/647/612 624/648/613 622/646/611
f 612/636/601 622/646/611 624/648/613
f 624/648/613 609/633/598 612/636/601
f 622/646/611 612/636/601 614/638/603
f 614/638/603 618/642/607 622/646/611
f 625/649/614 626/650/615 627/651/616
f 627/651/616 628/652/617 625/649/614
f 625/649/614 628/652/617 629/653/618
f 629/653/618 630/654/619 625/649/614
f 630/654/619 629/653/618 631/655/620
f 631/655/620 632/656/621 630/654/619
f 633/657/622 630/654/619 632/656/621
f 632/656/621 634/658/623 633/657/622
f 634/658/623 635/659/624 636/660/625
f 636/660/625 633/657/622 634/658/623
f 633/657/622 636/660/625 637/661/626
f 637/661/626 638/662/627 633/657/622
f 637/661/626 639/663/628 640/664/629
f 640/664/629 638/662/627 637/661/626
f 638/662/627 640/664/629 626/650/615
f 626/650/615 625/649/614 638/662/627
f 638/662/627 625/649/614 630/654/619
f 630/654/619 633/657/622 638/662/627
f 641/665/630 642/666/631 643/667/632
f 643/667/632 644/668/633 641/665/630
f 645/669/634 641/665/630 644/668/633
f 644/668/633 646/670/635 645/669/634
f 646/670/635 647/671/636 648/672/637
f 648/672/637 645/669/634 646/670/635
f 645/669/634 648/672/637 649/673/638
f 649/673/638 650/674/639 645/669/634
f 649/673/638 651/675/640 652/676/641
f 652/676/641 650/674/639 649/673/638
f 650/674/639 652/676/641 653/677/642
f 653/677/642 654/678/643 650/674/639
f 654/678/643 653/677/642 655/679/644
f 655/679/644 656/680/645 654/678/643
f 654/678/643 656/680/645 642/666/631
f 642/666/631 641/665/630 654/678/643
f 654/678/643 641/665/630 645/669/634
f 645/669/634 650/674/639 654/678/643
f 657/681/646 658/682/647 659/683/648
f 659/683/648 660/684/649 657/681/646
f 660/684/649 659/683/648 661/685/650
f 661/685/650 662/686/651 660/684/649
f 662/686/651 661/685/650 663/687/652
f 663/687/652 664/688/653 662/686/651
f 662/686/651 664/688/653 665/689/654
f 665/689/654 666/690/655 662/686/651
f 666/690/655 665/689/654 667/691/656
f 667/691/656 668/692/657 666/690/655
f 669/693/658 666/690/655 668/692/657
f 668/692/657 670/694/659 669/693/658
f 670/694/659 671/695/660 672/696/661
f 672/696/661 669/693/658 670/694/659
f 669/693/658 672/696/661 657/681/646
f 657/681/646 660/684/649 669/693/658
f 669/693/658 660/684/649 662/686/651
f 662/686/651 666/690/655 669/693/658
f 673/697/662 674/698/663 675/699/664
f 675/699/664 676/700/665 673/697/662
f 676/700/665 675/699/664 677/701/666
f 677/701/666 678/702/667 676/700/665
f 677/701/666 679/703/668 680/704/669
f 680/704/669 678/702/667 677/701/666
f 678/702/667 680/704/669 681/705/670
f 681/705/670 682/706/671 678/702/667
f 682/706/671 681/705/670 683/707/672
f 683/707/672 684/708/673 682/706/671
f 682/706/671 684/708/673 685/709/674
f 685/709/674 686/710/675 682/706/671
f 686/710/675 685/709/674 687/711/676
f 687/711/676 688/712/677 686/710/675
f 676/700/665 686/710/675 688/712/677
f 688/712/677 673/697/662 676/700/665
f 686/710/675 676/700/665 678/702/667
f 678/702/667 682/706/671 686/710/675
f 60/69/58 59/68/57 7/7/7
f 7/7/7 6/6/6 60/69/58
f 45/54/43 60/69/58 6/6/6
f 6/6/6 3/3/3 45/54/43
f 46/55/44 45/54/43 3/3/3
f 3/3/3 2/2/2 46/55/44
f 8/8/11 7/7/11 29/35/11
f 29/35/11 28/34/11 8/8/11
f 9/9/11 8/8/11 28/34/11
f 28/34/11 25/33/11 9/9/11
f 11/12/11 9/11/11 25/29/11
f 25/29/11 24/28/11 11/12/11
f 65/74/63 30/36/29 29/35/28
f 29/35/28 67/76/65 65/74/63
f 63/72/61 31/37/30 30/36/29
f 30/36/29 65/74/63 63/72/61
f 62/71/60 33/39/32 31/37/30
f 31/37/30 63/72/61 62/71/60
f 68/77/66 67/76/65 59/68/57
f 59/68/57 57/66/55 68/77/66
f 69/78/67 68/77/66 57/66/55
f 57/66/55 56/65/54 69/78/67
f 71/80/69 69/78/67 56/65/54
f 56/65/54 55/64/53 71/80/69
f 98/108/96 97/107/95 127/139/124
f 127/139/124 126/138/123 98/108/96
f 77/86/75 98/108/96 126/138/123
f 126/138/123 124/136/121 77/86/75
f 78/87/76 77/86/75 124/136/121
f 124/136/121 123/135/120 78/87/76
f 128/713/125 127/714/124 143/715/140
f 143/715/140 141/716/138 128/713/125
f 129/717/126 128/713/125 141/716/138
f 141/716/138 139/718/136 129/717/126
f 131/719/128 129/717/126 139/718/136
f 139/718/136 138/720/135 131/719/128
f 104/115/102 144/156/141 143/155/140
f 143/155/140 105/116/103 104/115/102
f 101/112/99 145/157/142 144/156/141
f 144/156/141 104/115/102 101/112/99
f 100/111/98 147/159/144 145/157/142
f 145/157/142 101/112/99 100/111/98
f 106/721/678 105/722/678 97/723/678
f 97/723/678 96/724/678 106/721/678
f 107/725/678 106/721/678 96/724/678
f 96/724/678 93/726/678 107/725/678
f 110/727/678 107/725/678 93/726/678
f 93/726/678 94/728/678 110/727/678
f 79/88/77 78/87/76 2/2/2
f 2/2/2 1/1/1 79/88/77
f 20/24/20 83/92/81 82/729/80
f 82/729/80 22/26/22 20/24/20
f 84/93/82 83/92/81 20/24/20
f 20/24/20 19/23/19 84/93/82
f 122/134/679 47/56/679 46/55/679
f 46/55/679 123/135/679 122/134/679
f 49/58/679 47/56/679 122/134/679
f 122/134/679 136/148/679 49/58/679
f 51/60/679 49/58/679 136/148/679
f 136/148/679 135/147/679 51/60/679
f 148/160/680 147/159/680 62/71/680
f 62/71/680 61/70/680 148/160/680
f 149/161/680 148/160/680 61/70/680
f 61/70/680 76/85/680 149/161/680
f 75/84/680 151/163/680 149/161/680
f 149/161/680 76/85/680 75/84/680
f 34/40/33 33/39/32 100/111/98
f 100/111/98 99/110/97 34/40/33
f 118/130/115 37/43/36 36/730/35
f 36/730/35 120/132/117 118/130/115
f 38/44/37 37/43/36 118/130/115
f 118/130/115 117/129/114 38/44/37
f 184/196/181 183/195/180 159/171/156
f 159/171/156 157/169/154 184/196/181
f 170/182/167 184/196/181 157/169/154
f 157/169/154 156/168/153 170/182/167
f 171/183/168 170/182/167 156/168/153
f 156/168/153 155/167/152 171/183/168
f 200/731/197 199/732/196 207/733/204
f 207/733/204 205/734/202 200/731/197
f 185/735/182 200/731/197 205/734/202
f 205/734/202 203/736/200 185/735/182
f 186/737/183 185/735/182 203/736/200
f 203/736/200 202/738/199 186/737/183
f 193/205/679 164/176/679 163/175/679
f 163/175/679 195/207/679 193/205/679
f 165/177/679 164/176/679 193/205/679
f 193/205/679 192/204/679 165/177/679
f 167/179/679 165/177/679 192/204/679
f 192/204/679 191/203/679 167/179/679
f 212/224/680 211/223/680 179/191/680
f 179/191/680 177/189/680 212/224/680
f 213/225/680 212/224/680 177/189/680
f 177/189/680 176/188/680 213/225/680
f 175/187/680 215/227/680 213/225/680
f 213/225/680 176/188/680 175/187/680
f 265/286/257 238/254/233 237/253/7
f 237/253/7 267/288/259 265/286/257
f 263/284/255 217/229/214 238/254/233
f 238/254/233 265/286/257 263/284/255
f 262/283/254 218/230/215 217/229/214
f 217/229/214 263/284/255 262/283/254
f 268/289/260 267/288/259 283/304/275
f 283/304/275 281/302/273 268/289/260
f 269/290/261 268/289/260 281/302/273
f 281/302/273 280/301/272 269/290/261
f 271/292/263 269/290/261 280/301/272
f 280/301/272 279/300/271 271/292/263
f 284/305/276 283/304/275 245/262/28
f 245/262/28 244/261/239 284/305/276
f 286/307/278 284/305/276 244/261/239
f 244/261/239 241/258/236 286/307/278
f 287/308/279 286/307/278 241/258/236
f 241/258/236 240/257/235 287/308/279
f 246/263/11 245/262/11 237/253/11
f 237/253/11 236/252/11 246/263/11
f 247/264/11 246/263/11 236/252/11
f 236/252/11 234/251/11 247/264/11
f 249/267/11 247/266/11 234/247/11
f 234/247/11 233/246/11 249/267/11
f 298/319/290 352/376/341 351/375/340
f 351/375/340 299/320/95 298/319/290
f 295/316/287 338/362/327 352/376/341
f 352/376/341 298/319/290 295/316/287
f 294/315/286 339/363/328 338/362/327
f 338/362/327 295/316/287 294/315/286
f 300/739/678 299/740/678 320/741/678
f 320/741/678 319/742/678 300/739/678
f 301/743/678 300/739/678 319/742/678
f 319/742/678 315/744/678 301/743/678
f 304/745/678 301/743/678 315/744/678
f 315/744/678 317/746/678 304/745/678
f 321/343/311 320/342/103 359/383/348
f 359/383/348 358/382/347 321/343/311
f 322/344/312 321/343/311 358/382/347
f 358/382/347 356/380/345 322/344/312
f 324/346/314 322/344/312 356/380/345
f 356/380/345 355/379/344 324/346/314
f 360/747/349 359/748/348 351/749/340
f 351/749/340 349/750/338 360/747/349
f 361/751/350 360/747/349 349/750/338
f 349/750/338 348/752/337 361/751/350
f 363/753/352 361/751/350 348/752/337
f 348/752/337 347/754/336 363/753/352
f 340/364/679 339/363/679 262/283/679
f 262/283/679 261/282/679 340/364/679
f 341/365/679 340/364/679 261/282/679
f 261/282/679 276/297/679 341/365/679
f 275/296/679 343/367/679 341/365/679
f 341/365/679 276/297/679 275/296/679
f 219/231/216 218/230/215 294/315/286
f 294/315/286 293/314/285 219/231/216
f 312/334/303 223/235/220 222/755/219
f 222/755/219 314/336/305 312/334/303
f 224/236/221 223/235/220 312/334/303
f 312/334/303 311/333/302 224/236/221
f 325/347/315 324/346/314 240/257/235
f 240/257/235 239/256/234 325/347/315
f 258/279/250 328/350/318 327/756/317
f 327/756/317 260/281/252 258/279/250
f 329/351/319 328/350/318 258/279/250
f 258/279/250 257/278/249 329/351/319
f 354/378/680 288/309/680 287/308/680
f 287/308/680 355/379/680 354/378/680
f 289/310/680 288/309/680 354/378/680
f 354/378/680 368/392/680 289/310/680
f 291/312/680 289/310/680 368/392/680
f 368/392/680 367/391/680 291/312/680
f 384/408/373 383/407/372 391/415/380
f 391/415/380 389/413/378 384/408/373
f 370/394/359 384/408/373 389/413/378
f 389/413/378 388/412/377 370/394/359
f 371/395/360 370/394/359 388/412/377
f 388/412/377 387/411/376 371/395/360
f 432/757/421 431/758/420 407/759/396
f 407/759/396 405/760/394 432/757/421
f 417/761/406 432/757/421 405/760/394
f 405/760/394 403/762/392 417/761/406
f 418/763/407 417/761/406 403/762/392
f 403/762/392 402/764/391 418/763/407
f 412/436/679 411/435/679 379/403/679
f 379/403/679 377/401/679 412/436/679
f 413/437/679 412/436/679 377/401/679
f 377/401/679 376/400/679 413/437/679
f 375/399/679 415/439/679 413/437/679
f 413/437/679 376/400/679 375/399/679
f 425/449/680 396/420/680 395/419/680
f 395/419/680 427/451/680 425/449/680
f 397/421/680 396/420/680 425/449/680
f 425/449/680 424/448/680 397/421/680
f 399/423/680 397/421/680 424/448/680
f 424/448/680 423/447/680 399/423/680
f 448/472/437 447/471/436 455/479/444
f 455/479/444 453/477/442 448/472/437
f 434/458/423 448/472/437 453/477/442
f 453/477/442 452/476/441 434/458/423
f 435/459/424 434/458/423 452/476/441
f 452/476/441 451/475/440 435/459/424
f 496/765/485 495/766/484 471/767/460
f 471/767/460 469/768/458 496/765/485
f 481/769/470 496/765/485 469/768/458
f 469/768/458 467/770/456 481/769/470
f 482/771/471 481/769/470 467/770/456
f 467/770/456 466/772/455 482/771/471
f 477/501/681 440/464/681 439/463/681
f 439/463/681 479/503/681 477/501/681
f 441/465/681 440/464/681 477/501/681
f 477/501/681 476/500/681 441/465/681
f 443/467/681 441/465/681 476/500/681
f 476/500/681 475/499/681 443/467/681
f 488/512/682 487/511/682 463/487/682
f 463/487/682 461/485/682 488/512/682
f 489/513/682 488/512/682 461/485/682
f 461/485/682 460/484/682 489/513/682
f 459/483/682 491/515/682 489/513/682
f 489/513/682 460/484/682 459/483/682
f 512/536/501 511/535/500 519/543/508
f 519/543/508 517/541/506 512/536/501
f 498/522/487 512/536/501 517/541/506
f 517/541/506 516/540/505 498/522/487
f 499/523/488 498/522/487 516/540/505
f 516/540/505 515/539/504 499/523/488
f 560/773/549 559/774/548 535/775/524
f 535/775/524 533/776/522 560/773/549
f 545/777/534 560/773/549 533/776/522
f 533/776/522 531/778/520 545/777/534
f 546/779/535 545/777/534 531/778/520
f 531/778/520 530/780/519 546/779/535
f 541/565/681 504/528/681 503/527/681
f 503/527/681 543/567/681 541/565/681
f 505/529/681 504/528/681 541/565/681
f 541/565/681 540/564/681 505/529/681
f 507/531/681 505/529/681 540/564/681
f 540/564/681 539/563/681 507/531/681
f 552/576/682 551/575/682 527/551/682
f 527/551/682 525/549/682 552/576/682
f 553/577/682 552/576/682 525/549/682
f 525/549/682 524/548/682 553/577/682
f 523/547/682 555/579/682 553/577/682
f 553/577/682 524/548/682 523/547/682
f 592/616/581 591/615/580 567/591/556
f 567/591/556 565/589/554 592/616/581
f 578/602/567 592/616/581 565/589/554
f 565/589/554 564/588/553 578/602/567
f 579/603/568 578/602/567 564/588/553
f 564/588/553 563/587/552 579/603/568
f 608/781/597 607/782/596 615/783/604
f 615/783/604 613/784/602 608/781/597
f 593/785/582 608/781/597 613/784/602
f 613/784/602 611/786/600 593/785/582
f 594/787/583 593/785/582 611/786/600
f 611/786/600 610/788/599 594/787/583
f 600/624/681 599/623/681 575/599/681
f 575/599/681 573/597/681 600/624/681
f 601/625/681 600/624/681 573/597/681
f 573/597/681 572/596/681 601/625/681
f 571/595/681 603/627/681 601/625/681
f 601/625/681 572/596/681 571/595/681
f 621/645/682 584/608/682 583/607/682
f 583/607/682 623/647/682 621/645/682
f 585/609/682 584/608/682 621/645/682
f 621/645/682 620/644/682 585/609/682
f 587/611/682 585/609/682 620/644/682
f 620/644/682 619/643/682 587/611/682
f 656/680/645 655/679/644 631/655/620
f 631/655/620 629/653/618 656/680/645
f 642/666/631 656/680/645 629/653/618
f 629/653/618 628/652/617 642/666/631
f 643/667/632 642/666/631 628/652/617
f 628/652/617 627/651/616 643/667/632
f 672/789/661 671/790/660 679/791/668
f 679/791/668 677/792/666 672/789/661
f 657/793/646 672/789/661 677/792/666
f 677/792/666 675/794/664 657/793/646
f 658/795/647 657/793/646 675/794/664
f 675/794/664 674/796/663 658/795/647
f 664/688/653 663/687/652 639/663/628
f 639/663/628 637/661/626 664/688/653
f 665/689/654 664/688/653 637/661/626
f 637/661/626 636/660/625 665/689/654
f 635/659/624 667/691/656 665/689/654
f 665/689/654 636/660/625 635/659/624
f 685/709/674 648/672/637 647/671/636
f 647/671/636 687/711/676 685/709/674
f 649/673/638 648/672/637 685/709/674
f 685/709/674 684/708/673 649/673/638
f 651/675/640 649/673/638 684/708/673
f 684/708/673 683/707/672 651/675/640
f 160/172/157 159/171/156 55/797/53
f 55/797/53 53/798/51 160/172/157
f 162/174/159 160/172/157 53/798/51
f 53/798/51 52/799/50 162/174/159
f 163/175/160 162/174/159 52/799/50
f 52/799/50 51/800/49 163/175/160
f 72/801/70 71/802/69 183/195/180
f 183/195/180 181/193/178 72/801/70
f 74/803/72 72/801/70 181/193/178
f 181/193/178 180/192/177 74/803/72
f 75/804/73 74/803/72 180/192/177
f 180/192/177 179/191/176 75/804/73
f 132/805/129 131/806/128 199/211/196
f 199/211/196 198/210/195 132/805/129
f 133/807/130 132/805/129 198/210/195
f 198/210/195 196/208/193 133/807/130
f 135/808/132 133/807/130 196/208/193
f 196/208/193 195/207/192 135/808/132
f 208/220/205 207/219/204 138/809/135
f 138/809/135 137/810/134 208/220/205
f 209/221/206 208/220/205 137/810/134
f 137/810/134 152/811/149 209/221/206
f 211/223/208 209/221/206 152/811/149
f 152/811/149 151/812/148 211/223/208
f 689/813/683 690/814/684 155/815/152
f 155/815/152 154/816/151 689/813/683
f 691/817/685 689/813/683 154/816/151
f 154/816/151 168/818/165 691/817/685
f 692/819/686 691/817/685 168/818/165
f 168/818/165 167/820/164 692/819/686
f 172/821/169 171/822/168 693/823/687
f 693/823/687 694/824/688 172/821/169
f 174/825/171 172/821/169 694/824/688
f 694/824/688 695/826/689 174/825/171
f 175/827/172 174/825/171 695/826/689
f 695/826/689 696/828/690 175/827/172
f 187/829/184 186/830/183 697/831/691
f 697/831/691 698/832/692 187/829/184
f 189/833/186 187/829/184 698/832/692
f 698/832/692 699/834/693 189/833/186
f 191/835/188 189/833/186 699/834/693
f 699/834/693 700/836/694 191/835/188
f 701/837/695 702/838/696 202/839/199
f 202/839/199 201/840/198 701/837/695
f 703/841/697 701/837/695 201/840/198
f 201/840/198 216/842/213 703/841/697
f 704/843/698 703/841/697 216/842/213
f 216/842/213 215/844/212 704/843/698
f 272/845/264 271/846/263 383/407/372
f 383/407/372 381/405/370 272/845/264
f 274/847/266 272/845/264 381/405/370
f 381/405/370 380/404/369 274/847/266
f 275/848/267 274/847/266 380/404/369
f 380/404/369 379/403/368 275/848/267
f 392/416/381 391/415/380 279/849/271
f 279/849/271 278/850/270 392/416/381
f 394/418/383 392/416/381 278/850/270
f 278/850/270 292/851/284 394/418/383
f 395/419/384 394/418/383 292/851/284
f 292/851/284 291/852/283 395/419/384
f 408/432/397 407/431/396 347/853/336
f 347/853/336 346/854/335 408/432/397
f 409/433/398 408/432/397 346/854/335
f 346/854/335 344/855/333 409/433/398
f 411/435/400 409/433/398 344/855/333
f 344/855/333 343/856/332 411/435/400
f 364/857/353 363/858/352 431/455/420
f 431/455/420 430/454/419 364/857/353
f 365/859/354 364/857/353 430/454/419
f 430/454/419 428/452/417 365/859/354
f 367/860/356 365/859/354 428/452/417
f 428/452/417 427/451/416 367/860/356
f 372/861/361 371/862/360 705/863/699
f 705/863/699 706/864/700 372/861/361
f 374/865/363 372/861/361 706/864/700
f 706/864/700 707/866/701 374/865/363
f 375/867/364 374/865/363 707/866/701
f 707/866/701 708/868/702 375/867/364
f 709/869/703 710/870/704 387/871/376
f 387/871/376 386/872/375 709/869/703
f 711/873/705 709/869/703 386/872/375
f 386/872/375 400/874/389 711/873/705
f 712/875/706 711/873/705 400/874/389
f 400/874/389 399/876/388 712/875/706
f 713/877/707 714/878/708 402/879/391
f 402/879/391 401/880/390 713/877/707
f 715/881/709 713/877/707 401/880/390
f 401/880/390 416/882/405 715/881/709
f 716/883/710 715/881/709 416/882/405
f 416/882/405 415/884/404 716/883/710
f 419/885/408 418/886/407 717/887/711
f 717/887/711 718/888/712 419/885/408
f 421/889/410 419/885/408 718/888/712
f 718/888/712 719/890/713 421/889/410
f 423/891/412 421/889/410 719/890/713
f 719/890/713 720/892/714 423/891/412
f 456/480/445 455/479/444 43/49/15
f 43/49/15 42/48/41 456/480/445
f 458/482/447 456/480/445 42/48/41
f 42/48/41 39/45/38 458/482/447
f 459/483/448 458/482/447 39/45/38
f 39/45/38 38/44/37 459/483/448
f 44/50/11 43/49/11 253/274/11
f 253/274/11 252/273/11 44/50/11
f 23/51/11 44/50/11 252/273/11
f 252/273/11 250/272/11 23/51/11
f 24/28/11 23/27/11 250/268/11
f 250/268/11 249/267/11 24/28/11
f 445/469/434 254/275/246 253/274/226
f 253/274/226 447/471/436 445/469/434
f 444/468/433 255/276/247 254/275/246
f 254/275/246 445/469/434 444/468/433
f 443/467/432 257/278/249 255/276/247
f 255/276/247 444/468/433 443/467/432
f 114/126/111 113/125/87 495/519/484
f 495/519/484 494/518/483 114/126/111
f 115/127/112 114/126/111 494/518/483
f 494/518/483 492/516/481 115/127/112
f 117/129/114 115/127/112 492/516/481
f 492/516/481 491/515/480 117/129/114
f 333/355/323 472/496/461 471/495/460
f 471/495/460 334/356/298 333/355/323
f 330/352/320 473/497/462 472/496/461
f 472/496/461 333/355/323 330/352/320
f 329/351/319 475/499/464 473/497/462
f 473/497/462 330/352/320 329/351/319
f 335/893/678 334/894/678 113/895/678
f 113/895/678 112/896/678 335/893/678
f 336/897/678 335/893/678 112/896/678
f 112/896/678 109/898/678 336/897/678
f 317/899/678 336/897/678 109/898/678
f 109/898/678 110/900/678 317/899/678
f 520/544/509 519/543/508 451/901/440
f 451/901/440 450/902/439 520/544/509
f 522/546/511 520/544/509 450/902/439
f 450/902/439 464/903/453 522/546/511
f 523/547/512 522/546/511 464/903/453
f 464/903/453 463/904/452 523/547/512
f 436/905/425 435/906/424 511/535/500
f 511/535/500 509/533/498 436/905/425
f 438/907/427 436/905/425 509/533/498
f 509/533/498 508/532/497 438/907/427
f 439/908/428 438/907/427 508/532/497
f 508/532/497 507/531/496 439/908/428
f 483/909/472 482/910/471 559/583/548
f 559/583/548 558/582/547 483/909/472
f 485/911/474 483/909/472 558/582/547
f 558/582/547 556/580/545 485/911/474
f 487/912/476 485/911/474 556/580/545
f 556/580/545 555/579/544 487/912/476
f 536/560/525 535/559/524 466/913/455
f 466/913/455 465/914/454 536/560/525
f 537/561/526 536/560/525 465/914/454
f 465/914/454 480/915/469 537/561/526
f 539/563/528 537/561/526 480/915/469
f 480/915/469 479/916/468 539/563/528
f 721/917/715 722/918/716 515/919/504
f 515/919/504 514/920/503 721/917/715
f 723/921/717 721/917/715 514/920/503
f 514/920/503 528/922/517 723/921/717
f 724/923/718 723/921/717 528/922/517
f 528/922/517 527/924/516 724/923/718
f 500/925/489 499/926/488 725/927/719
f 725/927/719 726/928/720 500/925/489
f 502/929/491 500/925/489 726/928/720
f 726/928/720 727/930/721 502/929/491
f 503/931/492 502/929/491 727/930/721
f 727/930/721 728/932/722 503/931/492
f 547/933/536 546/934/535 729/935/723
f 729/935/723 730/936/724 547/933/536
f 549/937/538 547/933/536 730/936/724
f 730/936/724 731/938/725 549/937/538
f 551/939/540 549/937/538 731/938/725
f 731/938/725 732/940/726 551/939/540
f 733/941/727 734/942/728 530/943/519
f 530/943/519 529/944/518 733/941/727
f 735/945/729 733/941/727 529/944/518
f 529/944/518 544/946/533 735/945/729
f 736/947/730 735/945/729 544/946/533
f 544/946/533 543/948/532 736/947/730
f 589/613/578 16/20/16 15/19/15
f 15/19/15 591/615/580 589/613/578
f 588/612/577 17/21/17 16/20/16
f 16/20/16 589/613/578 588/612/577
f 587/611/576 19/23/19 17/21/17
f 17/21/17 588/612/577 587/611/576
f 568/592/557 567/591/556 229/241/226
f 229/241/226 228/240/225 568/592/557
f 570/594/559 568/592/557 228/240/225
f 228/240/225 225/237/222 570/594/559
f 571/595/560 570/594/559 225/237/222
f 225/237/222 224/236/221 571/595/560
f 230/242/11 229/241/11 15/19/11
f 15/19/11 14/18/11 230/242/11
f 231/243/11 230/242/11 14/18/11
f 14/18/11 12/17/11 231/243/11
f 233/246/11 231/245/11 12/13/11
f 12/13/11 11/12/11 233/246/11
f 88/97/86 616/640/605 615/639/604
f 615/639/604 89/98/87 88/97/86
f 85/94/83 617/641/606 616/640/605
f 616/640/605 88/97/86 85/94/83
f 84/93/82 619/643/608 617/641/606
f 617/641/606 85/94/83 84/93/82
f 90/949/678 89/950/678 307/951/678
f 307/951/678 306/952/678 90/949/678
f 91/953/678 90/949/678 306/952/678
f 306/952/678 303/954/678 91/953/678
f 94/955/678 91/953/678 303/954/678
f 303/954/678 304/956/678 94/955/678
f 308/330/299 307/329/298 607/631/596
f 607/631/596 606/630/595 308/330/299
f 309/331/300 308/330/299 606/630/595
f 606/630/595 604/628/593 309/331/300
f 311/333/302 309/331/300 604/628/593
f 604/628/593 603/627/592 311/333/302
f 580/957/569 579/958/568 655/679/644
f 655/679/644 653/677/642 580/957/569
f 582/959/571 580/957/569 653/677/642
f 653/677/642 652/676/641 582/959/571
f 583/960/572 582/959/571 652/676/641
f 652/676/641 651/675/640 583/960/572
f 632/656/621 631/655/620 563/961/552
f 563/961/552 562/962/551 632/656/621
f 634/658/623 632/656/621 562/962/551
f 562/962/551 576/963/565 634/658/623
f 635/659/624 634/658/623 576/963/565
f 576/963/565 575/964/564 635/659/624
f 680/704/669 679/703/668 610/965/599
f 610/965/599 609/966/598 680/704/669
f 681/705/670 680/704/669 609/966/598
f 609/966/598 624/967/613 681/705/670
f 683/707/672 681/705/670 624/967/613
f 624/967/613 623/968/612 683/707/672
f 595/969/584 594/970/583 671/695/660
f 671/695/660 670/694/659 595/969/584
f 597/971/586 595/969/584 670/694/659
f 670/694/659 668/692/657 597/971/586
f 599/972/588 597/971/586 668/692/657
f 668/692/657 667/691/656 599/972/588
f 644/973/633 643/974/632 737/975/731
f 737/975/731 738/976/732 644/973/633
f 646/977/635 644/973/633 738/976/732
f 738/976/732 739/978/733 646/977/635
f 647/979/636 646/977/635 739/978/733
f 739/978/733 740/980/734 647/979/636
f 741/981/735 742/982/736 627/983/616
f 627/983/616 626/984/615 741/981/735
f 743/985/737 741/981/735 626/984/615
f 626/984/615 640/986/629 743/985/737
f 744/987/738 743/985/737 640/986/629
f 640/986/629 639/988/628 744/987/738
f 745/989/739 746/990/740 674/991/663
f 674/991/663 673/992/662 745/989/739
f 747/993/741 745/989/739 673/992/662
f 673/992/662 688/994/677 747/993/741
f 748/995/742 747/993/741 688/994/677
f 688/994/677 687/996/676 748/995/742
f 659/997/648 658/998/647 749/999/743
f 749/999/743 750/1000/744 659/997/648
f 661/1001/650 659/997/648 750/1000/744
f 750/1000/744 751/1002/745 661/1001/650
f 663/1003/652 661/1001/650 751/1002/745
f 751/1002/745 752/1004/746 663/1003/652
f 123/135/679 46/55/679 2/2/679
f 2/2/679 78/87/679 123/135/679
f 619/643/682 84/93/682 19/23/682
f 19/23/682 587/611/682 619/643/682
f 567/591/11 591/615/11 15/19/11
f 15/19/11 229/241/11 567/591/11
f 29/35/11 7/7/11 59/68/11
f 59/68/11 67/76/11 29/35/11
f 249/267/11 233/246/11 11/12/11
f 11/12/11 24/28/11 249/267/11
f 33/39/680 62/71/680 147/159/680
f 147/159/680 100/111/680 33/39/680
f 491/515/682 459/483/682 38/44/682
f 38/44/682 117/129/682 491/515/682
f 253/274/11 43/49/11 455/479/11
f 455/479/11 447/471/11 253/274/11
f 163/175/679 51/800/679 135/808/679
f 135/808/679 195/207/679 163/175/679
f 71/802/747 55/797/747 159/171/747
f 159/171/747 183/195/747 71/802/747
f 151/812/680 75/804/680 179/191/680
f 179/191/680 211/223/680 151/812/680
f 143/715/678 127/714/678 97/723/678
f 97/723/678 105/722/678 143/715/678
f 307/951/678 89/950/678 615/783/678
f 615/783/678 607/782/678 307/951/678
f 304/1005/678 317/1006/678 110/1007/678
f 110/1007/678 94/1008/678 304/1005/678
f 471/767/678 495/766/678 113/895/678
f 113/895/678 334/894/678 471/767/678
f 207/733/748 199/732/748 131/1009/748
f 131/1009/748 138/1010/748 207/733/748
f 171/822/682 155/815/682 690/814/682
f 690/814/682 693/823/682 171/822/682
f 692/819/679 167/820/679 191/835/679
f 191/835/679 700/836/679 692/819/679
f 215/844/680 175/827/680 696/828/680
f 696/828/680 704/843/680 215/844/680
f 702/1011/681 697/1012/681 186/1013/681
f 186/1013/681 202/1014/681 702/1011/681
f 218/230/679 262/283/679 339/363/679
f 339/363/679 294/315/679 218/230/679
f 283/304/11 267/288/11 237/253/11
f 237/253/11 245/262/11 283/304/11
f 603/627/681 571/595/681 224/236/681
f 224/236/681 311/333/681 603/627/681
f 355/379/680 287/308/680 240/257/680
f 240/257/680 324/346/680 355/379/680
f 475/499/681 329/351/681 257/278/681
f 257/278/681 443/467/681 475/499/681
f 343/856/679 275/848/679 379/403/679
f 379/403/679 411/435/679 343/856/679
f 391/415/749 383/407/749 271/846/749
f 271/846/749 279/849/749 391/415/749
f 395/419/680 291/852/680 367/860/680
f 367/860/680 427/451/680 395/419/680
f 320/741/678 299/740/678 351/749/678
f 351/749/678 359/748/678 320/741/678
f 363/1015/750 347/1016/750 407/759/750
f 407/759/750 431/758/750 363/1015/750
f 710/870/681 705/863/681 371/862/681
f 371/862/681 387/871/681 710/870/681
f 415/884/679 375/867/679 708/868/679
f 708/868/679 716/883/679 415/884/679
f 712/875/680 399/876/680 423/891/680
f 423/891/680 720/892/680 712/875/680
f 418/1017/682 402/1018/682 714/1019/682
f 714/1019/682 717/1020/682 418/1017/682
f 435/906/751 451/901/751 519/543/751
f 519/543/751 511/535/751 435/906/751
f 479/916/681 439/908/681 507/531/681
f 507/531/681 539/563/681 479/916/681
f 487/912/682 555/579/682 523/547/682
f 523/547/682 463/904/682 487/912/682
f 535/775/752 559/774/752 482/1021/752
f 482/1021/752 466/1022/752 535/775/752
f 499/926/680 515/919/680 722/918/680
f 722/918/680 725/927/680 499/926/680
f 543/948/681 503/931/681 728/932/681
f 728/932/681 736/947/681 543/948/681
f 551/939/682 732/940/682 724/923/682
f 724/923/682 527/924/682 551/939/682
f 734/1023/679 729/1024/679 546/1025/679
f 546/1025/679 530/1026/679 734/1023/679
f 631/655/753 655/679/753 579/958/753
f 579/958/753 563/961/753 631/655/753
f 599/972/681 667/691/681 635/659/681
f 635/659/681 575/964/681 599/972/681
f 623/968/682 583/960/682 651/675/682
f 651/675/682 683/707/682 623/968/682
f 594/1027/754 610/1028/754 679/791/754
f 679/791/754 671/790/754 594/1027/754
f 742/982/679 737/975/679 643/974/679
f 643/974/679 627/983/679 742/982/679
f 663/1003/681 752/1004/681 744/987/681
f 744/987/681 639/988/681 663/1003/681
f 687/996/682 647/979/682 740/980/682
f 740/980/682 748/995/682 687/996/682
f 658/1029/680 674/1030/680 746/1031/680
f 746/1031/680 749/1032/680 658/1029/680
f 21/1033/21 22/1034/22 1/1/1
f 1/1/1 4/4/4 21/1033/21
f 81/109/79 82/729/80 83/92/81
f 83/92/81 86/95/84 81/109/79
f 22/1034/22 82/91/80 79/88/77
f 79/88/77 1/1/1 22/1034/22
f 221/255/218 222/755/219 223/235/220
f 223/235/220 226/238/223 221/255/218
f 313/1035/304 314/1036/305 293/314/285
f 293/314/285 296/317/288 313/1035/304
f 314/1036/305 222/234/219 219/231/216
f 219/231/216 293/314/285 314/1036/305
f 259/1037/251 260/1038/252 239/256/234
f 239/256/234 242/259/237 259/1037/251
f 326/360/316 327/756/317 328/350/318
f 328/350/318 331/353/321 326/360/316
f 260/1038/252 327/349/317 325/347/315
f 325/347/315 239/256/234 260/1038/252
f 35/53/34 36/730/35 37/43/36
f 37/43/36 40/46/39 35/53/34
f 119/1039/116 120/1040/117 99/110/97
f 99/110/97 102/113/100 119/1039/116
f 120/1040/117 36/42/35 34/40/33
f 34/40/33 99/110/97 120/1040/117
f 35/41/34 26/32/25 27/31/26
f 27/31/26 32/38/31 35/41/34
f 5/5/5 10/10/10 21/1033/21
f 21/1033/21 4/4/4 5/5/5
f 221/233/218 232/250/229 235/249/231
f 235/249/231 220/232/217 221/233/218
f 243/260/238 248/265/242 259/1037/251
f 259/1037/251 242/259/237 243/260/238
f 81/90/79 92/103/90 95/105/93
f 95/105/93 80/89/78 81/90/79
f 103/114/101 108/119/106 119/1039/116
f 119/1039/116 102/113/100 103/114/101
f 326/348/316 316/338/307 318/340/309
f 318/340/309 323/345/313 326/348/316
f 297/318/289 302/323/293 313/1035/304
f 313/1035/304 296/317/288 297/318/289
f 316/359/307 336/358/325 317/1041/308
f 302/323/293 301/322/292 304/1042/295
f 108/119/106 107/118/105 110/1043/108
f 92/101/90 91/100/89 94/1044/92
