# 3ds Max Wavefront OBJ Exporter v0.99 - (c)2007 guruware
# File Created: 02.06.2026 19:53:36

mtllib ThingWide_Half.mtl

#
# object cross_clean
#

v  427.6666 949.1539 384.0005
v  427.6666 960.0705 340.3338
v  340.3334 960.0705 340.3338
v  340.3334 960.0705 427.6671
v  384.0001 949.1539 427.6671
v  427.6665 954.5121 377.5213
v  406.2339 949.1539 390.4796
v  401.6693 954.9168 384.0005
v  398.5556 960.0705 340.3338
v  427.6665 958.4507 361.7665
v  398.6914 958.5895 366.3313
v  340.3334 960.0705 369.4449
v  369.4445 960.0705 340.3338
v  369.3088 959.3340 369.3092
v  361.7661 958.4507 427.6671
v  340.3334 960.0705 398.5559
v  366.3309 958.5895 398.6918
v  390.4792 949.1539 406.2344
v  377.5209 954.5121 427.6671
v  384.0001 954.9168 401.6696
v  340.3334 960.0705 -340.3333
v  427.6666 960.0705 -340.3333
v  427.6666 949.1539 -383.9995
v  384.0001 949.1537 -427.6662
v  340.3334 960.0705 -427.6662
v  369.4445 960.0705 -340.3333
v  340.3334 960.0705 -369.4441
v  369.3088 959.3340 -369.3086
v  427.6666 958.4507 -361.7658
v  398.5556 960.0705 -340.3333
v  398.6914 958.5895 -366.3306
v  406.2341 949.1537 -390.4787
v  427.6666 954.5121 -377.5205
v  401.6693 954.9168 -383.9995
v  377.5209 954.5121 -427.6660
v  390.4792 949.1537 -406.2337
v  384.0001 954.9168 -401.6689
v  340.3334 960.0705 -398.5551
v  361.7661 958.4507 -427.6660
v  366.3308 958.5895 -398.6908
v  797.6462 949.1539 384.0005
v  847.3515 940.1321 384.0005
v  857.9718 951.8549 340.3339
v  812.7086 960.0705 340.3339
v  815.1744 947.8306 384.0005
v  802.4546 954.5072 377.5344
v  821.8671 953.3238 377.1536
v  854.2571 945.1046 377.5343
v  833.3194 944.5373 384.0005
v  839.2473 950.1693 377.1536
v  845.1938 955.8664 340.3339
v  858.0968 949.3431 361.7471
v  843.2373 953.9522 362.5682
v  807.9003 958.4540 361.7471
v  828.6703 958.8657 340.3339
v  826.3575 957.0161 362.5682
v  797.6462 949.1539 -383.9995
v  812.7086 960.0705 -340.3331
v  857.9718 951.8549 -340.3331
v  847.3515 940.1321 -383.9995
v  802.4547 954.5072 -377.5337
v  815.1744 947.8306 -383.9995
v  821.8671 953.3238 -377.1529
v  828.6703 958.8657 -340.3331
v  807.9003 958.4540 -361.7464
v  826.3575 957.0161 -362.5674
v  858.0968 949.3429 -361.7462
v  845.1938 955.8664 -340.3331
v  843.2373 953.9522 -362.5674
v  833.3194 944.5373 -383.9995
v  854.2571 945.1046 -377.5337
v  839.2473 950.1693 -377.1529
v  427.6666 830.9808 384.0004
v  384.0001 830.9808 427.6671
v  340.3334 818.5797 427.6671
v  340.3334 818.5797 340.3339
v  427.6666 818.5797 340.3339
v  406.2341 830.9808 390.4797
v  427.6666 824.8940 377.5212
v  401.6693 824.4343 384.0004
v  377.5208 824.8940 427.6671
v  390.4792 830.9808 406.2344
v  384.0001 824.4343 401.6696
v  340.3334 818.5797 398.5560
v  361.7661 820.4199 427.6671
v  366.3308 820.2621 398.6917
v  369.4445 818.5797 340.3339
v  340.3334 818.5797 369.4449
v  369.3088 819.4165 369.3092
v  427.6666 820.4199 361.7665
v  398.5556 818.5797 340.3339
v  398.6914 820.2621 366.3313
v  427.6665 830.9810 -383.9995
v  427.6665 818.5798 -340.3333
v  340.3335 818.5798 -340.3333
v  340.3335 818.5798 -427.6662
v  384.0001 830.9810 -427.6662
v  427.6665 824.8942 -377.5205
v  406.2339 830.9810 -390.4787
v  401.6692 824.4344 -383.9995
v  398.5555 818.5798 -340.3333
v  427.6665 820.4200 -361.7658
v  398.6914 820.2621 -366.3306
v  340.3335 818.5798 -369.4441
v  369.4445 818.5798 -340.3333
v  369.3088 819.4166 -369.3086
v  361.7660 820.4200 -427.6662
v  340.3335 818.5798 -398.5551
v  366.3308 820.2621 -398.6908
v  390.4791 830.9810 -406.2337
v  377.5208 824.8942 -427.6662
v  384.0001 824.4344 -401.6689
v  680.1813 830.9808 384.0005
v  669.2623 818.5797 340.3339
v  720.1835 809.2468 340.3339
v  736.0995 820.7323 384.0005
v  676.6935 824.8965 377.5272
v  699.9005 829.4778 384.0005
v  694.8143 823.1416 377.1478
v  687.2193 817.2108 340.3339
v  672.7503 820.4181 361.7578
v  690.5635 819.0562 362.5788
v  721.3121 811.5177 361.7578
v  705.8082 813.8040 340.3339
v  707.0439 816.0353 362.5788
v  720.3138 825.7366 384.0005
v  727.0599 815.6654 377.5272
v  711.8569 820.0178 377.1478
v  720.1835 809.2469 -340.3332
v  669.2623 818.5798 -340.3332
v  680.1812 830.9810 -383.9996
v  736.0995 820.7324 -383.9996
v  705.8082 813.8040 -340.3333
v  721.3119 811.5178 -361.7570
v  707.0439 816.0353 -362.5781
v  672.7501 820.4182 -361.7570
v  687.2191 817.2109 -340.3333
v  690.5634 819.0562 -362.5781
v  699.9003 829.4778 -383.9996
v  676.6932 824.8965 -377.5265
v  694.8140 823.1413 -377.1471
v  727.0597 815.6655 -377.5265
v  720.3134 825.7366 -383.9996
v  711.8569 820.0179 -377.1471
v  1344.0002 565.1539 340.3338
v  1329.6228 584.2861 340.3338
v  1306.8081 580.7452 384.0004
v  1322.1667 560.3070 384.0004
v  1341.8931 571.6862 340.3338
v  1340.7651 563.6061 361.7533
v  1338.2551 570.9996 362.5742
v  1325.1494 584.3859 361.7533
v  1336.6401 578.6765 340.3338
v  1332.9980 577.9954 362.5742
v  1314.3044 574.7526 384.0004
v  1316.9065 583.1064 377.5302
v  1325.5439 576.6788 377.1500
v  1332.8765 561.8550 377.5302
v  1319.9163 567.2852 384.0004
v  1330.9114 569.5360 377.1500
v  1344.0002 565.1539 -340.3331
v  1322.1667 560.3070 -383.9995
v  1306.8081 580.7452 -383.9995
v  1329.6228 584.2861 -340.3329
v  1340.7651 563.6061 -361.7524
v  1341.8931 571.6862 -340.3331
v  1338.2551 570.9996 -362.5733
v  1319.9160 567.2850 -383.9995
v  1332.8765 561.8549 -377.5293
v  1330.9114 569.5360 -377.1494
v  1316.9065 583.1066 -377.5293
v  1314.3044 574.7526 -383.9995
v  1325.5435 576.6788 -377.1492
v  1336.6401 578.6765 -340.3329
v  1325.1494 584.3859 -361.7524
v  1332.9980 577.9954 -362.5735
v  1129.9965 493.0128 340.3338
v  1155.6960 496.3694 384.0005
v  1137.6177 516.8076 384.0005
v  1113.0732 512.1451 340.3338
v  1133.8070 494.0851 361.7599
v  1127.5162 499.5450 340.3338
v  1131.3831 500.6050 362.5808
v  1153.0464 503.3475 384.0005
v  1143.0859 495.2970 377.5258
v  1139.8899 501.8787 377.1466
v  1126.4651 514.0873 377.5257
v  1146.4413 510.8149 384.0005
v  1134.2629 508.2401 377.1465
v  1121.3330 506.5353 340.3338
v  1117.6033 512.4039 361.7599
v  1125.8862 506.8192 362.5808
v  1129.9965 493.0128 -340.3331
v  1113.0732 512.1450 -340.3331
v  1137.6177 516.8076 -383.9995
v  1155.6960 496.3694 -383.9995
v  1127.5162 499.5450 -340.3331
v  1133.8070 494.0851 -361.7590
v  1131.3829 500.6050 -362.5800
v  1117.6033 512.4039 -361.7590
v  1121.3330 506.5353 -340.3331
v  1125.8862 506.8192 -362.5799
v  1146.4412 510.8149 -383.9995
v  1126.4651 514.0874 -377.5249
v  1134.2629 508.2401 -377.1457
v  1143.0859 495.2970 -377.5249
v  1153.0464 503.3475 -383.9995
v  1139.8898 501.8787 -377.1457
v  -427.6666 949.1539 384.0005
v  -384.0000 949.1539 427.6671
v  -340.3334 960.0705 427.6671
v  -340.3334 960.0705 340.3338
v  -427.6666 960.0705 340.3338
v  -406.2341 949.1539 390.4796
v  -427.6666 954.5121 377.5213
v  -401.6693 954.9168 384.0005
v  -377.5209 954.5121 427.6669
v  -390.4791 949.1539 406.2344
v  -384.0000 954.9168 401.6696
v  -340.3334 960.0705 398.5559
v  -361.7661 958.4507 427.6669
v  -366.3308 958.5895 398.6918
v  -369.4445 960.0705 340.3338
v  -340.3334 960.0705 369.4449
v  -369.3088 959.3340 369.3092
v  -427.6666 958.4507 361.7665
v  -398.5555 960.0705 340.3338
v  -398.6913 958.5895 366.3313
v  -427.6666 949.1539 -383.9995
v  -427.6666 960.0705 -340.3333
v  -340.3334 960.0705 -340.3333
v  -340.3334 960.0705 -427.6662
v  -384.0000 949.1537 -427.6662
v  -427.6665 954.5121 -377.5205
v  -406.2339 949.1537 -390.4787
v  -401.6693 954.9168 -383.9995
v  -398.5555 960.0705 -340.3333
v  -427.6665 958.4507 -361.7658
v  -398.6913 958.5895 -366.3306
v  -340.3334 960.0705 -369.4441
v  -369.4445 960.0705 -340.3333
v  -369.3088 959.3340 -369.3086
v  -361.7661 958.4507 -427.6662
v  -340.3334 960.0705 -398.5551
v  -366.3309 958.5895 -398.6908
v  -390.4791 949.1539 -406.2337
v  -377.5209 954.5121 -427.6662
v  -384.0000 954.9168 -401.6689
v  -797.6461 949.1539 384.0005
v  -812.7084 960.0705 340.3339
v  -857.9716 951.8549 340.3339
v  -847.3512 940.1321 384.0005
v  -802.4544 954.5072 377.5344
v  -815.1743 947.8306 384.0005
v  -821.8668 953.3238 377.1536
v  -828.6700 958.8657 340.3339
v  -807.9000 958.4540 361.7471
v  -826.3574 957.0161 362.5682
v  -858.0965 949.3429 361.7469
v  -845.1936 955.8664 340.3339
v  -843.2371 953.9522 362.5681
v  -833.3192 944.5373 384.0005
v  -854.2568 945.1046 377.5344
v  -839.2472 950.1691 377.1536
v  -857.9716 951.8549 -340.3331
v  -812.7084 960.0705 -340.3331
v  -797.6461 949.1539 -383.9995
v  -847.3512 940.1321 -383.9995
v  -845.1936 955.8664 -340.3331
v  -858.0965 949.3431 -361.7464
v  -843.2371 953.9522 -362.5674
v  -807.9000 958.4540 -361.7464
v  -828.6700 958.8657 -340.3331
v  -826.3574 957.0161 -362.5674
v  -815.1743 947.8306 -383.9995
v  -802.4544 954.5072 -377.5337
v  -821.8669 953.3238 -377.1529
v  -854.2568 945.1046 -377.5334
v  -833.3192 944.5373 -383.9995
v  -839.2469 950.1693 -377.1529
v  -427.6666 830.9808 384.0005
v  -427.6666 818.5797 340.3339
v  -340.3334 818.5797 340.3339
v  -340.3334 818.5797 427.6671
v  -384.0000 830.9808 427.6671
v  -427.6666 824.8940 377.5212
v  -406.2339 830.9808 390.4797
v  -401.6693 824.4343 384.0005
v  -398.5555 818.5797 340.3339
v  -427.6666 820.4199 361.7665
v  -398.6914 820.2621 366.3313
v  -340.3334 818.5797 369.4450
v  -369.4445 818.5797 340.3339
v  -369.3088 819.4165 369.3091
v  -361.7660 820.4199 427.6671
v  -340.3334 818.5797 398.5561
v  -366.3308 820.2621 398.6917
v  -390.4791 830.9808 406.2346
v  -377.5208 824.8940 427.6671
v  -384.0000 824.4343 401.6697
v  -340.3334 818.5798 -340.3333
v  -427.6667 818.5798 -340.3333
v  -427.6667 830.9810 -383.9995
v  -384.0001 830.9810 -427.6662
v  -340.3334 818.5798 -427.6662
v  -369.4445 818.5798 -340.3333
v  -340.3334 818.5798 -369.4441
v  -369.3088 819.4166 -369.3086
v  -427.6667 820.4200 -361.7656
v  -398.5556 818.5798 -340.3333
v  -398.6914 820.2621 -366.3306
v  -406.2341 830.9810 -390.4787
v  -427.6667 824.8942 -377.5205
v  -401.6693 824.4344 -383.9995
v  -377.5208 824.8942 -427.6662
v  -390.4793 830.9810 -406.2337
v  -384.0001 824.4344 -401.6689
v  -340.3334 818.5798 -398.5551
v  -361.7661 820.4200 -427.6662
v  -366.3308 820.2621 -398.6908
v  -680.1811 830.9808 384.0005
v  -736.0996 820.7323 384.0005
v  -720.1833 809.2468 340.3339
v  -669.2623 818.5797 340.3339
v  -699.9003 829.4778 384.0005
v  -676.6932 824.8965 377.5272
v  -694.8141 823.1412 377.1479
v  -727.0596 815.6654 377.5272
v  -720.3132 825.7366 384.0005
v  -711.8570 820.0178 377.1479
v  -705.8082 813.8040 340.3340
v  -721.3119 811.5177 361.7578
v  -707.0439 816.0353 362.5788
v  -672.7501 820.4181 361.7578
v  -687.2191 817.2108 340.3340
v  -690.5635 819.0562 362.5788
v  -680.1812 830.9810 -383.9996
v  -669.2623 818.5798 -340.3332
v  -720.1833 809.2469 -340.3332
v  -736.0996 820.7324 -383.9996
v  -676.6935 824.8965 -377.5265
v  -699.9004 829.4778 -383.9996
v  -694.8143 823.1417 -377.1471
v  -687.2191 817.2109 -340.3332
v  -672.7501 820.4182 -361.7570
v  -690.5635 819.0562 -362.5781
v  -721.3119 811.5178 -361.7570
v  -705.8082 813.8040 -340.3332
v  -707.0439 816.0353 -362.5781
v  -720.3137 825.7366 -383.9996
v  -727.0597 815.6655 -377.5265
v  -711.8570 820.0179 -377.1471
v  -1344.0000 565.1539 340.3338
v  -1322.1667 560.3070 384.0004
v  -1306.8080 580.7452 384.0004
v  -1329.6228 584.2861 340.3338
v  -1340.7649 563.6061 361.7533
v  -1341.8931 571.6862 340.3338
v  -1338.2551 570.9996 362.5742
v  -1319.9160 567.2850 384.0004
v  -1332.8765 561.8549 377.5302
v  -1330.9114 569.5360 377.1501
v  -1316.9065 583.1066 377.5302
v  -1314.3044 574.7526 384.0004
v  -1325.5435 576.6788 377.1500
v  -1336.6399 578.6765 340.3338
v  -1325.1494 584.3859 361.7533
v  -1332.9980 577.9954 362.5742
v  -1344.0000 565.1539 -340.3331
v  -1329.6228 584.2861 -340.3333
v  -1306.8080 580.7452 -383.9995
v  -1322.1667 560.3070 -383.9995
v  -1341.8928 571.6862 -340.3331
v  -1340.7649 563.6061 -361.7524
v  -1338.2551 570.9996 -362.5733
v  -1325.1494 584.3859 -361.7524
v  -1336.6399 578.6765 -340.3329
v  -1332.9980 577.9954 -362.5735
v  -1314.3044 574.7526 -383.9995
v  -1316.9065 583.1064 -377.5293
v  -1325.5437 576.6788 -377.1492
v  -1332.8765 561.8550 -377.5293
v  -1319.9161 567.2852 -383.9995
v  -1330.9114 569.5360 -377.1492
v  -1129.9966 493.0128 340.3338
v  -1113.0735 512.1450 340.3338
v  -1137.6177 516.8076 384.0005
v  -1155.6960 496.3694 384.0005
v  -1127.5164 499.5450 340.3338
v  -1133.8071 494.0851 361.7599
v  -1131.3831 500.6050 362.5808
v  -1117.6035 512.4039 361.7599
v  -1121.3331 506.5353 340.3338
v  -1125.8862 506.8192 362.5807
v  -1146.4413 510.8149 384.0005
v  -1126.4651 514.0874 377.5257
v  -1134.2632 508.2401 377.1466
v  -1143.0859 495.2970 377.5257
v  -1153.0464 503.3475 384.0005
v  -1139.8899 501.8787 377.1466
v  -1129.9966 493.0128 -340.3331
v  -1155.6960 496.3694 -383.9995
v  -1137.6177 516.8076 -383.9995
v  -1113.0735 512.1451 -340.3331
v  -1133.8070 494.0851 -361.7590
v  -1127.5164 499.5450 -340.3331
v  -1131.3831 500.6050 -362.5800
v  -1153.0464 503.3475 -383.9995
v  -1143.0859 495.2970 -377.5249
v  -1139.8899 501.8787 -377.1457
v  -1126.4651 514.0873 -377.5249
v  -1146.4413 510.8149 -383.9995
v  -1134.2632 508.2401 -377.1457
v  -1121.3331 506.5353 -340.3331
v  -1117.6035 512.4039 -361.7590
v  -1125.8862 506.8192 -362.5800
v  -340.3334 951.8549 -857.9717
v  -383.9999 940.1321 -847.3511
v  -383.9999 949.1539 -797.6460
v  -340.3334 960.0705 -812.7084
v  -361.7465 949.3431 -858.0964
v  -340.3334 955.8664 -845.1936
v  -362.5676 953.9522 -843.2372
v  -383.9999 944.5373 -833.3192
v  -377.5339 945.1046 -854.2567
v  -377.1532 950.1691 -839.2471
v  -377.5339 954.5074 -802.4543
v  -383.9999 947.8306 -815.1742
v  -377.1532 953.3238 -821.8667
v  -340.3334 958.8657 -828.6699
v  -361.7466 958.4540 -807.9000
v  -362.5677 957.0161 -826.3573
v  340.3335 951.8549 -857.9717
v  340.3335 960.0705 -812.7084
v  384.0001 949.1539 -797.6460
v  384.0001 940.1321 -847.3511
v  340.3335 955.8664 -845.1936
v  361.7467 949.3431 -858.0964
v  362.5678 953.9522 -843.2372
v  361.7467 958.4540 -807.9000
v  340.3335 958.8657 -828.6699
v  362.5678 957.0161 -826.3573
v  384.0001 947.8306 -815.1742
v  377.5340 954.5072 -802.4543
v  377.1533 953.3238 -821.8669
v  377.5339 945.1046 -854.2570
v  384.0001 944.5373 -833.3192
v  377.1533 950.1693 -839.2468
v  -340.3335 809.2468 -720.1832
v  -340.3335 818.5797 -669.2620
v  -384.0001 830.9808 -680.1809
v  -384.0001 820.7320 -736.0995
v  -340.3335 813.8040 -705.8080
v  -361.7574 811.5177 -721.3120
v  -362.5784 816.0353 -707.0439
v  -361.7574 820.4181 -672.7501
v  -340.3335 817.2108 -687.2191
v  -362.5784 819.0558 -690.5634
v  -384.0001 829.4774 -699.9003
v  -377.5268 824.8965 -676.6935
v  -377.1474 823.1412 -694.8140
v  -377.5268 815.6654 -727.0597
v  -384.0001 825.7362 -720.3134
v  -377.1474 820.0178 -711.8569
v  340.3336 809.2468 -720.1832
v  384.0002 820.7320 -736.0995
v  384.0002 830.9808 -680.1809
v  340.3336 818.5797 -669.2620
v  361.7574 811.5177 -721.3120
v  340.3336 813.8036 -705.8081
v  362.5785 816.0353 -707.0439
v  384.0002 825.7362 -720.3134
v  377.5269 815.6654 -727.0597
v  377.1475 820.0178 -711.8569
v  377.5269 824.8965 -676.6935
v  384.0002 829.4774 -699.9003
v  377.1475 823.1416 -694.8140
v  340.3336 817.2108 -687.2191
v  361.7574 820.4181 -672.7501
v  362.5785 819.0558 -690.5634
v  -340.3334 565.1539 -1344.0000
v  -384.0000 560.3070 -1322.1665
v  -384.0000 580.7452 -1306.8076
v  -340.3334 584.2862 -1329.6226
v  -361.7529 563.6061 -1340.7649
v  -340.3334 571.6862 -1341.8928
v  -362.5738 570.9996 -1338.2549
v  -384.0000 567.2850 -1319.9158
v  -377.5297 561.8549 -1332.8765
v  -377.1497 569.5359 -1330.9114
v  -377.5297 583.1064 -1316.9063
v  -384.0000 574.7526 -1314.3044
v  -377.1496 576.6788 -1325.5435
v  -340.3334 578.6765 -1336.6399
v  -361.7529 584.3859 -1325.1494
v  -362.5738 577.9954 -1332.9980
v  340.3334 565.1539 -1344.0000
v  340.3334 584.2861 -1329.6226
v  384.0001 580.7452 -1306.8076
v  384.0001 560.3070 -1322.1665
v  340.3334 571.6862 -1341.8926
v  361.7529 563.6061 -1340.7649
v  362.5738 570.9996 -1338.2549
v  361.7529 584.3859 -1325.1494
v  340.3334 578.6765 -1336.6399
v  362.5738 577.9954 -1332.9980
v  384.0001 574.7526 -1314.3044
v  377.5297 583.1064 -1316.9063
v  377.1496 576.6788 -1325.5437
v  377.5297 561.8549 -1332.8765
v  384.0001 567.2851 -1319.9158
v  377.1496 569.5359 -1330.9114
v  -340.3334 493.0129 -1141.7759
v  -340.3334 512.1450 -1124.6760
v  -384.0000 516.8076 -1149.4766
v  -384.0000 496.3694 -1167.7432
v  -340.3334 499.5450 -1139.2698
v  -361.7594 494.0851 -1145.6262
v  -362.5804 500.6050 -1143.1765
v  -361.7594 512.4039 -1129.2532
v  -340.3334 506.5354 -1133.0222
v  -362.5803 506.8192 -1137.6226
v  -384.0000 510.8149 -1158.3918
v  -377.5253 514.0874 -1138.2078
v  -377.1462 508.2401 -1146.0864
v  -377.5253 495.2971 -1155.0015
v  -384.0000 503.3475 -1165.0657
v  -377.1462 501.8788 -1151.7720
v  340.3334 493.0129 -1141.7759
v  384.0001 496.3694 -1167.7432
v  384.0001 516.8076 -1149.4766
v  340.3334 512.1451 -1124.6760
v  361.7594 494.0851 -1145.6262
v  340.3334 499.5450 -1139.2698
v  362.5804 500.6050 -1143.1765
v  384.0001 503.3475 -1165.0657
v  377.5254 495.2971 -1155.0015
v  377.1462 501.8788 -1151.7722
v  377.5253 514.0873 -1138.2075
v  384.0001 510.8149 -1158.3923
v  377.1461 508.2401 -1146.0864
v  340.3334 506.5354 -1133.0222
v  361.7594 512.4039 -1129.2532
v  362.5804 506.8192 -1137.6226
v  -340.3334 951.8549 857.9717
v  -340.3334 960.0705 812.7085
v  -384.0000 949.1539 797.6461
v  -384.0000 940.1321 847.3513
v  -340.3334 955.8664 845.1938
v  -361.7466 949.3431 858.0966
v  -362.5677 953.9522 843.2372
v  -361.7466 958.4540 807.9001
v  -340.3334 958.8657 828.6700
v  -362.5677 957.0161 826.3574
v  -384.0000 947.8306 815.1742
v  -377.5339 954.5072 802.4545
v  -377.1532 953.3238 821.8669
v  -377.5338 945.1046 854.2570
v  -384.0000 944.5373 833.3195
v  -377.1532 950.1693 839.2471
v  340.3335 951.8549 857.9717
v  384.0001 940.1321 847.3513
v  384.0001 949.1539 797.6461
v  340.3335 960.0705 812.7085
v  361.7466 949.3429 858.0967
v  340.3335 955.8664 845.1938
v  362.5676 953.9522 843.2372
v  384.0001 944.5373 833.3195
v  377.5339 945.1046 854.2570
v  377.1532 950.1691 839.2471
v  377.5339 954.5072 802.4546
v  384.0001 947.8306 815.1742
v  377.1532 953.3238 821.8669
v  340.3335 958.8657 828.6700
v  361.7466 958.4540 807.9001
v  362.5678 957.0161 826.3574
v  -340.3334 809.2468 720.1836
v  -383.9999 820.7320 736.0997
v  -383.9999 830.9808 680.1813
v  -340.3334 818.5797 669.2624
v  -361.7573 811.5177 721.3121
v  -340.3334 813.8036 705.8083
v  -362.5784 816.0353 707.0440
v  -383.9999 825.7362 720.3138
v  -377.5267 815.6654 727.0600
v  -377.1474 820.0178 711.8571
v  -377.5267 824.8965 676.6935
v  -383.9999 829.4774 699.9006
v  -377.1474 823.1416 694.8144
v  -340.3334 817.2108 687.2194
v  -361.7573 820.4181 672.7504
v  -362.5784 819.0558 690.5638
v  340.3335 809.2468 720.1833
v  340.3335 818.5797 669.2623
v  384.0001 830.9808 680.1812
v  384.0001 820.7320 736.0995
v  340.3336 813.8040 705.8080
v  361.7574 811.5177 721.3120
v  362.5784 816.0353 707.0438
v  361.7574 820.4181 672.7500
v  340.3336 817.2108 687.2192
v  362.5784 819.0558 690.5634
v  384.0001 829.4774 699.9003
v  377.5268 824.8965 676.6934
v  377.1474 823.1412 694.8140
v  377.5268 815.6654 727.0598
v  384.0001 825.7362 720.3135
v  377.1474 820.0178 711.8569
v  -340.3334 565.1539 1344.0001
v  -340.3334 584.2862 1329.6227
v  -384.0000 580.7452 1306.8081
v  -384.0000 560.3070 1322.1670
v  -340.3334 571.6862 1341.8929
v  -361.7529 563.6061 1340.7650
v  -362.5738 570.9996 1338.2554
v  -361.7529 584.3859 1325.1497
v  -340.3334 578.6765 1336.6400
v  -362.5738 577.9954 1332.9983
v  -384.0000 574.7525 1314.3047
v  -377.5297 583.1064 1316.9064
v  -377.1496 576.6788 1325.5438
v  -377.5297 561.8549 1332.8767
v  -384.0000 567.2851 1319.9163
v  -377.1496 569.5359 1330.9114
v  340.3334 565.1539 1344.0001
v  384.0001 560.3070 1322.1670
v  384.0001 580.7452 1306.8081
v  340.3334 584.2862 1329.6227
v  361.7529 563.6061 1340.7650
v  340.3334 571.6862 1341.8929
v  362.5738 570.9996 1338.2554
v  384.0001 567.2850 1319.9163
v  377.5297 561.8549 1332.8767
v  377.1497 569.5359 1330.9116
v  377.5297 583.1064 1316.9064
v  384.0001 574.7525 1314.3047
v  377.1496 576.6788 1325.5437
v  340.3334 578.6765 1336.6400
v  361.7529 584.3858 1325.1494
v  362.5738 577.9954 1332.9980
v  -340.3334 493.0129 1141.7759
v  -384.0000 496.3694 1167.7432
v  -384.0000 516.8076 1149.4766
v  -340.3334 512.1450 1124.6761
v  -361.7594 494.0851 1145.6259
v  -340.3334 499.5450 1139.2697
v  -362.5804 500.6050 1143.1770
v  -384.0000 503.3475 1165.0662
v  -377.5254 495.2971 1155.0016
v  -377.1462 501.8788 1151.7723
v  -377.5253 514.0873 1138.2076
v  -384.0000 510.8149 1158.3920
v  -377.1461 508.2401 1146.0869
v  -340.3334 506.5354 1133.0221
v  -361.7594 512.4039 1129.2537
v  -362.5804 506.8192 1137.6227
v  340.3334 493.0129 1141.7759
v  340.3334 512.1450 1124.6761
v  384.0001 516.8076 1149.4766
v  384.0001 496.3694 1167.7432
v  340.3334 499.5450 1139.2697
v  361.7594 494.0851 1145.6262
v  362.5804 500.6050 1143.1770
v  361.7594 512.4039 1129.2537
v  340.3334 506.5354 1133.0221
v  362.5803 506.8192 1137.6227
v  384.0001 510.8149 1158.3920
v  377.5253 514.0874 1138.2076
v  377.1462 508.2401 1146.0869
v  377.5253 495.2971 1155.0016
v  384.0001 503.3475 1165.0662
v  377.1462 501.8788 1151.7723
v  398.3566 949.1539 398.3570
v  392.8347 954.9168 392.8351
v  398.3567 830.9808 398.3570
v  392.8347 824.4343 392.8351
v  -398.3566 949.1539 398.3570
v  -392.8346 954.9168 392.8351
v  -398.3565 830.9808 398.3570
v  -392.8346 824.4343 392.8351
v  -398.3565 949.1539 -398.3561
v  -392.8346 954.9168 -392.8342
v  -398.3567 830.9810 -398.3561
v  -392.8347 824.4344 -392.8342
v  398.3567 949.1537 -398.3561
v  392.8347 954.9168 -392.8342
v  398.3565 830.9810 -398.3561
v  392.8346 824.4344 -392.8342
v  1344.0002 -242.9461 -340.3329
v  1322.1667 -242.9462 -383.9995
v  1341.0750 -242.9461 -362.1664
v  1333.0835 -242.9462 -378.1493
v  1322.1667 -242.9461 384.0005
v  1344.0002 -242.9462 340.3338
v  1333.0835 -242.9461 378.1502
v  1341.0750 -242.9461 362.1672
v  1155.6960 -242.9462 -383.9995
v  1129.9965 -242.9461 -340.3329
v  1142.8462 -242.9462 -378.1493
v  1133.4395 -242.9461 -362.1664
v  1129.9965 -242.9462 340.3338
v  1155.6960 -242.9461 384.0005
v  1133.4395 -242.9461 362.1672
v  1142.8462 -242.9461 378.1502
v  -1322.1667 -242.9462 -383.9995
v  -1344.0000 -242.9461 -340.3329
v  -1333.0835 -242.9462 -378.1493
v  -1341.0750 -242.9461 -362.1664
v  -1344.0000 -242.9462 340.3338
v  -1322.1667 -242.9461 384.0005
v  -1341.0750 -242.9461 362.1672
v  -1333.0835 -242.9461 378.1502
v  -1129.9966 -242.9461 -340.3329
v  -1155.6960 -242.9462 -383.9995
v  -1133.4396 -242.9461 -362.1664
v  -1142.8464 -242.9462 -378.1493
v  -1155.6960 -242.9461 384.0005
v  -1129.9966 -242.9462 340.3338
v  -1142.8464 -242.9461 378.1502
v  -1133.4396 -242.9461 362.1672
v  -384.0000 -242.9462 1322.1671
v  -340.3334 -242.9461 1344.0001
v  -378.1497 -242.9462 1333.0839
v  -362.1667 -242.9462 1341.0753
v  340.3334 -242.9461 1344.0001
v  384.0001 -242.9462 1322.1671
v  362.1667 -242.9462 1341.0753
v  378.1497 -242.9462 1333.0839
v  -340.3334 -242.9461 1141.7760
v  -384.0000 -242.9462 1167.7433
v  -362.1667 -242.9462 1145.2545
v  -378.1497 -242.9462 1154.7596
v  384.0001 -242.9462 1167.7433
v  340.3334 -242.9461 1141.7760
v  378.1497 -242.9462 1154.7596
v  362.1667 -242.9462 1145.2545
v  -340.3334 -242.9461 -1343.9999
v  -384.0000 -242.9461 -1322.1664
v  -362.1667 -242.9461 -1341.0746
v  -378.1497 -242.9461 -1333.0831
v  384.0001 -242.9461 -1322.1664
v  340.3334 -242.9461 -1343.9999
v  378.1497 -242.9461 -1333.0831
v  362.1667 -242.9461 -1341.0746
v  -384.0000 -242.9461 -1167.7432
v  -340.3334 -242.9461 -1141.7759
v  -378.1497 -242.9461 -1154.7590
v  -362.1667 -242.9461 -1145.2544
v  340.3334 -242.9461 -1141.7759
v  384.0001 -242.9461 -1167.7432
v  362.1667 -242.9461 -1145.2544
v  378.1497 -242.9461 -1154.7590
# 752 vertices

vn 0.4423 0.4809 0.7570
vn 0.1759 0.5689 0.8034
vn 0.0556 0.9014 0.4295
vn 0.0556 0.9014 0.4295
vn 0.2052 0.9234 0.3245
vn 0.4423 0.4809 0.7570
vn 0.0394 0.9925 0.1160
vn 0.2052 0.9234 0.3245
vn 0.0556 0.9014 0.4295
vn 0.0556 0.9014 0.4295
vn 0.0114 0.9881 0.1531
vn 0.0394 0.9925 0.1160
vn 0.0114 0.9881 0.1531
vn -0.0000 0.9972 0.0754
vn 0.0041 0.9982 0.0606
vn 0.0041 0.9982 0.0606
vn 0.0394 0.9925 0.1160
vn 0.0114 0.9881 0.1531
vn 0.0394 0.9925 0.1160
vn 0.0041 0.9982 0.0606
vn 0.0139 0.9996 0.0264
vn 0.0139 0.9996 0.0264
vn 0.0452 0.9980 0.0452
vn 0.0394 0.9925 0.1160
vn 0.0139 0.9996 0.0264
vn 0.0000 1.0000 -0.0000
vn 0.0264 0.9996 0.0139
vn 0.0264 0.9996 0.0139
vn 0.0452 0.9980 0.0452
vn 0.0139 0.9996 0.0264
vn 0.1160 0.9925 0.0394
vn 0.0452 0.9980 0.0452
vn 0.0264 0.9996 0.0139
vn 0.0264 0.9996 0.0139
vn 0.0606 0.9982 0.0041
vn 0.1160 0.9925 0.0394
vn 0.0606 0.9982 0.0041
vn 0.0754 0.9972 -0.0000
vn 0.1531 0.9881 0.0114
vn 0.1531 0.9881 0.0114
vn 0.1160 0.9925 0.0394
vn 0.0606 0.9982 0.0041
vn 0.1160 0.9925 0.0394
vn 0.1531 0.9881 0.0114
vn 0.4295 0.9014 0.0556
vn 0.4295 0.9014 0.0556
vn 0.3245 0.9234 0.2052
vn 0.1160 0.9925 0.0394
vn 0.4295 0.9014 0.0556
vn 0.8034 0.5689 0.1759
vn 0.7570 0.4809 0.4423
vn 0.7570 0.4809 0.4423
vn 0.3245 0.9234 0.2052
vn 0.4295 0.9014 0.0556
vn 0.2787 0.9191 0.2787
vn 0.3245 0.9234 0.2052
vn 0.7570 0.4809 0.4423
vn 0.7570 0.4809 0.4423
vn 0.6312 0.4507 0.6312
vn 0.2787 0.9191 0.2787
vn 0.1160 0.9925 0.0394
vn 0.3245 0.9234 0.2052
vn 0.2787 0.9191 0.2787
vn 0.2787 0.9191 0.2787
vn 0.0452 0.9980 0.0452
vn 0.1160 0.9925 0.0394
vn 0.0264 0.9996 -0.0139
vn 0.0000 1.0000 -0.0000
vn 0.0139 0.9996 -0.0264
vn 0.0139 0.9996 -0.0264
vn 0.0452 0.9980 -0.0452
vn 0.0264 0.9996 -0.0139
vn 0.0394 0.9925 -0.1160
vn 0.0452 0.9980 -0.0452
vn 0.0139 0.9996 -0.0264
vn 0.0139 0.9996 -0.0264
vn 0.0041 0.9982 -0.0606
vn 0.0394 0.9925 -0.1160
vn 0.0041 0.9982 -0.0606
vn -0.0000 0.9972 -0.0754
vn 0.0114 0.9881 -0.1531
vn 0.0114 0.9881 -0.1531
vn 0.0394 0.9925 -0.1160
vn 0.0041 0.9982 -0.0606
vn 0.0394 0.9925 -0.1160
vn 0.0114 0.9881 -0.1531
vn 0.0556 0.9014 -0.4295
vn 0.0556 0.9014 -0.4295
vn 0.2052 0.9234 -0.3245
vn 0.0394 0.9925 -0.1160
vn 0.0556 0.9014 -0.4295
vn 0.1759 0.5689 -0.8034
vn 0.4423 0.4809 -0.7571
vn 0.4423 0.4809 -0.7571
vn 0.2052 0.9234 -0.3245
vn 0.0556 0.9014 -0.4295
vn 0.2787 0.9191 -0.2787
vn 0.2052 0.9234 -0.3245
vn 0.4423 0.4809 -0.7571
vn 0.4423 0.4809 -0.7571
vn 0.6312 0.4507 -0.6312
vn 0.2787 0.9191 -0.2787
vn 0.7571 0.4809 -0.4423
vn 0.8034 0.5689 -0.1759
vn 0.4295 0.9014 -0.0556
vn 0.4295 0.9014 -0.0556
vn 0.3245 0.9234 -0.2052
vn 0.7571 0.4809 -0.4423
vn 0.1160 0.9925 -0.0394
vn 0.3245 0.9234 -0.2052
vn 0.4295 0.9014 -0.0556
vn 0.4295 0.9014 -0.0556
vn 0.1531 0.9881 -0.0114
vn 0.1160 0.9925 -0.0394
vn 0.1531 0.9881 -0.0114
vn 0.0754 0.9972 0.0000
vn 0.0606 0.9982 -0.0041
vn 0.0606 0.9982 -0.0041
vn 0.1160 0.9925 -0.0394
vn 0.1531 0.9881 -0.0114
vn 0.1160 0.9925 -0.0394
vn 0.0606 0.9982 -0.0041
vn 0.0264 0.9996 -0.0139
vn 0.0264 0.9996 -0.0139
vn 0.0452 0.9980 -0.0452
vn 0.1160 0.9925 -0.0394
vn 0.2787 0.9191 -0.2787
vn 0.3245 0.9234 -0.2052
vn 0.1160 0.9925 -0.0394
vn 0.1160 0.9925 -0.0394
vn 0.0452 0.9980 -0.0452
vn 0.2787 0.9191 -0.2787
vn 0.0324 0.8856 0.4634
vn 0.0195 0.7630 0.6461
vn 0.0809 0.7368 0.6713
vn 0.0809 0.7368 0.6713
vn 0.1108 0.8656 0.4884
vn 0.0324 0.8856 0.4634
vn 0.1108 0.8656 0.4884
vn 0.0809 0.7368 0.6713
vn 0.1570 0.6912 0.7054
vn 0.1570 0.6912 0.7054
vn 0.2092 0.8305 0.5163
vn 0.1108 0.8656 0.4884
vn 0.1570 0.6912 0.7054
vn 0.2777 0.5950 0.7542
vn 0.3948 0.7301 0.5578
vn 0.3948 0.7301 0.5578
vn 0.2092 0.8305 0.5163
vn 0.1570 0.6912 0.7054
vn 0.2092 0.8305 0.5163
vn 0.3948 0.7301 0.5578
vn 0.4644 0.8595 0.2134
vn 0.4644 0.8595 0.2134
vn 0.2406 0.9484 0.2068
vn 0.2092 0.8305 0.5163
vn 0.2406 0.9484 0.2068
vn 0.4644 0.8595 0.2134
vn 0.4055 0.9116 0.0669
vn 0.4055 0.9116 0.0669
vn 0.2404 0.9693 0.0521
vn 0.2406 0.9484 0.2068
vn 0.2406 0.9484 0.2068
vn 0.2404 0.9693 0.0521
vn 0.1285 0.9906 0.0478
vn 0.1285 0.9906 0.0478
vn 0.1250 0.9740 0.1890
vn 0.2406 0.9484 0.2068
vn 0.1250 0.9740 0.1890
vn 0.1285 0.9906 0.0478
vn 0.0534 0.9970 0.0561
vn 0.0534 0.9970 0.0561
vn 0.0351 0.9852 0.1677
vn 0.1250 0.9740 0.1890
vn 0.1108 0.8656 0.4884
vn 0.1250 0.9740 0.1890
vn 0.0351 0.9852 0.1677
vn 0.0351 0.9852 0.1677
vn 0.0324 0.8856 0.4634
vn 0.1108 0.8656 0.4884
vn 0.1250 0.9740 0.1890
vn 0.1108 0.8656 0.4884
vn 0.2092 0.8305 0.5163
vn 0.2092 0.8305 0.5163
vn 0.2406 0.9484 0.2068
vn 0.1250 0.9740 0.1890
vn 0.0809 0.7368 -0.6713
vn 0.0195 0.7630 -0.6462
vn 0.0324 0.8855 -0.4634
vn 0.0324 0.8855 -0.4634
vn 0.1108 0.8656 -0.4884
vn 0.0809 0.7368 -0.6713
vn 0.1108 0.8656 -0.4884
vn 0.0324 0.8855 -0.4634
vn 0.0351 0.9852 -0.1677
vn 0.0351 0.9852 -0.1677
vn 0.1250 0.9740 -0.1890
vn 0.1108 0.8656 -0.4884
vn 0.1250 0.9740 -0.1890
vn 0.0351 0.9852 -0.1677
vn 0.0534 0.9970 -0.0561
vn 0.0534 0.9970 -0.0561
vn 0.1285 0.9906 -0.0478
vn 0.1250 0.9740 -0.1890
vn 0.1250 0.9740 -0.1890
vn 0.1285 0.9906 -0.0478
vn 0.2404 0.9693 -0.0521
vn 0.2404 0.9693 -0.0521
vn 0.2406 0.9484 -0.2068
vn 0.1250 0.9740 -0.1890
vn 0.2406 0.9484 -0.2068
vn 0.2404 0.9693 -0.0521
vn 0.4052 0.9118 -0.0667
vn 0.4052 0.9118 -0.0667
vn 0.4640 0.8597 -0.2135
vn 0.2406 0.9484 -0.2068
vn 0.2092 0.8305 -0.5163
vn 0.2406 0.9484 -0.2068
vn 0.4640 0.8597 -0.2135
vn 0.4640 0.8597 -0.2135
vn 0.3946 0.7301 -0.5578
vn 0.2092 0.8305 -0.5163
vn 0.3946 0.7301 -0.5578
vn 0.2778 0.5950 -0.7542
vn 0.1570 0.6912 -0.7054
vn 0.1570 0.6912 -0.7054
vn 0.2092 0.8305 -0.5163
vn 0.3946 0.7301 -0.5578
vn 0.2092 0.8305 -0.5163
vn 0.1570 0.6912 -0.7054
vn 0.0809 0.7368 -0.6713
vn 0.0809 0.7368 -0.6713
vn 0.1108 0.8656 -0.4884
vn 0.2092 0.8305 -0.5163
vn 0.2092 0.8305 -0.5163
vn 0.1108 0.8656 -0.4884
vn 0.1250 0.9740 -0.1890
vn 0.1250 0.9740 -0.1890
vn 0.2406 0.9484 -0.2068
vn 0.2092 0.8305 -0.5163
vn 0.0609 -0.8804 0.4703
vn 0.1791 -0.5306 0.8285
vn 0.4505 -0.4496 0.7713
vn 0.4505 -0.4496 0.7713
vn 0.2265 -0.9059 0.3579
vn 0.0609 -0.8804 0.4703
vn 0.3061 -0.9014 0.3061
vn 0.2265 -0.9059 0.3579
vn 0.4505 -0.4496 0.7713
vn 0.4505 -0.4496 0.7713
vn 0.6408 -0.4228 0.6408
vn 0.3061 -0.9014 0.3061
vn 0.7713 -0.4496 0.4505
vn 0.8285 -0.5306 0.1791
vn 0.4703 -0.8804 0.0609
vn 0.4703 -0.8804 0.0609
vn 0.3579 -0.9059 0.2265
vn 0.7713 -0.4496 0.4505
vn 0.1313 -0.9903 0.0445
vn 0.3579 -0.9059 0.2265
vn 0.4703 -0.8804 0.0609
vn 0.4703 -0.8804 0.0609
vn 0.1730 -0.9848 0.0129
vn 0.1313 -0.9903 0.0445
vn 0.1730 -0.9848 0.0129
vn 0.0855 -0.9963 -0.0000
vn 0.0688 -0.9976 0.0046
vn 0.0688 -0.9976 0.0046
vn 0.1313 -0.9903 0.0445
vn 0.1730 -0.9848 0.0129
vn 0.1313 -0.9903 0.0445
vn 0.0688 -0.9976 0.0046
vn 0.0372 -0.9993 0.0086
vn 0.0372 -0.9993 0.0086
vn 0.0476 -0.9977 0.0476
vn 0.1313 -0.9903 0.0445
vn 0.0086 -0.9993 0.0372
vn 0.0476 -0.9977 0.0476
vn 0.0144 -0.9998 0.0144
vn 0.0445 -0.9903 0.1313
vn 0.0476 -0.9977 0.0476
vn 0.0086 -0.9993 0.0372
vn 0.0086 -0.9993 0.0372
vn 0.0046 -0.9976 0.0688
vn 0.0445 -0.9903 0.1313
vn 0.0046 -0.9976 0.0688
vn 0.0000 -0.9963 0.0855
vn 0.0129 -0.9848 0.1730
vn 0.0129 -0.9848 0.1730
vn 0.0445 -0.9903 0.1313
vn 0.0046 -0.9976 0.0688
vn 0.0445 -0.9903 0.1313
vn 0.0129 -0.9848 0.1730
vn 0.0609 -0.8804 0.4703
vn 0.0609 -0.8804 0.4703
vn 0.2265 -0.9059 0.3579
vn 0.0445 -0.9903 0.1313
vn 0.3061 -0.9014 0.3061
vn 0.3579 -0.9059 0.2265
vn 0.1313 -0.9903 0.0445
vn 0.1313 -0.9903 0.0445
vn 0.0476 -0.9977 0.0476
vn 0.3061 -0.9014 0.3061
vn 0.4505 -0.4496 -0.7713
vn 0.1791 -0.5306 -0.8285
vn 0.0609 -0.8804 -0.4703
vn 0.0609 -0.8804 -0.4703
vn 0.2265 -0.9059 -0.3579
vn 0.4505 -0.4496 -0.7713
vn 0.0445 -0.9903 -0.1313
vn 0.2265 -0.9059 -0.3579
vn 0.0609 -0.8804 -0.4703
vn 0.0609 -0.8804 -0.4703
vn 0.0129 -0.9848 -0.1730
vn 0.0445 -0.9903 -0.1313
vn 0.0129 -0.9848 -0.1730
vn 0.0000 -0.9963 -0.0855
vn 0.0046 -0.9976 -0.0688
vn 0.0046 -0.9976 -0.0688
vn 0.0445 -0.9903 -0.1313
vn 0.0129 -0.9848 -0.1730
vn 0.0445 -0.9903 -0.1313
vn 0.0046 -0.9976 -0.0688
vn 0.0086 -0.9993 -0.0372
vn 0.0086 -0.9993 -0.0372
vn 0.0476 -0.9977 -0.0476
vn 0.0445 -0.9903 -0.1313
vn 0.0372 -0.9993 -0.0086
vn 0.0476 -0.9977 -0.0476
vn 0.0144 -0.9998 -0.0144
vn 0.1313 -0.9903 -0.0445
vn 0.0476 -0.9977 -0.0476
vn 0.0372 -0.9993 -0.0086
vn 0.0372 -0.9993 -0.0086
vn 0.0688 -0.9976 -0.0046
vn 0.1313 -0.9903 -0.0445
vn 0.0688 -0.9976 -0.0046
vn 0.0855 -0.9963 0.0000
vn 0.1730 -0.9848 -0.0129
vn 0.1730 -0.9848 -0.0129
vn 0.1313 -0.9903 -0.0445
vn 0.0688 -0.9976 -0.0046
vn 0.1313 -0.9903 -0.0445
vn 0.1730 -0.9848 -0.0129
vn 0.4703 -0.8804 -0.0609
vn 0.4703 -0.8804 -0.0609
vn 0.3579 -0.9059 -0.2265
vn 0.1313 -0.9903 -0.0445
vn 0.4703 -0.8804 -0.0609
vn 0.8285 -0.5306 -0.1791
vn 0.7713 -0.4496 -0.4505
vn 0.7713 -0.4496 -0.4505
vn 0.3579 -0.9059 -0.2265
vn 0.4703 -0.8804 -0.0609
vn 0.3061 -0.9014 -0.3061
vn 0.3579 -0.9059 -0.2265
vn 0.7713 -0.4496 -0.4505
vn 0.7713 -0.4496 -0.4505
vn 0.6408 -0.4228 -0.6408
vn 0.3061 -0.9014 -0.3061
vn 0.1313 -0.9903 -0.0445
vn 0.3579 -0.9059 -0.2265
vn 0.3061 -0.9014 -0.3061
vn 0.3061 -0.9014 -0.3061
vn 0.0476 -0.9977 -0.0476
vn 0.1313 -0.9903 -0.0445
vn -0.1108 -0.8453 0.5227
vn -0.0990 -0.6929 0.7142
vn -0.0333 -0.7192 0.6940
vn -0.0333 -0.7192 0.6940
vn -0.0361 -0.8618 0.5060
vn -0.1108 -0.8453 0.5227
vn -0.1290 -0.9703 0.2046
vn -0.1108 -0.8453 0.5227
vn -0.0361 -0.8618 0.5060
vn -0.0361 -0.8618 0.5060
vn -0.0402 -0.9817 0.1863
vn -0.1290 -0.9703 0.2046
vn -0.0402 -0.9817 0.1863
vn -0.0481 -0.9970 0.0607
vn -0.1264 -0.9907 0.0510
vn -0.1264 -0.9907 0.0510
vn -0.1290 -0.9703 0.2046
vn -0.0402 -0.9817 0.1863
vn -0.1290 -0.9703 0.2046
vn -0.1264 -0.9907 0.0510
vn -0.2402 -0.9691 0.0559
vn -0.2402 -0.9691 0.0559
vn -0.2262 -0.9488 0.2203
vn -0.1290 -0.9703 0.2046
vn -0.2402 -0.9691 0.0559
vn -0.4068 -0.9101 0.0787
vn -0.4301 -0.8689 0.2450
vn -0.4301 -0.8689 0.2450
vn -0.2262 -0.9488 0.2203
vn -0.2402 -0.9691 0.0559
vn -0.2262 -0.9488 0.2203
vn -0.4301 -0.8689 0.2450
vn -0.3470 -0.7053 0.6182
vn -0.3470 -0.7053 0.6182
vn -0.1926 -0.8134 0.5489
vn -0.2262 -0.9488 0.2203
vn -0.1926 -0.8134 0.5489
vn -0.3470 -0.7053 0.6182
vn -0.2939 -0.5094 0.8088
vn -0.2939 -0.5094 0.8088
vn -0.1746 -0.6392 0.7490
vn -0.1926 -0.8134 0.5489
vn -0.1926 -0.8134 0.5489
vn -0.1746 -0.6392 0.7490
vn -0.0990 -0.6929 0.7142
vn -0.0990 -0.6929 0.7142
vn -0.1108 -0.8453 0.5227
vn -0.1926 -0.8134 0.5489
vn -0.1926 -0.8134 0.5489
vn -0.1108 -0.8453 0.5227
vn -0.1290 -0.9703 0.2046
vn -0.1290 -0.9703 0.2046
vn -0.2262 -0.9488 0.2203
vn -0.1926 -0.8134 0.5489
vn -0.4300 -0.8690 -0.2448
vn -0.4065 -0.9102 -0.0789
vn -0.2402 -0.9691 -0.0559
vn -0.2402 -0.9691 -0.0559
vn -0.2262 -0.9488 -0.2203
vn -0.4300 -0.8690 -0.2448
vn -0.2262 -0.9488 -0.2203
vn -0.2402 -0.9691 -0.0559
vn -0.1264 -0.9907 -0.0510
vn -0.1264 -0.9907 -0.0510
vn -0.1291 -0.9703 -0.2046
vn -0.2262 -0.9488 -0.2203
vn -0.1264 -0.9907 -0.0510
vn -0.0481 -0.9970 -0.0607
vn -0.0402 -0.9817 -0.1863
vn -0.0402 -0.9817 -0.1863
vn -0.1291 -0.9703 -0.2046
vn -0.1264 -0.9907 -0.0510
vn -0.1291 -0.9703 -0.2046
vn -0.0402 -0.9817 -0.1863
vn -0.0361 -0.8618 -0.5060
vn -0.0361 -0.8618 -0.5060
vn -0.1108 -0.8453 -0.5227
vn -0.1291 -0.9703 -0.2046
vn -0.1108 -0.8453 -0.5227
vn -0.0361 -0.8618 -0.5060
vn -0.0333 -0.7192 -0.6940
vn -0.0333 -0.7192 -0.6940
vn -0.0990 -0.6929 -0.7142
vn -0.1108 -0.8453 -0.5227
vn -0.1108 -0.8453 -0.5227
vn -0.0990 -0.6929 -0.7142
vn -0.1746 -0.6392 -0.7490
vn -0.1746 -0.6392 -0.7490
vn -0.1926 -0.8134 -0.5489
vn -0.1108 -0.8453 -0.5227
vn -0.1926 -0.8134 -0.5489
vn -0.1746 -0.6392 -0.7490
vn -0.2941 -0.5088 -0.8091
vn -0.2941 -0.5088 -0.8091
vn -0.3471 -0.7053 -0.6182
vn -0.1926 -0.8134 -0.5489
vn -0.2262 -0.9488 -0.2203
vn -0.1926 -0.8134 -0.5489
vn -0.3471 -0.7053 -0.6182
vn -0.3471 -0.7053 -0.6182
vn -0.4300 -0.8690 -0.2448
vn -0.2262 -0.9488 -0.2203
vn -0.1926 -0.8134 -0.5489
vn -0.2262 -0.9488 -0.2203
vn -0.1291 -0.9703 -0.2046
vn -0.1291 -0.9703 -0.2046
vn -0.1108 -0.8453 -0.5227
vn -0.1926 -0.8134 -0.5489
vn 0.8510 0.4271 0.3055
vn 0.9434 0.1391 0.3011
vn 0.9721 0.2096 0.1050
vn 0.9721 0.2096 0.1050
vn 0.8862 0.4567 0.0784
vn 0.8510 0.4271 0.3055
vn 0.8510 0.4271 0.3055
vn 0.8862 0.4567 0.0784
vn 0.7184 0.6922 0.0689
vn 0.7184 0.6922 0.0689
vn 0.6914 0.6701 0.2698
vn 0.8510 0.4271 0.3055
vn 0.6914 0.6701 0.2698
vn 0.7184 0.6922 0.0689
vn 0.6193 0.7808 0.0832
vn 0.6193 0.7808 0.0832
vn 0.5970 0.7655 0.2398
vn 0.6914 0.6701 0.2698
vn 0.5633 0.5553 0.6119
vn 0.6914 0.6701 0.2698
vn 0.5970 0.7655 0.2398
vn 0.5970 0.7655 0.2398
vn 0.4970 0.6328 0.5938
vn 0.5633 0.5553 0.6119
vn 0.4970 0.6328 0.5938
vn 0.3861 0.4901 0.7815
vn 0.4117 0.4341 0.8013
vn 0.4117 0.4341 0.8013
vn 0.5633 0.5553 0.6119
vn 0.4970 0.6328 0.5938
vn 0.5633 0.5553 0.6119
vn 0.4117 0.4341 0.8013
vn 0.4696 0.2624 0.8429
vn 0.4696 0.2624 0.8429
vn 0.6771 0.3445 0.6503
vn 0.5633 0.5553 0.6119
vn 0.4696 0.2624 0.8429
vn 0.5069 0.0803 0.8583
vn 0.7312 0.1058 0.6739
vn 0.7312 0.1058 0.6739
vn 0.6771 0.3445 0.6503
vn 0.4696 0.2624 0.8429
vn 0.6771 0.3445 0.6503
vn 0.7312 0.1058 0.6739
vn 0.9434 0.1391 0.3011
vn 0.9434 0.1391 0.3011
vn 0.8510 0.4271 0.3055
vn 0.6771 0.3445 0.6503
vn 0.6771 0.3445 0.6503
vn 0.8510 0.4271 0.3055
vn 0.6914 0.6701 0.2698
vn 0.6914 0.6701 0.2698
vn 0.5633 0.5553 0.6119
vn 0.6771 0.3445 0.6503
vn 0.8510 0.4271 -0.3055
vn 0.8862 0.4567 -0.0784
vn 0.9721 0.2095 -0.1051
vn 0.9721 0.2095 -0.1051
vn 0.9434 0.1390 -0.3010
vn 0.8510 0.4271 -0.3055
vn 0.6771 0.3445 -0.6503
vn 0.8510 0.4271 -0.3055
vn 0.9434 0.1390 -0.3010
vn 0.9434 0.1390 -0.3010
vn 0.7312 0.1060 -0.6739
vn 0.6771 0.3445 -0.6503
vn 0.7312 0.1060 -0.6739
vn 0.5066 0.0807 -0.8584
vn 0.4696 0.2624 -0.8430
vn 0.4696 0.2624 -0.8430
vn 0.6771 0.3445 -0.6503
vn 0.7312 0.1060 -0.6739
vn 0.6771 0.3445 -0.6503
vn 0.4696 0.2624 -0.8430
vn 0.4117 0.4341 -0.8013
vn 0.4117 0.4341 -0.8013
vn 0.5633 0.5553 -0.6119
vn 0.6771 0.3445 -0.6503
vn 0.4117 0.4341 -0.8013
vn 0.3861 0.4901 -0.7815
vn 0.4971 0.6326 -0.5939
vn 0.4971 0.6326 -0.5939
vn 0.5633 0.5553 -0.6119
vn 0.4117 0.4341 -0.8013
vn 0.5633 0.5553 -0.6119
vn 0.4971 0.6326 -0.5939
vn 0.5974 0.7652 -0.2400
vn 0.5974 0.7652 -0.2400
vn 0.6914 0.6701 -0.2698
vn 0.5633 0.5553 -0.6119
vn 0.6914 0.6701 -0.2698
vn 0.5974 0.7652 -0.2400
vn 0.6196 0.7805 -0.0830
vn 0.6196 0.7805 -0.0830
vn 0.7184 0.6922 -0.0689
vn 0.6914 0.6701 -0.2698
vn 0.6914 0.6701 -0.2698
vn 0.7184 0.6922 -0.0689
vn 0.8862 0.4567 -0.0784
vn 0.8862 0.4567 -0.0784
vn 0.8510 0.4271 -0.3055
vn 0.6914 0.6701 -0.2698
vn 0.6914 0.6701 -0.2698
vn 0.8510 0.4271 -0.3055
vn 0.6771 0.3445 -0.6503
vn 0.6771 0.3445 -0.6503
vn 0.5633 0.5553 -0.6119
vn 0.6914 0.6701 -0.2698
vn -0.8508 -0.5182 0.0873
vn -0.9639 -0.2369 0.1217
vn -0.9176 -0.1878 0.3503
vn -0.9176 -0.1878 0.3503
vn -0.7925 -0.5087 0.3363
vn -0.8508 -0.5182 0.0873
vn -0.7925 -0.5087 0.3363
vn -0.9176 -0.1878 0.3503
vn -0.6484 -0.1299 0.7501
vn -0.6484 -0.1299 0.7501
vn -0.5967 -0.3827 0.7053
vn -0.7925 -0.5087 0.3363
vn -0.5967 -0.3827 0.7053
vn -0.6484 -0.1299 0.7501
vn -0.4504 -0.0777 0.8894
vn -0.4504 -0.0777 0.8894
vn -0.4280 -0.2368 0.8722
vn -0.5967 -0.3827 0.7053
vn -0.5967 -0.3827 0.7053
vn -0.4280 -0.2368 0.8722
vn -0.3831 -0.4018 0.8317
vn -0.3831 -0.4018 0.8317
vn -0.5047 -0.5725 0.6462
vn -0.5967 -0.3827 0.7053
vn -0.5047 -0.5725 0.6462
vn -0.3831 -0.4018 0.8317
vn -0.3449 -0.4923 0.7992
vn -0.3449 -0.4923 0.7992
vn -0.4642 -0.6328 0.6198
vn -0.5047 -0.5725 0.6462
vn -0.6356 -0.7167 0.2869
vn -0.5047 -0.5725 0.6462
vn -0.4642 -0.6328 0.6198
vn -0.4642 -0.6328 0.6198
vn -0.5691 -0.7808 0.2578
vn -0.6356 -0.7167 0.2869
vn -0.5691 -0.7808 0.2578
vn -0.5746 -0.8137 0.0880
vn -0.6549 -0.7522 0.0721
vn -0.6549 -0.7522 0.0721
vn -0.6356 -0.7167 0.2869
vn -0.5691 -0.7808 0.2578
vn -0.6356 -0.7167 0.2869
vn -0.6549 -0.7522 0.0721
vn -0.8508 -0.5182 0.0873
vn -0.8508 -0.5182 0.0873
vn -0.7925 -0.5087 0.3363
vn -0.6356 -0.7167 0.2869
vn -0.6356 -0.7167 0.2869
vn -0.7925 -0.5087 0.3363
vn -0.5967 -0.3827 0.7053
vn -0.5967 -0.3827 0.7053
vn -0.5047 -0.5725 0.6462
vn -0.6356 -0.7167 0.2869
vn -0.9176 -0.1877 -0.3504
vn -0.9639 -0.2367 -0.1215
vn -0.8508 -0.5182 -0.0873
vn -0.8508 -0.5182 -0.0873
vn -0.7925 -0.5087 -0.3363
vn -0.9176 -0.1877 -0.3504
vn -0.7925 -0.5087 -0.3363
vn -0.8508 -0.5182 -0.0873
vn -0.6549 -0.7522 -0.0721
vn -0.6549 -0.7522 -0.0721
vn -0.6356 -0.7167 -0.2869
vn -0.7925 -0.5087 -0.3363
vn -0.6549 -0.7522 -0.0721
vn -0.5749 -0.8135 -0.0883
vn -0.5693 -0.7807 -0.2577
vn -0.5693 -0.7807 -0.2577
vn -0.6356 -0.7167 -0.2869
vn -0.6549 -0.7522 -0.0721
vn -0.6356 -0.7167 -0.2869
vn -0.5693 -0.7807 -0.2577
vn -0.4641 -0.6331 -0.6196
vn -0.4641 -0.6331 -0.6196
vn -0.5047 -0.5725 -0.6462
vn -0.6356 -0.7167 -0.2869
vn -0.5047 -0.5725 -0.6462
vn -0.4641 -0.6331 -0.6196
vn -0.3447 -0.4923 -0.7993
vn -0.3447 -0.4923 -0.7993
vn -0.3831 -0.4018 -0.8317
vn -0.5047 -0.5725 -0.6462
vn -0.5047 -0.5725 -0.6462
vn -0.3831 -0.4018 -0.8317
vn -0.4279 -0.2368 -0.8722
vn -0.4279 -0.2368 -0.8722
vn -0.5967 -0.3827 -0.7053
vn -0.5047 -0.5725 -0.6462
vn -0.5967 -0.3827 -0.7053
vn -0.4279 -0.2368 -0.8722
vn -0.4507 -0.0782 -0.8893
vn -0.4507 -0.0782 -0.8893
vn -0.6483 -0.1301 -0.7502
vn -0.5967 -0.3827 -0.7053
vn -0.7925 -0.5087 -0.3363
vn -0.5967 -0.3827 -0.7053
vn -0.6483 -0.1301 -0.7502
vn -0.6483 -0.1301 -0.7502
vn -0.9176 -0.1877 -0.3504
vn -0.7925 -0.5087 -0.3363
vn -0.5967 -0.3827 -0.7053
vn -0.7925 -0.5087 -0.3363
vn -0.6356 -0.7167 -0.2869
vn -0.6356 -0.7167 -0.2869
vn -0.5047 -0.5725 -0.6462
vn -0.5967 -0.3827 -0.7053
vn -0.0556 0.9014 0.4295
vn -0.1759 0.5689 0.8034
vn -0.4423 0.4809 0.7570
vn -0.4423 0.4809 0.7570
vn -0.2052 0.9234 0.3245
vn -0.0556 0.9014 0.4295
vn -0.2787 0.9191 0.2787
vn -0.2052 0.9234 0.3245
vn -0.4423 0.4809 0.7570
vn -0.4423 0.4809 0.7570
vn -0.6312 0.4507 0.6312
vn -0.2787 0.9191 0.2787
vn -0.7570 0.4809 0.4423
vn -0.8034 0.5689 0.1759
vn -0.4295 0.9014 0.0556
vn -0.4295 0.9014 0.0556
vn -0.3245 0.9234 0.2052
vn -0.7570 0.4809 0.4423
vn -0.1160 0.9925 0.0394
vn -0.3245 0.9234 0.2052
vn -0.4295 0.9014 0.0556
vn -0.4295 0.9014 0.0556
vn -0.1531 0.9881 0.0114
vn -0.1160 0.9925 0.0394
vn -0.1531 0.9881 0.0114
vn -0.0754 0.9972 -0.0000
vn -0.0606 0.9982 0.0041
vn -0.0606 0.9982 0.0041
vn -0.1160 0.9925 0.0394
vn -0.1531 0.9881 0.0114
vn -0.1160 0.9925 0.0394
vn -0.0606 0.9982 0.0041
vn -0.0264 0.9996 0.0139
vn -0.0264 0.9996 0.0139
vn -0.0452 0.9980 0.0452
vn -0.1160 0.9925 0.0394
vn -0.0264 0.9996 0.0139
vn 0.0000 1.0000 -0.0000
vn -0.0139 0.9996 0.0264
vn -0.0139 0.9996 0.0264
vn -0.0452 0.9980 0.0452
vn -0.0264 0.9996 0.0139
vn -0.0394 0.9925 0.1160
vn -0.0452 0.9980 0.0452
vn -0.0139 0.9996 0.0264
vn -0.0139 0.9996 0.0264
vn -0.0041 0.9982 0.0606
vn -0.0394 0.9925 0.1160
vn -0.0041 0.9982 0.0606
vn 0.0000 0.9972 0.0754
vn -0.0114 0.9881 0.1531
vn -0.0114 0.9881 0.1531
vn -0.0394 0.9925 0.1160
vn -0.0041 0.9982 0.0606
vn -0.0394 0.9925 0.1160
vn -0.0114 0.9881 0.1531
vn -0.0556 0.9014 0.4295
vn -0.0556 0.9014 0.4295
vn -0.2052 0.9234 0.3245
vn -0.0394 0.9925 0.1160
vn -0.2787 0.9191 0.2787
vn -0.3245 0.9234 0.2052
vn -0.1160 0.9925 0.0394
vn -0.1160 0.9925 0.0394
vn -0.0452 0.9980 0.0452
vn -0.2787 0.9191 0.2787
vn -0.4423 0.4809 -0.7571
vn -0.1759 0.5689 -0.8034
vn -0.0556 0.9014 -0.4295
vn -0.0556 0.9014 -0.4295
vn -0.2052 0.9234 -0.3245
vn -0.4423 0.4809 -0.7571
vn -0.0394 0.9925 -0.1160
vn -0.2052 0.9234 -0.3245
vn -0.0556 0.9014 -0.4295
vn -0.0556 0.9014 -0.4295
vn -0.0114 0.9881 -0.1531
vn -0.0394 0.9925 -0.1160
vn -0.0114 0.9881 -0.1531
vn 0.0000 0.9972 -0.0754
vn -0.0041 0.9982 -0.0606
vn -0.0041 0.9982 -0.0606
vn -0.0394 0.9925 -0.1160
vn -0.0114 0.9881 -0.1531
vn -0.0394 0.9925 -0.1160
vn -0.0041 0.9982 -0.0606
vn -0.0139 0.9996 -0.0264
vn -0.0139 0.9996 -0.0264
vn -0.0452 0.9980 -0.0452
vn -0.0394 0.9925 -0.1160
vn -0.0139 0.9996 -0.0264
vn 0.0000 1.0000 -0.0000
vn -0.0264 0.9996 -0.0139
vn -0.0264 0.9996 -0.0139
vn -0.0452 0.9980 -0.0452
vn -0.0139 0.9996 -0.0264
vn -0.1160 0.9925 -0.0394
vn -0.0452 0.9980 -0.0452
vn -0.0264 0.9996 -0.0139
vn -0.0264 0.9996 -0.0139
vn -0.0606 0.9982 -0.0041
vn -0.1160 0.9925 -0.0394
vn -0.0606 0.9982 -0.0041
vn -0.0754 0.9972 0.0000
vn -0.1531 0.9881 -0.0114
vn -0.1531 0.9881 -0.0114
vn -0.1160 0.9925 -0.0394
vn -0.0606 0.9982 -0.0041
vn -0.1160 0.9925 -0.0394
vn -0.1531 0.9881 -0.0114
vn -0.4295 0.9014 -0.0556
vn -0.4295 0.9014 -0.0556
vn -0.3245 0.9234 -0.2052
vn -0.1160 0.9925 -0.0394
vn -0.4295 0.9014 -0.0556
vn -0.8034 0.5689 -0.1759
vn -0.7570 0.4809 -0.4423
vn -0.7570 0.4809 -0.4423
vn -0.3245 0.9234 -0.2052
vn -0.4295 0.9014 -0.0556
vn -0.2787 0.9191 -0.2787
vn -0.3245 0.9234 -0.2052
vn -0.7570 0.4809 -0.4423
vn -0.7570 0.4809 -0.4423
vn -0.6312 0.4507 -0.6312
vn -0.2787 0.9191 -0.2787
vn -0.1160 0.9925 -0.0394
vn -0.3245 0.9234 -0.2052
vn -0.2787 0.9191 -0.2787
vn -0.2787 0.9191 -0.2787
vn -0.0452 0.9980 -0.0452
vn -0.1160 0.9925 -0.0394
vn -0.0809 0.7368 0.6713
vn -0.0195 0.7630 0.6461
vn -0.0324 0.8856 0.4634
vn -0.0324 0.8856 0.4634
vn -0.1108 0.8656 0.4884
vn -0.0809 0.7368 0.6713
vn -0.1108 0.8656 0.4884
vn -0.0324 0.8856 0.4634
vn -0.0351 0.9852 0.1677
vn -0.0351 0.9852 0.1677
vn -0.1250 0.9740 0.1890
vn -0.1108 0.8656 0.4884
vn -0.1250 0.9740 0.1890
vn -0.0351 0.9852 0.1677
vn -0.0534 0.9970 0.0561
vn -0.0534 0.9970 0.0561
vn -0.1285 0.9906 0.0478
vn -0.1250 0.9740 0.1890
vn -0.1250 0.9740 0.1890
vn -0.1285 0.9906 0.0478
vn -0.2404 0.9693 0.0521
vn -0.2404 0.9693 0.0521
vn -0.2406 0.9484 0.2068
vn -0.1250 0.9740 0.1890
vn -0.2406 0.9484 0.2068
vn -0.2404 0.9693 0.0521
vn -0.4052 0.9118 0.0667
vn -0.4052 0.9118 0.0667
vn -0.4640 0.8597 0.2135
vn -0.2406 0.9484 0.2068
vn -0.2092 0.8305 0.5162
vn -0.2406 0.9484 0.2068
vn -0.4640 0.8597 0.2135
vn -0.4640 0.8597 0.2135
vn -0.3946 0.7301 0.5578
vn -0.2092 0.8305 0.5162
vn -0.3946 0.7301 0.5578
vn -0.2778 0.5950 0.7542
vn -0.1570 0.6912 0.7054
vn -0.1570 0.6912 0.7054
vn -0.2092 0.8305 0.5162
vn -0.3946 0.7301 0.5578
vn -0.2092 0.8305 0.5162
vn -0.1570 0.6912 0.7054
vn -0.0809 0.7368 0.6713
vn -0.0809 0.7368 0.6713
vn -0.1108 0.8656 0.4884
vn -0.2092 0.8305 0.5162
vn -0.2092 0.8305 0.5162
vn -0.1108 0.8656 0.4884
vn -0.1250 0.9740 0.1890
vn -0.1250 0.9740 0.1890
vn -0.2406 0.9484 0.2068
vn -0.2092 0.8305 0.5162
vn -0.2406 0.9484 -0.2068
vn -0.4644 0.8595 -0.2134
vn -0.4055 0.9116 -0.0669
vn -0.4055 0.9116 -0.0669
vn -0.2404 0.9693 -0.0521
vn -0.2406 0.9484 -0.2068
vn -0.2406 0.9484 -0.2068
vn -0.2404 0.9693 -0.0521
vn -0.1285 0.9906 -0.0478
vn -0.1285 0.9906 -0.0478
vn -0.1250 0.9740 -0.1890
vn -0.2406 0.9484 -0.2068
vn -0.1250 0.9740 -0.1890
vn -0.1285 0.9906 -0.0478
vn -0.0534 0.9970 -0.0561
vn -0.0534 0.9970 -0.0561
vn -0.0351 0.9852 -0.1677
vn -0.1250 0.9740 -0.1890
vn -0.1108 0.8656 -0.4884
vn -0.1250 0.9740 -0.1890
vn -0.0351 0.9852 -0.1677
vn -0.0351 0.9852 -0.1677
vn -0.0324 0.8855 -0.4634
vn -0.1108 0.8656 -0.4884
vn -0.0324 0.8855 -0.4634
vn -0.0195 0.7630 -0.6462
vn -0.0809 0.7368 -0.6713
vn -0.0809 0.7368 -0.6713
vn -0.1108 0.8656 -0.4884
vn -0.0324 0.8855 -0.4634
vn -0.1108 0.8656 -0.4884
vn -0.0809 0.7368 -0.6713
vn -0.1570 0.6912 -0.7054
vn -0.1570 0.6912 -0.7054
vn -0.2092 0.8305 -0.5163
vn -0.1108 0.8656 -0.4884
vn -0.1570 0.6912 -0.7054
vn -0.2777 0.5950 -0.7542
vn -0.3948 0.7301 -0.5578
vn -0.3948 0.7301 -0.5578
vn -0.2092 0.8305 -0.5163
vn -0.1570 0.6912 -0.7054
vn -0.2092 0.8305 -0.5163
vn -0.3948 0.7301 -0.5578
vn -0.4644 0.8595 -0.2134
vn -0.4644 0.8595 -0.2134
vn -0.2406 0.9484 -0.2068
vn -0.2092 0.8305 -0.5163
vn -0.2092 0.8305 -0.5163
vn -0.2406 0.9484 -0.2068
vn -0.1250 0.9740 -0.1890
vn -0.1250 0.9740 -0.1890
vn -0.1108 0.8656 -0.4884
vn -0.2092 0.8305 -0.5163
vn -0.4505 -0.4496 0.7713
vn -0.1791 -0.5306 0.8285
vn -0.0609 -0.8804 0.4703
vn -0.0609 -0.8804 0.4703
vn -0.2265 -0.9059 0.3579
vn -0.4505 -0.4496 0.7713
vn -0.0445 -0.9903 0.1313
vn -0.2265 -0.9059 0.3579
vn -0.0609 -0.8804 0.4703
vn -0.0609 -0.8804 0.4703
vn -0.0129 -0.9848 0.1730
vn -0.0445 -0.9903 0.1313
vn -0.0129 -0.9848 0.1730
vn 0.0000 -0.9963 0.0855
vn -0.0046 -0.9976 0.0688
vn -0.0046 -0.9976 0.0688
vn -0.0445 -0.9903 0.1313
vn -0.0129 -0.9848 0.1730
vn -0.0445 -0.9903 0.1313
vn -0.0046 -0.9976 0.0688
vn -0.0086 -0.9993 0.0372
vn -0.0086 -0.9993 0.0372
vn -0.0476 -0.9977 0.0476
vn -0.0445 -0.9903 0.1313
vn -0.0372 -0.9993 0.0086
vn -0.0476 -0.9977 0.0476
vn -0.0144 -0.9998 0.0144
vn -0.1313 -0.9903 0.0445
vn -0.0476 -0.9977 0.0476
vn -0.0372 -0.9993 0.0086
vn -0.0372 -0.9993 0.0086
vn -0.0688 -0.9976 0.0046
vn -0.1313 -0.9903 0.0445
vn -0.0688 -0.9976 0.0046
vn -0.0855 -0.9963 -0.0000
vn -0.1730 -0.9848 0.0129
vn -0.1730 -0.9848 0.0129
vn -0.1313 -0.9903 0.0445
vn -0.0688 -0.9976 0.0046
vn -0.1313 -0.9903 0.0445
vn -0.1730 -0.9848 0.0129
vn -0.4703 -0.8804 0.0609
vn -0.4703 -0.8804 0.0609
vn -0.3579 -0.9059 0.2265
vn -0.1313 -0.9903 0.0445
vn -0.4703 -0.8804 0.0609
vn -0.8285 -0.5306 0.1791
vn -0.7713 -0.4496 0.4505
vn -0.7713 -0.4496 0.4505
vn -0.3579 -0.9059 0.2265
vn -0.4703 -0.8804 0.0609
vn -0.3061 -0.9014 0.3061
vn -0.3579 -0.9059 0.2265
vn -0.7713 -0.4496 0.4505
vn -0.7713 -0.4496 0.4505
vn -0.6408 -0.4228 0.6408
vn -0.3061 -0.9014 0.3061
vn -0.1313 -0.9903 0.0445
vn -0.3579 -0.9059 0.2265
vn -0.3061 -0.9014 0.3061
vn -0.3061 -0.9014 0.3061
vn -0.0476 -0.9977 0.0476
vn -0.1313 -0.9903 0.0445
vn -0.0086 -0.9993 -0.0372
vn -0.0476 -0.9977 -0.0476
vn -0.0144 -0.9998 -0.0144
vn -0.0445 -0.9903 -0.1313
vn -0.0476 -0.9977 -0.0476
vn -0.0086 -0.9993 -0.0372
vn -0.0086 -0.9993 -0.0372
vn -0.0046 -0.9976 -0.0688
vn -0.0445 -0.9903 -0.1313
vn -0.0046 -0.9976 -0.0688
vn -0.0000 -0.9963 -0.0855
vn -0.0129 -0.9848 -0.1730
vn -0.0129 -0.9848 -0.1730
vn -0.0445 -0.9903 -0.1313
vn -0.0046 -0.9976 -0.0688
vn -0.0445 -0.9903 -0.1313
vn -0.0129 -0.9848 -0.1730
vn -0.0609 -0.8804 -0.4703
vn -0.0609 -0.8804 -0.4703
vn -0.2265 -0.9059 -0.3579
vn -0.0445 -0.9903 -0.1313
vn -0.0609 -0.8804 -0.4703
vn -0.1791 -0.5306 -0.8285
vn -0.4505 -0.4496 -0.7713
vn -0.4505 -0.4496 -0.7713
vn -0.2265 -0.9059 -0.3579
vn -0.0609 -0.8804 -0.4703
vn -0.3061 -0.9014 -0.3061
vn -0.2265 -0.9059 -0.3579
vn -0.4505 -0.4496 -0.7713
vn -0.4505 -0.4496 -0.7713
vn -0.6408 -0.4228 -0.6408
vn -0.3061 -0.9014 -0.3061
vn -0.7713 -0.4496 -0.4505
vn -0.8285 -0.5306 -0.1791
vn -0.4703 -0.8804 -0.0609
vn -0.4703 -0.8804 -0.0609
vn -0.3579 -0.9059 -0.2265
vn -0.7713 -0.4496 -0.4505
vn -0.1313 -0.9903 -0.0445
vn -0.3579 -0.9059 -0.2265
vn -0.4703 -0.8804 -0.0609
vn -0.4703 -0.8804 -0.0609
vn -0.1730 -0.9848 -0.0129
vn -0.1313 -0.9903 -0.0445
vn -0.1730 -0.9848 -0.0129
vn -0.0855 -0.9963 0.0000
vn -0.0688 -0.9976 -0.0046
vn -0.0688 -0.9976 -0.0046
vn -0.1313 -0.9903 -0.0445
vn -0.1730 -0.9848 -0.0129
vn -0.1313 -0.9903 -0.0445
vn -0.0688 -0.9976 -0.0046
vn -0.0372 -0.9993 -0.0086
vn -0.0372 -0.9993 -0.0086
vn -0.0476 -0.9977 -0.0476
vn -0.1313 -0.9903 -0.0445
vn -0.3061 -0.9014 -0.3061
vn -0.3579 -0.9059 -0.2265
vn -0.1313 -0.9903 -0.0445
vn -0.1313 -0.9903 -0.0445
vn -0.0476 -0.9977 -0.0476
vn -0.3061 -0.9014 -0.3061
vn 0.1108 -0.8453 0.5227
vn 0.0361 -0.8618 0.5060
vn 0.0333 -0.7192 0.6940
vn 0.0333 -0.7192 0.6940
vn 0.0990 -0.6929 0.7142
vn 0.1108 -0.8453 0.5227
vn 0.1108 -0.8453 0.5227
vn 0.0990 -0.6929 0.7142
vn 0.1746 -0.6392 0.7489
vn 0.1746 -0.6392 0.7489
vn 0.1926 -0.8134 0.5489
vn 0.1108 -0.8453 0.5227
vn 0.1926 -0.8134 0.5489
vn 0.1746 -0.6392 0.7489
vn 0.2941 -0.5089 0.8091
vn 0.2941 -0.5089 0.8091
vn 0.3471 -0.7053 0.6182
vn 0.1926 -0.8134 0.5489
vn 0.2262 -0.9488 0.2203
vn 0.1926 -0.8134 0.5489
vn 0.3471 -0.7053 0.6182
vn 0.3471 -0.7053 0.6182
vn 0.4300 -0.8690 0.2448
vn 0.2262 -0.9488 0.2203
vn 0.4300 -0.8690 0.2448
vn 0.4065 -0.9102 0.0789
vn 0.2402 -0.9691 0.0559
vn 0.2402 -0.9691 0.0559
vn 0.2262 -0.9488 0.2203
vn 0.4300 -0.8690 0.2448
vn 0.2262 -0.9488 0.2203
vn 0.2402 -0.9691 0.0559
vn 0.1264 -0.9907 0.0510
vn 0.1264 -0.9907 0.0510
vn 0.1291 -0.9703 0.2046
vn 0.2262 -0.9488 0.2203
vn 0.1264 -0.9907 0.0510
vn 0.0481 -0.9970 0.0607
vn 0.0402 -0.9817 0.1863
vn 0.0402 -0.9817 0.1863
vn 0.1291 -0.9703 0.2046
vn 0.1264 -0.9907 0.0510
vn 0.1291 -0.9703 0.2046
vn 0.0402 -0.9817 0.1863
vn 0.0361 -0.8618 0.5060
vn 0.0361 -0.8618 0.5060
vn 0.1108 -0.8453 0.5227
vn 0.1291 -0.9703 0.2046
vn 0.1291 -0.9703 0.2046
vn 0.1108 -0.8453 0.5227
vn 0.1926 -0.8134 0.5489
vn 0.1926 -0.8134 0.5489
vn 0.2262 -0.9488 0.2203
vn 0.1291 -0.9703 0.2046
vn 0.1108 -0.8453 -0.5227
vn 0.0990 -0.6929 -0.7142
vn 0.0333 -0.7192 -0.6940
vn 0.0333 -0.7192 -0.6940
vn 0.0361 -0.8618 -0.5060
vn 0.1108 -0.8453 -0.5227
vn 0.1290 -0.9703 -0.2046
vn 0.1108 -0.8453 -0.5227
vn 0.0361 -0.8618 -0.5060
vn 0.0361 -0.8618 -0.5060
vn 0.0402 -0.9817 -0.1863
vn 0.1290 -0.9703 -0.2046
vn 0.0402 -0.9817 -0.1863
vn 0.0481 -0.9970 -0.0607
vn 0.1264 -0.9907 -0.0510
vn 0.1264 -0.9907 -0.0510
vn 0.1290 -0.9703 -0.2046
vn 0.0402 -0.9817 -0.1863
vn 0.1290 -0.9703 -0.2046
vn 0.1264 -0.9907 -0.0510
vn 0.2402 -0.9691 -0.0559
vn 0.2402 -0.9691 -0.0559
vn 0.2262 -0.9488 -0.2203
vn 0.1290 -0.9703 -0.2046
vn 0.2402 -0.9691 -0.0559
vn 0.4068 -0.9101 -0.0787
vn 0.4301 -0.8689 -0.2450
vn 0.4301 -0.8689 -0.2450
vn 0.2262 -0.9488 -0.2203
vn 0.2402 -0.9691 -0.0559
vn 0.2262 -0.9488 -0.2203
vn 0.4301 -0.8689 -0.2450
vn 0.3470 -0.7053 -0.6182
vn 0.3470 -0.7053 -0.6182
vn 0.1926 -0.8134 -0.5489
vn 0.2262 -0.9488 -0.2203
vn 0.1926 -0.8134 -0.5489
vn 0.3470 -0.7053 -0.6182
vn 0.2939 -0.5094 -0.8088
vn 0.2939 -0.5094 -0.8088
vn 0.1746 -0.6392 -0.7490
vn 0.1926 -0.8134 -0.5489
vn 0.1926 -0.8134 -0.5489
vn 0.1746 -0.6392 -0.7490
vn 0.0990 -0.6929 -0.7142
vn 0.0990 -0.6929 -0.7142
vn 0.1108 -0.8453 -0.5227
vn 0.1926 -0.8134 -0.5489
vn 0.1926 -0.8134 -0.5489
vn 0.1108 -0.8453 -0.5227
vn 0.1290 -0.9703 -0.2046
vn 0.1290 -0.9703 -0.2046
vn 0.2262 -0.9488 -0.2203
vn 0.1926 -0.8134 -0.5489
vn -0.8511 0.4270 0.3055
vn -0.8862 0.4567 0.0784
vn -0.9721 0.2095 0.1051
vn -0.9721 0.2095 0.1051
vn -0.9434 0.1389 0.3010
vn -0.8511 0.4270 0.3055
vn -0.6771 0.3445 0.6503
vn -0.8511 0.4270 0.3055
vn -0.9434 0.1389 0.3010
vn -0.9434 0.1389 0.3010
vn -0.7312 0.1060 0.6739
vn -0.6771 0.3445 0.6503
vn -0.7312 0.1060 0.6739
vn -0.5066 0.0807 0.8584
vn -0.4696 0.2624 0.8429
vn -0.4696 0.2624 0.8429
vn -0.6771 0.3445 0.6503
vn -0.7312 0.1060 0.6739
vn -0.6771 0.3445 0.6503
vn -0.4696 0.2624 0.8429
vn -0.4117 0.4341 0.8013
vn -0.4117 0.4341 0.8013
vn -0.5633 0.5553 0.6119
vn -0.6771 0.3445 0.6503
vn -0.4117 0.4341 0.8013
vn -0.3861 0.4901 0.7815
vn -0.4971 0.6326 0.5939
vn -0.4971 0.6326 0.5939
vn -0.5633 0.5553 0.6119
vn -0.4117 0.4341 0.8013
vn -0.5633 0.5553 0.6119
vn -0.4971 0.6326 0.5939
vn -0.5974 0.7652 0.2400
vn -0.5974 0.7652 0.2400
vn -0.6914 0.6701 0.2698
vn -0.5633 0.5553 0.6119
vn -0.6914 0.6701 0.2698
vn -0.5974 0.7652 0.2400
vn -0.6196 0.7805 0.0830
vn -0.6196 0.7805 0.0830
vn -0.7184 0.6923 0.0689
vn -0.6914 0.6701 0.2698
vn -0.6914 0.6701 0.2698
vn -0.7184 0.6923 0.0689
vn -0.8862 0.4567 0.0784
vn -0.8862 0.4567 0.0784
vn -0.8511 0.4270 0.3055
vn -0.6914 0.6701 0.2698
vn -0.6914 0.6701 0.2698
vn -0.8511 0.4270 0.3055
vn -0.6771 0.3445 0.6503
vn -0.6771 0.3445 0.6503
vn -0.5633 0.5553 0.6119
vn -0.6914 0.6701 0.2698
vn -0.8511 0.4270 -0.3055
vn -0.9434 0.1391 -0.3011
vn -0.9721 0.2096 -0.1050
vn -0.9721 0.2096 -0.1050
vn -0.8862 0.4567 -0.0784
vn -0.8511 0.4270 -0.3055
vn -0.8511 0.4270 -0.3055
vn -0.8862 0.4567 -0.0784
vn -0.7184 0.6922 -0.0689
vn -0.7184 0.6922 -0.0689
vn -0.6914 0.6701 -0.2698
vn -0.8511 0.4270 -0.3055
vn -0.6914 0.6701 -0.2698
vn -0.7184 0.6922 -0.0689
vn -0.6193 0.7807 -0.0832
vn -0.6193 0.7807 -0.0832
vn -0.5970 0.7655 -0.2398
vn -0.6914 0.6701 -0.2698
vn -0.5633 0.5553 -0.6119
vn -0.6914 0.6701 -0.2698
vn -0.5970 0.7655 -0.2398
vn -0.5970 0.7655 -0.2398
vn -0.4970 0.6328 -0.5938
vn -0.5633 0.5553 -0.6119
vn -0.4970 0.6328 -0.5938
vn -0.3861 0.4901 -0.7815
vn -0.4117 0.4341 -0.8013
vn -0.4117 0.4341 -0.8013
vn -0.5633 0.5553 -0.6119
vn -0.4970 0.6328 -0.5938
vn -0.5633 0.5553 -0.6119
vn -0.4117 0.4341 -0.8013
vn -0.4696 0.2624 -0.8429
vn -0.4696 0.2624 -0.8429
vn -0.6771 0.3445 -0.6503
vn -0.5633 0.5553 -0.6119
vn -0.4696 0.2624 -0.8429
vn -0.5069 0.0803 -0.8583
vn -0.7312 0.1058 -0.6739
vn -0.7312 0.1058 -0.6739
vn -0.6771 0.3445 -0.6503
vn -0.4696 0.2624 -0.8429
vn -0.6771 0.3445 -0.6503
vn -0.7312 0.1058 -0.6739
vn -0.9434 0.1391 -0.3011
vn -0.9434 0.1391 -0.3011
vn -0.8511 0.4270 -0.3055
vn -0.6771 0.3445 -0.6503
vn -0.6771 0.3445 -0.6503
vn -0.8511 0.4270 -0.3055
vn -0.6914 0.6701 -0.2698
vn -0.6914 0.6701 -0.2698
vn -0.5633 0.5553 -0.6119
vn -0.6771 0.3445 -0.6503
vn 0.9176 -0.1877 0.3504
vn 0.9639 -0.2367 0.1215
vn 0.8508 -0.5182 0.0873
vn 0.8508 -0.5182 0.0873
vn 0.7925 -0.5087 0.3363
vn 0.9176 -0.1877 0.3504
vn 0.7925 -0.5087 0.3363
vn 0.8508 -0.5182 0.0873
vn 0.6549 -0.7522 0.0721
vn 0.6549 -0.7522 0.0721
vn 0.6356 -0.7167 0.2869
vn 0.7925 -0.5087 0.3363
vn 0.6549 -0.7522 0.0721
vn 0.5749 -0.8135 0.0883
vn 0.5693 -0.7807 0.2577
vn 0.5693 -0.7807 0.2577
vn 0.6356 -0.7167 0.2869
vn 0.6549 -0.7522 0.0721
vn 0.6356 -0.7167 0.2869
vn 0.5693 -0.7807 0.2577
vn 0.4641 -0.6331 0.6196
vn 0.4641 -0.6331 0.6196
vn 0.5047 -0.5725 0.6462
vn 0.6356 -0.7167 0.2869
vn 0.5047 -0.5725 0.6462
vn 0.4641 -0.6331 0.6196
vn 0.3447 -0.4923 0.7992
vn 0.3447 -0.4923 0.7992
vn 0.3831 -0.4018 0.8317
vn 0.5047 -0.5725 0.6462
vn 0.5047 -0.5725 0.6462
vn 0.3831 -0.4018 0.8317
vn 0.4280 -0.2368 0.8722
vn 0.4280 -0.2368 0.8722
vn 0.5967 -0.3827 0.7053
vn 0.5047 -0.5725 0.6462
vn 0.5967 -0.3827 0.7053
vn 0.4280 -0.2368 0.8722
vn 0.4507 -0.0782 0.8893
vn 0.4507 -0.0782 0.8893
vn 0.6483 -0.1301 0.7502
vn 0.5967 -0.3827 0.7053
vn 0.7925 -0.5087 0.3363
vn 0.5967 -0.3827 0.7053
vn 0.6483 -0.1301 0.7502
vn 0.6483 -0.1301 0.7502
vn 0.9176 -0.1877 0.3504
vn 0.7925 -0.5087 0.3363
vn 0.5967 -0.3827 0.7053
vn 0.7925 -0.5087 0.3363
vn 0.6356 -0.7167 0.2869
vn 0.6356 -0.7167 0.2869
vn 0.5047 -0.5725 0.6462
vn 0.5967 -0.3827 0.7053
vn 0.8508 -0.5182 -0.0873
vn 0.9639 -0.2369 -0.1217
vn 0.9176 -0.1878 -0.3503
vn 0.9176 -0.1878 -0.3503
vn 0.7925 -0.5087 -0.3363
vn 0.8508 -0.5182 -0.0873
vn 0.7925 -0.5087 -0.3363
vn 0.9176 -0.1878 -0.3503
vn 0.6484 -0.1299 -0.7501
vn 0.6484 -0.1299 -0.7501
vn 0.5967 -0.3827 -0.7053
vn 0.7925 -0.5087 -0.3363
vn 0.5967 -0.3827 -0.7053
vn 0.6484 -0.1299 -0.7501
vn 0.4504 -0.0777 -0.8894
vn 0.4504 -0.0777 -0.8894
vn 0.4279 -0.2368 -0.8722
vn 0.5967 -0.3827 -0.7053
vn 0.5967 -0.3827 -0.7053
vn 0.4279 -0.2368 -0.8722
vn 0.3831 -0.4018 -0.8317
vn 0.3831 -0.4018 -0.8317
vn 0.5047 -0.5725 -0.6462
vn 0.5967 -0.3827 -0.7053
vn 0.5047 -0.5725 -0.6462
vn 0.3831 -0.4018 -0.8317
vn 0.3449 -0.4923 -0.7992
vn 0.3449 -0.4923 -0.7992
vn 0.4642 -0.6328 -0.6198
vn 0.5047 -0.5725 -0.6462
vn 0.6356 -0.7167 -0.2869
vn 0.5047 -0.5725 -0.6462
vn 0.4642 -0.6328 -0.6198
vn 0.4642 -0.6328 -0.6198
vn 0.5691 -0.7808 -0.2578
vn 0.6356 -0.7167 -0.2869
vn 0.5691 -0.7808 -0.2578
vn 0.5747 -0.8136 -0.0880
vn 0.6549 -0.7522 -0.0721
vn 0.6549 -0.7522 -0.0721
vn 0.6356 -0.7167 -0.2869
vn 0.5691 -0.7808 -0.2578
vn 0.6356 -0.7167 -0.2869
vn 0.6549 -0.7522 -0.0721
vn 0.8508 -0.5182 -0.0873
vn 0.8508 -0.5182 -0.0873
vn 0.7925 -0.5087 -0.3363
vn 0.6356 -0.7167 -0.2869
vn 0.6356 -0.7167 -0.2869
vn 0.7925 -0.5087 -0.3363
vn 0.5967 -0.3827 -0.7053
vn 0.5967 -0.3827 -0.7053
vn 0.5047 -0.5725 -0.6462
vn 0.6356 -0.7167 -0.2869
vn -0.2068 0.9484 -0.2406
vn -0.0521 0.9693 -0.2404
vn -0.0667 0.9118 -0.4052
vn -0.0667 0.9118 -0.4052
vn -0.2135 0.8597 -0.4640
vn -0.2068 0.9484 -0.2406
vn -0.5163 0.8305 -0.2092
vn -0.2068 0.9484 -0.2406
vn -0.2135 0.8597 -0.4640
vn -0.2135 0.8597 -0.4640
vn -0.5578 0.7301 -0.3946
vn -0.5163 0.8305 -0.2092
vn -0.5578 0.7301 -0.3946
vn -0.7542 0.5950 -0.2778
vn -0.7054 0.6912 -0.1570
vn -0.7054 0.6912 -0.1570
vn -0.5163 0.8305 -0.2092
vn -0.5578 0.7301 -0.3946
vn -0.5163 0.8305 -0.2092
vn -0.7054 0.6912 -0.1570
vn -0.6713 0.7368 -0.0809
vn -0.6713 0.7368 -0.0809
vn -0.4884 0.8656 -0.1108
vn -0.5163 0.8305 -0.2092
vn -0.6713 0.7368 -0.0809
vn -0.6462 0.7630 -0.0195
vn -0.4634 0.8856 -0.0324
vn -0.4634 0.8856 -0.0324
vn -0.4884 0.8656 -0.1108
vn -0.6713 0.7368 -0.0809
vn -0.4884 0.8656 -0.1108
vn -0.4634 0.8856 -0.0324
vn -0.1677 0.9852 -0.0351
vn -0.1677 0.9852 -0.0351
vn -0.1890 0.9740 -0.1250
vn -0.4884 0.8656 -0.1108
vn -0.1890 0.9740 -0.1250
vn -0.1677 0.9852 -0.0351
vn -0.0561 0.9970 -0.0534
vn -0.0561 0.9970 -0.0534
vn -0.0478 0.9906 -0.1285
vn -0.1890 0.9740 -0.1250
vn -0.1890 0.9740 -0.1250
vn -0.0478 0.9906 -0.1285
vn -0.0521 0.9693 -0.2404
vn -0.0521 0.9693 -0.2404
vn -0.2068 0.9484 -0.2406
vn -0.1890 0.9740 -0.1250
vn -0.1890 0.9740 -0.1250
vn -0.2068 0.9484 -0.2406
vn -0.5163 0.8305 -0.2092
vn -0.5163 0.8305 -0.2092
vn -0.4884 0.8656 -0.1108
vn -0.1890 0.9740 -0.1250
vn 0.2068 0.9484 -0.2406
vn 0.2134 0.8595 -0.4644
vn 0.0669 0.9116 -0.4055
vn 0.0669 0.9116 -0.4055
vn 0.0521 0.9693 -0.2404
vn 0.2068 0.9484 -0.2406
vn 0.2068 0.9484 -0.2406
vn 0.0521 0.9693 -0.2404
vn 0.0478 0.9906 -0.1285
vn 0.0478 0.9906 -0.1285
vn 0.1890 0.9740 -0.1250
vn 0.2068 0.9484 -0.2406
vn 0.1890 0.9740 -0.1250
vn 0.0478 0.9906 -0.1285
vn 0.0561 0.9970 -0.0534
vn 0.0561 0.9970 -0.0534
vn 0.1677 0.9852 -0.0351
vn 0.1890 0.9740 -0.1250
vn 0.4884 0.8656 -0.1108
vn 0.1890 0.9740 -0.1250
vn 0.1677 0.9852 -0.0351
vn 0.1677 0.9852 -0.0351
vn 0.4634 0.8856 -0.0324
vn 0.4884 0.8656 -0.1108
vn 0.4634 0.8856 -0.0324
vn 0.6461 0.7630 -0.0195
vn 0.6713 0.7368 -0.0809
vn 0.6713 0.7368 -0.0809
vn 0.4884 0.8656 -0.1108
vn 0.4634 0.8856 -0.0324
vn 0.4884 0.8656 -0.1108
vn 0.6713 0.7368 -0.0809
vn 0.7054 0.6912 -0.1570
vn 0.7054 0.6912 -0.1570
vn 0.5163 0.8305 -0.2092
vn 0.4884 0.8656 -0.1108
vn 0.7054 0.6912 -0.1570
vn 0.7542 0.5950 -0.2777
vn 0.5578 0.7301 -0.3948
vn 0.5578 0.7301 -0.3948
vn 0.5163 0.8305 -0.2092
vn 0.7054 0.6912 -0.1570
vn 0.5163 0.8305 -0.2092
vn 0.5578 0.7301 -0.3948
vn 0.2134 0.8595 -0.4644
vn 0.2134 0.8595 -0.4644
vn 0.2068 0.9484 -0.2406
vn 0.5163 0.8305 -0.2092
vn 0.5163 0.8305 -0.2092
vn 0.2068 0.9484 -0.2406
vn 0.1890 0.9740 -0.1250
vn 0.1890 0.9740 -0.1250
vn 0.4884 0.8656 -0.1108
vn 0.5163 0.8305 -0.2092
vn -0.2441 -0.8720 0.4243
vn -0.0789 -0.9121 0.4023
vn -0.0559 -0.9691 0.2402
vn -0.0559 -0.9691 0.2402
vn -0.2203 -0.9488 0.2262
vn -0.2441 -0.8720 0.4243
vn -0.2203 -0.9488 0.2262
vn -0.0559 -0.9691 0.2402
vn -0.0510 -0.9907 0.1264
vn -0.0510 -0.9907 0.1264
vn -0.2046 -0.9703 0.1290
vn -0.2203 -0.9488 0.2262
vn -0.0510 -0.9907 0.1264
vn -0.0607 -0.9970 0.0481
vn -0.1863 -0.9817 0.0402
vn -0.1863 -0.9817 0.0402
vn -0.2046 -0.9703 0.1290
vn -0.0510 -0.9907 0.1264
vn -0.2046 -0.9703 0.1290
vn -0.1863 -0.9817 0.0402
vn -0.5060 -0.8618 0.0361
vn -0.5060 -0.8618 0.0361
vn -0.5227 -0.8453 0.1108
vn -0.2046 -0.9703 0.1290
vn -0.5227 -0.8453 0.1108
vn -0.5060 -0.8618 0.0361
vn -0.6940 -0.7192 0.0333
vn -0.6940 -0.7192 0.0333
vn -0.7142 -0.6929 0.0990
vn -0.5227 -0.8453 0.1108
vn -0.5227 -0.8453 0.1108
vn -0.7142 -0.6929 0.0990
vn -0.7489 -0.6392 0.1746
vn -0.7489 -0.6392 0.1746
vn -0.5489 -0.8134 0.1926
vn -0.5227 -0.8453 0.1108
vn -0.5489 -0.8134 0.1926
vn -0.7489 -0.6392 0.1746
vn -0.8077 -0.5129 0.2909
vn -0.8077 -0.5129 0.2909
vn -0.6163 -0.7087 0.3433
vn -0.5489 -0.8134 0.1926
vn -0.2203 -0.9488 0.2262
vn -0.5489 -0.8134 0.1926
vn -0.6163 -0.7087 0.3433
vn -0.6163 -0.7087 0.3433
vn -0.2441 -0.8720 0.4243
vn -0.2203 -0.9488 0.2262
vn -0.5489 -0.8134 0.1926
vn -0.2203 -0.9488 0.2262
vn -0.2046 -0.9703 0.1290
vn -0.2046 -0.9703 0.1290
vn -0.5227 -0.8453 0.1108
vn -0.5489 -0.8134 0.1926
vn 0.0559 -0.9691 0.2402
vn 0.0787 -0.9120 0.4025
vn 0.2443 -0.8719 0.4244
vn 0.2443 -0.8719 0.4244
vn 0.2203 -0.9488 0.2262
vn 0.0559 -0.9691 0.2402
vn 0.2203 -0.9488 0.2262
vn 0.2443 -0.8719 0.4244
vn 0.6163 -0.7088 0.3432
vn 0.6163 -0.7088 0.3432
vn 0.5489 -0.8134 0.1926
vn 0.2203 -0.9488 0.2262
vn 0.5489 -0.8134 0.1926
vn 0.6163 -0.7088 0.3432
vn 0.8074 -0.5134 0.2907
vn 0.8074 -0.5134 0.2907
vn 0.7489 -0.6392 0.1746
vn 0.5489 -0.8134 0.1926
vn 0.5489 -0.8134 0.1926
vn 0.7489 -0.6392 0.1746
vn 0.7142 -0.6929 0.0990
vn 0.7142 -0.6929 0.0990
vn 0.5227 -0.8453 0.1108
vn 0.5489 -0.8134 0.1926
vn 0.5227 -0.8453 0.1108
vn 0.7142 -0.6929 0.0990
vn 0.6940 -0.7192 0.0333
vn 0.6940 -0.7192 0.0333
vn 0.5060 -0.8618 0.0361
vn 0.5227 -0.8453 0.1108
vn 0.2046 -0.9703 0.1290
vn 0.5227 -0.8453 0.1108
vn 0.5060 -0.8618 0.0361
vn 0.5060 -0.8618 0.0361
vn 0.1863 -0.9817 0.0402
vn 0.2046 -0.9703 0.1290
vn 0.1863 -0.9817 0.0402
vn 0.0607 -0.9970 0.0481
vn 0.0510 -0.9907 0.1264
vn 0.0510 -0.9907 0.1264
vn 0.2046 -0.9703 0.1290
vn 0.1863 -0.9817 0.0402
vn 0.2046 -0.9703 0.1290
vn 0.0510 -0.9907 0.1264
vn 0.0559 -0.9691 0.2402
vn 0.0559 -0.9691 0.2402
vn 0.2203 -0.9488 0.2262
vn 0.2046 -0.9703 0.1290
vn 0.2046 -0.9703 0.1290
vn 0.2203 -0.9488 0.2262
vn 0.5489 -0.8134 0.1926
vn 0.5489 -0.8134 0.1926
vn 0.5227 -0.8453 0.1108
vn 0.2046 -0.9703 0.1290
vn -0.3055 0.4271 -0.8510
vn -0.0784 0.4567 -0.8862
vn -0.1051 0.2095 -0.9721
vn -0.1051 0.2095 -0.9721
vn -0.3010 0.1390 -0.9434
vn -0.3055 0.4271 -0.8510
vn -0.6503 0.3445 -0.6771
vn -0.3055 0.4271 -0.8510
vn -0.3010 0.1390 -0.9434
vn -0.3010 0.1390 -0.9434
vn -0.6739 0.1060 -0.7312
vn -0.6503 0.3445 -0.6771
vn -0.6739 0.1060 -0.7312
vn -0.8584 0.0807 -0.5066
vn -0.8430 0.2624 -0.4696
vn -0.8430 0.2624 -0.4696
vn -0.6503 0.3445 -0.6771
vn -0.6739 0.1060 -0.7312
vn -0.6503 0.3445 -0.6771
vn -0.8430 0.2624 -0.4696
vn -0.8013 0.4341 -0.4117
vn -0.8013 0.4341 -0.4117
vn -0.6119 0.5553 -0.5633
vn -0.6503 0.3445 -0.6771
vn -0.8013 0.4341 -0.4117
vn -0.7815 0.4901 -0.3861
vn -0.5939 0.6326 -0.4971
vn -0.5939 0.6326 -0.4971
vn -0.6119 0.5553 -0.5633
vn -0.8013 0.4341 -0.4117
vn -0.6119 0.5553 -0.5633
vn -0.5939 0.6326 -0.4971
vn -0.2400 0.7652 -0.5974
vn -0.2400 0.7652 -0.5974
vn -0.2698 0.6701 -0.6914
vn -0.6119 0.5553 -0.5633
vn -0.2698 0.6701 -0.6914
vn -0.2400 0.7652 -0.5974
vn -0.0830 0.7805 -0.6196
vn -0.0830 0.7805 -0.6196
vn -0.0689 0.6922 -0.7184
vn -0.2698 0.6701 -0.6914
vn -0.2698 0.6701 -0.6914
vn -0.0689 0.6922 -0.7184
vn -0.0784 0.4567 -0.8862
vn -0.0784 0.4567 -0.8862
vn -0.3055 0.4271 -0.8510
vn -0.2698 0.6701 -0.6914
vn -0.2698 0.6701 -0.6914
vn -0.3055 0.4271 -0.8510
vn -0.6503 0.3445 -0.6771
vn -0.6503 0.3445 -0.6771
vn -0.6119 0.5553 -0.5633
vn -0.2698 0.6701 -0.6914
vn 0.3055 0.4271 -0.8510
vn 0.3011 0.1391 -0.9434
vn 0.1050 0.2097 -0.9721
vn 0.1050 0.2097 -0.9721
vn 0.0784 0.4567 -0.8862
vn 0.3055 0.4271 -0.8510
vn 0.3055 0.4271 -0.8510
vn 0.0784 0.4567 -0.8862
vn 0.0689 0.6922 -0.7184
vn 0.0689 0.6922 -0.7184
vn 0.2698 0.6701 -0.6915
vn 0.3055 0.4271 -0.8510
vn 0.2698 0.6701 -0.6915
vn 0.0689 0.6922 -0.7184
vn 0.0832 0.7807 -0.6193
vn 0.0832 0.7807 -0.6193
vn 0.2398 0.7655 -0.5970
vn 0.2698 0.6701 -0.6915
vn 0.6119 0.5553 -0.5633
vn 0.2698 0.6701 -0.6915
vn 0.2398 0.7655 -0.5970
vn 0.2398 0.7655 -0.5970
vn 0.5938 0.6328 -0.4970
vn 0.6119 0.5553 -0.5633
vn 0.5938 0.6328 -0.4970
vn 0.7815 0.4901 -0.3861
vn 0.8013 0.4341 -0.4117
vn 0.8013 0.4341 -0.4117
vn 0.6119 0.5553 -0.5633
vn 0.5938 0.6328 -0.4970
vn 0.6119 0.5553 -0.5633
vn 0.8013 0.4341 -0.4117
vn 0.8429 0.2624 -0.4696
vn 0.8429 0.2624 -0.4696
vn 0.6503 0.3445 -0.6771
vn 0.6119 0.5553 -0.5633
vn 0.8429 0.2624 -0.4696
vn 0.8583 0.0804 -0.5069
vn 0.6739 0.1058 -0.7312
vn 0.6739 0.1058 -0.7312
vn 0.6503 0.3445 -0.6771
vn 0.8429 0.2624 -0.4696
vn 0.6503 0.3445 -0.6771
vn 0.6739 0.1058 -0.7312
vn 0.3011 0.1391 -0.9434
vn 0.3011 0.1391 -0.9434
vn 0.3055 0.4271 -0.8510
vn 0.6503 0.3445 -0.6771
vn 0.6503 0.3445 -0.6771
vn 0.3055 0.4271 -0.8510
vn 0.2698 0.6701 -0.6915
vn 0.2698 0.6701 -0.6915
vn 0.6119 0.5553 -0.5633
vn 0.6503 0.3445 -0.6771
vn -0.3534 -0.1893 0.9161
vn -0.1227 -0.2389 0.9632
vn -0.0880 -0.5220 0.8484
vn -0.0880 -0.5220 0.8484
vn -0.3384 -0.5120 0.7895
vn -0.3534 -0.1893 0.9161
vn -0.3384 -0.5120 0.7895
vn -0.0880 -0.5220 0.8484
vn -0.0724 -0.7555 0.6511
vn -0.0724 -0.7555 0.6511
vn -0.2880 -0.7197 0.6317
vn -0.3384 -0.5120 0.7895
vn -0.0724 -0.7555 0.6511
vn -0.0881 -0.8181 0.5683
vn -0.2575 -0.7862 0.5618
vn -0.2575 -0.7862 0.5618
vn -0.2880 -0.7197 0.6317
vn -0.0724 -0.7555 0.6511
vn -0.2880 -0.7197 0.6317
vn -0.2575 -0.7862 0.5618
vn -0.6197 -0.6373 0.4581
vn -0.6197 -0.6373 0.4581
vn -0.6476 -0.5741 0.5010
vn -0.2880 -0.7197 0.6317
vn -0.6476 -0.5741 0.5010
vn -0.6197 -0.6373 0.4581
vn -0.7995 -0.4947 0.3407
vn -0.7995 -0.4947 0.3407
vn -0.8331 -0.4020 0.3799
vn -0.6476 -0.5741 0.5010
vn -0.6476 -0.5741 0.5010
vn -0.8331 -0.4020 0.3799
vn -0.8739 -0.2368 0.4244
vn -0.8739 -0.2368 0.4244
vn -0.7076 -0.3842 0.5930
vn -0.6476 -0.5741 0.5010
vn -0.7076 -0.3842 0.5930
vn -0.8739 -0.2368 0.4244
vn -0.8911 -0.0782 0.4470
vn -0.8911 -0.0782 0.4470
vn -0.7532 -0.1306 0.6447
vn -0.7076 -0.3842 0.5930
vn -0.3384 -0.5120 0.7895
vn -0.7076 -0.3842 0.5930
vn -0.7532 -0.1306 0.6447
vn -0.7532 -0.1306 0.6447
vn -0.3534 -0.1893 0.9161
vn -0.3384 -0.5120 0.7895
vn -0.7076 -0.3842 0.5930
vn -0.3384 -0.5120 0.7895
vn -0.2880 -0.7197 0.6317
vn -0.2880 -0.7197 0.6317
vn -0.6476 -0.5741 0.5010
vn -0.7076 -0.3842 0.5930
vn 0.0880 -0.5220 0.8484
vn 0.1229 -0.2391 0.9632
vn 0.3533 -0.1894 0.9161
vn 0.3533 -0.1894 0.9161
vn 0.3384 -0.5120 0.7895
vn 0.0880 -0.5220 0.8484
vn 0.3384 -0.5120 0.7895
vn 0.3533 -0.1894 0.9161
vn 0.7531 -0.1304 0.6448
vn 0.7531 -0.1304 0.6448
vn 0.7076 -0.3842 0.5930
vn 0.3384 -0.5120 0.7895
vn 0.7076 -0.3842 0.5930
vn 0.7531 -0.1304 0.6448
vn 0.8913 -0.0777 0.4467
vn 0.8913 -0.0777 0.4467
vn 0.8739 -0.2368 0.4244
vn 0.7076 -0.3842 0.5930
vn 0.7076 -0.3842 0.5930
vn 0.8739 -0.2368 0.4244
vn 0.8331 -0.4020 0.3799
vn 0.8331 -0.4020 0.3799
vn 0.6476 -0.5741 0.5010
vn 0.7076 -0.3842 0.5930
vn 0.6476 -0.5741 0.5010
vn 0.8331 -0.4020 0.3799
vn 0.7995 -0.4946 0.3409
vn 0.7995 -0.4946 0.3409
vn 0.6199 -0.6370 0.4582
vn 0.6476 -0.5741 0.5010
vn 0.2880 -0.7197 0.6317
vn 0.6476 -0.5741 0.5010
vn 0.6199 -0.6370 0.4582
vn 0.6199 -0.6370 0.4582
vn 0.2576 -0.7863 0.5616
vn 0.2880 -0.7197 0.6317
vn 0.2576 -0.7863 0.5616
vn 0.0878 -0.8183 0.5680
vn 0.0724 -0.7555 0.6511
vn 0.0724 -0.7555 0.6511
vn 0.2880 -0.7197 0.6317
vn 0.2576 -0.7863 0.5616
vn 0.2880 -0.7197 0.6317
vn 0.0724 -0.7555 0.6511
vn 0.0880 -0.5220 0.8484
vn 0.0880 -0.5220 0.8484
vn 0.3384 -0.5120 0.7895
vn 0.2880 -0.7197 0.6317
vn 0.2880 -0.7197 0.6317
vn 0.3384 -0.5120 0.7895
vn 0.7076 -0.3842 0.5930
vn 0.7076 -0.3842 0.5930
vn 0.6476 -0.5741 0.5010
vn 0.2880 -0.7197 0.6317
vn -0.2068 0.9484 0.2406
vn -0.2134 0.8595 0.4644
vn -0.0669 0.9116 0.4055
vn -0.0669 0.9116 0.4055
vn -0.0521 0.9693 0.2404
vn -0.2068 0.9484 0.2406
vn -0.2068 0.9484 0.2406
vn -0.0521 0.9693 0.2404
vn -0.0478 0.9906 0.1285
vn -0.0478 0.9906 0.1285
vn -0.1890 0.9740 0.1250
vn -0.2068 0.9484 0.2406
vn -0.1890 0.9740 0.1250
vn -0.0478 0.9906 0.1285
vn -0.0561 0.9970 0.0534
vn -0.0561 0.9970 0.0534
vn -0.1677 0.9852 0.0351
vn -0.1890 0.9740 0.1250
vn -0.4884 0.8656 0.1108
vn -0.1890 0.9740 0.1250
vn -0.1677 0.9852 0.0351
vn -0.1677 0.9852 0.0351
vn -0.4634 0.8856 0.0324
vn -0.4884 0.8656 0.1108
vn -0.4634 0.8856 0.0324
vn -0.6461 0.7630 0.0195
vn -0.6713 0.7368 0.0809
vn -0.6713 0.7368 0.0809
vn -0.4884 0.8656 0.1108
vn -0.4634 0.8856 0.0324
vn -0.4884 0.8656 0.1108
vn -0.6713 0.7368 0.0809
vn -0.7054 0.6912 0.1570
vn -0.7054 0.6912 0.1570
vn -0.5163 0.8305 0.2092
vn -0.4884 0.8656 0.1108
vn -0.7054 0.6912 0.1570
vn -0.7542 0.5950 0.2777
vn -0.5578 0.7301 0.3948
vn -0.5578 0.7301 0.3948
vn -0.5163 0.8305 0.2092
vn -0.7054 0.6912 0.1570
vn -0.5163 0.8305 0.2092
vn -0.5578 0.7301 0.3948
vn -0.2134 0.8595 0.4644
vn -0.2134 0.8595 0.4644
vn -0.2068 0.9484 0.2406
vn -0.5163 0.8305 0.2092
vn -0.5163 0.8305 0.2092
vn -0.2068 0.9484 0.2406
vn -0.1890 0.9740 0.1250
vn -0.1890 0.9740 0.1250
vn -0.4884 0.8656 0.1108
vn -0.5163 0.8305 0.2092
vn 0.2068 0.9484 0.2406
vn 0.0521 0.9693 0.2404
vn 0.0667 0.9118 0.4052
vn 0.0667 0.9118 0.4052
vn 0.2135 0.8597 0.4640
vn 0.2068 0.9484 0.2406
vn 0.5162 0.8305 0.2092
vn 0.2068 0.9484 0.2406
vn 0.2135 0.8597 0.4640
vn 0.2135 0.8597 0.4640
vn 0.5578 0.7301 0.3946
vn 0.5162 0.8305 0.2092
vn 0.5578 0.7301 0.3946
vn 0.7542 0.5950 0.2778
vn 0.7054 0.6912 0.1570
vn 0.7054 0.6912 0.1570
vn 0.5162 0.8305 0.2092
vn 0.5578 0.7301 0.3946
vn 0.5162 0.8305 0.2092
vn 0.7054 0.6912 0.1570
vn 0.6713 0.7368 0.0809
vn 0.6713 0.7368 0.0809
vn 0.4884 0.8656 0.1108
vn 0.5162 0.8305 0.2092
vn 0.6713 0.7368 0.0809
vn 0.6461 0.7630 0.0195
vn 0.4634 0.8856 0.0324
vn 0.4634 0.8856 0.0324
vn 0.4884 0.8656 0.1108
vn 0.6713 0.7368 0.0809
vn 0.4884 0.8656 0.1108
vn 0.4634 0.8856 0.0324
vn 0.1677 0.9852 0.0351
vn 0.1677 0.9852 0.0351
vn 0.1890 0.9740 0.1250
vn 0.4884 0.8656 0.1108
vn 0.1890 0.9740 0.1250
vn 0.1677 0.9852 0.0351
vn 0.0561 0.9970 0.0534
vn 0.0561 0.9970 0.0534
vn 0.0478 0.9906 0.1285
vn 0.1890 0.9740 0.1250
vn 0.1890 0.9740 0.1250
vn 0.0478 0.9906 0.1285
vn 0.0521 0.9693 0.2404
vn 0.0521 0.9693 0.2404
vn 0.2068 0.9484 0.2406
vn 0.1890 0.9740 0.1250
vn 0.1890 0.9740 0.1250
vn 0.2068 0.9484 0.2406
vn 0.5162 0.8305 0.2092
vn 0.5162 0.8305 0.2092
vn 0.4884 0.8656 0.1108
vn 0.1890 0.9740 0.1250
vn -0.0559 -0.9691 -0.2402
vn -0.0787 -0.9120 -0.4025
vn -0.2443 -0.8719 -0.4244
vn -0.2443 -0.8719 -0.4244
vn -0.2203 -0.9488 -0.2262
vn -0.0559 -0.9691 -0.2402
vn -0.2203 -0.9488 -0.2262
vn -0.2443 -0.8719 -0.4244
vn -0.6163 -0.7088 -0.3432
vn -0.6163 -0.7088 -0.3432
vn -0.5489 -0.8134 -0.1926
vn -0.2203 -0.9488 -0.2262
vn -0.5489 -0.8134 -0.1926
vn -0.6163 -0.7088 -0.3432
vn -0.8074 -0.5134 -0.2907
vn -0.8074 -0.5134 -0.2907
vn -0.7489 -0.6392 -0.1746
vn -0.5489 -0.8134 -0.1926
vn -0.5489 -0.8134 -0.1926
vn -0.7489 -0.6392 -0.1746
vn -0.7142 -0.6929 -0.0990
vn -0.7142 -0.6929 -0.0990
vn -0.5227 -0.8453 -0.1108
vn -0.5489 -0.8134 -0.1926
vn -0.5227 -0.8453 -0.1108
vn -0.7142 -0.6929 -0.0990
vn -0.6940 -0.7192 -0.0333
vn -0.6940 -0.7192 -0.0333
vn -0.5060 -0.8618 -0.0361
vn -0.5227 -0.8453 -0.1108
vn -0.2046 -0.9703 -0.1291
vn -0.5227 -0.8453 -0.1108
vn -0.5060 -0.8618 -0.0361
vn -0.5060 -0.8618 -0.0361
vn -0.1863 -0.9817 -0.0402
vn -0.2046 -0.9703 -0.1291
vn -0.1863 -0.9817 -0.0402
vn -0.0607 -0.9970 -0.0481
vn -0.0510 -0.9907 -0.1264
vn -0.0510 -0.9907 -0.1264
vn -0.2046 -0.9703 -0.1291
vn -0.1863 -0.9817 -0.0402
vn -0.2046 -0.9703 -0.1291
vn -0.0510 -0.9907 -0.1264
vn -0.0559 -0.9691 -0.2402
vn -0.0559 -0.9691 -0.2402
vn -0.2203 -0.9488 -0.2262
vn -0.2046 -0.9703 -0.1291
vn -0.2046 -0.9703 -0.1291
vn -0.2203 -0.9488 -0.2262
vn -0.5489 -0.8134 -0.1926
vn -0.5489 -0.8134 -0.1926
vn -0.5227 -0.8453 -0.1108
vn -0.2046 -0.9703 -0.1291
vn 0.2441 -0.8720 -0.4243
vn 0.0789 -0.9121 -0.4023
vn 0.0559 -0.9691 -0.2402
vn 0.0559 -0.9691 -0.2402
vn 0.2203 -0.9488 -0.2262
vn 0.2441 -0.8720 -0.4243
vn 0.2203 -0.9488 -0.2262
vn 0.0559 -0.9691 -0.2402
vn 0.0510 -0.9907 -0.1264
vn 0.0510 -0.9907 -0.1264
vn 0.2046 -0.9703 -0.1291
vn 0.2203 -0.9488 -0.2262
vn 0.0510 -0.9907 -0.1264
vn 0.0607 -0.9970 -0.0481
vn 0.1863 -0.9817 -0.0402
vn 0.1863 -0.9817 -0.0402
vn 0.2046 -0.9703 -0.1291
vn 0.0510 -0.9907 -0.1264
vn 0.2046 -0.9703 -0.1291
vn 0.1863 -0.9817 -0.0402
vn 0.5060 -0.8618 -0.0361
vn 0.5060 -0.8618 -0.0361
vn 0.5227 -0.8453 -0.1108
vn 0.2046 -0.9703 -0.1291
vn 0.5227 -0.8453 -0.1108
vn 0.5060 -0.8618 -0.0361
vn 0.6940 -0.7192 -0.0333
vn 0.6940 -0.7192 -0.0333
vn 0.7142 -0.6929 -0.0990
vn 0.5227 -0.8453 -0.1108
vn 0.5227 -0.8453 -0.1108
vn 0.7142 -0.6929 -0.0990
vn 0.7489 -0.6392 -0.1746
vn 0.7489 -0.6392 -0.1746
vn 0.5489 -0.8134 -0.1926
vn 0.5227 -0.8453 -0.1108
vn 0.5489 -0.8134 -0.1926
vn 0.7489 -0.6392 -0.1746
vn 0.8077 -0.5129 -0.2909
vn 0.8077 -0.5129 -0.2909
vn 0.6163 -0.7087 -0.3433
vn 0.5489 -0.8134 -0.1926
vn 0.2203 -0.9488 -0.2262
vn 0.5489 -0.8134 -0.1926
vn 0.6163 -0.7087 -0.3433
vn 0.6163 -0.7087 -0.3433
vn 0.2441 -0.8720 -0.4243
vn 0.2203 -0.9488 -0.2262
vn 0.5489 -0.8134 -0.1926
vn 0.2203 -0.9488 -0.2262
vn 0.2046 -0.9703 -0.1291
vn 0.2046 -0.9703 -0.1291
vn 0.5227 -0.8453 -0.1108
vn 0.5489 -0.8134 -0.1926
vn -0.3055 0.4270 0.8511
vn -0.3011 0.1391 0.9434
vn -0.1050 0.2096 0.9721
vn -0.1050 0.2096 0.9721
vn -0.0784 0.4567 0.8862
vn -0.3055 0.4270 0.8511
vn -0.3055 0.4270 0.8511
vn -0.0784 0.4567 0.8862
vn -0.0689 0.6922 0.7184
vn -0.0689 0.6922 0.7184
vn -0.2698 0.6701 0.6914
vn -0.3055 0.4270 0.8511
vn -0.2698 0.6701 0.6914
vn -0.0689 0.6922 0.7184
vn -0.0832 0.7807 0.6193
vn -0.0832 0.7807 0.6193
vn -0.2398 0.7655 0.5970
vn -0.2698 0.6701 0.6914
vn -0.6119 0.5553 0.5633
vn -0.2698 0.6701 0.6914
vn -0.2398 0.7655 0.5970
vn -0.2398 0.7655 0.5970
vn -0.5938 0.6328 0.4970
vn -0.6119 0.5553 0.5633
vn -0.5938 0.6328 0.4970
vn -0.9178 0.3119 0.2457
vn -0.9413 0.2450 0.2324
vn -0.9413 0.2450 0.2324
vn -0.6119 0.5553 0.5633
vn -0.5938 0.6328 0.4970
vn -0.6119 0.5553 0.5633
vn -0.9413 0.2450 0.2324
vn -0.9517 0.1498 0.2681
vn -0.9517 0.1498 0.2681
vn -0.6503 0.3445 0.6771
vn -0.6119 0.5553 0.5633
vn -0.9517 0.1498 0.2681
vn -0.9342 0.0558 0.3523
vn -0.6739 0.1058 0.7312
vn -0.6739 0.1058 0.7312
vn -0.6503 0.3445 0.6771
vn -0.9517 0.1498 0.2681
vn -0.6503 0.3445 0.6771
vn -0.6739 0.1058 0.7312
vn -0.3011 0.1391 0.9434
vn -0.3011 0.1391 0.9434
vn -0.3055 0.4270 0.8511
vn -0.6503 0.3445 0.6771
vn -0.6503 0.3445 0.6771
vn -0.3055 0.4270 0.8511
vn -0.2698 0.6701 0.6914
vn -0.2698 0.6701 0.6914
vn -0.6119 0.5553 0.5633
vn -0.6503 0.3445 0.6771
vn 0.3055 0.4271 0.8511
vn 0.0784 0.4567 0.8862
vn 0.1051 0.2095 0.9721
vn 0.1051 0.2095 0.9721
vn 0.3010 0.1389 0.9434
vn 0.3055 0.4271 0.8511
vn 0.6503 0.3445 0.6771
vn 0.3055 0.4271 0.8511
vn 0.3010 0.1389 0.9434
vn 0.3010 0.1389 0.9434
vn 0.6739 0.1060 0.7312
vn 0.6503 0.3445 0.6771
vn 0.6739 0.1060 0.7312
vn 0.9343 0.0561 0.3521
vn 0.9517 0.1498 0.2681
vn 0.9517 0.1498 0.2681
vn 0.6503 0.3445 0.6771
vn 0.6739 0.1060 0.7312
vn 0.6503 0.3445 0.6771
vn 0.9517 0.1498 0.2681
vn 0.9413 0.2450 0.2324
vn 0.9413 0.2450 0.2324
vn 0.6119 0.5553 0.5633
vn 0.6503 0.3445 0.6771
vn 0.9413 0.2450 0.2324
vn 0.9178 0.3119 0.2457
vn 0.5939 0.6326 0.4971
vn 0.5939 0.6326 0.4971
vn 0.6119 0.5553 0.5633
vn 0.9413 0.2450 0.2324
vn 0.6119 0.5553 0.5633
vn 0.5939 0.6326 0.4971
vn 0.2400 0.7652 0.5974
vn 0.2400 0.7652 0.5974
vn 0.2698 0.6702 0.6914
vn 0.6119 0.5553 0.5633
vn 0.2698 0.6702 0.6914
vn 0.2400 0.7652 0.5974
vn 0.0830 0.7805 0.6196
vn 0.0830 0.7805 0.6196
vn 0.0689 0.6922 0.7184
vn 0.2698 0.6702 0.6914
vn 0.2698 0.6702 0.6914
vn 0.0689 0.6922 0.7184
vn 0.0784 0.4567 0.8862
vn 0.0784 0.4567 0.8862
vn 0.3055 0.4271 0.8511
vn 0.2698 0.6702 0.6914
vn 0.2698 0.6702 0.6914
vn 0.3055 0.4271 0.8511
vn 0.6503 0.3445 0.6771
vn 0.6503 0.3445 0.6771
vn 0.6119 0.5553 0.5633
vn 0.2698 0.6702 0.6914
vn -0.0880 -0.5220 -0.8484
vn -0.1229 -0.2391 -0.9632
vn -0.3533 -0.1894 -0.9161
vn -0.3533 -0.1894 -0.9161
vn -0.3384 -0.5120 -0.7896
vn -0.0880 -0.5220 -0.8484
vn -0.3384 -0.5120 -0.7896
vn -0.3533 -0.1894 -0.9161
vn -0.7531 -0.1304 -0.6448
vn -0.7531 -0.1304 -0.6448
vn -0.7076 -0.3842 -0.5930
vn -0.3384 -0.5120 -0.7896
vn -0.7076 -0.3842 -0.5930
vn -0.7531 -0.1304 -0.6448
vn -0.9539 -0.0514 -0.2956
vn -0.9539 -0.0514 -0.2956
vn -0.9747 -0.1089 -0.1952
vn -0.7076 -0.3842 -0.5930
vn -0.7076 -0.3842 -0.5930
vn -0.9747 -0.1089 -0.1952
vn -0.9635 -0.1945 -0.1838
vn -0.9635 -0.1945 -0.1838
vn -0.6476 -0.5741 -0.5010
vn -0.7076 -0.3842 -0.5930
vn -0.6476 -0.5741 -0.5010
vn -0.9635 -0.1945 -0.1838
vn -0.8790 -0.3926 -0.2706
vn -0.8790 -0.3926 -0.2706
vn -0.6199 -0.6370 -0.4582
vn -0.6476 -0.5741 -0.5010
vn -0.2880 -0.7197 -0.6317
vn -0.6476 -0.5741 -0.5010
vn -0.6199 -0.6370 -0.4582
vn -0.6199 -0.6370 -0.4582
vn -0.2576 -0.7863 -0.5616
vn -0.2880 -0.7197 -0.6317
vn -0.2576 -0.7863 -0.5616
vn -0.0879 -0.8183 -0.5680
vn -0.0724 -0.7555 -0.6511
vn -0.0724 -0.7555 -0.6511
vn -0.2880 -0.7197 -0.6317
vn -0.2576 -0.7863 -0.5616
vn -0.2880 -0.7197 -0.6317
vn -0.0724 -0.7555 -0.6511
vn -0.0880 -0.5220 -0.8484
vn -0.0880 -0.5220 -0.8484
vn -0.3384 -0.5120 -0.7896
vn -0.2880 -0.7197 -0.6317
vn -0.2880 -0.7197 -0.6317
vn -0.3384 -0.5120 -0.7896
vn -0.7076 -0.3842 -0.5930
vn -0.7076 -0.3842 -0.5930
vn -0.6476 -0.5741 -0.5010
vn -0.2880 -0.7197 -0.6317
vn 0.3534 -0.1893 -0.9161
vn 0.1227 -0.2390 -0.9632
vn 0.0880 -0.5220 -0.8484
vn 0.0880 -0.5220 -0.8484
vn 0.3384 -0.5120 -0.7895
vn 0.3534 -0.1893 -0.9161
vn 0.3384 -0.5120 -0.7895
vn 0.0880 -0.5220 -0.8484
vn 0.0725 -0.7555 -0.6511
vn 0.0725 -0.7555 -0.6511
vn 0.2880 -0.7197 -0.6317
vn 0.3384 -0.5120 -0.7895
vn 0.0725 -0.7555 -0.6511
vn 0.0881 -0.8181 -0.5683
vn 0.2575 -0.7862 -0.5618
vn 0.2575 -0.7862 -0.5618
vn 0.2880 -0.7197 -0.6317
vn 0.0725 -0.7555 -0.6511
vn 0.2880 -0.7197 -0.6317
vn 0.2575 -0.7862 -0.5618
vn 0.6197 -0.6373 -0.4581
vn 0.6197 -0.6373 -0.4581
vn 0.6476 -0.5741 -0.5010
vn 0.2880 -0.7197 -0.6317
vn 0.6476 -0.5741 -0.5010
vn 0.6197 -0.6373 -0.4581
vn 0.8790 -0.3927 -0.2704
vn 0.8790 -0.3927 -0.2704
vn 0.9635 -0.1945 -0.1838
vn 0.6476 -0.5741 -0.5010
vn 0.6476 -0.5741 -0.5010
vn 0.9635 -0.1945 -0.1838
vn 0.9747 -0.1089 -0.1952
vn 0.9747 -0.1089 -0.1952
vn 0.7076 -0.3842 -0.5930
vn 0.6476 -0.5741 -0.5010
vn 0.7076 -0.3842 -0.5930
vn 0.9747 -0.1089 -0.1952
vn 0.9539 -0.0517 -0.2957
vn 0.9539 -0.0517 -0.2957
vn 0.7532 -0.1306 -0.6447
vn 0.7076 -0.3842 -0.5930
vn 0.3384 -0.5120 -0.7895
vn 0.7076 -0.3842 -0.5930
vn 0.7532 -0.1306 -0.6447
vn 0.7532 -0.1306 -0.6447
vn 0.3534 -0.1893 -0.9161
vn 0.3384 -0.5120 -0.7895
vn 0.7076 -0.3842 -0.5930
vn 0.3384 -0.5120 -0.7895
vn 0.2880 -0.7197 -0.6317
vn 0.2880 -0.7197 -0.6317
vn 0.6476 -0.5741 -0.5010
vn 0.7076 -0.3842 -0.5930
vn 0.0351 0.9852 0.1677
vn 0.0534 0.9970 0.0561
vn -0.0000 0.9972 0.0754
vn -0.0000 0.9972 0.0754
vn 0.0114 0.9881 0.1531
vn 0.0351 0.9852 0.1677
vn 0.0324 0.8856 0.4634
vn 0.0351 0.9852 0.1677
vn 0.0114 0.9881 0.1531
vn 0.0114 0.9881 0.1531
vn 0.0556 0.9014 0.4295
vn 0.0324 0.8856 0.4634
vn 0.0195 0.7630 0.6461
vn 0.0324 0.8856 0.4634
vn 0.0556 0.9014 0.4295
vn 0.0556 0.9014 0.4295
vn 0.1759 0.5689 0.8034
vn 0.0195 0.7630 0.6461
vn 0.0000 1.0000 -0.0000
vn 0.0000 1.0000 -0.0000
vn 0.0000 1.0000 -0.0000
vn 0.0000 1.0000 -0.0000
vn 0.0000 1.0000 -0.0000
vn 0.0000 1.0000 -0.0000
vn 0.0000 1.0000 -0.0000
vn 0.0000 1.0000 -0.0000
vn 0.0000 1.0000 -0.0000
vn 0.0000 1.0000 -0.0000
vn 0.0000 1.0000 -0.0000
vn 0.0000 1.0000 -0.0000
vn 0.0000 1.0000 -0.0000
vn 0.0000 1.0000 -0.0000
vn 0.0000 1.0000 -0.0000
vn 0.0000 1.0000 -0.0000
vn 0.0000 1.0000 -0.0000
vn 0.0000 1.0000 -0.0000
vn 0.0351 0.9852 -0.1677
vn 0.0114 0.9881 -0.1531
vn -0.0000 0.9972 -0.0754
vn -0.0000 0.9972 -0.0754
vn 0.0534 0.9970 -0.0561
vn 0.0351 0.9852 -0.1677
vn 0.0324 0.8855 -0.4634
vn 0.0556 0.9014 -0.4295
vn 0.0114 0.9881 -0.1531
vn 0.0114 0.9881 -0.1531
vn 0.0351 0.9852 -0.1677
vn 0.0324 0.8855 -0.4634
vn 0.0195 0.7630 -0.6462
vn 0.1759 0.5689 -0.8034
vn 0.0556 0.9014 -0.4295
vn 0.0556 0.9014 -0.4295
vn 0.0324 0.8855 -0.4634
vn 0.0195 0.7630 -0.6462
vn 0.1285 0.9906 -0.0478
vn 0.0534 0.9970 -0.0561
vn 0.0534 0.9970 0.0561
vn 0.0534 0.9970 0.0561
vn 0.1285 0.9906 0.0478
vn 0.1285 0.9906 -0.0478
vn 0.2404 0.9693 -0.0521
vn 0.1285 0.9906 -0.0478
vn 0.1285 0.9906 0.0478
vn 0.1285 0.9906 0.0478
vn 0.2404 0.9693 0.0521
vn 0.2404 0.9693 -0.0521
vn 0.4052 0.9118 -0.0667
vn 0.2404 0.9693 -0.0521
vn 0.2404 0.9693 0.0521
vn 0.2404 0.9693 0.0521
vn 0.4055 0.9116 0.0669
vn 0.4052 0.9118 -0.0667
vn 0.0129 -0.9848 0.1730
vn 0.0000 -0.9963 0.0855
vn -0.0481 -0.9970 0.0607
vn -0.0481 -0.9970 0.0607
vn -0.0402 -0.9817 0.1863
vn 0.0129 -0.9848 0.1730
vn 0.0609 -0.8804 0.4703
vn 0.0129 -0.9848 0.1730
vn -0.0402 -0.9817 0.1863
vn -0.0402 -0.9817 0.1863
vn -0.0361 -0.8618 0.5060
vn 0.0609 -0.8804 0.4703
vn 0.1791 -0.5306 0.8285
vn 0.0609 -0.8804 0.4703
vn -0.0361 -0.8618 0.5060
vn -0.0361 -0.8618 0.5060
vn -0.0333 -0.7192 0.6940
vn 0.1791 -0.5306 0.8285
vn -0.1264 -0.9907 0.0510
vn -0.0481 -0.9970 0.0607
vn -0.0481 -0.9970 -0.0607
vn -0.0481 -0.9970 -0.0607
vn -0.1264 -0.9907 -0.0510
vn -0.1264 -0.9907 0.0510
vn -0.2402 -0.9691 0.0559
vn -0.1264 -0.9907 0.0510
vn -0.1264 -0.9907 -0.0510
vn -0.1264 -0.9907 -0.0510
vn -0.2402 -0.9691 -0.0559
vn -0.2402 -0.9691 0.0559
vn -0.4068 -0.9101 0.0787
vn -0.2402 -0.9691 0.0559
vn -0.2402 -0.9691 -0.0559
vn -0.2402 -0.9691 -0.0559
vn -0.4065 -0.9102 -0.0789
vn -0.4068 -0.9101 0.0787
vn 0.0129 -0.9848 -0.1730
vn -0.0402 -0.9817 -0.1863
vn -0.0481 -0.9970 -0.0607
vn -0.0481 -0.9970 -0.0607
vn 0.0000 -0.9963 -0.0855
vn 0.0129 -0.9848 -0.1730
vn 0.0609 -0.8804 -0.4703
vn -0.0361 -0.8618 -0.5060
vn -0.0402 -0.9817 -0.1863
vn -0.0402 -0.9817 -0.1863
vn 0.0129 -0.9848 -0.1730
vn 0.0609 -0.8804 -0.4703
vn 0.1791 -0.5306 -0.8285
vn -0.0333 -0.7192 -0.6940
vn -0.0361 -0.8618 -0.5060
vn -0.0361 -0.8618 -0.5060
vn 0.0609 -0.8804 -0.4703
vn 0.1791 -0.5306 -0.8285
vn 0.0000 -1.0000 -0.0000
vn 0.0000 -1.0000 -0.0000
vn 0.0000 -1.0000 -0.0000
vn 0.0000 -1.0000 -0.0000
vn 0.0000 -1.0000 -0.0000
vn 0.0000 -1.0000 -0.0000
vn 0.0000 -1.0000 -0.0000
vn 0.0000 -1.0000 -0.0000
vn 0.0000 -1.0000 -0.0000
vn 0.0000 -1.0000 -0.0000
vn 0.0000 -1.0000 -0.0000
vn 0.0000 -1.0000 -0.0000
vn 0.0000 -1.0000 -0.0000
vn 0.0000 -1.0000 -0.0000
vn 0.0000 -1.0000 -0.0000
vn 0.0000 -1.0000 -0.0000
vn 0.0000 -1.0000 -0.0000
vn 0.0000 -1.0000 -0.0000
vn 0.4505 -0.4496 0.7713
vn 0.1791 -0.5306 0.8285
vn 0.1759 0.5689 0.8034
vn 0.1759 0.5689 0.8034
vn 0.4423 0.4809 0.7570
vn 0.4505 -0.4496 0.7713
vn 0.7570 0.4809 0.4423
vn 0.7713 -0.4496 0.4505
vn 0.6408 -0.4228 0.6408
vn 0.6408 -0.4228 0.6408
vn 0.6312 0.4507 0.6312
vn 0.7570 0.4809 0.4423
vn 0.8285 -0.5306 0.1791
vn 0.7713 -0.4496 0.4505
vn 0.7570 0.4809 0.4423
vn 0.7570 0.4809 0.4423
vn 0.8034 0.5689 0.1759
vn 0.8285 -0.5306 0.1791
vn 0.0000 0.0000 1.0000
vn 0.0000 0.0000 1.0000
vn 0.0000 0.0000 1.0000
vn 0.0000 0.0000 1.0000
vn -0.0000 -0.0000 1.0000
vn 0.0000 0.0000 1.0000
vn 0.0000 0.0000 1.0000
vn 0.0000 0.0000 1.0000
vn 0.0000 0.0000 1.0000
vn 0.0000 0.0000 1.0000
vn 0.0000 0.0000 1.0000
vn 0.0000 0.0000 1.0000
vn 0.0000 -0.0000 1.0000
vn 0.0000 0.0000 1.0000
vn 0.0000 0.0000 1.0000
vn 0.0000 0.0000 1.0000
vn 0.0000 -0.0000 1.0000
vn 0.0000 -0.0000 1.0000
vn 0.0000 0.0000 -1.0000
vn -0.0000 0.0000 -1.0000
vn 0.0000 0.0000 -1.0000
vn 0.0000 0.0000 -1.0000
vn 0.0000 0.0000 -1.0000
vn 0.0000 0.0000 -1.0000
vn 0.0000 0.0000 -1.0000
vn 0.0000 0.0000 -1.0000
vn 0.0000 0.0000 -1.0000
vn 0.0000 0.0000 -1.0000
vn 0.0000 0.0000 -1.0000
vn 0.0000 0.0000 -1.0000
vn 0.0000 0.0000 -1.0000
vn 0.0000 0.0000 -1.0000
vn 0.0000 0.0000 -1.0000
vn 0.0000 0.0000 -1.0000
vn 0.0000 0.0000 -1.0000
vn 0.0000 0.0000 -1.0000
vn 0.4423 0.4809 -0.7571
vn 0.1759 0.5689 -0.8034
vn 0.1791 -0.5306 -0.8285
vn 0.1791 -0.5306 -0.8285
vn 0.4505 -0.4496 -0.7713
vn 0.4423 0.4809 -0.7571
vn 0.7713 -0.4496 -0.4505
vn 0.7571 0.4809 -0.4423
vn 0.6312 0.4507 -0.6312
vn 0.6312 0.4507 -0.6312
vn 0.6408 -0.4228 -0.6408
vn 0.7713 -0.4496 -0.4505
vn 0.8034 0.5689 -0.1759
vn 0.7571 0.4809 -0.4423
vn 0.7713 -0.4496 -0.4505
vn 0.7713 -0.4496 -0.4505
vn 0.8285 -0.5306 -0.1791
vn 0.8034 0.5689 -0.1759
vn 0.7184 0.6922 -0.0689
vn 0.6196 0.7805 -0.0830
vn 0.6193 0.7808 0.0832
vn 0.6193 0.7808 0.0832
vn 0.7184 0.6922 0.0689
vn 0.7184 0.6922 -0.0689
vn 0.8862 0.4567 -0.0784
vn 0.7184 0.6922 -0.0689
vn 0.7184 0.6922 0.0689
vn 0.7184 0.6922 0.0689
vn 0.8862 0.4567 0.0784
vn 0.8862 0.4567 -0.0784
vn 0.9721 0.2095 -0.1051
vn 0.8862 0.4567 -0.0784
vn 0.8862 0.4567 0.0784
vn 0.8862 0.4567 0.0784
vn 0.9721 0.2096 0.1050
vn 0.9721 0.2095 -0.1051
vn -0.6549 -0.7522 0.0721
vn -0.5746 -0.8137 0.0880
vn -0.5749 -0.8135 -0.0883
vn -0.5749 -0.8135 -0.0883
vn -0.6549 -0.7522 -0.0721
vn -0.6549 -0.7522 0.0721
vn -0.8508 -0.5182 0.0873
vn -0.6549 -0.7522 0.0721
vn -0.6549 -0.7522 -0.0721
vn -0.6549 -0.7522 -0.0721
vn -0.8508 -0.5182 -0.0873
vn -0.8508 -0.5182 0.0873
vn -0.9639 -0.2369 0.1217
vn -0.8508 -0.5182 0.0873
vn -0.8508 -0.5182 -0.0873
vn -0.8508 -0.5182 -0.0873
vn -0.9639 -0.2367 -0.1215
vn -0.9639 -0.2369 0.1217
vn 0.0000 0.0000 1.0000
vn 0.0000 0.0000 1.0000
vn 0.0000 0.0000 1.0000
vn 0.0000 0.0000 1.0000
vn 0.0000 0.0000 1.0000
vn 0.0000 0.0000 1.0000
vn 0.0000 0.0000 1.0000
vn 0.0000 0.0000 1.0000
vn 0.0000 0.0000 1.0000
vn 0.0000 0.0000 1.0000
vn 0.0000 0.0000 1.0000
vn 0.0000 0.0000 1.0000
vn 0.0000 0.0000 1.0000
vn 0.0000 0.0000 1.0000
vn 0.0000 0.0000 1.0000
vn 0.0000 0.0000 1.0000
vn 0.0000 0.0000 1.0000
vn 0.0000 0.0000 1.0000
vn 0.0000 0.0000 -1.0000
vn 0.0000 -0.0000 -1.0000
vn 0.0000 -0.0000 -1.0000
vn 0.0000 -0.0000 -1.0000
vn 0.0000 0.0000 -1.0000
vn 0.0000 0.0000 -1.0000
vn 0.0000 0.0000 -1.0000
vn 0.0000 0.0000 -1.0000
vn 0.0000 0.0000 -1.0000
vn 0.0000 0.0000 -1.0000
vn 0.0000 0.0000 -1.0000
vn 0.0000 0.0000 -1.0000
vn 0.0000 0.0000 -1.0000
vn 0.0000 0.0000 -1.0000
vn 0.0000 0.0000 -1.0000
vn 0.0000 0.0000 -1.0000
vn 0.0000 0.0000 -1.0000
vn 0.0000 0.0000 -1.0000
vn -0.0351 0.9852 0.1677
vn -0.0114 0.9881 0.1531
vn 0.0000 0.9972 0.0754
vn 0.0000 0.9972 0.0754
vn -0.0534 0.9970 0.0561
vn -0.0351 0.9852 0.1677
vn -0.0324 0.8856 0.4634
vn -0.0556 0.9014 0.4295
vn -0.0114 0.9881 0.1531
vn -0.0114 0.9881 0.1531
vn -0.0351 0.9852 0.1677
vn -0.0324 0.8856 0.4634
vn -0.0195 0.7630 0.6461
vn -0.1759 0.5689 0.8034
vn -0.0556 0.9014 0.4295
vn -0.0556 0.9014 0.4295
vn -0.0324 0.8856 0.4634
vn -0.0195 0.7630 0.6461
vn -0.1285 0.9906 0.0478
vn -0.0534 0.9970 0.0561
vn -0.0534 0.9970 -0.0561
vn -0.0534 0.9970 -0.0561
vn -0.1285 0.9906 -0.0478
vn -0.1285 0.9906 0.0478
vn -0.2404 0.9693 0.0521
vn -0.1285 0.9906 0.0478
vn -0.1285 0.9906 -0.0478
vn -0.1285 0.9906 -0.0478
vn -0.2404 0.9693 -0.0521
vn -0.2404 0.9693 0.0521
vn -0.4052 0.9118 0.0667
vn -0.2404 0.9693 0.0521
vn -0.2404 0.9693 -0.0521
vn -0.2404 0.9693 -0.0521
vn -0.4055 0.9116 -0.0669
vn -0.4052 0.9118 0.0667
vn -0.0351 0.9852 -0.1677
vn -0.0534 0.9970 -0.0561
vn 0.0000 0.9972 -0.0754
vn 0.0000 0.9972 -0.0754
vn -0.0114 0.9881 -0.1531
vn -0.0351 0.9852 -0.1677
vn -0.0324 0.8855 -0.4634
vn -0.0351 0.9852 -0.1677
vn -0.0114 0.9881 -0.1531
vn -0.0114 0.9881 -0.1531
vn -0.0556 0.9014 -0.4295
vn -0.0324 0.8855 -0.4634
vn -0.0195 0.7630 -0.6462
vn -0.0324 0.8855 -0.4634
vn -0.0556 0.9014 -0.4295
vn -0.0556 0.9014 -0.4295
vn -0.1759 0.5689 -0.8034
vn -0.0195 0.7630 -0.6462
vn 0.0000 1.0000 -0.0000
vn 0.0000 1.0000 -0.0000
vn 0.0000 1.0000 -0.0000
vn 0.0000 1.0000 -0.0000
vn 0.0000 1.0000 -0.0000
vn 0.0000 1.0000 -0.0000
vn 0.0000 1.0000 -0.0000
vn 0.0000 1.0000 -0.0000
vn 0.0000 1.0000 -0.0000
vn 0.0000 1.0000 -0.0000
vn 0.0000 1.0000 -0.0000
vn 0.0000 1.0000 -0.0000
vn 0.0000 1.0000 -0.0000
vn 0.0000 1.0000 -0.0000
vn 0.0000 1.0000 -0.0000
vn 0.0000 1.0000 -0.0000
vn 0.0000 1.0000 -0.0000
vn 0.0000 1.0000 -0.0000
vn -0.0129 -0.9848 0.1730
vn 0.0402 -0.9817 0.1863
vn 0.0481 -0.9970 0.0607
vn 0.0481 -0.9970 0.0607
vn 0.0000 -0.9963 0.0855
vn -0.0129 -0.9848 0.1730
vn -0.0609 -0.8804 0.4703
vn 0.0361 -0.8618 0.5060
vn 0.0402 -0.9817 0.1863
vn 0.0402 -0.9817 0.1863
vn -0.0129 -0.9848 0.1730
vn -0.0609 -0.8804 0.4703
vn -0.1791 -0.5306 0.8285
vn 0.0333 -0.7192 0.6940
vn 0.0361 -0.8618 0.5060
vn 0.0361 -0.8618 0.5060
vn -0.0609 -0.8804 0.4703
vn -0.1791 -0.5306 0.8285
vn 0.0000 -1.0000 -0.0000
vn -0.0000 -1.0000 -0.0000
vn -0.0000 -1.0000 -0.0000
vn -0.0000 -1.0000 -0.0000
vn 0.0000 -1.0000 -0.0000
vn 0.0000 -1.0000 -0.0000
vn 0.0000 -1.0000 -0.0000
vn 0.0000 -1.0000 -0.0000
vn 0.0000 -1.0000 -0.0000
vn 0.0000 -1.0000 -0.0000
vn 0.0000 -1.0000 -0.0000
vn 0.0000 -1.0000 -0.0000
vn 0.0000 -1.0000 -0.0000
vn 0.0000 -1.0000 -0.0000
vn 0.0000 -1.0000 -0.0000
vn 0.0000 -1.0000 -0.0000
vn 0.0000 -1.0000 -0.0000
vn 0.0000 -1.0000 -0.0000
vn -0.0129 -0.9848 -0.1730
vn -0.0000 -0.9963 -0.0855
vn 0.0481 -0.9970 -0.0607
vn 0.0481 -0.9970 -0.0607
vn 0.0402 -0.9817 -0.1863
vn -0.0129 -0.9848 -0.1730
vn -0.0609 -0.8804 -0.4703
vn -0.0129 -0.9848 -0.1730
vn 0.0402 -0.9817 -0.1863
vn 0.0402 -0.9817 -0.1863
vn 0.0361 -0.8618 -0.5060
vn -0.0609 -0.8804 -0.4703
vn -0.1791 -0.5306 -0.8285
vn -0.0609 -0.8804 -0.4703
vn 0.0361 -0.8618 -0.5060
vn 0.0361 -0.8618 -0.5060
vn 0.0333 -0.7192 -0.6940
vn -0.1791 -0.5306 -0.8285
vn 0.1264 -0.9907 -0.0510
vn 0.0481 -0.9970 -0.0607
vn 0.0481 -0.9970 0.0607
vn 0.0481 -0.9970 0.0607
vn 0.1264 -0.9907 0.0510
vn 0.1264 -0.9907 -0.0510
vn 0.2402 -0.9691 -0.0559
vn 0.1264 -0.9907 -0.0510
vn 0.1264 -0.9907 0.0510
vn 0.1264 -0.9907 0.0510
vn 0.2402 -0.9691 0.0559
vn 0.2402 -0.9691 -0.0559
vn 0.4068 -0.9101 -0.0787
vn 0.2402 -0.9691 -0.0559
vn 0.2402 -0.9691 0.0559
vn 0.2402 -0.9691 0.0559
vn 0.4065 -0.9102 0.0789
vn 0.4068 -0.9101 -0.0787
vn 0.0000 0.0000 1.0000
vn 0.0000 -0.0000 1.0000
vn 0.0000 0.0000 1.0000
vn 0.0000 0.0000 1.0000
vn 0.0000 0.0000 1.0000
vn 0.0000 0.0000 1.0000
vn 0.0000 0.0000 1.0000
vn 0.0000 0.0000 1.0000
vn 0.0000 0.0000 1.0000
vn 0.0000 0.0000 1.0000
vn 0.0000 0.0000 1.0000
vn 0.0000 0.0000 1.0000
vn -0.0000 -0.0000 1.0000
vn -0.0000 -0.0000 1.0000
vn 0.0000 0.0000 1.0000
vn 0.0000 0.0000 1.0000
vn 0.0000 0.0000 1.0000
vn -0.0000 -0.0000 1.0000
vn -0.4423 0.4809 0.7570
vn -0.1759 0.5689 0.8034
vn -0.1791 -0.5306 0.8285
vn -0.1791 -0.5306 0.8285
vn -0.4505 -0.4496 0.7713
vn -0.4423 0.4809 0.7570
vn -0.7713 -0.4496 0.4505
vn -0.7570 0.4809 0.4423
vn -0.6312 0.4507 0.6312
vn -0.6312 0.4507 0.6312
vn -0.6408 -0.4228 0.6408
vn -0.7713 -0.4496 0.4505
vn -0.8034 0.5689 0.1759
vn -0.7570 0.4809 0.4423
vn -0.7713 -0.4496 0.4505
vn -0.7713 -0.4496 0.4505
vn -0.8285 -0.5306 0.1791
vn -0.8034 0.5689 0.1759
vn -0.4505 -0.4496 -0.7713
vn -0.1791 -0.5306 -0.8285
vn -0.1759 0.5689 -0.8034
vn -0.1759 0.5689 -0.8034
vn -0.4423 0.4809 -0.7571
vn -0.4505 -0.4496 -0.7713
vn -0.7570 0.4809 -0.4423
vn -0.7713 -0.4496 -0.4505
vn -0.6408 -0.4228 -0.6408
vn -0.6408 -0.4228 -0.6408
vn -0.6312 0.4507 -0.6312
vn -0.7570 0.4809 -0.4423
vn -0.8285 -0.5306 -0.1791
vn -0.7713 -0.4496 -0.4505
vn -0.7570 0.4809 -0.4423
vn -0.7570 0.4809 -0.4423
vn -0.8034 0.5689 -0.1759
vn -0.8285 -0.5306 -0.1791
vn -0.0000 0.0000 -1.0000
vn -0.0000 0.0000 -1.0000
vn -0.0000 0.0000 -1.0000
vn -0.0000 0.0000 -1.0000
vn 0.0000 0.0000 -1.0000
vn -0.0000 0.0000 -1.0000
vn -0.0000 0.0000 -1.0000
vn -0.0000 0.0000 -1.0000
vn -0.0000 0.0000 -1.0000
vn -0.0000 0.0000 -1.0000
vn -0.0000 0.0000 -1.0000
vn -0.0000 0.0000 -1.0000
vn -0.0000 0.0000 -1.0000
vn -0.0000 0.0000 -1.0000
vn -0.0000 0.0000 -1.0000
vn -0.0000 0.0000 -1.0000
vn -0.0000 0.0000 -1.0000
vn -0.0000 0.0000 -1.0000
vn -0.7184 0.6923 0.0689
vn -0.6196 0.7805 0.0830
vn -0.6193 0.7807 -0.0832
vn -0.6193 0.7807 -0.0832
vn -0.7184 0.6922 -0.0689
vn -0.7184 0.6923 0.0689
vn -0.8862 0.4567 0.0784
vn -0.7184 0.6923 0.0689
vn -0.7184 0.6922 -0.0689
vn -0.7184 0.6922 -0.0689
vn -0.8862 0.4567 -0.0784
vn -0.8862 0.4567 0.0784
vn -0.9721 0.2095 0.1051
vn -0.8862 0.4567 0.0784
vn -0.8862 0.4567 -0.0784
vn -0.8862 0.4567 -0.0784
vn -0.9721 0.2096 -0.1050
vn -0.9721 0.2095 0.1051
vn 0.6549 -0.7522 -0.0721
vn 0.5747 -0.8136 -0.0880
vn 0.5749 -0.8135 0.0883
vn 0.5749 -0.8135 0.0883
vn 0.6549 -0.7522 0.0721
vn 0.6549 -0.7522 -0.0721
vn 0.8508 -0.5182 -0.0873
vn 0.6549 -0.7522 -0.0721
vn 0.6549 -0.7522 0.0721
vn 0.6549 -0.7522 0.0721
vn 0.8508 -0.5182 0.0873
vn 0.8508 -0.5182 -0.0873
vn 0.9639 -0.2369 -0.1217
vn 0.8508 -0.5182 -0.0873
vn 0.8508 -0.5182 0.0873
vn 0.8508 -0.5182 0.0873
vn 0.9639 -0.2367 0.1215
vn 0.9639 -0.2369 -0.1217
vn -0.0000 0.0000 1.0000
vn -0.0000 0.0000 1.0000
vn -0.0000 0.0000 1.0000
vn -0.0000 0.0000 1.0000
vn -0.0000 0.0000 1.0000
vn -0.0000 0.0000 1.0000
vn -0.0000 0.0000 1.0000
vn -0.0000 0.0000 1.0000
vn -0.0000 0.0000 1.0000
vn -0.0000 0.0000 1.0000
vn -0.0000 0.0000 1.0000
vn -0.0000 0.0000 1.0000
vn -0.0000 0.0000 1.0000
vn -0.0000 0.0000 1.0000
vn -0.0000 0.0000 1.0000
vn -0.0000 0.0000 1.0000
vn -0.0000 0.0000 1.0000
vn -0.0000 0.0000 1.0000
vn 0.0000 0.0000 -1.0000
vn 0.0000 0.0000 -1.0000
vn -0.0000 -0.0000 -1.0000
vn -0.0000 -0.0000 -1.0000
vn -0.0000 -0.0000 -1.0000
vn 0.0000 0.0000 -1.0000
vn 0.0000 0.0000 -1.0000
vn 0.0000 0.0000 -1.0000
vn 0.0000 0.0000 -1.0000
vn 0.0000 0.0000 -1.0000
vn 0.0000 0.0000 -1.0000
vn 0.0000 0.0000 -1.0000
vn 0.0000 0.0000 -1.0000
vn 0.0000 0.0000 -1.0000
vn 0.0000 0.0000 -1.0000
vn 0.0000 0.0000 -1.0000
vn 0.0000 0.0000 -1.0000
vn 0.0000 0.0000 -1.0000
vn -0.0478 0.9906 -0.1285
vn -0.0561 0.9970 -0.0534
vn 0.0561 0.9970 -0.0534
vn 0.0561 0.9970 -0.0534
vn 0.0478 0.9906 -0.1285
vn -0.0478 0.9906 -0.1285
vn -0.0521 0.9693 -0.2404
vn -0.0478 0.9906 -0.1285
vn 0.0478 0.9906 -0.1285
vn 0.0478 0.9906 -0.1285
vn 0.0521 0.9693 -0.2404
vn -0.0521 0.9693 -0.2404
vn -0.0667 0.9118 -0.4052
vn -0.0521 0.9693 -0.2404
vn 0.0521 0.9693 -0.2404
vn 0.0521 0.9693 -0.2404
vn 0.0669 0.9116 -0.4055
vn -0.0667 0.9118 -0.4052
vn 0.0510 -0.9907 0.1264
vn 0.0607 -0.9970 0.0481
vn -0.0607 -0.9970 0.0481
vn -0.0607 -0.9970 0.0481
vn -0.0510 -0.9907 0.1264
vn 0.0510 -0.9907 0.1264
vn 0.0559 -0.9691 0.2402
vn 0.0510 -0.9907 0.1264
vn -0.0510 -0.9907 0.1264
vn -0.0510 -0.9907 0.1264
vn -0.0559 -0.9691 0.2402
vn 0.0559 -0.9691 0.2402
vn 0.0787 -0.9120 0.4025
vn 0.0559 -0.9691 0.2402
vn -0.0559 -0.9691 0.2402
vn -0.0559 -0.9691 0.2402
vn -0.0789 -0.9121 0.4023
vn 0.0787 -0.9120 0.4025
vn -1.0000 0.0000 -0.0000
vn -1.0000 0.0000 -0.0000
vn -1.0000 0.0000 -0.0000
vn -1.0000 0.0000 -0.0000
vn -1.0000 0.0000 -0.0000
vn -1.0000 0.0000 -0.0000
vn -1.0000 0.0000 -0.0000
vn -1.0000 0.0000 -0.0000
vn -1.0000 0.0000 -0.0000
vn -1.0000 0.0000 -0.0000
vn -1.0000 0.0000 -0.0000
vn -1.0000 0.0000 -0.0000
vn -1.0000 0.0000 -0.0000
vn -1.0000 0.0000 -0.0000
vn -1.0000 0.0000 -0.0000
vn -1.0000 0.0000 -0.0000
vn -1.0000 0.0000 -0.0000
vn -1.0000 0.0000 -0.0000
vn 1.0000 0.0000 -0.0000
vn 1.0000 0.0000 -0.0000
vn 1.0000 0.0000 -0.0000
vn 1.0000 0.0000 -0.0000
vn 1.0000 0.0000 -0.0000
vn 1.0000 0.0000 -0.0000
vn 1.0000 0.0000 -0.0000
vn 1.0000 0.0000 -0.0000
vn 1.0000 0.0000 -0.0000
vn 1.0000 0.0000 -0.0000
vn 1.0000 0.0000 -0.0000
vn 1.0000 0.0000 -0.0000
vn 1.0000 0.0000 0.0000
vn 1.0000 0.0000 0.0000
vn 1.0000 0.0000 -0.0000
vn 1.0000 0.0000 -0.0000
vn 1.0000 0.0000 -0.0000
vn 1.0000 0.0000 0.0000
vn -0.0689 0.6922 -0.7184
vn -0.0830 0.7805 -0.6196
vn 0.0832 0.7807 -0.6193
vn 0.0832 0.7807 -0.6193
vn 0.0689 0.6922 -0.7184
vn -0.0689 0.6922 -0.7184
vn -0.0784 0.4567 -0.8862
vn -0.0689 0.6922 -0.7184
vn 0.0689 0.6922 -0.7184
vn 0.0689 0.6922 -0.7184
vn 0.0784 0.4567 -0.8862
vn -0.0784 0.4567 -0.8862
vn -0.1051 0.2095 -0.9721
vn -0.0784 0.4567 -0.8862
vn 0.0784 0.4567 -0.8862
vn 0.0784 0.4567 -0.8862
vn 0.1050 0.2097 -0.9721
vn -0.1051 0.2095 -0.9721
vn 0.0724 -0.7555 0.6511
vn 0.0878 -0.8183 0.5680
vn -0.0881 -0.8181 0.5683
vn -0.0881 -0.8181 0.5683
vn -0.0724 -0.7555 0.6511
vn 0.0724 -0.7555 0.6511
vn 0.0880 -0.5220 0.8484
vn 0.0724 -0.7555 0.6511
vn -0.0724 -0.7555 0.6511
vn -0.0724 -0.7555 0.6511
vn -0.0880 -0.5220 0.8484
vn 0.0880 -0.5220 0.8484
vn 0.1229 -0.2391 0.9632
vn 0.0880 -0.5220 0.8484
vn -0.0880 -0.5220 0.8484
vn -0.0880 -0.5220 0.8484
vn -0.1227 -0.2389 0.9632
vn 0.1229 -0.2391 0.9632
vn -1.0000 0.0000 -0.0000
vn -1.0000 0.0000 -0.0000
vn -1.0000 0.0000 -0.0000
vn -1.0000 0.0000 -0.0000
vn -1.0000 0.0000 -0.0000
vn -1.0000 0.0000 -0.0000
vn -1.0000 0.0000 -0.0000
vn -1.0000 0.0000 -0.0000
vn -1.0000 0.0000 -0.0000
vn -1.0000 0.0000 -0.0000
vn -1.0000 0.0000 -0.0000
vn -1.0000 0.0000 -0.0000
vn -1.0000 0.0000 -0.0000
vn -1.0000 0.0000 -0.0000
vn -1.0000 0.0000 -0.0000
vn -1.0000 0.0000 -0.0000
vn -1.0000 -0.0000 -0.0000
vn -1.0000 0.0000 -0.0000
vn 1.0000 0.0000 -0.0000
vn 1.0000 0.0000 -0.0000
vn 1.0000 0.0000 -0.0000
vn 1.0000 0.0000 -0.0000
vn 1.0000 0.0000 -0.0000
vn 1.0000 0.0000 -0.0000
vn 1.0000 0.0000 -0.0000
vn 1.0000 0.0000 -0.0000
vn 1.0000 0.0000 -0.0000
vn 1.0000 0.0000 -0.0000
vn 1.0000 0.0000 -0.0000
vn 1.0000 0.0000 -0.0000
vn 1.0000 -0.0000 -0.0000
vn 1.0000 -0.0000 -0.0000
vn 1.0000 0.0000 -0.0000
vn 1.0000 0.0000 -0.0000
vn 1.0000 0.0000 -0.0000
vn 1.0000 -0.0000 -0.0000
vn 0.0478 0.9906 0.1285
vn 0.0561 0.9970 0.0534
vn -0.0561 0.9970 0.0534
vn -0.0561 0.9970 0.0534
vn -0.0478 0.9906 0.1285
vn 0.0478 0.9906 0.1285
vn 0.0521 0.9693 0.2404
vn 0.0478 0.9906 0.1285
vn -0.0478 0.9906 0.1285
vn -0.0478 0.9906 0.1285
vn -0.0521 0.9693 0.2404
vn 0.0521 0.9693 0.2404
vn 0.0667 0.9118 0.4052
vn 0.0521 0.9693 0.2404
vn -0.0521 0.9693 0.2404
vn -0.0521 0.9693 0.2404
vn -0.0669 0.9116 0.4055
vn 0.0667 0.9118 0.4052
vn -0.0510 -0.9907 -0.1264
vn -0.0607 -0.9970 -0.0481
vn 0.0607 -0.9970 -0.0481
vn 0.0607 -0.9970 -0.0481
vn 0.0510 -0.9907 -0.1264
vn -0.0510 -0.9907 -0.1264
vn -0.0559 -0.9691 -0.2402
vn -0.0510 -0.9907 -0.1264
vn 0.0510 -0.9907 -0.1264
vn 0.0510 -0.9907 -0.1264
vn 0.0559 -0.9691 -0.2402
vn -0.0559 -0.9691 -0.2402
vn -0.0787 -0.9120 -0.4025
vn -0.0559 -0.9691 -0.2402
vn 0.0559 -0.9691 -0.2402
vn 0.0559 -0.9691 -0.2402
vn 0.0789 -0.9121 -0.4023
vn -0.0787 -0.9120 -0.4025
vn -1.0000 -0.0000 -0.0000
vn -1.0000 -0.0000 -0.0000
vn -1.0000 -0.0000 -0.0000
vn -1.0000 -0.0000 -0.0000
vn -1.0000 -0.0000 -0.0000
vn -1.0000 -0.0000 -0.0000
vn -1.0000 -0.0000 -0.0000
vn -1.0000 -0.0000 -0.0000
vn -1.0000 -0.0000 -0.0000
vn -1.0000 -0.0000 -0.0000
vn -1.0000 -0.0000 -0.0000
vn -1.0000 -0.0000 -0.0000
vn -1.0000 -0.0000 -0.0000
vn -1.0000 -0.0000 0.0000
vn -1.0000 -0.0000 -0.0000
vn -1.0000 -0.0000 -0.0000
vn -1.0000 -0.0000 -0.0000
vn -1.0000 -0.0000 -0.0000
vn 1.0000 0.0000 -0.0000
vn 1.0000 0.0000 -0.0000
vn 1.0000 -0.0000 0.0000
vn 1.0000 -0.0000 0.0000
vn 1.0000 -0.0000 0.0000
vn 1.0000 0.0000 -0.0000
vn 1.0000 0.0000 -0.0000
vn 1.0000 0.0000 -0.0000
vn 1.0000 0.0000 -0.0000
vn 1.0000 0.0000 -0.0000
vn 1.0000 0.0000 -0.0000
vn 1.0000 0.0000 -0.0000
vn 1.0000 0.0000 -0.0000
vn 1.0000 0.0000 -0.0000
vn 1.0000 0.0000 -0.0000
vn 1.0000 0.0000 -0.0000
vn 1.0000 0.0000 0.0000
vn 1.0000 0.0000 -0.0000
vn 0.0689 0.6922 0.7184
vn 0.0830 0.7805 0.6196
vn -0.0832 0.7807 0.6193
vn -0.0832 0.7807 0.6193
vn -0.0689 0.6922 0.7184
vn 0.0689 0.6922 0.7184
vn 0.0784 0.4567 0.8862
vn 0.0689 0.6922 0.7184
vn -0.0689 0.6922 0.7184
vn -0.0689 0.6922 0.7184
vn -0.0784 0.4567 0.8862
vn 0.0784 0.4567 0.8862
vn 0.1051 0.2095 0.9721
vn 0.0784 0.4567 0.8862
vn -0.0784 0.4567 0.8862
vn -0.0784 0.4567 0.8862
vn -0.1050 0.2096 0.9721
vn 0.1051 0.2095 0.9721
vn -0.0724 -0.7555 -0.6511
vn -0.0879 -0.8183 -0.5680
vn 0.0881 -0.8181 -0.5683
vn 0.0881 -0.8181 -0.5683
vn 0.0725 -0.7555 -0.6511
vn -0.0724 -0.7555 -0.6511
vn -0.0880 -0.5220 -0.8484
vn -0.0724 -0.7555 -0.6511
vn 0.0725 -0.7555 -0.6511
vn 0.0725 -0.7555 -0.6511
vn 0.0880 -0.5220 -0.8484
vn -0.0880 -0.5220 -0.8484
vn -0.1229 -0.2391 -0.9632
vn -0.0880 -0.5220 -0.8484
vn 0.0880 -0.5220 -0.8484
vn 0.0880 -0.5220 -0.8484
vn 0.1227 -0.2390 -0.9632
vn -0.1229 -0.2391 -0.9632
vn -0.9747 -0.1089 -0.1952
vn -0.9539 -0.0514 -0.2956
vn -0.9342 0.0558 0.3523
vn -0.9342 0.0558 0.3523
vn -0.9517 0.1498 0.2681
vn -0.9747 -0.1089 -0.1952
vn -0.9635 -0.1945 -0.1838
vn -0.9747 -0.1089 -0.1952
vn -0.9517 0.1498 0.2681
vn -0.9517 0.1498 0.2681
vn -0.9413 0.2450 0.2324
vn -0.9635 -0.1945 -0.1838
vn -0.9178 0.3119 0.2457
vn -0.8790 -0.3926 -0.2706
vn -0.9635 -0.1945 -0.1838
vn -0.9635 -0.1945 -0.1838
vn -0.9413 0.2450 0.2324
vn -0.9178 0.3119 0.2457
vn 0.9747 -0.1089 -0.1952
vn 0.9517 0.1498 0.2681
vn 0.9343 0.0561 0.3521
vn 0.9343 0.0561 0.3521
vn 0.9539 -0.0517 -0.2957
vn 0.9747 -0.1089 -0.1952
vn 0.9413 0.2450 0.2324
vn 0.9517 0.1498 0.2681
vn 0.9747 -0.1089 -0.1952
vn 0.9747 -0.1089 -0.1952
vn 0.9635 -0.1945 -0.1838
vn 0.9413 0.2450 0.2324
vn 0.9178 0.3119 0.2457
vn 0.9413 0.2450 0.2324
vn 0.9635 -0.1945 -0.1838
vn 0.9635 -0.1945 -0.1838
vn 0.8790 -0.3927 -0.2704
vn 0.9178 0.3119 0.2457
vn 0.5970 0.7655 0.2398
vn 0.6193 0.7808 0.0832
vn 0.4055 0.9116 0.0669
vn 0.4055 0.9116 0.0669
vn 0.4644 0.8595 0.2134
vn 0.5970 0.7655 0.2398
vn 0.4970 0.6328 0.5938
vn 0.5970 0.7655 0.2398
vn 0.4644 0.8595 0.2134
vn 0.4644 0.8595 0.2134
vn 0.3948 0.7301 0.5578
vn 0.4970 0.6328 0.5938
vn 0.3861 0.4901 0.7815
vn 0.4970 0.6328 0.5938
vn 0.3948 0.7301 0.5578
vn 0.3948 0.7301 0.5578
vn 0.2777 0.5950 0.7542
vn 0.3861 0.4901 0.7815
vn 0.4640 0.8597 -0.2135
vn 0.4052 0.9118 -0.0667
vn 0.6196 0.7805 -0.0830
vn 0.6196 0.7805 -0.0830
vn 0.5974 0.7652 -0.2400
vn 0.4640 0.8597 -0.2135
vn 0.3946 0.7301 -0.5578
vn 0.4640 0.8597 -0.2135
vn 0.5974 0.7652 -0.2400
vn 0.5974 0.7652 -0.2400
vn 0.4971 0.6326 -0.5939
vn 0.3946 0.7301 -0.5578
vn 0.2778 0.5950 -0.7542
vn 0.3946 0.7301 -0.5578
vn 0.4971 0.6326 -0.5939
vn 0.4971 0.6326 -0.5939
vn 0.3861 0.4901 -0.7815
vn 0.2778 0.5950 -0.7542
vn -0.4301 -0.8689 0.2450
vn -0.4068 -0.9101 0.0787
vn -0.5746 -0.8137 0.0880
vn -0.5746 -0.8137 0.0880
vn -0.5691 -0.7808 0.2578
vn -0.4301 -0.8689 0.2450
vn -0.3470 -0.7053 0.6182
vn -0.4301 -0.8689 0.2450
vn -0.5691 -0.7808 0.2578
vn -0.5691 -0.7808 0.2578
vn -0.4642 -0.6328 0.6198
vn -0.3470 -0.7053 0.6182
vn -0.2939 -0.5094 0.8088
vn -0.3470 -0.7053 0.6182
vn -0.4642 -0.6328 0.6198
vn -0.4642 -0.6328 0.6198
vn -0.3449 -0.4923 0.7992
vn -0.2939 -0.5094 0.8088
vn -0.5693 -0.7807 -0.2577
vn -0.5749 -0.8135 -0.0883
vn -0.4065 -0.9102 -0.0789
vn -0.4065 -0.9102 -0.0789
vn -0.4300 -0.8690 -0.2448
vn -0.5693 -0.7807 -0.2577
vn -0.4641 -0.6331 -0.6196
vn -0.5693 -0.7807 -0.2577
vn -0.4300 -0.8690 -0.2448
vn -0.4300 -0.8690 -0.2448
vn -0.3471 -0.7053 -0.6182
vn -0.4641 -0.6331 -0.6196
vn -0.3447 -0.4923 -0.7993
vn -0.4641 -0.6331 -0.6196
vn -0.3471 -0.7053 -0.6182
vn -0.3471 -0.7053 -0.6182
vn -0.2941 -0.5088 -0.8091
vn -0.3447 -0.4923 -0.7993
vn 0.9557 0.0003 0.2942
vn 0.9911 0.0000 0.1328
vn 0.9721 0.2096 0.1050
vn 0.9721 0.2096 0.1050
vn 0.9434 0.1391 0.3011
vn 0.9557 0.0003 0.2942
vn 0.7170 0.0007 0.6971
vn 0.9557 0.0003 0.2942
vn 0.9434 0.1391 0.3011
vn 0.9434 0.1391 0.3011
vn 0.7312 0.1058 0.6739
vn 0.7170 0.0007 0.6971
vn 0.4728 0.0008 0.8812
vn 0.7170 0.0007 0.6971
vn 0.7312 0.1058 0.6739
vn 0.7312 0.1058 0.6739
vn 0.5069 0.0803 0.8583
vn 0.4728 0.0008 0.8812
vn 0.9434 0.1390 -0.3010
vn 0.9721 0.2095 -0.1051
vn 0.9911 0.0004 -0.1331
vn 0.9911 0.0004 -0.1331
vn 0.9558 0.0005 -0.2940
vn 0.9434 0.1390 -0.3010
vn 0.7312 0.1060 -0.6739
vn 0.9434 0.1390 -0.3010
vn 0.9558 0.0005 -0.2940
vn 0.9558 0.0005 -0.2940
vn 0.7172 0.0003 -0.6969
vn 0.7312 0.1060 -0.6739
vn 0.5066 0.0807 -0.8584
vn 0.7312 0.1060 -0.6739
vn 0.7172 0.0003 -0.6969
vn 0.7172 0.0003 -0.6969
vn 0.4723 0.0000 -0.8814
vn 0.5066 0.0807 -0.8584
vn -0.9176 -0.1878 0.3503
vn -0.9639 -0.2369 0.1217
vn -0.9877 0.0006 0.1561
vn -0.9877 0.0006 0.1561
vn -0.9413 0.0007 0.3375
vn -0.9176 -0.1878 0.3503
vn -0.6484 -0.1299 0.7501
vn -0.9176 -0.1878 0.3503
vn -0.9413 0.0007 0.3375
vn -0.9413 0.0007 0.3375
vn -0.6693 0.0004 0.7430
vn -0.6484 -0.1299 0.7501
vn -0.4504 -0.0777 0.8894
vn -0.6484 -0.1299 0.7501
vn -0.6693 0.0004 0.7430
vn -0.6693 0.0004 0.7430
vn -0.4144 0.0000 0.9101
vn -0.4504 -0.0777 0.8894
vn -0.9413 0.0004 -0.3376
vn -0.9878 -0.0000 -0.1558
vn -0.9639 -0.2367 -0.1215
vn -0.9639 -0.2367 -0.1215
vn -0.9176 -0.1877 -0.3504
vn -0.9413 0.0004 -0.3376
vn -0.6691 0.0008 -0.7432
vn -0.9413 0.0004 -0.3376
vn -0.9176 -0.1877 -0.3504
vn -0.9176 -0.1877 -0.3504
vn -0.6483 -0.1301 -0.7502
vn -0.6691 0.0008 -0.7432
vn -0.4149 0.0009 -0.9099
vn -0.6691 0.0008 -0.7432
vn -0.6483 -0.1301 -0.7502
vn -0.6483 -0.1301 -0.7502
vn -0.4507 -0.0782 -0.8893
vn -0.4149 0.0009 -0.9099
vn -0.4640 0.8597 0.2135
vn -0.4052 0.9118 0.0667
vn -0.6196 0.7805 0.0830
vn -0.6196 0.7805 0.0830
vn -0.5974 0.7652 0.2400
vn -0.4640 0.8597 0.2135
vn -0.3946 0.7301 0.5578
vn -0.4640 0.8597 0.2135
vn -0.5974 0.7652 0.2400
vn -0.5974 0.7652 0.2400
vn -0.4971 0.6326 0.5939
vn -0.3946 0.7301 0.5578
vn -0.2778 0.5950 0.7542
vn -0.3946 0.7301 0.5578
vn -0.4971 0.6326 0.5939
vn -0.4971 0.6326 0.5939
vn -0.3861 0.4901 0.7815
vn -0.2778 0.5950 0.7542
vn -0.5970 0.7655 -0.2398
vn -0.6193 0.7807 -0.0832
vn -0.4055 0.9116 -0.0669
vn -0.4055 0.9116 -0.0669
vn -0.4644 0.8595 -0.2134
vn -0.5970 0.7655 -0.2398
vn -0.4970 0.6328 -0.5938
vn -0.5970 0.7655 -0.2398
vn -0.4644 0.8595 -0.2134
vn -0.4644 0.8595 -0.2134
vn -0.3948 0.7301 -0.5578
vn -0.4970 0.6328 -0.5938
vn -0.3861 0.4901 -0.7815
vn -0.4970 0.6328 -0.5938
vn -0.3948 0.7301 -0.5578
vn -0.3948 0.7301 -0.5578
vn -0.2777 0.5950 -0.7542
vn -0.3861 0.4901 -0.7815
vn 0.5693 -0.7807 0.2577
vn 0.5749 -0.8135 0.0883
vn 0.4065 -0.9102 0.0789
vn 0.4065 -0.9102 0.0789
vn 0.4300 -0.8690 0.2448
vn 0.5693 -0.7807 0.2577
vn 0.4641 -0.6331 0.6196
vn 0.5693 -0.7807 0.2577
vn 0.4300 -0.8690 0.2448
vn 0.4300 -0.8690 0.2448
vn 0.3471 -0.7053 0.6182
vn 0.4641 -0.6331 0.6196
vn 0.3447 -0.4923 0.7992
vn 0.4641 -0.6331 0.6196
vn 0.3471 -0.7053 0.6182
vn 0.3471 -0.7053 0.6182
vn 0.2941 -0.5089 0.8091
vn 0.3447 -0.4923 0.7992
vn 0.4301 -0.8689 -0.2450
vn 0.4068 -0.9101 -0.0787
vn 0.5747 -0.8136 -0.0880
vn 0.5747 -0.8136 -0.0880
vn 0.5691 -0.7808 -0.2578
vn 0.4301 -0.8689 -0.2450
vn 0.3470 -0.7053 -0.6182
vn 0.4301 -0.8689 -0.2450
vn 0.5691 -0.7808 -0.2578
vn 0.5691 -0.7808 -0.2578
vn 0.4642 -0.6328 -0.6198
vn 0.3470 -0.7053 -0.6182
vn 0.2939 -0.5094 -0.8088
vn 0.3470 -0.7053 -0.6182
vn 0.4642 -0.6328 -0.6198
vn 0.4642 -0.6328 -0.6198
vn 0.3449 -0.4923 -0.7992
vn 0.2939 -0.5094 -0.8088
vn -0.9434 0.1389 0.3010
vn -0.9721 0.2095 0.1051
vn -0.9911 0.0004 0.1331
vn -0.9911 0.0004 0.1331
vn -0.9558 0.0005 0.2940
vn -0.9434 0.1389 0.3010
vn -0.7312 0.1060 0.6739
vn -0.9434 0.1389 0.3010
vn -0.9558 0.0005 0.2940
vn -0.9558 0.0005 0.2940
vn -0.7172 0.0003 0.6969
vn -0.7312 0.1060 0.6739
vn -0.5066 0.0807 0.8584
vn -0.7312 0.1060 0.6739
vn -0.7172 0.0003 0.6969
vn -0.7172 0.0003 0.6969
vn -0.4724 0.0000 0.8814
vn -0.5066 0.0807 0.8584
vn -0.9558 0.0003 -0.2942
vn -0.9911 -0.0000 -0.1328
vn -0.9721 0.2096 -0.1050
vn -0.9721 0.2096 -0.1050
vn -0.9434 0.1391 -0.3011
vn -0.9558 0.0003 -0.2942
vn -0.7170 0.0007 -0.6971
vn -0.9558 0.0003 -0.2942
vn -0.9434 0.1391 -0.3011
vn -0.9434 0.1391 -0.3011
vn -0.7312 0.1058 -0.6739
vn -0.7170 0.0007 -0.6971
vn -0.4728 0.0008 -0.8812
vn -0.7170 0.0007 -0.6971
vn -0.7312 0.1058 -0.6739
vn -0.7312 0.1058 -0.6739
vn -0.5069 0.0803 -0.8583
vn -0.4728 0.0008 -0.8812
vn 0.9413 0.0004 0.3376
vn 0.9878 0.0000 0.1558
vn 0.9639 -0.2367 0.1215
vn 0.9639 -0.2367 0.1215
vn 0.9176 -0.1877 0.3504
vn 0.9413 0.0004 0.3376
vn 0.6691 0.0008 0.7432
vn 0.9413 0.0004 0.3376
vn 0.9176 -0.1877 0.3504
vn 0.9176 -0.1877 0.3504
vn 0.6483 -0.1301 0.7502
vn 0.6691 0.0008 0.7432
vn 0.4149 0.0009 0.9099
vn 0.6691 0.0008 0.7432
vn 0.6483 -0.1301 0.7502
vn 0.6483 -0.1301 0.7502
vn 0.4507 -0.0782 0.8893
vn 0.4149 0.0009 0.9099
vn 0.9176 -0.1878 -0.3503
vn 0.9639 -0.2369 -0.1217
vn 0.9877 0.0006 -0.1561
vn 0.9877 0.0006 -0.1561
vn 0.9413 0.0007 -0.3375
vn 0.9176 -0.1878 -0.3503
vn 0.6484 -0.1299 -0.7501
vn 0.9176 -0.1878 -0.3503
vn 0.9413 0.0007 -0.3375
vn 0.9413 0.0007 -0.3375
vn 0.6693 0.0004 -0.7430
vn 0.6484 -0.1299 -0.7501
vn 0.4504 -0.0777 -0.8894
vn 0.6484 -0.1299 -0.7501
vn 0.6693 0.0004 -0.7430
vn 0.6693 0.0004 -0.7430
vn 0.4144 0.0000 -0.9101
vn 0.4504 -0.0777 -0.8894
vn 0.1677 0.9852 -0.0351
vn 0.0561 0.9970 -0.0534
vn 0.0754 0.9972 0.0000
vn 0.0754 0.9972 0.0000
vn 0.1531 0.9881 -0.0114
vn 0.1677 0.9852 -0.0351
vn 0.4634 0.8856 -0.0324
vn 0.1677 0.9852 -0.0351
vn 0.1531 0.9881 -0.0114
vn 0.1531 0.9881 -0.0114
vn 0.4295 0.9014 -0.0556
vn 0.4634 0.8856 -0.0324
vn 0.6461 0.7630 -0.0195
vn 0.4634 0.8856 -0.0324
vn 0.4295 0.9014 -0.0556
vn 0.4295 0.9014 -0.0556
vn 0.8034 0.5689 -0.1759
vn 0.6461 0.7630 -0.0195
vn 0.0000 1.0000 -0.0000
vn 0.0000 1.0000 -0.0000
vn 0.0000 1.0000 -0.0000
vn 0.0000 1.0000 -0.0000
vn 0.0000 1.0000 -0.0000
vn 0.0000 1.0000 -0.0000
vn 0.0000 1.0000 -0.0000
vn 0.0000 1.0000 -0.0000
vn 0.0000 1.0000 -0.0000
vn 0.0000 1.0000 -0.0000
vn 0.0000 1.0000 -0.0000
vn 0.0000 1.0000 -0.0000
vn 0.0000 1.0000 -0.0000
vn 0.0000 1.0000 -0.0000
vn 0.0000 1.0000 -0.0000
vn 0.0000 1.0000 -0.0000
vn 0.0000 1.0000 -0.0000
vn 0.0000 1.0000 -0.0000
vn -0.1677 0.9852 -0.0351
vn -0.1531 0.9881 -0.0114
vn -0.0754 0.9972 0.0000
vn -0.0754 0.9972 0.0000
vn -0.0561 0.9970 -0.0534
vn -0.1677 0.9852 -0.0351
vn -0.4634 0.8856 -0.0324
vn -0.4295 0.9014 -0.0556
vn -0.1531 0.9881 -0.0114
vn -0.1531 0.9881 -0.0114
vn -0.1677 0.9852 -0.0351
vn -0.4634 0.8856 -0.0324
vn -0.6462 0.7630 -0.0195
vn -0.8034 0.5689 -0.1759
vn -0.4295 0.9014 -0.0556
vn -0.4295 0.9014 -0.0556
vn -0.4634 0.8856 -0.0324
vn -0.6462 0.7630 -0.0195
vn 0.1730 -0.9848 -0.0129
vn 0.0855 -0.9963 0.0000
vn 0.0607 -0.9970 0.0481
vn 0.0607 -0.9970 0.0481
vn 0.1863 -0.9817 0.0402
vn 0.1730 -0.9848 -0.0129
vn 0.4703 -0.8804 -0.0609
vn 0.1730 -0.9848 -0.0129
vn 0.1863 -0.9817 0.0402
vn 0.1863 -0.9817 0.0402
vn 0.5060 -0.8618 0.0361
vn 0.4703 -0.8804 -0.0609
vn 0.8285 -0.5306 -0.1791
vn 0.4703 -0.8804 -0.0609
vn 0.5060 -0.8618 0.0361
vn 0.5060 -0.8618 0.0361
vn 0.6940 -0.7192 0.0333
vn 0.8285 -0.5306 -0.1791
vn -0.1730 -0.9848 -0.0129
vn -0.1863 -0.9817 0.0402
vn -0.0607 -0.9970 0.0481
vn -0.0607 -0.9970 0.0481
vn -0.0855 -0.9963 0.0000
vn -0.1730 -0.9848 -0.0129
vn -0.4703 -0.8804 -0.0609
vn -0.5060 -0.8618 0.0361
vn -0.1863 -0.9817 0.0402
vn -0.1863 -0.9817 0.0402
vn -0.1730 -0.9848 -0.0129
vn -0.4703 -0.8804 -0.0609
vn -0.8285 -0.5306 -0.1791
vn -0.6940 -0.7192 0.0333
vn -0.5060 -0.8618 0.0361
vn -0.5060 -0.8618 0.0361
vn -0.4703 -0.8804 -0.0609
vn -0.8285 -0.5306 -0.1791
vn 0.0000 -1.0000 -0.0000
vn 0.0000 -1.0000 0.0000
vn 0.0000 -1.0000 0.0000
vn 0.0000 -1.0000 0.0000
vn 0.0000 -1.0000 -0.0000
vn 0.0000 -1.0000 -0.0000
vn 0.0000 -1.0000 -0.0000
vn 0.0000 -1.0000 -0.0000
vn 0.0000 -1.0000 -0.0000
vn 0.0000 -1.0000 -0.0000
vn 0.0000 -1.0000 -0.0000
vn 0.0000 -1.0000 -0.0000
vn 0.0000 -1.0000 -0.0000
vn 0.0000 -1.0000 -0.0000
vn 0.0000 -1.0000 -0.0000
vn 0.0000 -1.0000 -0.0000
vn 0.0000 -1.0000 -0.0000
vn 0.0000 -1.0000 -0.0000
vn 0.2398 0.7655 -0.5970
vn 0.0832 0.7807 -0.6193
vn 0.0669 0.9116 -0.4055
vn 0.0669 0.9116 -0.4055
vn 0.2134 0.8595 -0.4644
vn 0.2398 0.7655 -0.5970
vn 0.5938 0.6328 -0.4970
vn 0.2398 0.7655 -0.5970
vn 0.2134 0.8595 -0.4644
vn 0.2134 0.8595 -0.4644
vn 0.5578 0.7301 -0.3948
vn 0.5938 0.6328 -0.4970
vn 0.7815 0.4901 -0.3861
vn 0.5938 0.6328 -0.4970
vn 0.5578 0.7301 -0.3948
vn 0.5578 0.7301 -0.3948
vn 0.7542 0.5950 -0.2777
vn 0.7815 0.4901 -0.3861
vn -0.2135 0.8597 -0.4640
vn -0.0667 0.9118 -0.4052
vn -0.0830 0.7805 -0.6196
vn -0.0830 0.7805 -0.6196
vn -0.2400 0.7652 -0.5974
vn -0.2135 0.8597 -0.4640
vn -0.5578 0.7301 -0.3946
vn -0.2135 0.8597 -0.4640
vn -0.2400 0.7652 -0.5974
vn -0.2400 0.7652 -0.5974
vn -0.5939 0.6326 -0.4971
vn -0.5578 0.7301 -0.3946
vn -0.7542 0.5950 -0.2778
vn -0.5578 0.7301 -0.3946
vn -0.5939 0.6326 -0.4971
vn -0.5939 0.6326 -0.4971
vn -0.7815 0.4901 -0.3861
vn -0.7542 0.5950 -0.2778
vn 0.2443 -0.8719 0.4244
vn 0.0787 -0.9120 0.4025
vn 0.0878 -0.8183 0.5680
vn 0.0878 -0.8183 0.5680
vn 0.2576 -0.7863 0.5616
vn 0.2443 -0.8719 0.4244
vn 0.6163 -0.7088 0.3432
vn 0.2443 -0.8719 0.4244
vn 0.2576 -0.7863 0.5616
vn 0.2576 -0.7863 0.5616
vn 0.6199 -0.6370 0.4582
vn 0.6163 -0.7088 0.3432
vn 0.8074 -0.5134 0.2907
vn 0.6163 -0.7088 0.3432
vn 0.6199 -0.6370 0.4582
vn 0.6199 -0.6370 0.4582
vn 0.7995 -0.4946 0.3409
vn 0.8074 -0.5134 0.2907
vn -0.2575 -0.7862 0.5618
vn -0.0881 -0.8181 0.5683
vn -0.0789 -0.9121 0.4023
vn -0.0789 -0.9121 0.4023
vn -0.2441 -0.8720 0.4243
vn -0.2575 -0.7862 0.5618
vn -0.6197 -0.6373 0.4581
vn -0.2575 -0.7862 0.5618
vn -0.2441 -0.8720 0.4243
vn -0.2441 -0.8720 0.4243
vn -0.6163 -0.7087 0.3433
vn -0.6197 -0.6373 0.4581
vn -0.7995 -0.4947 0.3407
vn -0.6197 -0.6373 0.4581
vn -0.6163 -0.7087 0.3433
vn -0.6163 -0.7087 0.3433
vn -0.8077 -0.5129 0.2909
vn -0.7995 -0.4947 0.3407
vn 0.2942 0.0003 -0.9557
vn 0.1328 -0.0000 -0.9911
vn 0.1050 0.2097 -0.9721
vn 0.1050 0.2097 -0.9721
vn 0.3011 0.1391 -0.9434
vn 0.2942 0.0003 -0.9557
vn 0.6971 0.0007 -0.7170
vn 0.2942 0.0003 -0.9557
vn 0.3011 0.1391 -0.9434
vn 0.3011 0.1391 -0.9434
vn 0.6739 0.1058 -0.7312
vn 0.6971 0.0007 -0.7170
vn 0.8812 0.0008 -0.4728
vn 0.6971 0.0007 -0.7170
vn 0.6739 0.1058 -0.7312
vn 0.6739 0.1058 -0.7312
vn 0.8583 0.0804 -0.5069
vn 0.8812 0.0008 -0.4728
vn -0.3010 0.1390 -0.9434
vn -0.1051 0.2095 -0.9721
vn -0.1331 0.0004 -0.9911
vn -0.1331 0.0004 -0.9911
vn -0.2940 0.0005 -0.9558
vn -0.3010 0.1390 -0.9434
vn -0.6739 0.1060 -0.7312
vn -0.3010 0.1390 -0.9434
vn -0.2940 0.0005 -0.9558
vn -0.2940 0.0005 -0.9558
vn -0.6969 0.0003 -0.7172
vn -0.6739 0.1060 -0.7312
vn -0.8584 0.0807 -0.5066
vn -0.6739 0.1060 -0.7312
vn -0.6969 0.0003 -0.7172
vn -0.6969 0.0003 -0.7172
vn -0.8814 -0.0000 -0.4723
vn -0.8584 0.0807 -0.5066
vn 0.3533 -0.1894 0.9161
vn 0.1229 -0.2391 0.9632
vn 0.1577 0.0006 0.9875
vn 0.1577 0.0006 0.9875
vn 0.3403 0.0007 0.9403
vn 0.3533 -0.1894 0.9161
vn 0.7531 -0.1304 0.6448
vn 0.3533 -0.1894 0.9161
vn 0.3403 0.0007 0.9403
vn 0.3403 0.0007 0.9403
vn 0.7458 0.0004 0.6662
vn 0.7531 -0.1304 0.6448
vn 0.8913 -0.0777 0.4467
vn 0.7531 -0.1304 0.6448
vn 0.7458 0.0004 0.6662
vn 0.7458 0.0004 0.6662
vn 0.9117 0.0000 0.4108
vn 0.8913 -0.0777 0.4467
vn -0.3405 0.0004 0.9402
vn -0.1573 0.0000 0.9875
vn -0.1227 -0.2389 0.9632
vn -0.1227 -0.2389 0.9632
vn -0.3534 -0.1893 0.9161
vn -0.3405 0.0004 0.9402
vn -0.7460 0.0009 0.6659
vn -0.3405 0.0004 0.9402
vn -0.3534 -0.1893 0.9161
vn -0.3534 -0.1893 0.9161
vn -0.7532 -0.1306 0.6447
vn -0.7460 0.0009 0.6659
vn -0.9115 0.0009 0.4113
vn -0.7460 0.0009 0.6659
vn -0.7532 -0.1306 0.6447
vn -0.7532 -0.1306 0.6447
vn -0.8911 -0.0782 0.4470
vn -0.9115 0.0009 0.4113
vn 0.1677 0.9852 0.0351
vn 0.1531 0.9881 0.0114
vn 0.0754 0.9972 -0.0000
vn 0.0754 0.9972 -0.0000
vn 0.0561 0.9970 0.0534
vn 0.1677 0.9852 0.0351
vn 0.4634 0.8856 0.0324
vn 0.4295 0.9014 0.0556
vn 0.1531 0.9881 0.0114
vn 0.1531 0.9881 0.0114
vn 0.1677 0.9852 0.0351
vn 0.4634 0.8856 0.0324
vn 0.6461 0.7630 0.0195
vn 0.8034 0.5689 0.1759
vn 0.4295 0.9014 0.0556
vn 0.4295 0.9014 0.0556
vn 0.4634 0.8856 0.0324
vn 0.6461 0.7630 0.0195
vn -0.1677 0.9852 0.0351
vn -0.0561 0.9970 0.0534
vn -0.0754 0.9972 -0.0000
vn -0.0754 0.9972 -0.0000
vn -0.1531 0.9881 0.0114
vn -0.1677 0.9852 0.0351
vn -0.4634 0.8856 0.0324
vn -0.1677 0.9852 0.0351
vn -0.1531 0.9881 0.0114
vn -0.1531 0.9881 0.0114
vn -0.4295 0.9014 0.0556
vn -0.4634 0.8856 0.0324
vn -0.6461 0.7630 0.0195
vn -0.4634 0.8856 0.0324
vn -0.4295 0.9014 0.0556
vn -0.4295 0.9014 0.0556
vn -0.8034 0.5689 0.1759
vn -0.6461 0.7630 0.0195
vn 0.0000 1.0000 -0.0000
vn 0.0000 1.0000 -0.0000
vn 0.0000 1.0000 -0.0000
vn 0.0000 1.0000 -0.0000
vn 0.0000 1.0000 -0.0000
vn 0.0000 1.0000 -0.0000
vn 0.0000 1.0000 -0.0000
vn 0.0000 1.0000 -0.0000
vn 0.0000 1.0000 -0.0000
vn 0.0000 1.0000 -0.0000
vn 0.0000 1.0000 -0.0000
vn 0.0000 1.0000 -0.0000
vn 0.0000 1.0000 -0.0000
vn 0.0000 1.0000 -0.0000
vn 0.0000 1.0000 -0.0000
vn 0.0000 1.0000 -0.0000
vn 0.0000 1.0000 -0.0000
vn 0.0000 1.0000 -0.0000
vn 0.1730 -0.9848 0.0129
vn 0.1863 -0.9817 -0.0402
vn 0.0607 -0.9970 -0.0481
vn 0.0607 -0.9970 -0.0481
vn 0.0855 -0.9963 -0.0000
vn 0.1730 -0.9848 0.0129
vn 0.4703 -0.8804 0.0609
vn 0.5060 -0.8618 -0.0361
vn 0.1863 -0.9817 -0.0402
vn 0.1863 -0.9817 -0.0402
vn 0.1730 -0.9848 0.0129
vn 0.4703 -0.8804 0.0609
vn 0.8285 -0.5306 0.1791
vn 0.6940 -0.7192 -0.0333
vn 0.5060 -0.8618 -0.0361
vn 0.5060 -0.8618 -0.0361
vn 0.4703 -0.8804 0.0609
vn 0.8285 -0.5306 0.1791
vn 0.0000 -1.0000 -0.0000
vn 0.0000 -1.0000 -0.0000
vn 0.0000 -1.0000 -0.0000
vn 0.0000 -1.0000 -0.0000
vn 0.0000 -1.0000 -0.0000
vn 0.0000 -1.0000 -0.0000
vn 0.0000 -1.0000 -0.0000
vn 0.0000 -1.0000 -0.0000
vn 0.0000 -1.0000 -0.0000
vn 0.0000 -1.0000 -0.0000
vn 0.0000 -1.0000 -0.0000
vn 0.0000 -1.0000 -0.0000
vn 0.0000 -1.0000 -0.0000
vn 0.0000 -1.0000 -0.0000
vn 0.0000 -1.0000 -0.0000
vn 0.0000 -1.0000 -0.0000
vn 0.0000 -1.0000 -0.0000
vn 0.0000 -1.0000 -0.0000
vn -0.1730 -0.9848 0.0129
vn -0.0855 -0.9963 -0.0000
vn -0.0607 -0.9970 -0.0481
vn -0.0607 -0.9970 -0.0481
vn -0.1863 -0.9817 -0.0402
vn -0.1730 -0.9848 0.0129
vn -0.4703 -0.8804 0.0609
vn -0.1730 -0.9848 0.0129
vn -0.1863 -0.9817 -0.0402
vn -0.1863 -0.9817 -0.0402
vn -0.5060 -0.8618 -0.0361
vn -0.4703 -0.8804 0.0609
vn -0.8285 -0.5306 0.1791
vn -0.4703 -0.8804 0.0609
vn -0.5060 -0.8618 -0.0361
vn -0.5060 -0.8618 -0.0361
vn -0.6940 -0.7192 -0.0333
vn -0.8285 -0.5306 0.1791
vn 0.2135 0.8597 0.4640
vn 0.0667 0.9118 0.4052
vn 0.0830 0.7805 0.6196
vn 0.0830 0.7805 0.6196
vn 0.2400 0.7652 0.5974
vn 0.2135 0.8597 0.4640
vn 0.5578 0.7301 0.3946
vn 0.2135 0.8597 0.4640
vn 0.2400 0.7652 0.5974
vn 0.2400 0.7652 0.5974
vn 0.5939 0.6326 0.4971
vn 0.5578 0.7301 0.3946
vn 0.7542 0.5950 0.2778
vn 0.5578 0.7301 0.3946
vn 0.5939 0.6326 0.4971
vn 0.5939 0.6326 0.4971
vn 0.9178 0.3119 0.2457
vn 0.7542 0.5950 0.2778
vn -0.2398 0.7655 0.5970
vn -0.0832 0.7807 0.6193
vn -0.0669 0.9116 0.4055
vn -0.0669 0.9116 0.4055
vn -0.2134 0.8595 0.4644
vn -0.2398 0.7655 0.5970
vn -0.5938 0.6328 0.4970
vn -0.2398 0.7655 0.5970
vn -0.2134 0.8595 0.4644
vn -0.2134 0.8595 0.4644
vn -0.5578 0.7301 0.3948
vn -0.5938 0.6328 0.4970
vn -0.9178 0.3119 0.2457
vn -0.5938 0.6328 0.4970
vn -0.5578 0.7301 0.3948
vn -0.5578 0.7301 0.3948
vn -0.7542 0.5950 0.2777
vn -0.9178 0.3119 0.2457
vn 0.2575 -0.7862 -0.5618
vn 0.0881 -0.8181 -0.5683
vn 0.0789 -0.9121 -0.4023
vn 0.0789 -0.9121 -0.4023
vn 0.2441 -0.8720 -0.4243
vn 0.2575 -0.7862 -0.5618
vn 0.6197 -0.6373 -0.4581
vn 0.2575 -0.7862 -0.5618
vn 0.2441 -0.8720 -0.4243
vn 0.2441 -0.8720 -0.4243
vn 0.6163 -0.7087 -0.3433
vn 0.6197 -0.6373 -0.4581
vn 0.8790 -0.3927 -0.2704
vn 0.6197 -0.6373 -0.4581
vn 0.6163 -0.7087 -0.3433
vn 0.6163 -0.7087 -0.3433
vn 0.8077 -0.5129 -0.2909
vn 0.8790 -0.3927 -0.2704
vn -0.2443 -0.8719 -0.4244
vn -0.0787 -0.9120 -0.4025
vn -0.0879 -0.8183 -0.5680
vn -0.0879 -0.8183 -0.5680
vn -0.2576 -0.7863 -0.5616
vn -0.2443 -0.8719 -0.4244
vn -0.6163 -0.7088 -0.3432
vn -0.2443 -0.8719 -0.4244
vn -0.2576 -0.7863 -0.5616
vn -0.2576 -0.7863 -0.5616
vn -0.6199 -0.6370 -0.4582
vn -0.6163 -0.7088 -0.3432
vn -0.8074 -0.5134 -0.2907
vn -0.6163 -0.7088 -0.3432
vn -0.6199 -0.6370 -0.4582
vn -0.6199 -0.6370 -0.4582
vn -0.8790 -0.3926 -0.2706
vn -0.8074 -0.5134 -0.2907
vn 0.3010 0.1389 0.9434
vn 0.1051 0.2095 0.9721
vn 0.1331 0.0004 0.9911
vn 0.1331 0.0004 0.9911
vn 0.2940 0.0005 0.9558
vn 0.3010 0.1389 0.9434
vn 0.6739 0.1060 0.7312
vn 0.3010 0.1389 0.9434
vn 0.2940 0.0005 0.9558
vn 0.2940 0.0005 0.9558
vn 0.6969 0.0003 0.7172
vn 0.6739 0.1060 0.7312
vn 0.9343 0.0561 0.3521
vn 0.6739 0.1060 0.7312
vn 0.6969 0.0003 0.7172
vn 0.6969 0.0003 0.7172
vn 0.8814 0.0000 0.4723
vn 0.9343 0.0561 0.3521
vn -0.2942 0.0003 0.9558
vn -0.1328 0.0000 0.9911
vn -0.1050 0.2096 0.9721
vn -0.1050 0.2096 0.9721
vn -0.3011 0.1391 0.9434
vn -0.2942 0.0003 0.9558
vn -0.6971 0.0007 0.7170
vn -0.2942 0.0003 0.9558
vn -0.3011 0.1391 0.9434
vn -0.3011 0.1391 0.9434
vn -0.6739 0.1058 0.7312
vn -0.6971 0.0007 0.7170
vn -0.8812 0.0008 0.4728
vn -0.6971 0.0007 0.7170
vn -0.6739 0.1058 0.7312
vn -0.6739 0.1058 0.7312
vn -0.9342 0.0558 0.3523
vn -0.8812 0.0008 0.4728
vn 0.3405 0.0004 -0.9402
vn 0.1573 -0.0000 -0.9875
vn 0.1227 -0.2390 -0.9632
vn 0.1227 -0.2390 -0.9632
vn 0.3534 -0.1893 -0.9161
vn 0.3405 0.0004 -0.9402
vn 0.7460 0.0009 -0.6659
vn 0.3405 0.0004 -0.9402
vn 0.3534 -0.1893 -0.9161
vn 0.3534 -0.1893 -0.9161
vn 0.7532 -0.1306 -0.6447
vn 0.7460 0.0009 -0.6659
vn 0.9115 0.0009 -0.4113
vn 0.7460 0.0009 -0.6659
vn 0.7532 -0.1306 -0.6447
vn 0.7532 -0.1306 -0.6447
vn 0.9539 -0.0517 -0.2957
vn 0.9115 0.0009 -0.4113
vn -0.3533 -0.1894 -0.9161
vn -0.1229 -0.2391 -0.9632
vn -0.1577 0.0006 -0.9875
vn -0.1577 0.0006 -0.9875
vn -0.3404 0.0007 -0.9403
vn -0.3533 -0.1894 -0.9161
vn -0.7531 -0.1304 -0.6448
vn -0.3533 -0.1894 -0.9161
vn -0.3404 0.0007 -0.9403
vn -0.3404 0.0007 -0.9403
vn -0.7458 0.0004 -0.6662
vn -0.7531 -0.1304 -0.6448
vn -0.9539 -0.0514 -0.2956
vn -0.7531 -0.1304 -0.6448
vn -0.7458 0.0004 -0.6662
vn -0.7458 0.0004 -0.6662
vn -0.9117 -0.0000 -0.4108
vn -0.9539 -0.0514 -0.2956
vn -0.0000 -0.0000 1.0000
vn 0.0000 0.0000 1.0000
vn -0.0000 -0.0000 1.0000
vn -0.0000 -0.0000 1.0000
vn -0.0000 -0.0000 1.0000
vn -0.0000 -0.0000 1.0000
vn 1.0000 0.0000 0.0000
vn 1.0000 0.0000 0.0000
vn 1.0000 0.0000 0.0000
vn 1.0000 0.0000 0.0000
vn 1.0000 0.0000 -0.0000
vn 1.0000 0.0000 0.0000
vn 0.0000 1.0000 -0.0000
vn 0.0000 1.0000 -0.0000
vn 0.0000 1.0000 -0.0000
vn 0.0000 1.0000 -0.0000
vn 0.0000 1.0000 -0.0000
vn 0.0000 1.0000 -0.0000
vn 0.0000 1.0000 -0.0000
vn 0.0000 1.0000 -0.0000
vn 0.0000 1.0000 -0.0000
vn 0.0000 1.0000 -0.0000
vn 0.0000 1.0000 -0.0000
vn 0.0000 1.0000 -0.0000
vn 0.0000 1.0000 -0.0000
vn 0.0000 1.0000 -0.0000
vn 0.0000 1.0000 -0.0000
vn 0.0000 1.0000 -0.0000
vn 0.0000 1.0000 -0.0000
vn 0.0000 1.0000 -0.0000
vn -0.0000 0.0000 -1.0000
vn 0.0000 0.0000 -1.0000
vn -0.0000 0.0000 -1.0000
vn -0.0000 0.0000 -1.0000
vn -0.0000 0.0000 -1.0000
vn -0.0000 0.0000 -1.0000
vn 1.0000 0.0000 0.0000
vn 1.0000 0.0000 0.0000
vn 1.0000 0.0000 0.0000
vn 1.0000 0.0000 0.0000
vn 1.0000 0.0000 0.0000
vn 1.0000 0.0000 0.0000
vn 0.0000 1.0000 -0.0000
vn 0.0000 1.0000 -0.0000
vn 0.0000 1.0000 -0.0000
vn 0.0000 1.0000 -0.0000
vn 0.0000 1.0000 -0.0000
vn 0.0000 1.0000 -0.0000
vn 0.0000 0.0000 1.0000
vn 0.0000 -0.0000 1.0000
vn 0.0000 -0.0000 1.0000
vn 0.0000 -0.0000 1.0000
vn 0.0000 0.0000 1.0000
vn 0.0000 0.0000 1.0000
vn 0.6147 0.7888 -0.0000
vn 0.6147 0.7888 -0.0000
vn 0.6147 0.7888 -0.0000
vn 0.6147 0.7888 -0.0000
vn 0.6147 0.7888 -0.0000
vn 0.6147 0.7888 -0.0000
vn 0.0000 0.0000 -1.0000
vn 0.0000 0.0000 -1.0000
vn 0.0000 -0.0000 -1.0000
vn 0.0000 -0.0000 -1.0000
vn 0.0000 -0.0000 -1.0000
vn 0.0000 0.0000 -1.0000
vn 0.0000 -1.0000 -0.0000
vn 0.0000 -1.0000 -0.0000
vn 0.0000 -1.0000 -0.0000
vn 0.0000 -1.0000 -0.0000
vn 0.0000 -1.0000 -0.0000
vn 0.0000 -1.0000 -0.0000
vn 0.0000 -1.0000 -0.0000
vn 0.0000 -1.0000 -0.0000
vn 0.0000 -1.0000 -0.0000
vn 0.0000 -1.0000 -0.0000
vn 0.0000 -1.0000 -0.0000
vn 0.0000 -1.0000 -0.0000
vn 0.0000 -1.0000 -0.0000
vn 0.0000 -1.0000 -0.0000
vn 0.0000 -1.0000 -0.0000
vn 0.0000 -1.0000 -0.0000
vn 0.0000 -1.0000 -0.0000
vn 0.0000 -1.0000 -0.0000
vn 0.0000 -1.0000 0.0000
vn 0.0000 -1.0000 0.0000
vn 0.0000 -1.0000 0.0000
vn 0.0000 -1.0000 0.0000
vn 0.0000 -1.0000 0.0000
vn 0.0000 -1.0000 0.0000
vn -0.6032 -0.7976 -0.0000
vn -0.6032 -0.7976 0.0000
vn -0.6032 -0.7976 0.0000
vn -0.6032 -0.7976 0.0000
vn -0.6032 -0.7976 -0.0000
vn -0.6032 -0.7976 -0.0000
vn 1.0000 0.0000 -0.0000
vn 1.0000 0.0000 -0.0000
vn 1.0000 0.0000 -0.0000
vn 1.0000 0.0000 -0.0000
vn 1.0000 0.0000 -0.0000
vn 1.0000 0.0000 -0.0000
vn 0.0000 0.0000 1.0000
vn 0.0000 0.0000 1.0000
vn 0.0000 0.0000 1.0000
vn 0.0000 0.0000 1.0000
vn 0.0000 0.0000 1.0000
vn 0.0000 0.0000 1.0000
vn 0.0000 0.0000 -1.0000
vn 0.0000 0.0000 -1.0000
vn 0.0000 0.0000 -1.0000
vn 0.0000 0.0000 -1.0000
vn 0.0000 0.0000 -1.0000
vn 0.0000 0.0000 -1.0000
vn -1.0000 0.0000 -0.0000
vn -1.0000 0.0000 -0.0000
vn -1.0000 0.0000 -0.0000
vn -1.0000 0.0000 -0.0000
vn -1.0000 0.0000 -0.0000
vn -1.0000 0.0000 -0.0000
vn 0.0000 -0.0000 1.0000
vn 0.0000 0.0000 1.0000
vn 0.0000 -0.0000 1.0000
vn 0.0000 -0.0000 1.0000
vn 0.0000 -0.0000 1.0000
vn 0.0000 -0.0000 1.0000
vn 0.0000 1.0000 -0.0000
vn 0.0000 1.0000 -0.0000
vn 0.0000 1.0000 -0.0000
vn 0.0000 1.0000 -0.0000
vn 0.0000 1.0000 -0.0000
vn 0.0000 1.0000 -0.0000
vn -1.0000 -0.0000 0.0000
vn -1.0000 -0.0000 -0.0000
vn -1.0000 -0.0000 0.0000
vn -1.0000 -0.0000 0.0000
vn -1.0000 -0.0000 0.0000
vn -1.0000 -0.0000 0.0000
vn 0.0000 0.0000 -1.0000
vn -0.0000 0.0000 -1.0000
vn 0.0000 0.0000 -1.0000
vn 0.0000 0.0000 -1.0000
vn 0.0000 -0.0000 -1.0000
vn 0.0000 0.0000 -1.0000
vn -1.0000 0.0000 -0.0000
vn -1.0000 0.0000 -0.0000
vn -1.0000 0.0000 -0.0000
vn -1.0000 0.0000 -0.0000
vn -1.0000 0.0000 -0.0000
vn -1.0000 0.0000 -0.0000
vn -0.0000 -0.0000 1.0000
vn -0.0000 -0.0000 1.0000
vn -0.0000 0.0000 1.0000
vn -0.0000 0.0000 1.0000
vn -0.0000 0.0000 1.0000
vn -0.0000 -0.0000 1.0000
vn -0.6147 0.7888 -0.0000
vn -0.6147 0.7888 -0.0000
vn -0.6147 0.7888 -0.0000
vn -0.6147 0.7888 -0.0000
vn -0.6147 0.7888 -0.0000
vn -0.6147 0.7888 -0.0000
vn -0.0000 -0.0000 -1.0000
vn -0.0000 0.0000 -1.0000
vn -0.0000 0.0000 -1.0000
vn -0.0000 0.0000 -1.0000
vn -0.0000 -0.0000 -1.0000
vn -0.0000 -0.0000 -1.0000
vn -0.0000 -1.0000 -0.0000
vn -0.0000 -1.0000 -0.0000
vn -0.0000 -1.0000 -0.0000
vn -0.0000 -1.0000 -0.0000
vn -0.0000 -1.0000 -0.0000
vn -0.0000 -1.0000 -0.0000
vn 0.6032 -0.7976 -0.0000
vn 0.6032 -0.7976 -0.0000
vn 0.6032 -0.7976 -0.0000
vn 0.6032 -0.7976 -0.0000
vn 0.6032 -0.7976 -0.0000
vn 0.6032 -0.7976 -0.0000
vn -1.0000 0.0000 -0.0000
vn -1.0000 0.0000 -0.0000
vn -1.0000 0.0000 -0.0000
vn -1.0000 0.0000 -0.0000
vn -1.0000 0.0000 -0.0000
vn -1.0000 0.0000 -0.0000
vn -0.0000 0.0000 1.0000
vn -0.0000 0.0000 1.0000
vn -0.0000 0.0000 1.0000
vn -0.0000 0.0000 1.0000
vn 0.0000 0.0000 1.0000
vn -0.0000 0.0000 1.0000
vn 0.0000 0.0000 -1.0000
vn 0.0000 0.0000 -1.0000
vn 0.0000 0.0000 -1.0000
vn 0.0000 0.0000 -1.0000
vn 0.0000 0.0000 -1.0000
vn 0.0000 0.0000 -1.0000
vn 1.0000 0.0000 -0.0000
vn 1.0000 0.0000 -0.0000
vn 1.0000 0.0000 -0.0000
vn 1.0000 0.0000 -0.0000
vn 1.0000 0.0000 -0.0000
vn 1.0000 0.0000 -0.0000
vn 0.0000 0.7888 -0.6147
vn 0.0000 0.7888 -0.6147
vn 0.0000 0.7888 -0.6147
vn 0.0000 0.7888 -0.6147
vn 0.0000 0.7888 -0.6147
vn 0.0000 0.7888 -0.6147
vn -1.0000 0.0000 -0.0000
vn -1.0000 0.0000 -0.0000
vn -1.0000 0.0000 -0.0000
vn -1.0000 0.0000 -0.0000
vn -1.0000 -0.0000 -0.0000
vn -1.0000 0.0000 -0.0000
vn 1.0000 0.0000 -0.0000
vn 1.0000 -0.0000 -0.0000
vn 1.0000 -0.0000 -0.0000
vn 1.0000 -0.0000 -0.0000
vn 1.0000 0.0000 -0.0000
vn 1.0000 0.0000 -0.0000
vn 0.0000 -0.8060 0.5920
vn 0.0000 -0.8060 0.5920
vn 0.0000 -0.8060 0.5920
vn 0.0000 -0.8060 0.5920
vn 0.0000 -0.8060 0.5920
vn 0.0000 -0.8060 0.5920
vn 0.0000 -0.0000 -1.0000
vn 0.0000 -0.0000 -1.0000
vn 0.0000 -0.0000 -1.0000
vn 0.0000 -0.0000 -1.0000
vn 0.0000 -0.0000 -1.0000
vn 0.0000 -0.0000 -1.0000
vn -1.0000 0.0000 -0.0000
vn -1.0000 0.0000 -0.0000
vn -1.0000 0.0000 -0.0000
vn -1.0000 0.0000 -0.0000
vn -1.0000 0.0000 -0.0000
vn -1.0000 0.0000 -0.0000
vn 1.0000 0.0000 -0.0000
vn 1.0000 0.0000 -0.0000
vn 1.0000 0.0000 -0.0000
vn 1.0000 0.0000 -0.0000
vn 1.0000 0.0000 -0.0000
vn 1.0000 0.0000 -0.0000
vn 0.0000 0.0000 1.0000
vn 0.0000 0.0000 1.0000
vn 0.0000 0.0000 1.0000
vn 0.0000 0.0000 1.0000
vn 0.0000 0.0000 1.0000
vn 0.0000 0.0000 1.0000
vn 0.0000 0.7888 0.6147
vn 0.0000 0.7888 0.6147
vn 0.0000 0.7888 0.6147
vn 0.0000 0.7888 0.6147
vn 0.0000 0.7888 0.6147
vn 0.0000 0.7888 0.6147
vn -1.0000 -0.0000 -0.0000
vn -1.0000 0.0000 -0.0000
vn -1.0000 0.0000 -0.0000
vn -1.0000 0.0000 -0.0000
vn -1.0000 -0.0000 -0.0000
vn -1.0000 -0.0000 -0.0000
vn 1.0000 -0.0000 0.0000
vn 1.0000 -0.0000 0.0000
vn 1.0000 -0.0000 0.0000
vn 1.0000 -0.0000 0.0000
vn 1.0000 -0.0000 0.0000
vn 1.0000 -0.0000 0.0000
vn -0.0000 -0.8060 -0.5920
vn -0.0000 -0.8060 -0.5920
vn -0.0000 -0.8060 -0.5920
vn -0.0000 -0.8060 -0.5920
vn 0.0000 -0.8060 -0.5920
vn -0.0000 -0.8060 -0.5920
vn 0.0000 0.0000 1.0000
vn 0.0000 0.0000 1.0000
vn 0.0000 0.0000 1.0000
vn 0.0000 0.0000 1.0000
vn 0.0000 0.0000 1.0000
vn 0.0000 0.0000 1.0000
vn -1.0000 0.0000 -0.0000
vn -1.0000 0.0000 -0.0000
vn -1.0000 0.0000 -0.0000
vn -1.0000 0.0000 -0.0000
vn -1.0000 0.0000 -0.0000
vn -1.0000 0.0000 -0.0000
vn 1.0000 0.0000 -0.0000
vn 1.0000 0.0000 -0.0000
vn 1.0000 0.0000 -0.0000
vn 1.0000 0.0000 -0.0000
vn 1.0000 0.0000 -0.0000
vn 1.0000 0.0000 -0.0000
vn 0.0000 -0.0000 -1.0000
vn 0.0000 -0.0000 -1.0000
vn 0.0000 -0.0000 -1.0000
vn 0.0000 -0.0000 -1.0000
vn 0.0000 -0.0000 -1.0000
vn 0.0000 -0.0000 -1.0000
vn 0.2787 0.9191 0.2787
vn 0.6312 0.4507 0.6312
vn 0.4423 0.4809 0.7570
vn 0.4423 0.4809 0.7570
vn 0.2052 0.9234 0.3245
vn 0.2787 0.9191 0.2787
vn 0.3061 -0.9014 0.3061
vn 0.6408 -0.4228 0.6408
vn 0.7713 -0.4496 0.4505
vn 0.7713 -0.4496 0.4505
vn 0.3579 -0.9059 0.2265
vn 0.3061 -0.9014 0.3061
vn 0.6312 0.4507 0.6312
vn 0.6408 -0.4228 0.6408
vn 0.4505 -0.4496 0.7713
vn 0.4505 -0.4496 0.7713
vn 0.4423 0.4809 0.7570
vn 0.6312 0.4507 0.6312
vn -0.2787 0.9191 0.2787
vn -0.6312 0.4507 0.6312
vn -0.7570 0.4809 0.4423
vn -0.7570 0.4809 0.4423
vn -0.3245 0.9234 0.2052
vn -0.2787 0.9191 0.2787
vn -0.3061 -0.9014 0.3061
vn -0.6408 -0.4228 0.6408
vn -0.4505 -0.4496 0.7713
vn -0.4505 -0.4496 0.7713
vn -0.2265 -0.9059 0.3579
vn -0.3061 -0.9014 0.3061
vn -0.6408 -0.4228 0.6408
vn -0.6312 0.4507 0.6312
vn -0.4423 0.4809 0.7570
vn -0.4423 0.4809 0.7570
vn -0.4505 -0.4496 0.7713
vn -0.6408 -0.4228 0.6408
vn -0.2787 0.9191 -0.2787
vn -0.6312 0.4507 -0.6312
vn -0.4423 0.4809 -0.7571
vn -0.4423 0.4809 -0.7571
vn -0.2052 0.9234 -0.3245
vn -0.2787 0.9191 -0.2787
vn -0.3061 -0.9014 -0.3061
vn -0.6408 -0.4228 -0.6408
vn -0.7713 -0.4496 -0.4505
vn -0.7713 -0.4496 -0.4505
vn -0.3579 -0.9059 -0.2265
vn -0.3061 -0.9014 -0.3061
vn -0.6312 0.4507 -0.6312
vn -0.6408 -0.4228 -0.6408
vn -0.4505 -0.4496 -0.7713
vn -0.4505 -0.4496 -0.7713
vn -0.4423 0.4809 -0.7571
vn -0.6312 0.4507 -0.6312
vn 0.2787 0.9191 -0.2787
vn 0.6312 0.4507 -0.6312
vn 0.7571 0.4809 -0.4423
vn 0.7571 0.4809 -0.4423
vn 0.3245 0.9234 -0.2052
vn 0.2787 0.9191 -0.2787
vn 0.3061 -0.9014 -0.3061
vn 0.6408 -0.4228 -0.6408
vn 0.4505 -0.4496 -0.7713
vn 0.4505 -0.4496 -0.7713
vn 0.2265 -0.9059 -0.3579
vn 0.3061 -0.9014 -0.3061
vn 0.6408 -0.4228 -0.6408
vn 0.6312 0.4507 -0.6312
vn 0.4423 0.4809 -0.7571
vn 0.4423 0.4809 -0.7571
vn 0.4505 -0.4496 -0.7713
vn 0.6408 -0.4228 -0.6408
vn 0.2787 0.9191 -0.2787
vn 0.0452 0.9980 -0.0452
vn 0.0394 0.9925 -0.1160
vn 0.0394 0.9925 -0.1160
vn 0.2052 0.9234 -0.3245
vn 0.2787 0.9191 -0.2787
vn 0.0394 0.9925 0.1160
vn 0.0452 0.9980 0.0452
vn 0.2787 0.9191 0.2787
vn 0.2787 0.9191 0.2787
vn 0.2052 0.9234 0.3245
vn 0.0394 0.9925 0.1160
vn -0.2787 0.9191 0.2787
vn -0.0452 0.9980 0.0452
vn -0.0394 0.9925 0.1160
vn -0.0394 0.9925 0.1160
vn -0.2052 0.9234 0.3245
vn -0.2787 0.9191 0.2787
vn -0.0394 0.9925 -0.1160
vn -0.0452 0.9980 -0.0452
vn -0.2787 0.9191 -0.2787
vn -0.2787 0.9191 -0.2787
vn -0.2052 0.9234 -0.3245
vn -0.0394 0.9925 -0.1160
vn 0.3061 -0.9014 0.3061
vn 0.0476 -0.9977 0.0476
vn 0.0445 -0.9903 0.1313
vn 0.0445 -0.9903 0.1313
vn 0.2265 -0.9059 0.3579
vn 0.3061 -0.9014 0.3061
vn 0.0445 -0.9903 -0.1313
vn 0.0476 -0.9977 -0.0476
vn 0.3061 -0.9014 -0.3061
vn 0.3061 -0.9014 -0.3061
vn 0.2265 -0.9059 -0.3579
vn 0.0445 -0.9903 -0.1313
vn -0.3061 -0.9014 -0.3061
vn -0.0476 -0.9977 -0.0476
vn -0.0445 -0.9903 -0.1313
vn -0.0445 -0.9903 -0.1313
vn -0.2265 -0.9059 -0.3579
vn -0.3061 -0.9014 -0.3061
vn -0.0445 -0.9903 0.1313
vn -0.0476 -0.9977 0.0476
vn -0.3061 -0.9014 0.3061
vn -0.3061 -0.9014 0.3061
vn -0.2265 -0.9059 0.3579
vn -0.0445 -0.9903 0.1313
vn -0.0476 -0.9977 -0.0476
vn -0.0372 -0.9993 -0.0086
vn -0.0144 -0.9998 -0.0144
vn -0.0476 -0.9977 0.0476
vn -0.0086 -0.9993 0.0372
vn -0.0144 -0.9998 0.0144
vn 0.0476 -0.9977 -0.0476
vn 0.0086 -0.9993 -0.0372
vn 0.0144 -0.9998 -0.0144
vn 0.0476 -0.9977 0.0476
vn 0.0372 -0.9993 0.0086
vn 0.0144 -0.9998 0.0144
# 4332 vertex normals

vt 0.2027 0.8045 -10.6181
vt 0.2021 0.8103 -10.6181
vt 0.2003 0.8094 -10.6181
vt 0.2006 0.8045 -10.6181
vt 0.2064 0.8045 -10.6181
vt 0.2058 0.8108 -10.6181
vt 0.2112 0.8107 -10.6181
vt 0.2110 0.8045 -10.6181
vt 0.2113 0.8169 -10.6181
vt 0.2055 0.8172 -10.6181
vt 0.9913 0.0575 -16.3176
vt 0.9913 0.0638 -16.3176
vt 0.7783 0.8081 -4.4946
vt 0.7837 0.8083 -4.4946
vt 0.7832 0.8020 -4.4946
vt 0.7785 0.8019 -4.4946
vt 0.7869 0.8022 -4.4946
vt 0.7875 0.8079 -4.4946
vt 0.7893 0.8071 -4.4946
vt 0.7890 0.8022 -4.4946
vt 0.7899 0.8094 -4.4946
vt 0.7889 0.8101 -4.4946
vt 0.3574 0.8170 -10.6181
vt 0.9975 0.2166 -16.3176
vt 0.9913 0.2166 -16.3176
vt 0.9913 0.2104 -16.3176
vt 0.3575 0.8107 -10.6181
vt 0.3629 0.8108 -10.6181
vt 0.3623 0.8045 -10.6181
vt 0.3577 0.8045 -10.6181
vt 0.3660 0.8046 -10.6181
vt 0.3666 0.8103 -10.6181
vt 0.3685 0.8095 -10.6181
vt 0.3681 0.8046 -10.6181
vt 0.3690 0.8117 -10.6181
vt 0.1944 0.9305 -13.3466
vt 0.1964 0.9226 -13.3466
vt 0.1959 0.9283 -13.3466
vt 0.1940 0.9275 -13.3466
vt 0.1943 0.9226 -13.3466
vt 0.2001 0.9225 -13.3466
vt 0.1996 0.9288 -13.3466
vt 0.2050 0.9287 -13.3466
vt 0.2048 0.9225 -13.3466
vt 0.2009 0.7211 -10.6181
vt 0.2029 0.7197 -10.6181
vt 0.2027 0.7238 -10.6181
vt 0.2008 0.7248 -10.6181
vt 0.2006 0.7172 -10.6181
vt 0.2027 0.7159 -10.6181
vt 0.2021 0.7126 -10.6181
vt 0.2000 0.7141 -10.6181
vt 0.2060 0.7117 10.6181
vt 0.2060 0.7150 -10.6181
vt 0.2109 0.7117 -10.6181
vt 0.2110 0.7146 -10.6181
vt 0.2110 0.7182 -10.6181
vt 0.2061 0.7187 -10.6181
vt 0.2110 0.7216 -10.6181
vt 0.2063 0.7227 -10.6181
vt 0.3659 0.7239 -10.6181
vt 0.3658 0.7197 -10.6181
vt 0.3678 0.7211 -10.6181
vt 0.3678 0.7248 -10.6181
vt 0.3624 0.7227 -10.6181
vt 0.3625 0.7187 -10.6181
vt 0.3577 0.7216 -10.6181
vt 0.3577 0.7182 -10.6181
vt 0.3577 0.7146 -10.6181
vt 0.3626 0.7150 -10.6181
vt 0.3578 0.7117 -10.6181
vt 0.3627 0.7117 -10.6181
vt 0.3665 0.7126 -10.6181
vt 0.3660 0.7159 -10.6181
vt 0.3680 0.7171 -10.6181
vt 0.3686 0.7141 -10.6181
vt 0.1750 0.8091 -10.6181
vt 0.1730 0.8099 -10.6181
vt 0.1727 0.8042 -10.6181
vt 0.1749 0.8043 -10.6181
vt 0.8144 0.8094 -4.4946
vt 0.1744 0.8121 -10.6181
vt 0.8168 0.8019 -4.4946
vt 0.8169 0.8078 -4.4946
vt 0.8148 0.8071 -4.4946
vt 0.8147 0.8021 -4.4946
vt 0.8204 0.8016 -4.4946
vt 0.8208 0.8078 -4.4946
vt 0.8263 0.8069 -4.4946
vt 0.8251 0.8011 -4.4946
vt 0.8276 0.8129 -4.4946
vt 0.8216 0.8142 -4.4946
vt 0.1635 0.8164 -10.6181
vt 0.4340 0.8205 -4.4946
vt 0.1637 0.8101 -10.6181
vt 0.1692 0.8103 -10.6181
vt 0.1689 0.8040 -10.6181
vt 0.1641 0.8038 -10.6181
vt 0.3959 0.8042 -10.6181
vt 0.3960 0.8100 -10.6181
vt 0.3939 0.8093 -10.6181
vt 0.3938 0.8044 -10.6181
vt 0.3995 0.8038 -10.6181
vt 0.3999 0.8101 -10.6181
vt 0.4054 0.8091 -10.6181
vt 0.4041 0.8034 -10.6181
vt 0.4067 0.8151 -10.6181
vt 0.1632 0.9347 -13.3466
vt 0.1572 0.9344 -13.3466
vt 0.0142 0.8222 -10.6181
vt 0.1574 0.9281 -13.3466
vt 0.1629 0.9283 -13.3466
vt 0.1626 0.9220 -13.3466
vt 0.1578 0.9219 -13.3466
vt 0.1664 0.9222 -13.3466
vt 0.1667 0.9280 -13.3466
vt 0.1687 0.9272 -13.3466
vt 0.1686 0.9223 -13.3466
vt 0.1691 0.9294 -13.3466
vt 0.1681 0.9302 -13.3466
vt 0.1749 0.7498 -10.6181
vt 0.1727 0.7505 -10.6181
vt 0.1726 0.7465 -10.6181
vt 0.1748 0.7455 -10.6181
vt 0.1690 0.7512 -10.6181
vt 0.1692 0.7474 -10.6181
vt 0.1643 0.7480 -10.6181
vt 0.1642 0.7519 -10.6181
vt 0.1643 0.7439 -10.6181
vt 0.1691 0.7438 -10.6181
vt 0.1688 0.7406 -10.6181
vt 0.1642 0.7407 -10.6181
vt 0.1720 0.7393 -10.6181
vt 0.1724 0.7427 -10.6181
vt 0.1737 0.7375 -10.6181
vt 0.1744 0.7410 -10.6181
vt 0.4043 0.7441 -10.6181
vt 0.3994 0.7437 -10.6181
vt 0.3999 0.7405 -10.6181
vt 0.0150 0.7402 -10.6181
vt 0.4041 0.7480 -10.6181
vt 0.3992 0.7473 -10.6181
vt 0.3994 0.7511 -10.6181
vt 0.4041 0.7517 -10.6181
vt 0.3958 0.7504 -10.6181
vt 0.3959 0.7464 -10.6181
vt 0.3937 0.7498 -10.6181
vt 0.3937 0.7454 -10.6181
vt 0.3942 0.7409 -10.6181
vt 0.3962 0.7427 -10.6181
vt 0.3949 0.7374 -10.6181
vt 0.3966 0.7393 -10.6181
vt 0.2144 0.1893 -12.7012
vt 0.2145 0.1908 -12.7012
vt 0.2097 0.1916 -12.7012
vt 0.2095 0.1899 -12.7012
vt 0.2146 0.1927 -12.7012
vt 0.2099 0.1934 -12.7012
vt 0.2147 0.1948 -12.7012
vt 0.2101 0.1956 -12.7012
vt 0.2064 0.1968 -12.7012
vt 0.2066 0.1945 -12.7012
vt 0.2042 0.1961 -12.7012
vt 0.2042 0.1982 -12.7012
vt 0.2039 0.1941 -12.7012
vt 0.2063 0.1927 -12.7012
vt 0.2056 0.1911 -12.7012
vt 0.2031 0.1927 -12.7012
vt 0.3612 0.1893 -12.7012
vt 0.3661 0.1896 -12.7012
vt 0.3660 0.1913 -12.7012
vt 0.3611 0.1908 -12.7012
vt 0.3700 0.1907 -12.7012
vt 0.3694 0.1923 -12.7012
vt 0.3719 0.1937 -12.7012
vt 0.3726 0.1922 -12.7012
vt 0.3715 0.1957 -12.7012
vt 0.3692 0.1941 -12.7012
vt 0.3693 0.1964 -12.7012
vt 0.3716 0.1978 -12.7012
vt 0.3657 0.1953 -12.7012
vt 0.3659 0.1931 -12.7012
vt 0.3612 0.1945 -12.7012
vt 0.3611 0.1926 -12.7012
vt 0.1645 0.2160 -12.7012
vt 0.1650 0.2174 -12.7012
vt 0.1601 0.2179 -12.7012
vt 0.1600 0.2164 -12.0043
vt 0.1680 0.2146 -12.7012
vt 0.1684 0.2161 -12.7012
vt 0.1703 0.2127 -12.7012
vt 0.1710 0.2141 -12.7012
vt 0.1712 0.2163 -12.7012
vt 0.1686 0.2179 -12.7012
vt 0.1710 0.2186 -12.7012
vt 0.1686 0.2201 -12.7012
vt 0.1648 0.2214 -12.7012
vt 0.1651 0.2192 -12.7012
vt 0.1601 0.2199 -12.7012
vt 0.1601 0.2221 -12.7012
vt 0.4158 0.2172 -12.7012
vt 0.4110 0.2165 -12.7012
vt 0.4114 0.2151 -12.7012
vt 0.0108 0.2159 -12.7012
vt 0.4157 0.2191 -12.7012
vt 0.4108 0.2183 -12.7012
vt 0.4110 0.2205 -12.7012
vt 0.4157 0.2212 -12.7012
vt 0.4073 0.2193 -12.7012
vt 0.4074 0.2171 -12.7012
vt 0.4049 0.2178 -12.7012
vt 0.4047 0.2155 -12.7012
vt 0.4049 0.2133 -12.7012
vt 0.4075 0.2153 -12.7012
vt 0.4056 0.2119 -12.7012
vt 0.4079 0.2137 -12.7012
vt 0.7814 0.9277 -12.3262
vt 0.7796 0.9286 -12.3262
vt 0.7789 0.9228 -12.3262
vt 0.7810 0.9229 -12.3262
vt 0.7820 0.9300 -12.3262
vt 0.7810 0.9308 -12.3262
vt 0.6235 0.8018 -4.4946
vt 0.6228 0.8075 -4.4946
vt 0.6210 0.8066 -4.4946
vt 0.6213 0.8017 -4.4946
vt 0.6272 0.8018 -4.4946
vt 0.6265 0.8081 -4.4946
vt 0.6320 0.8081 -4.4946
vt 0.6319 0.8019 -4.4946
vt 0.6320 0.8144 -4.4946
vt 0.6261 0.8144 -4.4946
vt 0.8385 0.0638 16.3176
vt 0.8447 0.0638 -16.3176
vt 0.7705 0.9290 -12.3262
vt 0.7759 0.9291 -12.3262
vt 0.7753 0.9228 -12.3262
vt 0.7706 0.9227 -12.3262
vt 0.6157 0.9228 -12.3262
vt 0.6151 0.9285 -12.3262
vt 0.6133 0.9277 -12.3262
vt 0.6136 0.9228 -12.3262
vt 0.6193 0.9228 -12.3262
vt 0.6187 0.9290 -12.3262
vt 0.6241 0.9290 -12.3262
vt 0.6240 0.9227 -12.3262
vt 0.6242 0.9352 -12.3262
vt 0.6184 0.9354 -12.3262
vt 0.3513 0.9350 -13.3466
vt 0.8447 0.2104 -16.3176
vt 0.3513 0.9287 -13.3466
vt 0.3567 0.9287 -13.3466
vt 0.3560 0.9224 -13.3466
vt 0.3513 0.9225 -13.3466
vt 0.3597 0.9225 -13.3466
vt 0.3604 0.9282 -13.3466
vt 0.3623 0.9273 -13.3466
vt 0.3619 0.9225 -13.3466
vt 0.3628 0.9296 -13.3466
vt 0.3619 0.9304 -13.3466
vt 0.7789 0.8421 -12.3262
vt 0.7787 0.8380 -12.3262
vt 0.7807 0.8393 -12.3262
vt 0.7808 0.8431 -12.3262
vt 0.7753 0.8409 -12.3262
vt 0.7755 0.8370 -12.3262
vt 0.7706 0.8399 -12.3262
vt 0.7706 0.8365 -12.3262
vt 0.7706 0.8329 -12.3262
vt 0.7756 0.8333 -12.3262
vt 0.7707 0.8300 -12.3262
vt 0.7756 0.8300 12.3262
vt 0.7795 0.8308 -12.3262
vt 0.7789 0.8342 -12.3262
vt 0.7810 0.8354 -12.3262
vt 0.7816 0.8323 -12.3262
vt 0.6239 0.8300 -12.3262
vt 0.6239 0.8329 -12.3262
vt 0.6190 0.8333 -12.3262
vt 0.6189 0.8299 -12.3262
vt 0.6240 0.8365 -12.3262
vt 0.6191 0.8370 -12.3262
vt 0.6240 0.8399 -12.3262
vt 0.6193 0.8409 -12.3262
vt 0.6157 0.8421 -12.3262
vt 0.6158 0.8380 -12.3262
vt 0.6138 0.8394 -12.3262
vt 0.6138 0.8431 -12.3262
vt 0.6136 0.8354 -12.3262
vt 0.6156 0.8342 -12.3262
vt 0.6151 0.8308 -12.3262
vt 0.6129 0.8324 -12.3262
vt 0.8088 0.9224 -12.3262
vt 0.8090 0.9283 -12.3262
vt 0.8069 0.9276 -12.3262
vt 0.8068 0.9226 -12.3262
vt 0.8125 0.9221 -12.3262
vt 0.8129 0.9283 -12.3262
vt 0.8183 0.9274 -12.3262
vt 0.8171 0.9216 -12.3262
vt 0.8197 0.9334 -12.3262
vt 0.5900 0.8135 -4.4946
vt 0.5840 0.8132 -4.4946
vt 0.5839 0.8195 1.0222
vt 0.5843 0.8069 -4.4946
vt 0.5898 0.8071 -4.4946
vt 0.5895 0.8008 -4.4946
vt 0.5847 0.8007 -4.4946
vt 0.5933 0.8010 -4.4946
vt 0.5936 0.8068 -4.4946
vt 0.5956 0.8060 -4.4946
vt 0.5955 0.8012 -4.4946
vt 0.5960 0.8083 -4.4946
vt 0.5949 0.8090 -4.4946
vt 0.5764 0.9346 -12.3262
vt 0.5824 0.9349 -12.3262
vt 0.4005 0.9330 -13.3466
vt 0.0079 0.9402 -13.3466
vt 0.5767 0.9283 -12.3262
vt 0.5822 0.9286 -12.3262
vt 0.5819 0.9222 -12.3262
vt 0.5771 0.9221 -12.3262
vt 0.5857 0.9224 -12.3262
vt 0.5859 0.9282 -12.3262
vt 0.5879 0.9274 -12.3262
vt 0.5878 0.9226 -12.3262
vt 0.3873 0.9296 -13.3466
vt 0.3887 0.9303 -13.3466
vt 0.3897 0.9220 -13.3466
vt 0.3898 0.9279 -13.3466
vt 0.3877 0.9272 -13.3466
vt 0.3876 0.9223 -13.3466
vt 0.3933 0.9217 -13.3466
vt 0.3937 0.9279 -13.3466
vt 0.3992 0.9270 -13.3466
vt 0.3979 0.9212 -13.3466
vt 0.8066 0.8681 -12.3262
vt 0.8067 0.8637 -12.3262
vt 0.8088 0.8647 -12.3262
vt 0.8088 0.8687 -12.3262
vt 0.8071 0.8592 -12.3262
vt 0.8091 0.8609 -12.3262
vt 0.8079 0.8557 -12.3262
vt 0.8095 0.8575 -12.3262
vt 0.8129 0.8588 -12.3262
vt 0.8124 0.8619 -12.3262
vt 0.8172 0.8623 -12.3262
vt 0.8174 0.8591 -12.3262
vt 0.8170 0.8663 -12.3262
vt 0.8122 0.8655 -12.3262
vt 0.8124 0.8693 -12.3262
vt 0.8170 0.8700 -12.3262
vt 0.5879 0.8681 -12.3262
vt 0.5857 0.8687 -12.3262
vt 0.5856 0.8648 -12.3262
vt 0.5878 0.8637 -12.3262
vt 0.5820 0.8695 -12.3262
vt 0.5822 0.8656 -12.3262
vt 0.5772 0.8663 -12.3262
vt 0.5772 0.8701 -12.3262
vt 0.5772 0.8622 -12.3262
vt 0.5820 0.8620 -12.3262
vt 0.5817 0.8588 -12.3262
vt 0.5772 0.8589 -12.3262
vt 0.5850 0.8576 -12.3262
vt 0.5853 0.8610 -12.3262
vt 0.5866 0.8557 -12.3262
vt 0.5874 0.8592 -12.3262
vt 0.7752 0.1827 -10.2012
vt 0.7801 0.1830 -10.2012
vt 0.7800 0.1847 -10.2012
vt 0.7752 0.1842 -10.2012
vt 0.7841 0.1841 -10.2012
vt 0.7834 0.1857 -10.2012
vt 0.7859 0.1871 -10.2012
vt 0.7866 0.1857 -10.2012
vt 0.7855 0.1891 -10.2012
vt 0.7832 0.1876 -10.2012
vt 0.7834 0.1898 -10.2012
vt 0.7856 0.1912 -10.2012
vt 0.7798 0.1887 -10.2012
vt 0.7799 0.1865 -10.2012
vt 0.7752 0.1879 -10.2012
vt 0.7752 0.1860 -10.2012
vt 0.6285 0.1827 -10.2012
vt 0.6286 0.1842 -10.2012
vt 0.6237 0.1850 -10.2012
vt 0.6236 0.1833 -10.2012
vt 0.6286 0.1862 -10.2012
vt 0.6239 0.1868 -10.2012
vt 0.6287 0.1882 -10.2012
vt 0.6241 0.1890 -10.2012
vt 0.6205 0.1902 -10.2012
vt 0.6206 0.1879 -10.2012
vt 0.6183 0.1895 -10.2012
vt 0.6183 0.1916 -10.2012
vt 0.6179 0.1875 -10.2012
vt 0.6204 0.1861 -10.2012
vt 0.6197 0.1845 -10.2012
vt 0.6172 0.1861 -10.2012
vt 0.8299 0.2106 -10.2012
vt 0.8250 0.2099 -10.2012
vt 0.8255 0.2085 -10.2012
vt 0.8301 0.2091 -10.2012
vt 0.8297 0.2125 -10.2012
vt 0.8249 0.2117 -10.2012
vt 0.8251 0.2139 -10.2012
vt 0.8298 0.2146 -10.2012
vt 0.8214 0.2127 -10.2012
vt 0.8214 0.2105 -10.2012
vt 0.8190 0.2112 -10.2012
vt 0.8188 0.2089 -10.2012
vt 0.8190 0.2067 -10.2012
vt 0.8216 0.2087 -10.2012
vt 0.8197 0.2053 -10.2012
vt 0.8219 0.2071 -10.2012
vt 0.5786 0.2094 -10.2012
vt 0.5790 0.2108 -10.2012
vt 0.5741 0.2113 -10.2012
vt 0.5741 0.2098 -9.6415
vt 0.5821 0.2080 -10.2012
vt 0.5824 0.2095 -10.2012
vt 0.5843 0.2061 -10.2012
vt 0.5850 0.2075 -10.2012
vt 0.5853 0.2097 -10.2012
vt 0.5826 0.2114 -10.2012
vt 0.5851 0.2120 -10.2012
vt 0.5826 0.2135 -10.2012
vt 0.5789 0.2148 -10.2012
vt 0.5791 0.2126 -10.2012
vt 0.5742 0.2133 -10.2012
vt 0.5742 0.2155 -10.2012
vt 0.3514 0.8297 -13.3466
vt 0.3564 0.8297 13.3466
vt 0.3563 0.8330 -13.3466
vt 0.3514 0.8326 -13.3466
vt 0.3602 0.8305 -13.3466
vt 0.3597 0.8339 -13.3466
vt 0.3617 0.8351 -13.3466
vt 0.3623 0.8320 -13.3466
vt 0.3615 0.8390 -13.3466
vt 0.3595 0.8377 -13.3466
vt 0.3597 0.8418 -13.3466
vt 0.3616 0.8428 -13.3466
vt 0.3560 0.8406 -13.3466
vt 0.3562 0.8367 -13.3466
vt 0.3514 0.8396 -13.3466
vt 0.3514 0.8362 -13.3466
vt 0.2046 0.8297 -13.3466
vt 0.2047 0.8326 -13.3466
vt 0.1997 0.8330 -13.3466
vt 0.1996 0.8297 -13.3466
vt 0.2047 0.8362 -13.3466
vt 0.1998 0.8367 -13.3466
vt 0.2047 0.8396 -13.3466
vt 0.2001 0.8407 -13.3466
vt 0.1964 0.8419 -13.3466
vt 0.1965 0.8377 -13.3466
vt 0.1946 0.8391 -13.3466
vt 0.1945 0.8429 -13.3466
vt 0.1943 0.8352 -13.3466
vt 0.1963 0.8340 -13.3466
vt 0.1958 0.8306 -13.3466
vt 0.1936 0.8321 -13.3466
vt 0.3980 0.8618 -13.3466
vt 0.3932 0.8616 -13.3466
vt 0.3936 0.8584 -13.3466
vt 0.3982 0.8586 -13.3466
vt 0.3979 0.8659 -13.3466
vt 0.3930 0.8652 -13.3466
vt 0.3932 0.8690 -13.3466
vt 0.3979 0.8696 -13.3466
vt 0.3896 0.8683 -13.3466
vt 0.3897 0.8643 -13.3466
vt 0.3874 0.8677 -13.3466
vt 0.3875 0.8633 -13.3466
vt 0.3880 0.8588 -13.3466
vt 0.3900 0.8605 -13.3466
vt 0.3887 0.8553 -13.3466
vt 0.3903 0.8571 -13.3466
vt 0.1623 0.8586 -13.3466
vt 0.1627 0.8618 -13.3466
vt 0.1579 0.8621 -13.3466
vt 0.1578 0.8588 -13.3466
vt 0.1656 0.8573 -13.3466
vt 0.1660 0.8607 -13.3466
vt 0.1673 0.8555 -13.3466
vt 0.1680 0.8590 -13.3466
vt 0.1685 0.8635 -13.3466
vt 0.1663 0.8645 -13.3466
vt 0.1686 0.8678 -13.3466
vt 0.1664 0.8685 -13.3466
vt 0.1627 0.8693 -13.3466
vt 0.1629 0.8654 -13.3466
vt 0.1580 0.8661 -13.3466
vt 0.1579 0.8700 -13.3466
vt 0.3629 0.0420 -13.9179
vt 0.3678 0.0424 -13.9179
vt 0.3677 0.0441 -13.9179
vt 0.3628 0.0435 -13.9179
vt 0.3717 0.0436 -13.9179
vt 0.3711 0.0451 -13.9179
vt 0.3735 0.0465 -13.9179
vt 0.3742 0.0451 -13.9179
vt 0.3732 0.0485 -13.9179
vt 0.3708 0.0470 -13.9179
vt 0.3710 0.0493 -13.9179
vt 0.3732 0.0506 -13.9179
vt 0.3674 0.0481 -13.9179
vt 0.3676 0.0459 -13.9179
vt 0.3628 0.0473 -13.9179
vt 0.3628 0.0454 -13.9179
vt 0.2161 0.0420 -13.9179
vt 0.2162 0.0435 -13.9179
vt 0.2113 0.0441 -13.9179
vt 0.2112 0.0425 -13.9179
vt 0.2163 0.0454 -13.9179
vt 0.2115 0.0460 -13.9179
vt 0.2163 0.0473 -13.9179
vt 0.2117 0.0481 -13.9179
vt 0.2080 0.0493 -13.9179
vt 0.2082 0.0471 -13.9179
vt 0.2058 0.0486 -13.9179
vt 0.2058 0.0507 -13.9179
vt 0.2054 0.0466 -13.9179
vt 0.2079 0.0452 -13.9179
vt 0.2072 0.0437 -13.9179
vt 0.2047 0.0452 -13.9179
vt 0.4158 0.0681 -13.9179
vt 0.4110 0.0675 -13.9179
vt 0.4114 0.0661 -13.9179
vt 0.4160 0.0666 -13.9179
vt 0.4157 0.0701 -13.9179
vt 0.4109 0.0693 -13.9179
vt 0.4111 0.0715 -13.9179
vt 0.4158 0.0721 -13.9179
vt 0.4074 0.0702 -13.9179
vt 0.4074 0.0681 -13.9179
vt 0.4049 0.0687 -13.9179
vt 0.4047 0.0664 -13.9179
vt 0.4050 0.0642 -13.9179
vt 0.4075 0.0662 -13.9179
vt 0.4057 0.0628 -13.9179
vt 0.4079 0.0647 -13.9179
vt 0.1676 0.0665 -13.9179
vt 0.1680 0.0680 -13.9179
vt 0.1631 0.0685 -13.9179
vt 0.1631 0.0670 -13.1542
vt 0.1711 0.0651 -13.9179
vt 0.1715 0.0667 -13.9179
vt 0.1734 0.0632 -13.9179
vt 0.1741 0.0647 -13.9179
vt 0.1744 0.0668 -13.9179
vt 0.1717 0.0685 -13.9179
vt 0.1742 0.0692 -13.9179
vt 0.1717 0.0707 -13.9179
vt 0.1679 0.0720 -13.9179
vt 0.1681 0.0698 -13.9179
vt 0.1632 0.0705 -13.9179
vt 0.1631 0.0727 -13.9179
vt 0.6319 0.7092 -4.4946
vt 0.6320 0.7120 -4.4946
vt 0.6270 0.7124 -4.4946
vt 0.6270 0.7091 -4.4946
vt 0.6320 0.7156 -4.4946
vt 0.6271 0.7161 -4.4946
vt 0.6319 0.7191 -4.4946
vt 0.6272 0.7200 -4.4946
vt 0.6236 0.7211 -4.4946
vt 0.6238 0.7170 -4.4946
vt 0.6218 0.7183 -4.4946
vt 0.6216 0.7220 -4.4946
vt 0.6215 0.7144 -4.4946
vt 0.6236 0.7133 -4.4946
vt 0.6231 0.7099 -4.4946
vt 0.6210 0.7114 -4.4946
vt 0.7788 0.7092 -4.4946
vt 0.7837 0.7093 4.4946
vt 0.7836 0.7126 -4.4946
vt 0.7787 0.7121 -4.4946
vt 0.7876 0.7103 -4.4946
vt 0.7870 0.7136 -4.4946
vt 0.7890 0.7149 -4.4946
vt 0.7897 0.7118 -4.4946
vt 0.7887 0.7188 -4.4946
vt 0.7867 0.7174 -4.4946
vt 0.7868 0.7215 -4.4946
vt 0.7888 0.7225 -4.4946
vt 0.7832 0.7203 -4.4946
vt 0.7834 0.7163 -4.4946
vt 0.7785 0.7191 -4.4946
vt 0.7786 0.7157 -4.4946
vt 0.5892 0.7374 -4.4946
vt 0.5896 0.7406 -4.4946
vt 0.5848 0.7409 -4.4946
vt 0.5847 0.7376 -4.4946
vt 0.5926 0.7362 -4.4946
vt 0.5929 0.7396 -4.4946
vt 0.5943 0.7343 -4.4946
vt 0.5950 0.7378 -4.4946
vt 0.5954 0.7423 -4.4946
vt 0.5932 0.7434 -4.4946
vt 0.5956 0.7468 -4.4946
vt 0.5934 0.7474 -4.4946
vt 0.5896 0.7481 -4.4946
vt 0.5898 0.7442 -4.4946
vt 0.5849 0.7449 -4.4946
vt 0.5848 0.7487 -4.4946
vt 0.8253 0.7419 -4.4946
vt 0.8205 0.7415 -4.4946
vt 0.8210 0.7383 -4.4946
vt 0.4348 0.7386 -4.4946
vt 0.8251 0.7458 -4.4946
vt 0.8203 0.7451 -4.4946
vt 0.8204 0.7489 -4.4946
vt 0.8250 0.7496 -4.4946
vt 0.8167 0.7482 -4.4946
vt 0.8169 0.7442 -4.4946
vt 0.8146 0.7475 -4.4946
vt 0.8147 0.7431 -4.4946
vt 0.8152 0.7386 -4.4946
vt 0.8172 0.7404 -4.4946
vt 0.8160 0.7352 -4.4946
vt 0.8176 0.7370 -4.4946
vt 0.6266 0.0328 -16.3833
vt 0.6267 0.0343 -16.3833
vt 0.6219 0.0349 -16.3833
vt 0.6217 0.0333 -16.3833
vt 0.6268 0.0362 -16.3833
vt 0.6220 0.0368 -16.3833
vt 0.6269 0.0381 -16.3833
vt 0.6222 0.0389 -16.3833
vt 0.6186 0.0401 -16.3833
vt 0.6187 0.0379 -16.3833
vt 0.6163 0.0394 -16.3833
vt 0.6163 0.0415 -16.3833
vt 0.6160 0.0374 -16.3833
vt 0.6185 0.0360 -16.3833
vt 0.6178 0.0345 -16.3833
vt 0.6152 0.0360 -16.3833
vt 0.7734 0.0328 -16.3833
vt 0.7783 0.0332 -16.3833
vt 0.7782 0.0349 -16.3833
vt 0.7734 0.0343 -16.3833
vt 0.7822 0.0344 -16.3833
vt 0.7816 0.0359 -16.3833
vt 0.7841 0.0373 -16.3833
vt 0.7848 0.0359 -16.3833
vt 0.7837 0.0393 -16.3833
vt 0.7814 0.0378 -16.3833
vt 0.7815 0.0401 -16.3833
vt 0.7837 0.0414 -16.3833
vt 0.7779 0.0389 -16.3833
vt 0.7781 0.0367 -16.3833
vt 0.7734 0.0381 -16.3833
vt 0.7733 0.0362 -16.3833
vt 0.5782 0.0573 -16.3833
vt 0.5786 0.0588 -16.3833
vt 0.5737 0.0593 -16.3833
vt 0.5736 0.0578 -15.4844
vt 0.5817 0.0559 -16.3833
vt 0.5821 0.0575 -16.3833
vt 0.5840 0.0540 -16.3833
vt 0.5847 0.0555 -16.3833
vt 0.5849 0.0576 -16.3833
vt 0.5822 0.0593 -16.3833
vt 0.5847 0.0600 -16.3833
vt 0.5822 0.0615 -16.3833
vt 0.5784 0.0628 -16.3833
vt 0.5787 0.0606 -16.3833
vt 0.5737 0.0613 -16.3833
vt 0.5736 0.0635 -16.3833
vt 0.8264 0.0589 -16.3833
vt 0.8215 0.0583 -16.3833
vt 0.8220 0.0569 -16.3833
vt 0.4236 0.0588 -16.3833
vt 0.8263 0.0609 -16.3833
vt 0.8214 0.0601 -16.3833
vt 0.8216 0.0623 -16.3833
vt 0.8263 0.0629 -16.3833
vt 0.8179 0.0610 -16.3833
vt 0.8179 0.0589 -16.3833
vt 0.8155 0.0595 -16.3833
vt 0.8153 0.0572 -16.3833
vt 0.8155 0.0550 -16.3833
vt 0.8181 0.0570 -16.3833
vt 0.8162 0.0536 -16.3833
vt 0.8184 0.0555 -16.3833
vt 0.2135 0.3434 25.8992
vt 0.2182 0.3434 25.8992
vt 0.2098 0.3434 25.8992
vt 0.2072 0.3434 25.8992
vt 0.3647 0.3434 25.8992
vt 0.3693 0.3434 25.8992
vt 0.3731 0.3434 25.8992
vt 0.3757 0.3434 25.8992
vt 0.1598 0.3434 25.8992
vt 0.1645 0.3434 25.8992
vt 0.1684 0.3434 25.8992
vt 0.1714 0.3434 25.8992
vt 0.4184 0.3434 25.8992
vt 0.4231 0.3434 -25.8992
vt 0.4145 0.3434 25.8992
vt 0.4115 0.3434 25.8992
vt 0.7798 0.3399 25.9155
vt 0.7845 0.3399 25.9155
vt 0.7882 0.3399 25.9155
vt 0.7908 0.3399 25.9155
vt 0.6286 0.3399 25.9155
vt 0.6333 0.3399 25.9155
vt 0.6249 0.3399 25.9155
vt 0.6223 0.3399 25.9155
vt 0.8335 0.3399 25.9155
vt 0.8383 0.3399 -25.9155
vt 0.8296 0.3399 25.9155
vt 0.8266 0.3399 25.9155
vt 0.5749 0.3399 25.9155
vt 0.5796 0.3399 25.9155
vt 0.5836 0.3399 25.9155
vt 0.5865 0.3399 25.9155
vt 0.6288 0.5273 -24.8645
vt 0.6334 0.5273 17.3769
vt 0.6250 0.5273 17.3769
vt 0.6225 0.5273 17.3769
vt 0.7799 0.5273 17.3769
vt 0.7846 0.5273 17.3769
vt 0.7883 0.5273 17.3769
vt 0.7909 0.5274 17.3769
vt 0.5776 0.5272 17.3769
vt 0.5823 0.5272 17.3769
vt 0.5863 0.5272 17.3769
vt 0.5893 0.5273 17.3769
vt 0.8311 0.5274 17.3769
vt 0.8359 0.5274 17.3769
vt 0.8271 0.5274 17.3769
vt 0.8241 0.5274 17.3769
vt 0.3608 0.5261 15.7636
vt 0.3654 0.5261 15.7636
vt 0.3692 0.5261 -22.5560
vt 0.3718 0.5261 15.7636
vt 0.2097 0.5260 15.7636
vt 0.2143 0.5260 15.7636
vt 0.2059 0.5260 15.7636
vt 0.2033 0.5260 15.7636
vt 0.4120 0.5261 15.7636
vt 0.4167 0.5261 15.7636
vt 0.4080 0.5261 15.7636
vt 0.4050 0.5261 15.7636
vt 0.1584 0.5260 15.7636
vt 0.1632 0.5260 15.7636
vt 0.1671 0.5260 15.7636
vt 0.1701 0.5260 15.7636
vt 0.9976 0.0638 -16.3176
vt 0.9975 0.0575 -16.3176
vt 0.7839 0.8147 -4.4946
vt 0.7781 0.8144 -4.4946
vt 0.1998 0.8117 -10.6181
vt 0.2007 0.8124 -10.6181
vt 0.9976 0.2104 16.3176
vt 0.3633 0.8172 -10.6181
vt 0.1993 0.9352 -13.3466
vt 0.2051 0.9350 -13.3466
vt 0.1935 0.9297 -13.3466
vt 0.3681 0.8125 -10.6181
vt 0.2071 0.3233 -12.7012
vt 0.2050 0.3238 -12.7012
vt 0.2106 0.3232 -12.7012
vt 0.2150 0.3236 12.7012
vt 0.3616 0.3232 -12.7012
vt 0.3662 0.3229 -12.7012
vt 0.3699 0.3229 -12.7012
vt 0.3721 0.3234 -12.7012
vt 0.1754 0.8114 -10.6181
vt 0.8158 0.8102 -4.4946
vt 0.4343 0.8079 -4.4946
vt 0.4346 0.8017 -4.4946
vt 0.4341 0.8142 -4.4946
vt 0.1695 0.8166 -10.6181
vt 0.8289 0.8190 -4.4946
vt 0.1634 0.8227 2.4149
vt 0.9915 0.2567 9.7903
vt 0.0145 0.8096 -10.6181
vt 0.0148 0.8034 -10.6181
vt 0.0143 0.8159 -10.6181
vt 0.4007 0.8164 -10.6181
vt 0.8449 0.2567 -9.7903
vt 0.4080 0.8213 -10.6181
vt 0.1570 0.9407 3.0354
vt 0.3935 0.8117 -10.6181
vt 0.3949 0.8124 -10.6181
vt 0.1643 0.3283 -12.7012
vt 0.1598 0.3282 -12.7012
vt 0.1678 0.3279 -12.7012
vt 0.1701 0.3270 -12.7012
vt 0.0150 0.7434 -10.6181
vt 0.4134 0.3274 -12.7012
vt 0.0106 0.3274 -12.7012
vt 0.4045 0.7409 -10.6181
vt 0.4180 0.3272 -12.7012
vt 0.0150 0.7475 -10.6181
vt 0.0149 0.7514 -10.6181
vt 0.4072 0.3262 -12.7012
vt 0.4096 0.3270 -12.7012
vt 0.2182 0.5174 25.8992
vt 0.2136 0.5171 25.8992
vt 0.2098 0.5167 25.8992
vt 0.2072 0.5164 25.8992
vt 0.3647 0.5174 25.8992
vt 0.3693 0.5171 25.8992
vt 0.3730 0.5167 25.8992
vt 0.3757 0.5164 25.8992
vt 0.1645 0.5021 25.8992
vt 0.1598 0.5019 25.8992
vt 0.1684 0.5024 25.8992
vt 0.1714 0.5026 25.8992
vt 0.0108 0.2174 -12.7012
vt 0.4185 0.5022 25.8992
vt 0.0105 0.5014 25.8992
vt 0.4160 0.2157 -12.7012
vt 0.4231 0.5019 25.8992
vt 0.0109 0.2193 -12.7012
vt 0.0108 0.2214 -12.7012
vt 0.4115 0.5026 25.8992
vt 0.4145 0.5024 25.8992
vt 0.6204 0.8088 -4.4946
vt 0.6213 0.8096 -4.4946
vt 0.8447 0.0575 -16.3176
vt 0.7762 0.9354 -12.3262
vt 0.8385 0.0575 -16.3176
vt 0.7704 0.9352 -12.3262
vt 0.8385 0.2104 -16.3176
vt 0.8385 0.2166 -16.3176
vt 0.3571 0.9350 -13.3466
vt 0.8447 0.2166 -16.3176
vt 0.6127 0.9299 -12.3262
vt 0.6136 0.9307 -12.3262
vt 0.7756 0.3166 10.2012
vt 0.7803 0.3163 -10.2012
vt 0.7839 0.3163 -10.2012
vt 0.7862 0.3168 -10.2012
vt 0.6291 0.3170 -10.2012
vt 0.6246 0.3166 -10.2012
vt 0.6211 0.3167 -10.2012
vt 0.6190 0.3172 -10.2012
vt 0.4266 0.9294 -12.3262
vt 0.4269 0.9231 -12.3262
vt 0.4264 0.9357 -12.3262
vt 0.8136 0.9347 -12.3262
vt 0.9915 0.4033 -9.7903
vt 0.4263 0.9419 -12.3262
vt 0.8210 0.9395 -12.3262
vt 0.8065 0.9300 -12.3262
vt 0.8079 0.9307 -12.3262
vt 0.3945 0.9343 -13.3466
vt 0.0080 0.9340 -13.3466
vt 0.8449 0.4033 9.7903
vt 0.5763 0.9409 2.8034
vt 0.4019 0.9391 -13.3466
vt 0.5884 0.9297 -12.3262
vt 0.5873 0.9304 -12.3262
vt 0.0082 0.9277 -13.3466
vt 0.0085 0.9215 -13.3466
vt 0.8212 0.3196 -10.2012
vt 0.8237 0.3204 -10.2012
vt 0.8274 0.3208 -10.2012
vt 0.4271 0.8632 -12.3262
vt 0.8321 0.3206 -10.2012
vt 0.4271 0.8600 -12.3262
vt 0.4238 0.3223 -10.2012
vt 0.4271 0.8673 -12.3262
vt 0.4271 0.8711 -12.3262
vt 0.5783 0.3217 -10.2012
vt 0.5738 0.3216 -10.2012
vt 0.5818 0.3213 -10.2012
vt 0.5842 0.3204 -10.2012
vt 0.7798 0.5140 25.9155
vt 0.7844 0.5136 25.9155
vt 0.7881 0.5133 25.9155
vt 0.7908 0.5129 25.9155
vt 0.6333 0.5140 25.9155
vt 0.6287 0.5136 25.9155
vt 0.6250 0.5133 25.9155
vt 0.6223 0.5129 25.9155
vt 0.4241 0.2123 -10.2012
vt 0.8336 0.4987 25.9155
vt 0.4240 0.2108 -10.2012
vt 0.8383 0.4985 25.9155
vt 0.4248 0.4995 25.9155
vt 0.4241 0.2143 -10.2012
vt 0.4241 0.2163 -10.2012
vt 0.8266 0.4992 25.9155
vt 0.8296 0.4989 25.9155
vt 0.5796 0.4987 25.9155
vt 0.5749 0.4985 25.9155
vt 0.5835 0.4989 25.9155
vt 0.5865 0.4992 25.9155
vt 0.3630 0.1761 13.9179
vt 0.3676 0.1757 -13.9179
vt 0.3712 0.1758 -13.9179
vt 0.3735 0.1762 -13.9179
vt 0.2165 0.1761 -13.9179
vt 0.2122 0.1757 -13.9179
vt 0.2090 0.1758 -13.9179
vt 0.2071 0.1763 -13.9179
vt 0.0086 0.8616 -13.3466
vt 0.4147 0.1803 -13.9179
vt 0.0086 0.8583 -13.3466
vt 0.4193 0.1801 -13.9179
vt 0.0137 0.1803 -13.9179
vt 0.0087 0.8656 -13.3466
vt 0.0086 0.8695 -13.3466
vt 0.4085 0.1791 -13.9179
vt 0.4110 0.1800 -13.9179
vt 0.1670 0.1809 -13.9179
vt 0.1628 0.1808 -13.9179
vt 0.1704 0.1805 -13.9179
vt 0.1725 0.1797 -13.9179
vt 0.7799 0.7014 24.8645
vt 0.7845 0.7011 17.3769
vt 0.7883 0.7007 17.3769
vt 0.7909 0.7004 17.3769
vt 0.6334 0.7013 17.3769
vt 0.6288 0.7010 17.3769
vt 0.6251 0.7006 17.3769
vt 0.6225 0.7003 17.3769
vt 0.0139 0.0680 -13.9179
vt 0.8311 0.6861 17.3769
vt 0.0138 0.0665 -13.9179
vt 0.8357 0.6859 17.3769
vt 0.4276 0.6869 17.3769
vt 0.0139 0.0700 -13.9179
vt 0.0138 0.0722 -13.9179
vt 0.8241 0.6866 17.3769
vt 0.8271 0.6864 17.3769
vt 0.5823 0.6860 17.3769
vt 0.5777 0.6858 17.3769
vt 0.5862 0.6863 17.3769
vt 0.5893 0.6865 17.3769
vt 0.6271 0.1669 16.3833
vt 0.6228 0.1665 -16.3833
vt 0.6195 0.1666 -16.3833
vt 0.6176 0.1671 -16.3833
vt 0.7735 0.1669 -16.3833
vt 0.7782 0.1665 -16.3833
vt 0.7818 0.1666 -16.3833
vt 0.7840 0.1670 -16.3833
vt 0.5776 0.1717 -16.3833
vt 0.5733 0.1716 -16.3833
vt 0.5809 0.1713 -16.3833
vt 0.5830 0.1705 -16.3833
vt 0.4348 0.7419 -4.4946
vt 0.8252 0.1712 -16.3833
vt 0.4234 0.1726 -16.3833
vt 0.8255 0.7387 -4.4946
vt 0.8299 0.1709 -16.3833
vt 0.4348 0.7459 -4.4946
vt 0.4348 0.7497 -4.4946
vt 0.8190 0.1700 -16.3833
vt 0.8215 0.1708 -16.3833
vt 0.2143 0.7001 22.5560
vt 0.2097 0.6997 15.7636
vt 0.2059 0.6994 15.7636
vt 0.2033 0.6990 15.7636
vt 0.3608 0.7001 15.7636
vt 0.3654 0.6998 15.7636
vt 0.3691 0.6994 15.7636
vt 0.3718 0.6991 15.7636
vt 0.1632 0.6847 15.7636
vt 0.1585 0.6845 15.7636
vt 0.1671 0.6850 15.7636
vt 0.1701 0.6852 15.7636
vt 0.4236 0.0603 -16.3833
vt 0.4119 0.6849 15.7636
vt 0.0093 0.6841 15.7636
vt 0.8266 0.0574 -16.3833
vt 0.4166 0.6846 15.7636
vt 0.4236 0.0624 -16.3833
vt 0.4235 0.0645 -16.3833
vt 0.4050 0.6854 15.7636
vt 0.4080 0.6851 15.7636
vt 0.0105 0.3429 -25.8992
vt 0.4248 0.3410 -25.9155
vt 0.4275 0.5284 17.3769
vt 0.0091 0.5256 15.7636
vt 0.5805 0.8142 -4.4946
vt 0.5804 0.8205 1.0222
vt 0.5808 0.8079 -4.4946
vt 0.5812 0.8017 -4.4946
vt 0.5729 0.9357 -12.3262
vt 0.5732 0.9294 -12.3262
vt 0.5736 0.9231 -12.3262
vt 0.5737 0.8673 -12.3262
vt 0.5737 0.8712 -12.3262
vt 0.5737 0.8632 -12.3262
vt 0.5737 0.8600 -12.3262
vt 0.5706 0.2123 -10.2012
vt 0.5706 0.2108 -9.6415
vt 0.5707 0.2143 -10.2012
vt 0.5707 0.2165 -10.2012
vt 0.5813 0.7419 -4.4946
vt 0.5812 0.7386 -4.4946
vt 0.5814 0.7459 -4.4946
vt 0.5813 0.7498 -4.4946
vt 0.5702 0.0603 -16.3833
vt 0.5701 0.0588 -15.4844
vt 0.5702 0.0623 -16.3833
vt 0.5702 0.0645 -16.3833
vt 0.5714 0.3410 25.9155
vt 0.5741 0.5283 17.3769
vt 0.5728 0.9420 2.8034
vt 0.5703 0.3226 -10.2012
vt 0.5714 0.4995 25.9155
vt 0.5742 0.6868 17.3769
vt 0.5698 0.1726 -16.3833
vt 0.1608 0.8159 -10.6181
vt 0.1610 0.8096 -10.6181
vt 0.1614 0.8034 -10.6181
vt 0.1545 0.9340 -13.3466
vt 0.1547 0.9277 -13.3466
vt 0.1551 0.9214 -13.3466
vt 0.1616 0.7475 -10.6181
vt 0.1616 0.7514 -10.6181
vt 0.1616 0.7434 -10.6181
vt 0.1616 0.7402 -10.6181
vt 0.1574 0.2174 -12.7012
vt 0.1573 0.2159 -12.0043
vt 0.1575 0.2194 -12.7012
vt 0.1574 0.2216 -12.7012
vt 0.1552 0.8616 -13.3466
vt 0.1551 0.8584 -13.3466
vt 0.1553 0.8656 -13.3466
vt 0.1552 0.8695 -13.3466
vt 0.1605 0.0680 -13.9179
vt 0.1604 0.0665 -13.1542
vt 0.1605 0.0700 -13.9179
vt 0.1604 0.0722 -13.9179
vt 0.1571 0.3429 25.8992
vt 0.1557 0.5255 15.7636
vt 0.1607 0.8222 2.4149
vt 0.1544 0.9403 3.0354
vt 0.1571 0.3277 -12.7012
vt 0.1571 0.5014 25.8992
vt 0.1601 0.1803 -13.9179
vt 0.1559 0.6840 15.7636
# 1044 texture coords

o cross_clean
g cross_clean
usemtl default
s 1
f 7/3/1 1/4/2 6/1/3 
f 6/1/4 8/2/5 7/3/6 
f 11/6/7 8/2/8 6/1/9 
f 6/1/10 10/5/11 11/6/12 
f 10/5/13 2/8/14 9/7/15 
f 9/7/16 11/6/17 10/5/18 
f 11/6/19 9/7/20 13/9/21 
f 13/9/22 14/10/23 11/6/24 
f 13/753/25 3/12/26 12/11/27 
f 12/11/28 14/754/29 13/753/30 
f 17/14/31 14/755/32 12/756/33 
f 12/756/34 16/13/35 17/14/36 
f 16/13/37 4/16/38 15/15/39 
f 15/15/40 17/14/41 16/13/42 
f 17/14/43 15/15/44 19/17/45 
f 19/17/46 20/18/47 17/14/48 
f 19/17/49 5/20/50 18/19/51 
f 18/19/52 20/18/53 19/17/54 
f 674/22/55 20/18/56 18/19/57 
f 18/19/58 673/21/59 674/22/60 
f 17/14/61 20/18/62 674/22/63 
f 674/22/64 14/755/65 17/14/66 
f 27/25/67 21/26/68 26/759/69 
f 26/759/70 28/24/71 27/25/72 
f 31/28/73 28/760/74 26/23/75 
f 26/23/76 30/27/77 31/28/78 
f 30/27/79 22/30/80 29/29/81 
f 29/29/82 31/28/83 30/27/84 
f 31/28/85 29/29/86 33/31/87 
f 33/31/88 34/32/89 31/28/90 
f 33/31/91 23/34/92 32/33/93 
f 32/33/94 34/32/95 33/31/96 
f 686/764/97 34/32/98 32/33/99 
f 32/33/100 685/35/101 686/764/102 
f 36/39/103 24/40/104 35/37/105 
f 35/37/106 37/38/107 36/39/108 
f 40/42/109 37/38/110 35/37/111 
f 35/37/112 39/41/113 40/42/114 
f 39/41/115 25/44/116 38/43/117 
f 38/43/118 40/42/119 39/41/120 
f 40/42/121 38/43/122 27/762/123 
f 27/762/124 28/761/125 40/42/126 
f 686/36/127 37/38/128 40/42/129 
f 40/42/130 28/761/131 686/36/132 
f 46/47/133 41/48/134 45/45/135 
f 45/45/136 47/46/137 46/47/138 
f 47/46/139 45/45/140 49/49/141 
f 49/49/142 50/50/143 47/46/144 
f 49/49/145 42/52/146 48/51/147 
f 48/51/148 50/50/149 49/49/150 
f 50/50/151 48/51/152 52/53/153 
f 52/53/154 53/54/155 50/50/156 
f 53/54/157 52/53/158 43/55/159 
f 43/55/160 51/56/161 53/54/162 
f 53/54/163 51/56/164 55/57/165 
f 55/57/166 56/58/167 53/54/168 
f 56/58/169 55/57/170 44/59/171 
f 44/59/172 54/60/173 56/58/174 
f 47/46/175 56/58/176 54/60/177 
f 54/60/178 46/47/179 47/46/180 
f 56/58/181 47/46/182 50/50/183 
f 50/50/184 53/54/185 56/58/186 
f 62/63/187 57/64/188 61/61/189 
f 61/61/190 63/62/191 62/63/192 
f 63/62/193 61/61/194 65/65/195 
f 65/65/196 66/66/197 63/62/198 
f 66/66/199 65/65/200 58/67/201 
f 58/67/202 64/68/203 66/66/204 
f 66/66/205 64/68/206 68/69/207 
f 68/69/208 69/70/209 66/66/210 
f 69/70/211 68/69/212 59/71/213 
f 59/71/214 67/72/215 69/70/216 
f 72/74/217 69/70/218 67/72/219 
f 67/72/220 71/73/221 72/74/222 
f 71/73/223 60/76/224 70/75/225 
f 70/75/226 72/74/227 71/73/228 
f 72/74/229 70/75/230 62/63/231 
f 62/63/232 63/62/233 72/74/234 
f 72/74/235 63/62/236 66/66/237 
f 66/66/238 69/70/239 72/74/240 
f 79/79/241 73/80/242 78/77/243 
f 78/77/244 80/78/245 79/79/246 
f 676/82/247 80/78/248 78/77/249 
f 78/77/250 675/773/251 676/82/252 
f 82/85/253 74/86/254 81/83/255 
f 81/83/256 83/84/257 82/85/258 
f 86/88/259 83/84/260 81/83/261 
f 81/83/262 85/87/263 86/88/264 
f 85/87/265 75/90/266 84/89/267 
f 84/89/268 86/88/269 85/87/270 
f 86/88/271 84/89/272 88/91/273 
f 88/91/274 89/92/275 86/88/276 
f 87/93/277 89/778/278 76/780/279 
f 92/96/280 89/778/281 87/93/282 
f 87/93/283 91/95/284 92/96/285 
f 91/95/286 77/98/287 90/97/288 
f 90/97/289 92/96/290 91/95/291 
f 92/96/292 90/97/293 79/79/294 
f 79/79/295 80/78/296 92/96/297 
f 676/774/298 83/84/299 86/88/300 
f 86/88/301 89/92/302 676/774/303 
f 99/101/304 93/102/305 98/99/306 
f 98/99/307 100/100/308 99/101/309 
f 103/104/310 100/100/311 98/99/312 
f 98/99/313 102/103/314 103/104/315 
f 102/103/316 94/106/317 101/105/318 
f 101/105/319 103/104/320 102/103/321 
f 103/104/322 101/105/323 105/107/324 
f 105/107/325 106/785/326 103/104/327 
f 104/109/328 106/108/329 95/788/330 
f 109/112/331 106/108/332 104/109/333 
f 104/109/334 108/111/335 109/112/336 
f 108/111/337 96/114/338 107/113/339 
f 107/113/340 109/112/341 108/111/342 
f 109/112/343 107/113/344 111/115/345 
f 111/115/346 112/116/347 109/112/348 
f 111/115/349 97/118/350 110/117/351 
f 110/117/352 112/116/353 111/115/354 
f 688/120/355 112/116/356 110/117/357 
f 110/117/358 687/119/359 688/120/360 
f 109/112/361 112/116/362 688/120/363 
f 688/120/364 106/108/365 109/112/366 
f 119/123/367 118/124/368 113/121/369 
f 113/121/370 117/122/371 119/123/372 
f 122/126/373 119/123/374 117/122/375 
f 117/122/376 121/125/377 122/126/378 
f 121/125/379 114/128/380 120/127/381 
f 120/127/382 122/126/383 121/125/384 
f 122/126/385 120/127/386 124/129/387 
f 124/129/388 125/130/389 122/126/390 
f 124/129/391 115/132/392 123/131/393 
f 123/131/394 125/130/395 124/129/396 
f 125/130/397 123/131/398 127/133/399 
f 127/133/400 128/134/401 125/130/402 
f 128/134/403 127/133/404 116/135/405 
f 116/135/406 126/136/407 128/134/408 
f 128/134/409 126/136/410 118/124/411 
f 118/124/412 119/123/413 128/134/414 
f 128/134/415 119/123/416 122/126/417 
f 122/126/418 125/130/419 128/134/420 
f 134/139/421 129/798/422 133/137/423 
f 133/137/424 135/138/425 134/139/426 
f 135/138/427 133/137/428 137/141/429 
f 137/141/430 138/142/431 135/138/432 
f 137/141/433 130/144/434 136/143/435 
f 136/143/436 138/142/437 137/141/438 
f 138/142/439 136/143/440 140/145/441 
f 140/145/442 141/146/443 138/142/444 
f 141/146/445 140/145/446 131/147/447 
f 131/147/448 139/148/449 141/146/450 
f 141/146/451 139/148/452 143/149/453 
f 143/149/454 144/150/455 141/146/456 
f 144/150/457 143/149/458 132/151/459 
f 132/151/460 142/152/461 144/150/462 
f 135/138/463 144/150/464 142/152/465 
f 142/152/466 134/139/467 135/138/468 
f 144/150/469 135/138/470 138/142/471 
f 138/142/472 141/146/473 144/150/474 
f 151/155/475 150/156/476 145/153/477 
f 145/153/478 149/154/479 151/155/480 
f 151/155/481 149/154/482 153/157/483 
f 153/157/484 154/158/485 151/155/486 
f 154/158/487 153/157/488 146/159/489 
f 146/159/490 152/160/491 154/158/492 
f 157/162/493 154/158/494 152/160/495 
f 152/160/496 156/161/497 157/162/498 
f 156/161/499 147/164/500 155/163/501 
f 155/163/502 157/162/503 156/161/504 
f 157/162/505 155/163/506 159/165/507 
f 159/165/508 160/166/509 157/162/510 
f 159/165/511 148/168/512 158/167/513 
f 158/167/514 160/166/515 159/165/516 
f 160/166/517 158/167/518 150/156/519 
f 150/156/520 151/155/521 160/166/522 
f 160/166/523 151/155/524 154/158/525 
f 154/158/526 157/162/527 160/166/528 
f 167/171/529 166/172/530 161/169/531 
f 161/169/532 165/170/533 167/171/534 
f 170/174/535 167/171/536 165/170/537 
f 165/170/538 169/173/539 170/174/540 
f 169/173/541 162/176/542 168/175/543 
f 168/175/544 170/174/545 169/173/546 
f 170/174/547 168/175/548 172/177/549 
f 172/177/550 173/178/551 170/174/552 
f 172/177/553 163/180/554 171/179/555 
f 171/179/556 173/178/557 172/177/558 
f 173/178/559 171/179/560 175/181/561 
f 175/181/562 176/182/563 173/178/564 
f 176/182/565 175/181/566 164/183/567 
f 164/183/568 174/184/569 176/182/570 
f 176/182/571 174/184/572 166/172/573 
f 166/172/574 167/171/575 176/182/576 
f 176/182/577 167/171/578 170/174/579 
f 170/174/580 173/178/581 176/182/582 
f 182/187/583 177/188/584 181/185/585 
f 181/185/586 183/186/587 182/187/588 
f 183/186/589 181/185/590 185/189/591 
f 185/189/592 186/190/593 183/186/594 
f 186/190/595 185/189/596 178/191/597 
f 178/191/598 184/192/599 186/190/600 
f 186/190/601 184/192/602 188/193/603 
f 188/193/604 189/194/605 186/190/606 
f 189/194/607 188/193/608 179/195/609 
f 179/195/610 187/196/611 189/194/612 
f 192/198/613 189/194/614 187/196/615 
f 187/196/616 191/197/617 192/198/618 
f 191/197/619 180/200/620 190/199/621 
f 190/199/622 192/198/623 191/197/624 
f 192/198/625 190/199/626 182/187/627 
f 182/187/628 183/186/629 192/198/630 
f 192/198/631 183/186/632 186/190/633 
f 186/190/634 189/194/635 192/198/636 
f 198/203/637 193/819/638 197/201/639 
f 197/201/640 199/202/641 198/203/642 
f 199/202/643 197/201/644 201/205/645 
f 201/205/646 202/206/647 199/202/648 
f 201/205/649 194/208/650 200/207/651 
f 200/207/652 202/206/653 201/205/654 
f 202/206/655 200/207/656 204/209/657 
f 204/209/658 205/210/659 202/206/660 
f 205/210/661 204/209/662 195/211/663 
f 195/211/664 203/212/665 205/210/666 
f 205/210/667 203/212/668 207/213/669 
f 207/213/670 208/214/671 205/210/672 
f 208/214/673 207/213/674 196/215/675 
f 196/215/676 206/216/677 208/214/678 
f 199/202/679 208/214/680 206/216/681 
f 206/216/682 198/203/683 199/202/684 
f 208/214/685 199/202/686 202/206/687 
f 202/206/688 205/210/689 208/214/690 
f 215/219/691 209/220/692 214/217/693 
f 214/217/694 216/218/695 215/219/696 
f 678/222/697 216/218/698 214/217/699 
f 214/217/700 677/221/701 678/222/702 
f 218/225/703 210/226/704 217/223/705 
f 217/223/706 219/224/707 218/225/708 
f 222/228/709 219/224/710 217/223/711 
f 217/223/712 221/227/713 222/228/714 
f 221/227/715 211/230/716 220/229/717 
f 220/229/718 222/228/719 221/227/720 
f 222/228/721 220/229/722 224/231/723 
f 224/231/724 225/232/725 222/228/726 
f 224/827/727 212/234/728 223/233/729 
f 223/233/730 225/829/731 224/827/732 
f 228/236/733 225/828/734 223/830/735 
f 223/830/736 227/235/737 228/236/738 
f 227/235/739 213/238/740 226/237/741 
f 226/237/742 228/236/743 227/235/744 
f 228/236/745 226/237/746 215/219/747 
f 215/219/748 216/218/749 228/236/750 
f 678/826/751 219/224/752 222/228/753 
f 222/228/754 225/232/755 678/826/756 
f 235/241/757 229/242/758 234/239/759 
f 234/239/760 236/240/761 235/241/762 
f 239/244/763 236/240/764 234/239/765 
f 234/239/766 238/243/767 239/244/768 
f 238/243/769 230/246/770 237/245/771 
f 237/245/772 239/244/773 238/243/774 
f 239/244/775 237/245/776 241/247/777 
f 241/247/778 242/248/779 239/244/780 
f 241/831/781 231/250/782 240/834/783 
f 240/834/784 242/832/785 241/831/786 
f 245/252/787 242/833/788 240/249/789 
f 240/249/790 244/251/791 245/252/792 
f 244/251/793 232/254/794 243/253/795 
f 243/253/796 245/252/797 244/251/798 
f 245/252/799 243/253/800 247/255/801 
f 247/255/802 248/256/803 245/252/804 
f 247/255/805 233/258/806 246/257/807 
f 246/257/808 248/256/809 247/255/810 
f 682/260/811 248/256/812 246/257/813 
f 246/257/814 681/259/815 682/260/816 
f 245/252/817 248/256/818 682/260/819 
f 682/260/820 242/833/821 245/252/822 
f 254/263/823 249/264/824 253/261/825 
f 253/261/826 255/262/827 254/263/828 
f 255/262/829 253/261/830 257/265/831 
f 257/265/832 258/266/833 255/262/834 
f 258/266/835 257/265/836 250/267/837 
f 250/267/838 256/268/839 258/266/840 
f 258/266/841 256/268/842 260/269/843 
f 260/269/844 261/270/845 258/266/846 
f 261/270/847 260/269/848 251/271/849 
f 251/271/850 259/272/851 261/270/852 
f 264/274/853 261/270/854 259/272/855 
f 259/272/856 263/273/857 264/274/858 
f 263/273/859 252/276/860 262/275/861 
f 262/275/862 264/274/863 263/273/864 
f 264/274/865 262/275/866 254/263/867 
f 254/263/868 255/262/869 264/274/870 
f 264/274/871 255/262/872 258/266/873 
f 258/266/874 261/270/875 264/274/876 
f 271/279/877 270/280/878 265/277/879 
f 265/277/880 269/278/881 271/279/882 
f 271/279/883 269/278/884 273/281/885 
f 273/281/886 274/282/887 271/279/888 
f 274/282/889 273/281/890 266/283/891 
f 266/283/892 272/284/893 274/282/894 
f 277/286/895 274/282/896 272/284/897 
f 272/284/898 276/285/899 277/286/900 
f 276/285/901 267/288/902 275/287/903 
f 275/287/904 277/286/905 276/285/906 
f 277/286/907 275/287/908 279/289/909 
f 279/289/910 280/290/911 277/286/912 
f 279/289/913 268/292/914 278/291/915 
f 278/291/916 280/290/917 279/289/918 
f 280/290/919 278/291/920 270/280/921 
f 270/280/922 271/279/923 280/290/924 
f 280/290/925 271/279/926 274/282/927 
f 274/282/928 277/286/929 280/290/930 
f 287/295/931 281/296/932 286/293/933 
f 286/293/934 288/294/935 287/295/936 
f 291/298/937 288/294/938 286/293/939 
f 286/293/940 290/297/941 291/298/942 
f 290/297/943 282/300/944 289/299/945 
f 289/299/946 291/298/947 290/297/948 
f 291/298/949 289/299/950 293/301/951 
f 293/301/952 294/848/953 291/298/954 
f 292/303/955 294/302/956 283/304/957 
f 297/306/958 294/302/959 292/303/960 
f 292/303/961 296/305/962 297/306/963 
f 296/305/964 284/308/965 295/307/966 
f 295/307/967 297/306/968 296/305/969 
f 297/306/970 295/307/971 299/309/972 
f 299/309/973 300/310/974 297/306/975 
f 299/309/976 285/312/977 298/311/978 
f 298/311/979 300/310/980 299/309/981 
f 680/314/982 300/310/983 298/311/984 
f 298/311/985 679/313/986 680/314/987 
f 297/306/988 300/310/989 680/314/990 
f 680/314/991 294/302/992 297/306/993 
f 306/315/994 308/316/995 301/857/996 
f 311/320/997 308/316/998 306/315/999 
f 306/315/1000 310/319/1001 311/320/1002 
f 310/319/1003 302/322/1004 309/321/1005 
f 309/321/1006 311/320/1007 310/319/1008 
f 311/320/1009 309/321/1010 313/323/1011 
f 313/323/1012 314/324/1013 311/320/1014 
f 313/323/1015 303/326/1016 312/325/1017 
f 312/325/1018 314/324/1019 313/323/1020 
f 684/860/1021 314/324/1022 312/325/1023 
f 312/325/1024 683/859/1025 684/860/1026 
f 316/331/1027 304/332/1028 315/329/1029 
f 315/329/1030 317/330/1031 316/331/1032 
f 320/334/1033 317/330/1034 315/329/1035 
f 315/329/1036 319/333/1037 320/334/1038 
f 319/333/1039 305/336/1040 318/335/1041 
f 318/335/1042 320/334/1043 319/333/1044 
f 320/334/1045 318/335/1046 307/317/1047 
f 307/317/1048 308/854/1049 320/334/1050 
f 684/328/1051 317/330/1052 320/334/1053 
f 320/334/1054 308/854/1055 684/328/1056 
f 327/339/1057 326/340/1058 321/337/1059 
f 321/337/1060 325/338/1061 327/339/1062 
f 327/339/1063 325/338/1064 329/341/1065 
f 329/341/1066 330/342/1067 327/339/1068 
f 330/342/1069 329/341/1070 322/343/1071 
f 322/343/1072 328/344/1073 330/342/1074 
f 333/346/1075 330/342/1076 328/344/1077 
f 328/344/1078 332/345/1079 333/346/1080 
f 332/345/1081 323/348/1082 331/347/1083 
f 331/347/1084 333/346/1085 332/345/1086 
f 333/346/1087 331/347/1088 335/349/1089 
f 335/349/1090 336/350/1091 333/346/1092 
f 335/349/1093 324/352/1094 334/351/1095 
f 334/351/1096 336/350/1097 335/349/1098 
f 336/350/1099 334/351/1100 326/340/1101 
f 326/340/1102 327/339/1103 336/350/1104 
f 336/350/1105 327/339/1106 330/342/1107 
f 330/342/1108 333/346/1109 336/350/1110 
f 343/355/1111 342/356/1112 337/353/1113 
f 337/353/1114 341/354/1115 343/355/1116 
f 346/358/1117 343/355/1118 341/354/1119 
f 341/354/1120 345/357/1121 346/358/1122 
f 345/357/1123 338/360/1124 344/359/1125 
f 344/359/1126 346/358/1127 345/357/1128 
f 346/358/1129 344/359/1130 348/361/1131 
f 348/361/1132 349/362/1133 346/358/1134 
f 348/361/1135 339/364/1136 347/363/1137 
f 347/363/1138 349/362/1139 348/361/1140 
f 349/362/1141 347/363/1142 351/365/1143 
f 351/365/1144 352/366/1145 349/362/1146 
f 352/366/1147 351/365/1148 340/367/1149 
f 340/367/1150 350/368/1151 352/366/1152 
f 352/366/1153 350/368/1154 342/356/1155 
f 342/356/1156 343/355/1157 352/366/1158 
f 352/366/1159 343/355/1160 346/358/1161 
f 346/358/1162 349/362/1163 352/366/1164 
f 359/371/1165 358/372/1166 353/369/1167 
f 353/369/1168 357/370/1169 359/371/1170 
f 362/374/1171 359/371/1172 357/370/1173 
f 357/370/1174 361/373/1175 362/374/1176 
f 361/373/1177 354/376/1178 360/375/1179 
f 360/375/1180 362/374/1181 361/373/1182 
f 362/374/1183 360/375/1184 364/377/1185 
f 364/377/1186 365/378/1187 362/374/1188 
f 364/377/1189 355/380/1190 363/379/1191 
f 363/379/1192 365/378/1193 364/377/1194 
f 365/378/1195 363/379/1196 367/381/1197 
f 367/381/1198 368/382/1199 365/378/1200 
f 368/382/1201 367/381/1202 356/383/1203 
f 356/383/1204 366/384/1205 368/382/1206 
f 368/382/1207 366/384/1208 358/372/1209 
f 358/372/1210 359/371/1211 368/382/1212 
f 368/382/1213 359/371/1214 362/374/1215 
f 362/374/1216 365/378/1217 368/382/1218 
f 375/387/1219 374/388/1220 369/385/1221 
f 369/385/1222 373/386/1223 375/387/1224 
f 375/387/1225 373/386/1226 377/389/1227 
f 377/389/1228 378/390/1229 375/387/1230 
f 378/390/1231 377/389/1232 370/391/1233 
f 370/391/1234 376/392/1235 378/390/1236 
f 381/394/1237 378/390/1238 376/392/1239 
f 376/392/1240 380/393/1241 381/394/1242 
f 380/393/1243 371/396/1244 379/395/1245 
f 379/395/1246 381/394/1247 380/393/1248 
f 381/394/1249 379/395/1250 383/397/1251 
f 383/397/1252 384/398/1253 381/394/1254 
f 383/397/1255 372/400/1256 382/399/1257 
f 382/399/1258 384/398/1259 383/397/1260 
f 384/398/1261 382/399/1262 374/388/1263 
f 374/388/1264 375/387/1265 384/398/1266 
f 384/398/1267 375/387/1268 378/390/1269 
f 378/390/1270 381/394/1271 384/398/1272 
f 390/403/1273 385/404/1274 389/401/1275 
f 389/401/1276 391/402/1277 390/403/1278 
f 391/402/1279 389/401/1280 393/405/1281 
f 393/405/1282 394/406/1283 391/402/1284 
f 393/405/1285 386/408/1286 392/407/1287 
f 392/407/1288 394/406/1289 393/405/1290 
f 394/406/1291 392/407/1292 396/409/1293 
f 396/409/1294 397/410/1295 394/406/1296 
f 397/410/1297 396/409/1298 387/411/1299 
f 387/411/1300 395/412/1301 397/410/1302 
f 397/410/1303 395/412/1304 399/413/1305 
f 399/413/1306 400/414/1307 397/410/1308 
f 400/414/1309 399/413/1310 388/415/1311 
f 388/415/1312 398/416/1313 400/414/1314 
f 391/402/1315 400/414/1316 398/416/1317 
f 398/416/1318 390/403/1319 391/402/1320 
f 400/414/1321 391/402/1322 394/406/1323 
f 394/406/1324 397/410/1325 400/414/1326 
f 406/419/1327 401/420/1328 405/417/1329 
f 405/417/1330 407/418/1331 406/419/1332 
f 407/418/1333 405/417/1334 409/421/1335 
f 409/421/1336 410/422/1337 407/418/1338 
f 410/422/1339 409/421/1340 402/423/1341 
f 402/423/1342 408/424/1343 410/422/1344 
f 410/422/1345 408/424/1346 412/425/1347 
f 412/425/1348 413/426/1349 410/422/1350 
f 413/426/1351 412/425/1352 403/427/1353 
f 403/427/1354 411/428/1355 413/426/1356 
f 416/430/1357 413/426/1358 411/428/1359 
f 411/428/1360 415/429/1361 416/430/1362 
f 415/429/1363 404/432/1364 414/431/1365 
f 414/431/1366 416/430/1367 415/429/1368 
f 416/430/1369 414/431/1370 406/419/1371 
f 406/419/1372 407/418/1373 416/430/1374 
f 416/430/1375 407/418/1376 410/422/1377 
f 410/422/1378 413/426/1379 416/430/1380 
f 423/435/1381 422/436/1382 417/433/1383 
f 417/433/1384 421/434/1385 423/435/1386 
f 426/438/1387 423/435/1388 421/434/1389 
f 421/434/1390 425/437/1391 426/438/1392 
f 425/437/1393 418/440/1394 424/439/1395 
f 424/439/1396 426/438/1397 425/437/1398 
f 426/438/1399 424/439/1400 428/441/1401 
f 428/441/1402 429/442/1403 426/438/1404 
f 428/441/1405 419/444/1406 427/443/1407 
f 427/443/1408 429/442/1409 428/441/1410 
f 429/442/1411 427/443/1412 431/445/1413 
f 431/445/1414 432/446/1415 429/442/1416 
f 432/446/1417 431/445/1418 420/447/1419 
f 420/447/1420 430/448/1421 432/446/1422 
f 432/446/1423 430/448/1424 422/436/1425 
f 422/436/1426 423/435/1427 432/446/1428 
f 432/446/1429 423/435/1430 426/438/1431 
f 426/438/1432 429/442/1433 432/446/1434 
f 439/451/1435 438/452/1436 433/449/1437 
f 433/449/1438 437/450/1439 439/451/1440 
f 439/451/1441 437/450/1442 441/453/1443 
f 441/453/1444 442/454/1445 439/451/1446 
f 442/454/1447 441/453/1448 434/455/1449 
f 434/455/1450 440/456/1451 442/454/1452 
f 445/458/1453 442/454/1454 440/456/1455 
f 440/456/1456 444/457/1457 445/458/1458 
f 444/457/1459 435/460/1460 443/459/1461 
f 443/459/1462 445/458/1463 444/457/1464 
f 445/458/1465 443/459/1466 447/461/1467 
f 447/461/1468 448/462/1469 445/458/1470 
f 447/461/1471 436/464/1472 446/463/1473 
f 446/463/1474 448/462/1475 447/461/1476 
f 448/462/1477 446/463/1478 438/452/1479 
f 438/452/1480 439/451/1481 448/462/1482 
f 448/462/1483 439/451/1484 442/454/1485 
f 442/454/1486 445/458/1487 448/462/1488 
f 454/467/1489 449/468/1490 453/465/1491 
f 453/465/1492 455/466/1493 454/467/1494 
f 455/466/1495 453/465/1496 457/469/1497 
f 457/469/1498 458/470/1499 455/466/1500 
f 457/469/1501 450/472/1502 456/471/1503 
f 456/471/1504 458/470/1505 457/469/1506 
f 458/470/1507 456/471/1508 460/473/1509 
f 460/473/1510 461/474/1511 458/470/1512 
f 461/474/1513 460/473/1514 451/475/1515 
f 451/475/1516 459/476/1517 461/474/1518 
f 461/474/1519 459/476/1520 463/477/1521 
f 463/477/1522 464/478/1523 461/474/1524 
f 464/478/1525 463/477/1526 452/479/1527 
f 452/479/1528 462/480/1529 464/478/1530 
f 455/466/1531 464/478/1532 462/480/1533 
f 462/480/1534 454/467/1535 455/466/1536 
f 464/478/1537 455/466/1538 458/470/1539 
f 458/470/1540 461/474/1541 464/478/1542 
f 470/483/1543 465/484/1544 469/481/1545 
f 469/481/1546 471/482/1547 470/483/1548 
f 471/482/1549 469/481/1550 473/485/1551 
f 473/485/1552 474/486/1553 471/482/1554 
f 474/486/1555 473/485/1556 466/487/1557 
f 466/487/1558 472/488/1559 474/486/1560 
f 474/486/1561 472/488/1562 476/489/1563 
f 476/489/1564 477/490/1565 474/486/1566 
f 477/490/1567 476/489/1568 467/491/1569 
f 467/491/1570 475/492/1571 477/490/1572 
f 480/494/1573 477/490/1574 475/492/1575 
f 475/492/1576 479/493/1577 480/494/1578 
f 479/493/1579 468/496/1580 478/495/1581 
f 478/495/1582 480/494/1583 479/493/1584 
f 480/494/1585 478/495/1586 470/483/1587 
f 470/483/1588 471/482/1589 480/494/1590 
f 480/494/1591 471/482/1592 474/486/1593 
f 474/486/1594 477/490/1595 480/494/1596 
f 487/499/1597 486/500/1598 481/497/1599 
f 481/497/1600 485/498/1601 487/499/1602 
f 490/502/1603 487/499/1604 485/498/1605 
f 485/498/1606 489/501/1607 490/502/1608 
f 489/501/1609 482/504/1610 488/503/1611 
f 488/503/1612 490/502/1613 489/501/1614 
f 490/502/1615 488/503/1616 492/505/1617 
f 492/505/1618 493/506/1619 490/502/1620 
f 492/505/1621 483/508/1622 491/507/1623 
f 491/507/1624 493/506/1625 492/505/1626 
f 493/506/1627 491/507/1628 495/509/1629 
f 495/509/1630 496/510/1631 493/506/1632 
f 496/510/1633 495/509/1634 484/511/1635 
f 484/511/1636 494/512/1637 496/510/1638 
f 496/510/1639 494/512/1640 486/500/1641 
f 486/500/1642 487/499/1643 496/510/1644 
f 496/510/1645 487/499/1646 490/502/1647 
f 490/502/1648 493/506/1649 496/510/1650 
f 503/515/1651 502/516/1652 497/513/1653 
f 497/513/1654 501/514/1655 503/515/1656 
f 503/515/1657 501/514/1658 505/517/1659 
f 505/517/1660 506/518/1661 503/515/1662 
f 506/518/1663 505/517/1664 498/519/1665 
f 498/519/1666 504/520/1667 506/518/1668 
f 509/522/1669 506/518/1670 504/520/1671 
f 504/520/1672 508/521/1673 509/522/1674 
f 508/521/1675 499/524/1676 507/523/1677 
f 507/523/1678 509/522/1679 508/521/1680 
f 509/522/1681 507/523/1682 511/525/1683 
f 511/525/1684 512/526/1685 509/522/1686 
f 511/525/1687 500/528/1688 510/527/1689 
f 510/527/1690 512/526/1691 511/525/1692 
f 512/526/1693 510/527/1694 502/516/1695 
f 502/516/1696 503/515/1697 512/526/1698 
f 512/526/1699 503/515/1700 506/518/1701 
f 506/518/1702 509/522/1703 512/526/1704 
f 518/531/1705 513/532/1706 517/529/1707 
f 517/529/1708 519/530/1709 518/531/1710 
f 519/530/1711 517/529/1712 521/533/1713 
f 521/533/1714 522/534/1715 519/530/1716 
f 521/533/1717 514/536/1718 520/535/1719 
f 520/535/1720 522/534/1721 521/533/1722 
f 522/534/1723 520/535/1724 524/537/1725 
f 524/537/1726 525/538/1727 522/534/1728 
f 525/538/1729 524/537/1730 515/539/1731 
f 515/539/1732 523/540/1733 525/538/1734 
f 525/538/1735 523/540/1736 527/541/1737 
f 527/541/1738 528/542/1739 525/538/1740 
f 528/542/1741 527/541/1742 516/543/1743 
f 516/543/1744 526/544/1745 528/542/1746 
f 519/530/1747 528/542/1748 526/544/1749 
f 526/544/1750 518/531/1751 519/530/1752 
f 528/542/1753 519/530/1754 522/534/1755 
f 522/534/1756 525/538/1757 528/542/1758 
f 534/547/1759 529/548/1760 533/545/1761 
f 533/545/1762 535/546/1763 534/547/1764 
f 535/546/1765 533/545/1766 537/549/1767 
f 537/549/1768 538/550/1769 535/546/1770 
f 538/550/1771 537/549/1772 530/551/1773 
f 530/551/1774 536/552/1775 538/550/1776 
f 538/550/1777 536/552/1778 540/553/1779 
f 540/553/1780 541/554/1781 538/550/1782 
f 541/554/1783 540/553/1784 531/555/1785 
f 531/555/1786 539/556/1787 541/554/1788 
f 544/558/1789 541/554/1790 539/556/1791 
f 539/556/1792 543/557/1793 544/558/1794 
f 543/557/1795 532/560/1796 542/559/1797 
f 542/559/1798 544/558/1799 543/557/1800 
f 544/558/1801 542/559/1802 534/547/1803 
f 534/547/1804 535/546/1805 544/558/1806 
f 544/558/1807 535/546/1808 538/550/1809 
f 538/550/1810 541/554/1811 544/558/1812 
f 551/563/1813 550/564/1814 545/561/1815 
f 545/561/1816 549/562/1817 551/563/1818 
f 551/563/1819 549/562/1820 553/565/1821 
f 553/565/1822 554/566/1823 551/563/1824 
f 554/566/1825 553/565/1826 546/567/1827 
f 546/567/1828 552/568/1829 554/566/1830 
f 557/570/1831 554/566/1832 552/568/1833 
f 552/568/1834 556/569/1835 557/570/1836 
f 556/569/1837 547/572/1838 555/571/1839 
f 555/571/1840 557/570/1841 556/569/1842 
f 557/570/1843 555/571/1844 559/573/1845 
f 559/573/1846 560/574/1847 557/570/1848 
f 559/573/1849 548/576/1850 558/575/1851 
f 558/575/1852 560/574/1853 559/573/1854 
f 560/574/1855 558/575/1856 550/564/1857 
f 550/564/1858 551/563/1859 560/574/1860 
f 560/574/1861 551/563/1862 554/566/1863 
f 554/566/1864 557/570/1865 560/574/1866 
f 567/579/1867 566/580/1868 561/577/1869 
f 561/577/1870 565/578/1871 567/579/1872 
f 570/582/1873 567/579/1874 565/578/1875 
f 565/578/1876 569/581/1877 570/582/1878 
f 569/581/1879 562/584/1880 568/583/1881 
f 568/583/1882 570/582/1883 569/581/1884 
f 570/582/1885 568/583/1886 572/585/1887 
f 572/585/1888 573/586/1889 570/582/1890 
f 572/585/1891 563/588/1892 571/587/1893 
f 571/587/1894 573/586/1895 572/585/1896 
f 573/586/1897 571/587/1898 575/589/1899 
f 575/589/1900 576/590/1901 573/586/1902 
f 576/590/1903 575/589/1904 564/591/1905 
f 564/591/1906 574/592/1907 576/590/1908 
f 576/590/1909 574/592/1910 566/580/1911 
f 566/580/1912 567/579/1913 576/590/1914 
f 576/590/1915 567/579/1916 570/582/1917 
f 570/582/1918 573/586/1919 576/590/1920 
f 582/595/1921 577/596/1922 581/593/1923 
f 581/593/1924 583/594/1925 582/595/1926 
f 583/594/1927 581/593/1928 585/597/1929 
f 585/597/1930 586/598/1931 583/594/1932 
f 586/598/1933 585/597/1934 578/599/1935 
f 578/599/1936 584/600/1937 586/598/1938 
f 586/598/1939 584/600/1940 588/601/1941 
f 588/601/1942 589/602/1943 586/598/1944 
f 589/602/1945 588/601/1946 579/603/1947 
f 579/603/1948 587/604/1949 589/602/1950 
f 592/606/1951 589/602/1952 587/604/1953 
f 587/604/1954 591/605/1955 592/606/1956 
f 591/605/1957 580/608/1958 590/607/1959 
f 590/607/1960 592/606/1961 591/605/1962 
f 592/606/1963 590/607/1964 582/595/1965 
f 582/595/1966 583/594/1967 592/606/1968 
f 592/606/1969 583/594/1970 586/598/1971 
f 586/598/1972 589/602/1973 592/606/1974 
f 598/611/1975 593/954/1976 597/609/1977 
f 597/609/1978 599/610/1979 598/611/1980 
f 599/610/1981 597/609/1982 601/613/1983 
f 601/613/1984 602/614/1985 599/610/1986 
f 601/613/1987 594/616/1988 600/615/1989 
f 600/615/1990 602/614/1991 601/613/1992 
f 602/614/1993 600/615/1994 604/617/1995 
f 604/617/1996 605/618/1997 602/614/1998 
f 605/618/1999 604/617/2000 595/619/2001 
f 595/619/2002 603/620/2003 605/618/2004 
f 605/618/2005 603/620/2006 607/621/2007 
f 607/621/2008 608/622/2009 605/618/2010 
f 608/622/2011 607/621/2012 596/623/2013 
f 596/623/2014 606/624/2015 608/622/2016 
f 599/610/2017 608/622/2018 606/624/2019 
f 606/624/2020 598/611/2021 599/610/2022 
f 608/622/2023 599/610/2024 602/614/2025 
f 602/614/2026 605/618/2027 608/622/2028 
f 615/627/2029 614/628/2030 609/625/2031 
f 609/625/2032 613/626/2033 615/627/2034 
f 615/627/2035 613/626/2036 617/629/2037 
f 617/629/2038 618/630/2039 615/627/2040 
f 618/630/2041 617/629/2042 610/631/2043 
f 610/631/2044 616/632/2045 618/630/2046 
f 621/634/2047 618/630/2048 616/632/2049 
f 616/632/2050 620/633/2051 621/634/2052 
f 620/633/2053 611/636/2054 619/635/2055 
f 619/635/2056 621/634/2057 620/633/2058 
f 621/634/2059 619/635/2060 623/637/2061 
f 623/637/2062 624/638/2063 621/634/2064 
f 623/637/2065 612/640/2066 622/639/2067 
f 622/639/2068 624/638/2069 623/637/2070 
f 624/638/2071 622/639/2072 614/628/2073 
f 614/628/2074 615/627/2075 624/638/2076 
f 624/638/2077 615/627/2078 618/630/2079 
f 618/630/2080 621/634/2081 624/638/2082 
f 631/643/2083 630/644/2084 625/641/2085 
f 625/641/2086 629/642/2087 631/643/2088 
f 634/646/2089 631/643/2090 629/642/2091 
f 629/642/2092 633/645/2093 634/646/2094 
f 633/645/2095 626/648/2096 632/647/2097 
f 632/647/2098 634/646/2099 633/645/2100 
f 634/646/2101 632/647/2102 636/649/2103 
f 636/649/2104 637/650/2105 634/646/2106 
f 636/649/2107 627/652/2108 635/651/2109 
f 635/651/2110 637/650/2111 636/649/2112 
f 637/650/2113 635/651/2114 639/653/2115 
f 639/653/2116 640/654/2117 637/650/2118 
f 640/654/2119 639/653/2120 628/655/2121 
f 628/655/2122 638/656/2123 640/654/2124 
f 640/654/2125 638/656/2126 630/644/2127 
f 630/644/2128 631/643/2129 640/654/2130 
f 640/654/2131 631/643/2132 634/646/2133 
f 634/646/2134 637/650/2135 640/654/2136 
f 646/659/2137 641/660/2138 645/657/2139 
f 645/657/2140 647/658/2141 646/659/2142 
f 647/658/2143 645/657/2144 649/661/2145 
f 649/661/2146 650/662/2147 647/658/2148 
f 650/662/2149 649/661/2150 642/663/2151 
f 642/663/2152 648/664/2153 650/662/2154 
f 650/662/2155 648/664/2156 652/665/2157 
f 652/665/2158 653/666/2159 650/662/2160 
f 653/666/2161 652/665/2162 643/667/2163 
f 643/667/2164 651/668/2165 653/666/2166 
f 656/670/2167 653/666/2168 651/668/2169 
f 651/668/2170 655/669/2171 656/670/2172 
f 655/669/2173 644/672/2174 654/671/2175 
f 654/671/2176 656/670/2177 655/669/2178 
f 656/670/2179 654/671/2180 646/659/2181 
f 646/659/2182 647/658/2183 656/670/2184 
f 656/670/2185 647/658/2186 650/662/2187 
f 650/662/2188 653/666/2189 656/670/2190 
f 662/675/2191 657/975/2192 661/673/2193 
f 661/673/2194 663/674/2195 662/675/2196 
f 663/674/2197 661/673/2198 665/677/2199 
f 665/677/2200 666/678/2201 663/674/2202 
f 665/677/2203 658/680/2204 664/679/2205 
f 664/679/2206 666/678/2207 665/677/2208 
f 666/678/2209 664/679/2210 668/681/2211 
f 668/681/2212 669/682/2213 666/678/2214 
f 669/682/2215 668/681/2216 659/683/2217 
f 659/683/2218 667/684/2219 669/682/2220 
f 669/682/2221 667/684/2222 671/685/2223 
f 671/685/2224 672/686/2225 669/682/2226 
f 672/686/2227 671/685/2228 660/687/2229 
f 660/687/2230 670/688/2231 672/686/2232 
f 663/674/2233 672/686/2234 670/688/2235 
f 670/688/2236 662/675/2237 663/674/2238 
f 672/686/2239 663/674/2240 666/678/2241 
f 666/678/2242 669/682/2243 672/686/2244 
f 54/60/2245 44/59/2246 2/8/2247 
f 2/8/2248 10/5/2249 54/60/2250 
f 46/47/2251 54/60/2252 10/5/2253 
f 10/5/2254 6/1/2255 46/47/2256 
f 41/48/2257 46/47/2258 6/1/2259 
f 6/1/2260 1/4/2261 41/48/2262 
s 2
f 9/7/2263 2/8/2264 22/30/2265 
f 22/30/2266 30/27/2267 9/7/2268 
f 13/9/2269 9/7/2270 30/27/2271 
f 30/27/2272 26/23/2273 13/9/2274 
f 3/12/2275 13/753/2276 26/759/2277 
f 26/759/2278 21/26/2279 3/12/2280 
s 1
f 65/65/2281 29/29/2282 22/30/2283 
f 22/30/2284 58/67/2285 65/65/2286 
f 61/61/2287 33/31/2288 29/29/2289 
f 29/29/2290 65/65/2291 61/61/2292 
f 57/64/2293 23/34/2294 33/31/2295 
f 33/31/2296 61/61/2297 57/64/2298 
f 64/68/2299 58/67/2300 44/59/2301 
f 44/59/2302 55/57/2303 64/68/2304 
f 68/69/2305 64/68/2306 55/57/2307 
f 55/57/2308 51/56/2309 68/69/2310 
f 59/71/2311 68/69/2312 51/56/2313 
f 51/56/2314 43/55/2315 59/71/2316 
f 90/97/2317 77/98/2318 114/128/2319 
f 114/128/2320 121/125/2321 90/97/2322 
f 79/79/2323 90/97/2324 121/125/2325 
f 121/125/2326 117/122/2327 79/79/2328 
f 73/80/2329 79/79/2330 117/122/2331 
f 117/122/2332 113/121/2333 73/80/2334 
f 120/1021/2335 114/1022/2336 130/801/2337 
f 130/801/2338 137/800/2339 120/1021/2340 
f 124/1023/2341 120/1021/2342 137/800/2343 
f 137/800/2344 133/795/2345 124/1023/2346 
f 115/1024/2347 124/1023/2348 133/795/2349 
f 133/795/2350 129/140/2351 115/1024/2352 
f 102/103/2353 136/143/2354 130/144/2355 
f 130/144/2356 94/106/2357 102/103/2358 
f 98/99/2359 140/145/2360 136/143/2361 
f 136/143/2362 102/103/2363 98/99/2364 
f 93/102/2365 131/147/2366 140/145/2367 
f 140/145/2368 98/99/2369 93/102/2370 
s 2
f 101/782/2371 94/783/2372 77/1017/2373 
f 77/1017/2374 91/1016/2375 101/782/2376 
f 105/784/2377 101/782/2378 91/1016/2379 
f 91/1016/2380 87/1015/2381 105/784/2382 
f 95/110/2383 105/784/2384 87/1015/2385 
f 87/1015/2386 76/1039/2387 95/110/2388 
s 1
f 78/77/2389 73/80/2390 1/4/2391 
f 1/4/2392 7/3/2393 78/77/2394 
f 18/19/2395 82/85/2396 675/81/2397 
f 675/81/2398 673/21/2399 18/19/2400 
f 74/86/2401 82/85/2402 18/19/2403 
f 18/19/2404 5/20/2405 74/86/2406 
s 16
f 118/124/2407 45/45/2408 41/48/2409 
f 41/48/2410 113/121/2411 118/124/2412 
f 49/49/2413 45/45/2414 118/124/2415 
f 118/124/2416 126/136/2417 49/49/2418 
f 42/52/2419 49/49/2420 126/136/2421 
f 126/136/2422 116/135/2423 42/52/2424 
f 139/148/2425 131/147/2426 57/64/2427 
f 57/64/2428 62/63/2429 139/148/2430 
f 143/149/2431 139/148/2432 62/63/2433 
f 62/63/2434 70/75/2435 143/149/2436 
f 60/76/2437 132/151/2438 143/149/2439 
f 143/149/2440 70/75/2441 60/76/2442 
s 1
f 32/33/2443 23/34/2444 93/102/2445 
f 93/102/2446 99/101/2447 32/33/2448 
f 110/117/2449 36/39/2450 685/763/2451 
f 685/763/2452 687/119/2453 110/117/2454 
f 24/40/2455 36/39/2456 110/117/2457 
f 110/117/2458 97/118/2459 24/40/2460 
f 174/184/2461 164/183/2462 146/159/2463 
f 146/159/2464 153/157/2465 174/184/2466 
f 166/172/2467 174/184/2468 153/157/2469 
f 153/157/2470 149/154/2471 166/172/2472 
f 161/169/2473 166/172/2474 149/154/2475 
f 149/154/2476 145/153/2477 161/169/2478 
f 190/1027/2479 180/1028/2480 194/822/2481 
f 194/822/2482 201/821/2483 190/1027/2484 
f 182/1025/2485 190/1027/2486 201/821/2487 
f 201/821/2488 197/816/2489 182/1025/2490 
f 177/1026/2491 182/1025/2492 197/816/2493 
f 197/816/2494 193/204/2495 177/1026/2496 
s 16
f 188/193/2497 155/163/2498 147/164/2499 
f 147/164/2500 179/195/2501 188/193/2502 
f 159/165/2503 155/163/2504 188/193/2505 
f 188/193/2506 184/192/2507 159/165/2508 
f 148/168/2509 159/165/2510 184/192/2511 
f 184/192/2512 178/191/2513 148/168/2514 
f 203/212/2515 195/211/2516 163/180/2517 
f 163/180/2518 172/177/2519 203/212/2520 
f 207/213/2521 203/212/2522 172/177/2523 
f 172/177/2524 168/175/2525 207/213/2526 
f 162/176/2527 196/215/2528 207/213/2529 
f 207/213/2530 168/175/2531 162/176/2532 
s 1
f 257/265/2533 226/237/2534 213/238/2535 
f 213/238/2536 250/267/2537 257/265/2538 
f 253/261/2539 215/219/2540 226/237/2541 
f 226/237/2542 257/265/2543 253/261/2544 
f 249/264/2545 209/220/2546 215/219/2547 
f 215/219/2548 253/261/2549 249/264/2550 
f 256/268/2551 250/267/2552 266/283/2553 
f 266/283/2554 273/281/2555 256/268/2556 
f 260/269/2557 256/268/2558 273/281/2559 
f 273/281/2560 269/278/2561 260/269/2562 
f 251/271/2563 260/269/2564 269/278/2565 
f 269/278/2566 265/277/2567 251/271/2568 
f 272/284/2569 266/283/2570 230/246/2571 
f 230/246/2572 238/243/2573 272/284/2574 
f 276/285/2575 272/284/2576 238/243/2577 
f 238/243/2578 234/239/2579 276/285/2580 
f 267/288/2581 276/285/2582 234/239/2583 
f 234/239/2584 229/242/2585 267/288/2586 
s 2
f 237/245/2587 230/246/2588 213/238/2589 
f 213/238/2590 227/235/2591 237/245/2592 
f 241/247/2593 237/245/2594 227/235/2595 
f 227/235/2596 223/830/2597 241/247/2598 
f 231/250/2599 241/831/2600 223/233/2601 
f 223/233/2602 212/234/2603 231/250/2604 
s 1
f 290/297/2605 334/351/2606 324/352/2607 
f 324/352/2608 282/300/2609 290/297/2610 
f 286/293/2611 326/340/2612 334/351/2613 
f 334/351/2614 290/297/2615 286/293/2616 
f 281/296/2617 321/337/2618 326/340/2619 
f 326/340/2620 286/293/2621 281/296/2622 
s 2
f 289/845/2623 282/846/2624 302/991/2625 
f 302/991/2626 310/990/2627 289/845/2628 
f 293/847/2629 289/845/2630 310/990/2631 
f 310/990/2632 306/989/2633 293/847/2634 
f 283/850/2635 293/847/2636 306/989/2637 
f 306/989/2638 301/1010/2639 283/850/2640 
s 1
f 309/321/2641 302/322/2642 338/360/2643 
f 338/360/2644 345/357/2645 309/321/2646 
f 313/323/2647 309/321/2648 345/357/2649 
f 345/357/2650 341/354/2651 313/323/2652 
f 303/326/2653 313/323/2654 341/354/2655 
f 341/354/2656 337/353/2657 303/326/2658 
f 344/992/2659 338/993/2660 324/871/2661 
f 324/871/2662 335/870/2663 344/992/2664 
f 348/994/2665 344/992/2666 335/870/2667 
f 335/870/2668 331/866/2669 348/994/2670 
f 339/995/2671 348/994/2672 331/866/2673 
f 331/866/2674 323/868/2675 339/995/2676 
s 16
f 325/338/2677 321/337/2678 249/264/2679 
f 249/264/2680 254/263/2681 325/338/2682 
f 329/341/2683 325/338/2684 254/263/2685 
f 254/263/2686 262/275/2687 329/341/2688 
f 252/276/2689 322/343/2690 329/341/2691 
f 329/341/2692 262/275/2693 252/276/2694 
s 1
f 214/217/2695 209/220/2696 281/296/2697 
f 281/296/2698 287/295/2699 214/217/2700 
f 298/311/2701 218/225/2702 677/825/2703 
f 677/825/2704 679/313/2705 298/311/2706 
f 210/226/2707 218/225/2708 298/311/2709 
f 298/311/2710 285/312/2711 210/226/2712 
f 312/325/2713 303/326/2714 229/242/2715 
f 229/242/2716 235/241/2717 312/325/2718 
f 246/257/2719 316/331/2720 683/327/2721 
f 683/327/2722 681/259/2723 246/257/2724 
f 304/332/2725 316/331/2726 246/257/2727 
f 246/257/2728 233/258/2729 304/332/2730 
s 16
f 342/356/2731 275/287/2732 267/288/2733 
f 267/288/2734 337/353/2735 342/356/2736 
f 279/289/2737 275/287/2738 342/356/2739 
f 342/356/2740 350/368/2741 279/289/2742 
f 268/292/2743 279/289/2744 350/368/2745 
f 350/368/2746 340/367/2747 268/292/2748 
s 1
f 366/384/2749 356/383/2750 370/391/2751 
f 370/391/2752 377/389/2753 366/384/2754 
f 358/372/2755 366/384/2756 377/389/2757 
f 377/389/2758 373/386/2759 358/372/2760 
f 353/369/2761 358/372/2762 373/386/2763 
f 373/386/2764 369/385/2765 353/369/2766 
f 414/998/2767 404/999/2768 386/890/2769 
f 386/890/2770 393/889/2771 414/998/2772 
f 406/996/2773 414/998/2774 393/889/2775 
f 393/889/2776 389/884/2777 406/996/2778 
f 401/997/2779 406/996/2780 389/884/2781 
f 389/884/2782 385/886/2783 401/997/2784 
s 16
f 395/412/2785 387/411/2786 355/380/2787 
f 355/380/2788 364/377/2789 395/412/2790 
f 399/413/2791 395/412/2792 364/377/2793 
f 364/377/2794 360/375/2795 399/413/2796 
f 354/376/2797 388/415/2798 399/413/2799 
f 399/413/2800 360/375/2801 354/376/2802 
f 412/425/2803 379/395/2804 371/396/2805 
f 371/396/2806 403/427/2807 412/425/2808 
f 383/397/2809 379/395/2810 412/425/2811 
f 412/425/2812 408/424/2813 383/397/2814 
f 372/400/2815 383/397/2816 408/424/2817 
f 408/424/2818 402/423/2819 372/400/2820 
s 1
f 430/448/2821 420/447/2822 434/455/2823 
f 434/455/2824 441/453/2825 430/448/2826 
f 422/436/2827 430/448/2828 441/453/2829 
f 441/453/2830 437/450/2831 422/436/2832 
f 417/433/2833 422/436/2834 437/450/2835 
f 437/450/2836 433/449/2837 417/433/2838 
f 478/1031/2839 468/1032/2840 450/911/2841 
f 450/911/2842 457/910/2843 478/1031/2844 
f 470/1029/2845 478/1031/2846 457/910/2847 
f 457/910/2848 453/905/2849 470/1029/2850 
f 465/1030/2851 470/1029/2852 453/905/2853 
f 453/905/2854 449/907/2855 465/1030/2856 
s 16
f 463/477/2857 424/439/2858 418/440/2859 
f 418/440/2860 452/479/2861 463/477/2862 
f 428/441/2863 424/439/2864 463/477/2865 
f 463/477/2866 459/476/2867 428/441/2868 
f 419/444/2869 428/441/2870 459/476/2871 
f 459/476/2872 451/475/2873 419/444/2874 
f 472/488/2875 466/487/2876 436/464/2877 
f 436/464/2878 447/461/2879 472/488/2880 
f 476/489/2881 472/488/2882 447/461/2883 
f 447/461/2884 443/459/2885 476/489/2886 
f 435/460/2887 467/491/2888 476/489/2889 
f 476/489/2890 443/459/2891 435/460/2892 
s 1
f 494/512/2893 484/511/2894 498/519/2895 
f 498/519/2896 505/517/2897 494/512/2898 
f 486/500/2899 494/512/2900 505/517/2901 
f 505/517/2902 501/514/2903 486/500/2904 
f 481/497/2905 486/500/2906 501/514/2907 
f 501/514/2908 497/513/2909 481/497/2910 
f 542/1035/2911 532/1036/2912 514/932/2913 
f 514/932/2914 521/931/2915 542/1035/2916 
f 534/1033/2917 542/1035/2918 521/931/2919 
f 521/931/2920 517/926/2921 534/1033/2922 
f 529/1034/2923 534/1033/2924 517/926/2925 
f 517/926/2926 513/928/2927 529/1034/2928 
s 16
f 527/541/2929 488/503/2930 482/504/2931 
f 482/504/2932 516/543/2933 527/541/2934 
f 492/505/2935 488/503/2936 527/541/2937 
f 527/541/2938 523/540/2939 492/505/2940 
f 483/508/2941 492/505/2942 523/540/2943 
f 523/540/2944 515/539/2945 483/508/2946 
f 536/552/2947 530/551/2948 500/528/2949 
f 500/528/2950 511/525/2951 536/552/2952 
f 540/553/2953 536/552/2954 511/525/2955 
f 511/525/2956 507/523/2957 540/553/2958 
f 499/524/2959 531/555/2960 540/553/2961 
f 540/553/2962 507/523/2963 499/524/2964 
s 1
f 574/592/2965 564/591/2966 546/567/2967 
f 546/567/2968 553/565/2969 574/592/2970 
f 566/580/2971 574/592/2972 553/565/2973 
f 553/565/2974 549/562/2975 566/580/2976 
f 561/577/2977 566/580/2978 549/562/2979 
f 549/562/2980 545/561/2981 561/577/2982 
f 590/1002/2983 580/1003/2984 594/957/2985 
f 594/957/2986 601/956/2987 590/1002/2988 
f 582/1000/2989 590/1002/2990 601/956/2991 
f 601/956/2992 597/951/2993 582/1000/2994 
f 577/1001/2995 582/1000/2996 597/951/2997 
f 597/951/2998 593/612/2999 577/1001/3000 
s 16
f 584/600/3001 578/599/3002 548/576/3003 
f 548/576/3004 559/573/3005 584/600/3006 
f 588/601/3007 584/600/3008 559/573/3009 
f 559/573/3010 555/571/3011 588/601/3012 
f 547/572/3013 579/603/3014 588/601/3015 
f 588/601/3016 555/571/3017 547/572/3018 
f 607/621/3019 568/583/3020 562/584/3021 
f 562/584/3022 596/623/3023 607/621/3024 
f 572/585/3025 568/583/3026 607/621/3027 
f 607/621/3028 603/620/3029 572/585/3030 
f 563/588/3031 572/585/3032 603/620/3033 
f 603/620/3034 595/619/3035 563/588/3036 
s 1
f 638/656/3037 628/655/3038 610/631/3039 
f 610/631/3040 617/629/3041 638/656/3042 
f 630/644/3043 638/656/3044 617/629/3045 
f 617/629/3046 613/626/3047 630/644/3048 
f 625/641/3049 630/644/3050 613/626/3051 
f 613/626/3052 609/625/3053 625/641/3054 
f 654/1006/3055 644/1007/3056 658/978/3057 
f 658/978/3058 665/977/3059 654/1006/3060 
f 646/1004/3061 654/1006/3062 665/977/3063 
f 665/977/3064 661/972/3065 646/1004/3066 
f 641/1005/3067 646/1004/3068 661/972/3069 
f 661/972/3070 657/676/3071 641/1005/3072 
f 648/664/3073 642/663/3074 612/640/3075 
f 612/640/3076 623/637/3077 648/664/3078 
f 652/665/3079 648/664/3080 623/637/3081 
f 623/637/3082 619/635/3083 652/665/3084 
f 611/636/3085 643/667/3086 652/665/3087 
f 652/665/3088 619/635/3089 611/636/3090 
f 671/685/3091 632/647/3092 626/648/3093 
f 626/648/3094 660/687/3095 671/685/3096 
f 636/649/3097 632/647/3098 671/685/3099 
f 671/685/3100 667/684/3101 636/649/3102 
f 627/652/3103 636/649/3104 667/684/3105 
f 667/684/3106 659/683/3107 627/652/3108 
f 152/160/3109 146/159/3110 43/768/3111 
f 43/768/3112 52/767/3113 152/160/3114 
f 156/161/3115 152/160/3116 52/767/3117 
f 52/767/3118 48/765/3119 156/161/3120 
f 147/164/3121 156/161/3122 48/765/3123 
f 48/765/3124 42/766/3125 147/164/3126 
f 67/770/3127 59/769/3128 164/183/3129 
f 164/183/3130 175/181/3131 67/770/3132 
f 71/771/3133 67/770/3134 175/181/3135 
f 175/181/3136 171/179/3137 71/771/3138 
f 60/772/3139 71/771/3140 171/179/3141 
f 171/179/3142 163/180/3143 60/772/3144 
f 123/791/3145 115/792/3146 180/200/3147 
f 180/200/3148 191/197/3149 123/791/3150 
f 127/793/3151 123/791/3152 191/197/3153 
f 191/197/3154 187/196/3155 127/793/3156 
f 116/794/3157 127/793/3158 187/196/3159 
f 187/196/3160 179/195/3161 116/794/3162 
f 200/207/3163 194/208/3164 129/799/3165 
f 129/799/3166 134/796/3167 200/207/3168 
f 204/209/3169 200/207/3170 134/796/3171 
f 134/796/3172 142/803/3173 204/209/3174 
f 195/211/3175 204/209/3176 142/803/3177 
f 142/803/3178 132/802/3179 195/211/3180 
f 696/689/3181 694/690/3182 145/804/3183 
f 145/804/3184 150/805/3185 696/689/3186 
f 695/691/3187 696/689/3188 150/805/3189 
f 150/805/3190 158/806/3191 695/691/3192 
f 693/692/3193 695/691/3194 158/806/3195 
f 158/806/3196 148/807/3197 693/692/3198 
f 165/809/3199 161/808/3200 689/693/3201 
f 689/693/3202 691/694/3203 165/809/3204 
f 169/810/3205 165/809/3206 691/694/3207 
f 691/694/3208 692/695/3209 169/810/3210 
f 162/811/3211 169/810/3212 692/695/3213 
f 692/695/3214 690/696/3215 162/811/3216 
f 181/812/3217 177/813/3218 701/697/3219 
f 701/697/3220 703/698/3221 181/812/3222 
f 185/814/3223 181/812/3224 703/698/3225 
f 703/698/3226 704/699/3227 185/814/3228 
f 178/815/3229 185/814/3230 704/699/3231 
f 704/699/3232 702/700/3233 178/815/3234 
f 700/701/3235 698/702/3236 193/820/3237 
f 193/820/3238 198/817/3239 700/701/3240 
f 699/703/3241 700/701/3242 198/817/3243 
f 198/817/3244 206/824/3245 699/703/3246 
f 697/704/3247 699/703/3248 206/824/3249 
f 206/824/3250 196/823/3251 697/704/3252 
f 259/838/3253 251/837/3254 356/383/3255 
f 356/383/3256 367/381/3257 259/838/3258 
f 263/839/3259 259/838/3260 367/381/3261 
f 367/381/3262 363/379/3263 263/839/3264 
f 252/840/3265 263/839/3266 363/379/3267 
f 363/379/3268 355/380/3269 252/840/3270 
f 376/392/3271 370/391/3272 265/841/3273 
f 265/841/3274 270/842/3275 376/392/3276 
f 380/393/3277 376/392/3278 270/842/3279 
f 270/842/3280 278/843/3281 380/393/3282 
f 371/396/3283 380/393/3284 278/843/3285 
f 278/843/3286 268/844/3287 371/396/3288 
f 392/407/3289 386/408/3290 323/867/3291 
f 323/867/3292 332/865/3293 392/407/3294 
f 396/409/3295 392/407/3296 332/865/3297 
f 332/865/3298 328/864/3299 396/409/3300 
f 387/411/3301 396/409/3302 328/864/3303 
f 328/864/3304 322/863/3305 387/411/3306 
f 347/872/3307 339/873/3308 404/432/3309 
f 404/432/3310 415/429/3311 347/872/3312 
f 351/874/3313 347/872/3314 415/429/3315 
f 415/429/3316 411/428/3317 351/874/3318 
f 340/875/3319 351/874/3320 411/428/3321 
f 411/428/3322 403/427/3323 340/875/3324 
f 357/877/3325 353/876/3326 709/705/3327 
f 709/705/3328 711/706/3329 357/877/3330 
f 361/878/3331 357/877/3332 711/706/3333 
f 711/706/3334 712/707/3335 361/878/3336 
f 354/879/3337 361/878/3338 712/707/3339 
f 712/707/3340 710/708/3341 354/879/3342 
f 708/709/3343 706/710/3344 369/880/3345 
f 369/880/3346 374/881/3347 708/709/3348 
f 707/711/3349 708/709/3350 374/881/3351 
f 374/881/3352 382/882/3353 707/711/3354 
f 705/712/3355 707/711/3356 382/882/3357 
f 382/882/3358 372/883/3359 705/712/3360 
f 720/713/3361 718/714/3362 385/887/3363 
f 385/887/3364 390/885/3365 720/713/3366 
f 719/715/3367 720/713/3368 390/885/3369 
f 390/885/3370 398/892/3371 719/715/3372 
f 717/716/3373 719/715/3374 398/892/3375 
f 398/892/3376 388/891/3377 717/716/3378 
f 405/893/3379 401/894/3380 713/717/3381 
f 713/717/3382 715/718/3383 405/893/3384 
f 409/895/3385 405/893/3386 715/718/3387 
f 715/718/3388 716/719/3389 409/895/3390 
f 402/896/3391 409/895/3392 716/719/3393 
f 716/719/3394 714/720/3395 402/896/3396 
f 440/456/3397 434/455/3398 25/44/3399 
f 25/44/3400 39/41/3401 440/456/3402 
f 444/457/3403 440/456/3404 39/41/3405 
f 39/41/3406 35/37/3407 444/457/3408 
f 435/460/3409 444/457/3410 35/37/3411 
f 35/37/3412 24/40/3413 435/460/3414 
s 2
f 38/43/3415 25/44/3416 232/254/3417 
f 232/254/3418 244/251/3419 38/43/3420 
f 27/762/3421 38/43/3422 244/251/3423 
f 244/251/3424 240/249/3425 27/762/3426 
f 21/26/3427 27/25/3428 240/834/3429 
f 240/834/3430 231/250/3431 21/26/3432 
s 1
f 431/445/3433 243/253/3434 232/254/3435 
f 232/254/3436 420/447/3437 431/445/3438 
f 427/443/3439 247/255/3440 243/253/3441 
f 243/253/3442 431/445/3443 427/443/3444 
f 419/444/3445 233/258/3446 247/255/3447 
f 247/255/3448 427/443/3449 419/444/3450 
f 107/113/3451 96/114/3452 468/496/3453 
f 468/496/3454 479/493/3455 107/113/3456 
f 111/115/3457 107/113/3458 479/493/3459 
f 479/493/3460 475/492/3461 111/115/3462 
f 97/118/3463 111/115/3464 475/492/3465 
f 475/492/3466 467/491/3467 97/118/3468 
f 319/333/3469 456/471/3470 450/472/3471 
f 450/472/3472 305/336/3473 319/333/3474 
f 315/329/3475 460/473/3476 456/471/3477 
f 456/471/3478 319/333/3479 315/329/3480 
f 304/332/3481 451/475/3482 460/473/3483 
f 460/473/3484 315/329/3485 304/332/3486 
s 2
f 318/861/3487 305/862/3488 96/1020/3489 
f 96/1020/3490 108/1019/3491 318/861/3492 
f 307/855/3493 318/861/3494 108/1019/3495 
f 108/1019/3496 104/1018/3497 307/855/3498 
f 301/318/3499 307/855/3500 104/1018/3501 
f 104/1018/3502 95/1040/3503 301/318/3504 
s 1
f 504/520/3505 498/519/3506 433/901/3507 
f 433/901/3508 438/902/3509 504/520/3510 
f 508/521/3511 504/520/3512 438/902/3513 
f 438/902/3514 446/903/3515 508/521/3516 
f 499/524/3517 508/521/3518 446/903/3519 
f 446/903/3520 436/904/3521 499/524/3522 
f 421/898/3523 417/897/3524 484/511/3525 
f 484/511/3526 495/509/3527 421/898/3528 
f 425/899/3529 421/898/3530 495/509/3531 
f 495/509/3532 491/507/3533 425/899/3534 
f 418/900/3535 425/899/3536 491/507/3537 
f 491/507/3538 483/508/3539 418/900/3540 
f 469/914/3541 465/915/3542 532/560/3543 
f 532/560/3544 543/557/3545 469/914/3546 
f 473/916/3547 469/914/3548 543/557/3549 
f 543/557/3550 539/556/3551 473/916/3552 
f 466/917/3553 473/916/3554 539/556/3555 
f 539/556/3556 531/555/3557 466/917/3558 
f 520/535/3559 514/536/3560 449/908/3561 
f 449/908/3562 454/906/3563 520/535/3564 
f 524/537/3565 520/535/3566 454/906/3567 
f 454/906/3568 462/913/3569 524/537/3570 
f 515/539/3571 524/537/3572 462/913/3573 
f 462/913/3574 452/912/3575 515/539/3576 
f 744/721/3577 742/722/3578 497/922/3579 
f 497/922/3580 502/923/3581 744/721/3582 
f 743/723/3583 744/721/3584 502/923/3585 
f 502/923/3586 510/924/3587 743/723/3588 
f 741/724/3589 743/723/3590 510/924/3591 
f 510/924/3592 500/925/3593 741/724/3594 
f 485/919/3595 481/918/3596 737/725/3597 
f 737/725/3598 739/726/3599 485/919/3600 
f 489/920/3601 485/919/3602 739/726/3603 
f 739/726/3604 740/727/3605 489/920/3606 
f 482/921/3607 489/920/3608 740/727/3609 
f 740/727/3610 738/728/3611 482/921/3612 
f 533/935/3613 529/936/3614 749/729/3615 
f 749/729/3616 751/730/3617 533/935/3618 
f 537/937/3619 533/935/3620 751/730/3621 
f 751/730/3622 752/731/3623 537/937/3624 
f 530/938/3625 537/937/3626 752/731/3627 
f 752/731/3628 750/732/3629 530/938/3630 
f 748/733/3631 746/734/3632 513/929/3633 
f 513/929/3634 518/927/3635 748/733/3636 
f 747/735/3637 748/733/3638 518/927/3639 
f 518/927/3640 526/934/3641 747/735/3642 
f 745/736/3643 747/735/3644 526/934/3645 
f 526/934/3646 516/933/3647 745/736/3648 
f 575/589/3649 15/15/3650 4/16/3651 
f 4/16/3652 564/591/3653 575/589/3654 
f 571/587/3655 19/17/3656 15/15/3657 
f 15/15/3658 575/589/3659 571/587/3660 
f 563/588/3661 5/20/3662 19/17/3663 
f 19/17/3664 571/587/3665 563/588/3666 
f 552/568/3667 546/567/3668 211/230/3669 
f 211/230/3670 221/227/3671 552/568/3672 
f 556/569/3673 552/568/3674 221/227/3675 
f 221/227/3676 217/223/3677 556/569/3678 
f 547/572/3679 556/569/3680 217/223/3681 
f 217/223/3682 210/226/3683 547/572/3684 
s 2
f 220/229/3685 211/230/3686 4/16/3687 
f 4/16/3688 16/13/3689 220/229/3690 
f 224/231/3691 220/229/3692 16/13/3693 
f 16/13/3694 12/756/3695 224/231/3696 
f 212/234/3697 224/827/3698 12/11/3699 
f 12/11/3700 3/12/3701 212/234/3702 
s 1
f 85/87/3703 600/615/3704 594/616/3705 
f 594/616/3706 75/90/3707 85/87/3708 
f 81/83/3709 604/617/3710 600/615/3711 
f 600/615/3712 85/87/3713 81/83/3714 
f 74/86/3715 595/619/3716 604/617/3717 
f 604/617/3718 81/83/3719 74/86/3720 
s 2
f 84/775/3721 75/776/3722 284/988/3723 
f 284/988/3724 296/987/3725 84/775/3726 
f 88/777/3727 84/775/3728 296/987/3729 
f 296/987/3730 292/985/3731 88/777/3732 
f 76/94/3733 88/777/3734 292/985/3735 
f 292/985/3736 283/986/3737 76/94/3738 
s 1
f 295/307/3739 284/308/3740 580/608/3741 
f 580/608/3742 591/605/3743 295/307/3744 
f 299/309/3745 295/307/3746 591/605/3747 
f 591/605/3748 587/604/3749 299/309/3750 
f 285/312/3751 299/309/3752 587/604/3753 
f 587/604/3754 579/603/3755 285/312/3756 
f 565/944/3757 561/943/3758 628/655/3759 
f 628/655/3760 639/653/3761 565/944/3762 
f 569/945/3763 565/944/3764 639/653/3765 
f 639/653/3766 635/651/3767 569/945/3768 
f 562/946/3769 569/945/3770 635/651/3771 
f 635/651/3772 627/652/3773 562/946/3774 
f 616/632/3775 610/631/3776 545/939/3777 
f 545/939/3778 550/940/3779 616/632/3780 
f 620/633/3781 616/632/3782 550/940/3783 
f 550/940/3784 558/941/3785 620/633/3786 
f 611/636/3787 620/633/3788 558/941/3789 
f 558/941/3790 548/942/3791 611/636/3792 
f 664/679/3793 658/680/3794 593/955/3795 
f 593/955/3796 598/952/3797 664/679/3798 
f 668/681/3799 664/679/3800 598/952/3801 
f 598/952/3802 606/959/3803 668/681/3804 
f 659/683/3805 668/681/3806 606/959/3807 
f 606/959/3808 596/958/3809 659/683/3810 
f 581/947/3811 577/948/3812 644/672/3813 
f 644/672/3814 655/669/3815 581/947/3816 
f 585/949/3817 581/947/3818 655/669/3819 
f 655/669/3820 651/668/3821 585/949/3822 
f 578/950/3823 585/949/3824 651/668/3825 
f 651/668/3826 643/667/3827 578/950/3828 
f 629/965/3829 625/964/3830 725/737/3831 
f 725/737/3832 727/738/3833 629/965/3834 
f 633/966/3835 629/965/3836 727/738/3837 
f 727/738/3838 728/739/3839 633/966/3840 
f 626/967/3841 633/966/3842 728/739/3843 
f 728/739/3844 726/740/3845 626/967/3846 
f 724/741/3847 722/742/3848 609/960/3849 
f 609/960/3850 614/961/3851 724/741/3852 
f 723/743/3853 724/741/3854 614/961/3855 
f 614/961/3856 622/962/3857 723/743/3858 
f 721/744/3859 723/743/3860 622/962/3861 
f 622/962/3862 612/963/3863 721/744/3864 
f 736/745/3865 734/746/3866 657/976/3867 
f 657/976/3868 662/973/3869 736/745/3870 
f 735/747/3871 736/745/3872 662/973/3873 
f 662/973/3874 670/980/3875 735/747/3876 
f 733/748/3877 735/747/3878 670/980/3879 
f 670/980/3880 660/979/3881 733/748/3882 
f 645/968/3883 641/969/3884 729/749/3885 
f 729/749/3886 731/750/3887 645/968/3888 
f 649/970/3889 645/968/3890 731/750/3891 
f 731/750/3892 732/751/3893 649/970/3894 
f 642/971/3895 649/970/3896 732/751/3897 
f 732/751/3898 730/752/3899 642/971/3900 
s 16
f 113/121/3901 41/48/3902 1/4/3903 
f 1/4/3904 73/80/3905 113/121/3906 
f 595/619/3907 74/86/3908 5/20/3909 
f 5/20/3910 563/588/3911 595/619/3912 
s 2
f 546/567/3913 564/591/3914 4/16/3915 
f 4/16/3916 211/230/3917 546/567/3918 
f 22/30/3919 2/8/3920 44/59/3921 
f 44/59/3922 58/67/3923 22/30/3924 
f 231/250/3925 212/234/3926 3/12/3927 
f 3/12/3928 21/26/3929 231/250/3930 
s 16
f 23/34/3931 57/64/3932 131/147/3933 
f 131/147/3934 93/102/3935 23/34/3936 
f 467/491/3937 435/460/3938 24/40/3939 
f 24/40/3940 97/118/3941 467/491/3942 
s 2
f 232/254/3943 25/44/3944 434/455/3945 
f 434/455/3946 420/447/3947 232/254/3948 
s 16
f 147/164/3949 42/766/3950 116/794/3951 
f 116/794/3952 179/195/3953 147/164/3954 
s 4
f 59/769/3955 43/768/3956 146/159/3957 
f 146/159/3958 164/183/3959 59/769/3960 
s 16
f 132/802/3961 60/772/3962 163/180/3963 
f 163/180/3964 195/211/3965 132/802/3966 
s 2
f 130/801/3967 114/1022/3968 77/1017/3969 
f 77/1017/3970 94/783/3971 130/801/3972 
f 284/988/3973 75/776/3974 594/957/3975 
f 594/957/3976 580/1003/3977 284/988/3978 
f 283/849/3979 301/856/3980 95/786/3981 
f 95/786/3982 76/781/3983 283/849/3984 
f 450/911/3985 468/1032/3986 96/1020/3987 
f 96/1020/3988 305/862/3989 450/911/3990 
s 20
f 194/822/3991 180/1028/3992 115/1041/3993 
f 115/1041/3994 129/797/3995 194/822/3996 
s 16
f 161/808/3997 145/804/3998 694/690/3999 
f 694/690/4000 689/693/4001 161/808/4002 
f 693/692/4003 148/807/4004 178/815/4005 
f 178/815/4006 702/700/4007 693/692/4008 
f 196/823/4009 162/811/4010 690/696/4011 
f 690/696/4012 697/704/4013 196/823/4014 
f 698/981/4015 701/1037/4016 177/1042/4017 
f 177/1042/4018 193/818/4019 698/981/4020 
f 209/220/4021 249/264/4022 321/337/4023 
f 321/337/4024 281/296/4025 209/220/4026 
s 2
f 266/283/4027 250/267/4028 213/238/4029 
f 213/238/4030 230/246/4031 266/283/4032 
s 16
f 579/603/4033 547/572/4034 210/226/4035 
f 210/226/4036 285/312/4037 579/603/4038 
f 337/353/4039 267/288/4040 229/242/4041 
f 229/242/4042 303/326/4043 337/353/4044 
f 451/475/4045 304/332/4046 233/258/4047 
f 233/258/4048 419/444/4049 451/475/4050 
f 322/863/4051 252/840/4052 355/380/4053 
f 355/380/4054 387/411/4055 322/863/4056 
s 4
f 370/391/4057 356/383/4058 251/837/4059 
f 251/837/4060 265/841/4061 370/391/4062 
s 16
f 371/396/4063 268/844/4064 340/875/4065 
f 340/875/4066 403/427/4067 371/396/4068 
s 2
f 302/991/4069 282/846/4070 324/871/4071 
f 324/871/4072 338/993/4073 302/991/4074 
s 20
f 339/1011/4075 323/869/4076 386/890/4077 
f 386/890/4078 404/999/4079 339/1011/4080 
s 16
f 706/710/4081 709/705/4082 353/876/4083 
f 353/876/4084 369/880/4085 706/710/4086 
f 388/891/4087 354/879/4088 710/708/4089 
f 710/708/4090 717/716/4091 388/891/4092 
f 705/712/4093 372/883/4094 402/896/4095 
f 402/896/4096 714/720/4097 705/712/4098 
f 401/1012/4099 385/888/4100 718/982/4101 
f 718/982/4102 713/1008/4103 401/1012/4104 
s 4
f 417/897/4105 433/901/4106 498/519/4107 
f 498/519/4108 484/511/4109 417/897/4110 
s 16
f 452/912/4111 418/900/4112 483/508/4113 
f 483/508/4114 515/539/4115 452/912/4116 
f 466/917/4117 531/555/4118 499/524/4119 
f 499/524/4120 436/904/4121 466/917/4122 
s 20
f 514/932/4123 532/1036/4124 465/1043/4125 
f 465/1043/4126 449/909/4127 514/932/4128 
s 16
f 481/918/4129 497/922/4130 742/722/4131 
f 742/722/4132 737/725/4133 481/918/4134 
f 516/933/4135 482/921/4136 738/728/4137 
f 738/728/4138 745/736/4139 516/933/4140 
f 530/938/4141 750/732/4142 741/724/4143 
f 741/724/4144 500/925/4145 530/938/4146 
f 746/983/4147 749/1009/4148 529/1013/4149 
f 529/1013/4150 513/930/4151 746/983/4152 
s 4
f 610/631/4153 628/655/4154 561/943/4155 
f 561/943/4156 545/939/4157 610/631/4158 
s 16
f 578/950/4159 643/667/4160 611/636/4161 
f 611/636/4162 548/942/4163 578/950/4164 
f 596/958/4165 562/946/4166 627/652/4167 
f 627/652/4168 659/683/4169 596/958/4170 
s 20
f 577/1014/4171 593/953/4172 658/978/4173 
f 658/978/4174 644/1007/4175 577/1014/4176 
s 16
f 722/742/4177 725/737/4178 625/964/4179 
f 625/964/4180 609/960/4181 722/742/4182 
f 642/971/4183 730/752/4184 721/744/4185 
f 721/744/4186 612/963/4187 642/971/4188 
f 660/979/4189 626/967/4190 726/740/4191 
f 726/740/4192 733/748/4193 660/979/4194 
f 641/1044/4195 657/974/4196 734/984/4197 
f 734/984/4198 729/1038/4199 641/1044/4200 
s 1
f 674/758/4201 673/757/4202 7/3/4203 
f 7/3/4204 8/2/4205 674/758/4206 
f 676/774/4207 675/81/4208 82/85/4209 
f 82/85/4210 83/84/4211 676/774/4212 
f 673/757/4213 675/773/4214 78/77/4215 
f 78/77/4216 7/3/4217 673/757/4218 
f 678/826/4219 677/825/4220 218/225/4221 
f 218/225/4222 219/224/4223 678/826/4224 
f 680/853/4225 679/852/4226 287/295/4227 
f 287/295/4228 288/294/4229 680/853/4230 
f 679/852/4231 677/221/4232 214/217/4233 
f 214/217/4234 287/295/4235 679/852/4236 
f 682/836/4237 681/835/4238 235/241/4239 
f 235/241/4240 236/240/4241 682/836/4242 
f 684/328/4243 683/327/4244 316/331/4245 
f 316/331/4246 317/330/4247 684/328/4248 
f 681/835/4249 683/859/4250 312/325/4251 
f 312/325/4252 235/241/4253 681/835/4254 
f 686/36/4255 685/763/4256 36/39/4257 
f 36/39/4258 37/38/4259 686/36/4260 
f 688/790/4261 687/789/4262 99/101/4263 
f 99/101/4264 100/100/4265 688/790/4266 
f 687/789/4267 685/35/4268 32/33/4269 
f 32/33/4270 99/101/4271 687/789/4272 
f 686/764/4273 28/760/4274 31/28/4275 
f 31/28/4276 34/32/4277 686/764/4278 
f 11/6/4279 14/10/4280 674/758/4281 
f 674/758/4282 8/2/4283 11/6/4284 
f 678/222/4285 225/828/4286 228/236/4287 
f 228/236/4288 216/218/4289 678/222/4290 
f 239/244/4291 242/248/4292 682/836/4293 
f 682/836/4294 236/240/4295 239/244/4296 
f 676/82/4297 89/778/4298 92/96/4299 
f 92/96/4300 80/78/4301 676/82/4302 
f 103/104/4303 106/785/4304 688/790/4305 
f 688/790/4306 100/100/4307 103/104/4308 
f 684/860/4309 308/316/4310 311/320/4311 
f 311/320/4312 314/324/4313 684/860/4314 
f 291/298/4315 294/848/4316 680/853/4317 
f 680/853/4318 288/294/4319 291/298/4320 
f 308/854/4321 307/317/4322 301/858/4323 
f 294/848/4324 293/301/4325 283/851/4326 
f 106/785/4327 105/107/4328 95/787/4329 
f 89/92/4330 88/91/4331 76/779/4332 
# 1444 faces

