# 3ds Max Wavefront OBJ Exporter v0.99 - (c)2007 guruware
# File Created: 05.04.2026 14:52:05

mtllib DropShip_Obj_Exported.mtl

#
# object bn_Left_Back_Thruster
#

v  -225.4679 -178.1355 -464.8313
v  -225.4679 -182.1355 -464.8313
v  -225.4679 -178.1355 -467.3120
v  -225.4679 -182.1355 -467.3120
v  -293.7496 -160.1354 -478.4752
v  -293.7497 -200.1354 -478.4752
v  -293.7497 -160.1354 -453.6681
v  -293.7497 -200.1354 -453.6681
v  -306.1532 -180.1354 -466.0717
# 9 vertices

vn 1.0000 -0.0000 0.0000
vn 0.1613 0.0000 -0.9869
vn 0.2549 0.9670 0.0000
vn 0.2549 -0.9670 -0.0000
vn 0.1613 -0.0000 0.9869
vn -0.8498 0.5270 0.0000
vn -0.7071 0.0000 -0.7071
vn -0.8498 -0.5270 -0.0000
vn -0.7071 0.0000 0.7071
# 9 vertex normals

o bn_Left_Back_Thruster
g bn_Left_Back_Thruster
usemtl wire_174186203
s 1
f 1//1 2//1 3//1 
f 4//1 3//1 2//1 
s 2
f 5//2 3//2 6//2 
f 4//2 6//2 3//2 
s 4
f 7//3 1//3 5//3 
f 3//3 5//3 1//3 
s 8
f 2//4 8//4 4//4 
f 6//4 4//4 8//4 
s 16
f 1//5 7//5 2//5 
f 8//5 2//5 7//5 
s 32
f 9//6 7//6 5//6 
s 64
f 9//7 5//7 6//7 
s 128
f 9//8 6//8 8//8 
s 256
f 9//9 8//9 7//9 
# 14 faces

#
# object bn_Left_Front_thruster
#

v  353.7377 -232.3617 -465.5909
v  353.7377 -236.3617 -465.5909
v  353.7377 -232.3617 -468.0716
v  353.7377 -236.3617 -468.0716
v  285.4560 -214.3616 -479.2348
v  285.4560 -254.3616 -479.2348
v  285.4560 -214.3616 -454.4277
v  285.4559 -254.3616 -454.4277
v  273.0524 -234.3616 -466.8313
# 9 vertices

vn 1.0000 -0.0000 0.0000
vn 0.1613 0.0000 -0.9869
vn 0.2549 0.9670 0.0000
vn 0.2549 -0.9670 -0.0000
vn 0.1613 -0.0000 0.9869
vn -0.8498 0.5270 0.0000
vn -0.7071 0.0000 -0.7071
vn -0.8498 -0.5270 -0.0000
vn -0.7071 0.0000 0.7071
# 9 vertex normals

o bn_Left_Front_thruster
g bn_Left_Front_thruster
usemtl wire_174186203
s 1
f 10//10 11//10 12//10 
f 13//10 12//10 11//10 
s 2
f 14//11 12//11 15//11 
f 13//11 15//11 12//11 
s 4
f 16//12 10//12 14//12 
f 12//12 14//12 10//12 
s 8
f 11//13 17//13 13//13 
f 15//13 13//13 17//13 
s 16
f 10//14 16//14 11//14 
f 17//14 11//14 16//14 
s 32
f 18//15 16//15 14//15 
s 64
f 18//16 14//16 15//16 
s 128
f 18//17 15//17 17//17 
s 256
f 18//18 17//18 16//18 
# 14 faces

#
# object bn_Left_Back_Engine
#

v  -549.9634 -63.4439 -474.9940
v  -549.9634 -65.6388 -474.9940
v  -549.9634 -63.4439 -477.1889
v  -549.9634 -65.6388 -477.1889
v  -598.8879 -53.5667 -487.0661
v  -598.8879 -75.5160 -487.0661
v  -598.8879 -53.5667 -465.1167
v  -598.8879 -75.5160 -465.1167
v  -609.8626 -64.5414 -476.0914
# 9 vertices

vn 1.0000 0.0000 -0.0000
vn 0.1979 0.0000 -0.9802
vn 0.1979 0.9802 -0.0000
vn 0.1979 0.9802 0.0000
vn 0.1979 -0.9802 -0.0000
vn 0.1979 -0.0000 0.9802
vn -0.7071 0.7071 0.0000
vn -0.7071 0.0000 -0.7071
vn -0.7071 -0.7071 0.0000
vn -0.7071 -0.0000 0.7071
# 10 vertex normals

o bn_Left_Back_Engine
g bn_Left_Back_Engine
usemtl wire_174186203
s 1
f 19//19 20//19 21//19 
f 22//19 21//19 20//19 
s 2
f 23//20 21//20 24//20 
f 22//20 24//20 21//20 
s 4
f 25//21 19//22 23//21 
f 21//22 23//21 19//22 
s 8
f 20//23 26//23 22//23 
f 24//23 22//23 26//23 
s 16
f 19//24 25//24 20//24 
f 26//24 20//24 25//24 
s 32
f 27//25 25//25 23//25 
s 64
f 27//26 23//26 24//26 
s 128
f 27//27 24//27 26//27 
s 256
f 27//28 26//28 25//28 
# 14 faces

#
# object bn_Right_Front_Thruster
#

v  353.9756 -231.9963 465.3148
v  353.9756 -235.9963 465.3148
v  353.9756 -231.9963 462.8341
v  353.9756 -235.9963 462.8341
v  285.6939 -213.9963 451.6709
v  285.6939 -253.9963 451.6709
v  285.6939 -213.9963 476.4780
v  285.6939 -253.9963 476.4780
v  273.2903 -233.9963 464.0744
# 9 vertices

vn 1.0000 -0.0000 0.0000
vn 0.1613 0.0000 -0.9869
vn 0.2549 0.9670 0.0000
vn 0.2549 -0.9670 -0.0000
vn 0.1613 -0.0000 0.9869
vn -0.8498 0.5270 0.0000
vn -0.7071 0.0000 -0.7071
vn -0.8498 -0.5270 -0.0000
vn -0.7071 0.0000 0.7071
# 9 vertex normals

o bn_Right_Front_Thruster
g bn_Right_Front_Thruster
usemtl wire_174186203
s 1
f 28//29 29//29 30//29 
f 31//29 30//29 29//29 
s 2
f 32//30 30//30 33//30 
f 31//30 33//30 30//30 
s 4
f 34//31 28//31 32//31 
f 30//31 32//31 28//31 
s 8
f 29//32 35//32 31//32 
f 33//32 31//32 35//32 
s 16
f 28//33 34//33 29//33 
f 35//33 29//33 34//33 
s 32
f 36//34 34//34 32//34 
s 64
f 36//35 32//35 33//35 
s 128
f 36//36 33//36 35//36 
s 256
f 36//37 35//37 34//37 
# 14 faces

#
# object bn_Right_Back_Thruster
#

v  -225.4937 -177.7700 465.3147
v  -225.4937 -181.7700 465.3147
v  -225.4937 -177.7700 462.8340
v  -225.4937 -181.7700 462.8340
v  -293.7754 -159.7699 451.6707
v  -293.7754 -199.7699 451.6707
v  -293.7754 -159.7699 476.4778
v  -293.7755 -199.7699 476.4778
v  -306.1790 -179.7699 464.0743
# 9 vertices

vn 1.0000 -0.0000 0.0000
vn 0.1613 0.0000 -0.9869
vn 0.2549 0.9670 0.0000
vn 0.2549 -0.9670 -0.0000
vn 0.1613 -0.0000 0.9869
vn -0.8498 0.5270 0.0000
vn -0.7071 0.0000 -0.7071
vn -0.8498 -0.5270 -0.0000
vn -0.7071 0.0000 0.7071
# 9 vertex normals

o bn_Right_Back_Thruster
g bn_Right_Back_Thruster
usemtl wire_174186203
s 1
f 37//38 38//38 39//38 
f 40//38 39//38 38//38 
s 2
f 41//39 39//39 42//39 
f 40//39 42//39 39//39 
s 4
f 43//40 37//40 41//40 
f 39//40 41//40 37//40 
s 8
f 38//41 44//41 40//41 
f 42//41 40//41 44//41 
s 16
f 37//42 43//42 38//42 
f 44//42 38//42 43//42 
s 32
f 45//43 43//43 41//43 
s 64
f 45//44 41//44 42//44 
s 128
f 45//45 42//45 44//45 
s 256
f 45//46 44//46 43//46 
# 14 faces

#
# object bn_Right_Back_Engine
#

v  -549.7876 -63.5998 482.3402
v  -549.7876 -65.7947 482.3402
v  -549.7876 -63.5998 480.1453
v  -549.7876 -65.7947 480.1453
v  -598.7122 -53.7226 470.2681
v  -598.7122 -75.6720 470.2681
v  -598.7122 -53.7226 492.2175
v  -598.7122 -75.6720 492.2175
v  -609.6868 -64.6973 481.2428
# 9 vertices

vn 1.0000 0.0000 -0.0000
vn 0.1979 0.0000 -0.9802
vn 0.1979 0.9802 -0.0000
vn 0.1979 0.9802 0.0000
vn 0.1979 -0.9802 -0.0000
vn 0.1979 -0.0000 0.9802
vn -0.7071 0.7071 0.0000
vn -0.7071 0.0000 -0.7071
vn -0.7071 -0.7071 0.0000
vn -0.7071 -0.0000 0.7071
# 10 vertex normals

o bn_Right_Back_Engine
g bn_Right_Back_Engine
usemtl wire_174186203
s 1
f 46//47 47//47 48//47 
f 49//47 48//47 47//47 
s 2
f 50//48 48//48 51//48 
f 49//48 51//48 48//48 
s 4
f 52//49 46//50 50//49 
f 48//50 50//49 46//50 
s 8
f 47//51 53//51 49//51 
f 51//51 49//51 53//51 
s 16
f 46//52 52//52 47//52 
f 53//52 47//52 52//52 
s 32
f 54//53 52//53 50//53 
s 64
f 54//54 50//54 51//54 
s 128
f 54//55 51//55 53//55 
s 256
f 54//56 53//56 52//56 
# 14 faces

#
# object bn_left_Back_Weapon
#

v  -437.3624 223.7560 -279.8768
v  -437.3710 223.2638 -279.9641
v  -437.3690 223.8435 -280.3690
v  -437.3776 223.3513 -280.4564
v  -474.8508 227.0047 -281.5909
v  -474.9373 222.0824 -282.4644
v  -474.7849 226.1300 -276.6684
v  -474.8714 221.2076 -277.5420
v  -477.3605 224.1430 -279.5264
# 9 vertices

vn 0.9998 -0.0147 -0.0160
vn 0.0467 0.1737 -0.9837
vn 0.0772 0.9818 0.1734
vn 0.0426 -0.9836 -0.1754
vn 0.0730 -0.1755 0.9818
vn -0.6947 0.7065 0.1349
vn -0.7163 0.1341 -0.6848
vn -0.7192 -0.6857 -0.1122
vn -0.6976 -0.1133 0.7075
# 9 vertex normals

o bn_left_Back_Weapon
g bn_left_Back_Weapon
usemtl wire_174186203
s 1
f 55//57 56//57 57//57 
f 58//57 57//57 56//57 
s 2
f 59//58 57//58 60//58 
f 58//58 60//58 57//58 
s 4
f 61//59 55//59 59//59 
f 57//59 59//59 55//59 
s 8
f 56//60 62//60 58//60 
f 60//60 58//60 62//60 
s 16
f 55//61 61//61 56//61 
f 62//61 56//61 61//61 
s 32
f 63//62 61//62 59//62 
s 64
f 63//63 59//63 60//63 
s 128
f 63//64 60//64 62//64 
s 256
f 63//65 62//65 61//65 
# 14 faces

#
# object bn_Left_Front_Weapon
#

v  581.5693 224.5368 -279.1863
v  581.5500 224.0447 -279.2724
v  581.5734 224.6228 -279.6788
v  581.5541 224.1307 -279.7649
v  544.2073 228.7009 -281.5555
v  544.0145 223.7793 -282.4165
v  544.1671 227.8408 -276.6302
v  543.9743 222.9193 -277.4911
v  541.5927 225.9085 -279.5265
# 9 vertices

vn 0.9992 -0.0394 0.0013
vn 0.0679 0.1693 -0.9832
vn 0.0983 0.9802 0.1720
vn 0.0214 -0.9849 -0.1718
vn 0.0518 -0.1741 0.9834
vn -0.6793 0.7238 0.1209
vn -0.7009 0.1495 -0.6974
vn -0.7338 -0.6682 -0.1227
vn -0.7122 -0.0938 0.6956
# 9 vertex normals

o bn_Left_Front_Weapon
g bn_Left_Front_Weapon
usemtl wire_174186203
s 1
f 64//66 65//66 66//66 
f 67//66 66//66 65//66 
s 2
f 68//67 66//67 69//67 
f 67//67 69//67 66//67 
s 4
f 70//68 64//68 68//68 
f 66//68 68//68 64//68 
s 8
f 65//69 71//69 67//69 
f 69//69 67//69 71//69 
s 16
f 64//70 70//70 65//70 
f 71//70 65//70 70//70 
s 32
f 72//71 70//71 68//71 
s 64
f 72//72 68//72 69//72 
s 128
f 72//73 69//73 71//73 
s 256
f 72//74 71//74 70//74 
# 14 faces

#
# object bn_Left_middle_weapon
#

v  108.6207 223.0970 -281.1342
v  108.5952 222.6055 -281.2221
v  108.6139 223.1853 -281.6264
v  108.5884 222.6937 -281.7142
v  71.2499 227.5845 -282.6041
v  70.9952 222.6689 -283.4823
v  71.3183 226.7019 -277.6831
v  71.0636 221.7862 -278.5613
v  68.6602 224.8047 -280.5266
# 9 vertices

vn 0.9986 -0.0477 -0.0224
vn 0.0462 0.1734 -0.9838
vn 0.1107 0.9785 0.1740
vn 0.0090 -0.9842 -0.1767
vn 0.0735 -0.1791 0.9811
vn -0.6701 0.7289 0.1401
vn -0.7158 0.1586 -0.6801
vn -0.7421 -0.6614 -0.1083
vn -0.6964 -0.0911 0.7118
# 9 vertex normals

o bn_Left_middle_weapon
g bn_Left_middle_weapon
usemtl wire_174186203
s 1
f 73//75 74//75 75//75 
f 76//75 75//75 74//75 
s 2
f 77//76 75//76 78//76 
f 76//76 78//76 75//76 
s 4
f 79//77 73//77 77//77 
f 75//77 77//77 73//77 
s 8
f 74//78 80//78 76//78 
f 78//78 76//78 80//78 
s 16
f 73//79 79//79 74//79 
f 80//79 74//79 79//79 
s 32
f 81//80 79//80 77//80 
s 64
f 81//81 77//81 78//81 
s 128
f 81//82 78//82 80//82 
s 256
f 81//83 80//83 79//83 
# 14 faces

#
# object bn_Middle_Front_Weapon
#

v  607.8188 239.7765 0.0815
v  607.7864 238.9990 -0.0562
v  607.8142 239.9145 -0.6966
v  607.7818 239.1370 -0.8343
v  548.7214 246.3666 -2.8146
v  548.3974 238.5917 -4.1917
v  548.7673 244.9865 4.9663
v  548.4434 237.2117 3.5892
v  544.6345 241.9446 0.4382
# 9 vertices

vn 0.9991 -0.0393 -0.0129
vn 0.0540 0.1720 -0.9836
vn 0.1008 0.9797 0.1732
vn 0.0189 -0.9844 -0.1747
vn 0.0656 -0.1767 0.9821
vn -0.6775 0.7235 0.1323
vn -0.7106 0.1513 -0.6871
vn -0.7355 -0.6679 -0.1141
vn -0.7024 -0.0957 0.7053
# 9 vertex normals

o bn_Middle_Front_Weapon
g bn_Middle_Front_Weapon
usemtl wire_174186203
s 1
f 82//84 83//84 84//84 
f 85//84 84//84 83//84 
s 2
f 86//85 84//85 87//85 
f 85//85 87//85 84//85 
s 4
f 88//86 82//86 86//86 
f 84//86 86//86 82//86 
s 8
f 83//87 89//87 85//87 
f 87//87 85//87 89//87 
s 16
f 82//88 88//88 83//88 
f 89//88 83//88 88//88 
s 32
f 90//89 88//89 86//89 
s 64
f 90//90 86//90 87//90 
s 128
f 90//91 87//91 89//91 
s 256
f 90//92 89//92 88//92 
# 14 faces

#
# object bn_Right_Front_weapon
#

v  581.5696 224.5365 278.6071
v  581.5490 224.0446 278.5198
v  581.5657 224.6240 278.1148
v  581.5451 224.1322 278.0275
v  544.1744 228.7068 276.8517
v  543.9677 223.7879 275.9789
v  544.2134 227.8318 281.7743
v  544.0067 222.9129 280.9016
v  541.5928 225.9082 278.9139
# 9 vertices

vn 0.9991 -0.0393 -0.0149
vn 0.0520 0.1723 -0.9837
vn 0.1011 0.9797 0.1733
vn 0.0186 -0.9844 -0.1751
vn 0.0676 -0.1771 0.9819
vn -0.6772 0.7235 0.1340
vn -0.7120 0.1516 -0.6856
vn -0.7357 -0.6678 -0.1129
vn -0.7010 -0.0959 0.7067
# 9 vertex normals

o bn_Right_Front_weapon
g bn_Right_Front_weapon
usemtl wire_174186203
s 1
f 91//93 92//93 93//93 
f 94//93 93//93 92//93 
s 2
f 95//94 93//94 96//94 
f 94//94 96//94 93//94 
s 4
f 97//95 91//95 95//95 
f 93//95 95//95 91//95 
s 8
f 92//96 98//96 94//96 
f 96//96 94//96 98//96 
s 16
f 91//97 97//97 92//97 
f 98//97 92//97 97//97 
s 32
f 99//98 97//98 95//98 
s 64
f 99//99 95//99 96//99 
s 128
f 99//100 96//100 98//100 
s 256
f 99//101 98//101 97//101 
# 14 faces

#
# object bn_Right_Back_Weapon
#

v  -437.3651 223.7562 278.3117
v  -437.3743 223.2641 278.2239
v  -437.3748 223.8442 277.8196
v  -437.3840 223.3521 277.7318
v  -474.8636 227.0065 276.8367
v  -474.9556 222.0851 275.9586
v  -474.7667 226.1267 281.7577
v  -474.8587 221.2053 280.8796
v  -477.3603 224.1427 278.9139
# 9 vertices

vn 0.9996 -0.0147 -0.0223
vn 0.0405 0.1748 -0.9838
vn 0.0782 0.9816 0.1740
vn 0.0415 -0.9834 -0.1766
vn 0.0792 -0.1765 0.9811
vn -0.6938 0.7064 0.1399
vn -0.7206 0.1348 -0.6802
vn -0.7199 -0.6856 -0.1084
vn -0.6932 -0.1140 0.7117
# 9 vertex normals

o bn_Right_Back_Weapon
g bn_Right_Back_Weapon
usemtl wire_174186203
s 1
f 100//102 101//102 102//102 
f 103//102 102//102 101//102 
s 2
f 104//103 102//103 105//103 
f 103//103 105//103 102//103 
s 4
f 106//104 100//104 104//104 
f 102//104 104//104 100//104 
s 8
f 101//105 107//105 103//105 
f 105//105 103//105 107//105 
s 16
f 100//106 106//106 101//106 
f 107//106 101//106 106//106 
s 32
f 108//107 106//107 104//107 
s 64
f 108//108 104//108 105//108 
s 128
f 108//109 105//109 107//109 
s 256
f 108//110 107//110 106//110 
# 14 faces

#
# object bn_Right_Miiddle_Weapon
#

v  108.6252 223.0960 278.4724
v  108.6011 222.6041 278.3857
v  108.6263 223.1827 277.9799
v  108.6022 222.6908 277.8933
v  71.2831 227.5778 276.3851
v  71.0425 222.6593 275.5187
v  71.2720 226.7109 281.3094
v  71.0314 221.7924 280.4430
v  68.6601 224.8046 278.4295
# 9 vertices

vn 0.9988 -0.0478 -0.0062
vn 0.0620 0.1702 -0.9835
vn 0.1079 0.9791 0.1726
vn 0.0118 -0.9848 -0.1733
vn 0.0576 -0.1759 0.9827
vn -0.6723 0.7294 0.1269
vn -0.7047 0.1564 -0.6920
vn -0.7403 -0.6618 -0.1182
vn -0.7079 -0.0888 0.7008
# 9 vertex normals

o bn_Right_Miiddle_Weapon
g bn_Right_Miiddle_Weapon
usemtl wire_174186203
s 1
f 109//111 110//111 111//111 
f 112//111 111//111 110//111 
s 2
f 113//112 111//112 114//112 
f 112//112 114//112 111//112 
s 4
f 115//113 109//113 113//113 
f 111//113 113//113 109//113 
s 8
f 110//114 116//114 112//114 
f 114//114 112//114 116//114 
s 16
f 109//115 115//115 110//115 
f 116//115 110//115 115//115 
s 32
f 117//116 115//116 113//116 
s 64
f 117//117 113//117 114//117 
s 128
f 117//118 114//118 116//118 
s 256
f 117//119 116//119 115//119 
# 14 faces

#
# object Target
#

v  566.0549 8.2657 -428.1329
v  936.3583 -114.4576 -370.0109
v  846.5677 -181.5741 -365.6243
v  566.0547 -291.5740 -370.0109
v  -371.4825 -291.5735 -370.0112
v  -371.4823 8.2662 -428.1332
v  -135.8335 8.2661 -428.1331
v  -135.8336 -291.5737 -370.0110
v  103.7207 -291.5737 -370.0110
v  103.7209 8.2660 -428.1331
v  103.7207 -317.3227 -342.5645
v  -135.8336 -317.3226 -342.5646
v  103.7208 8.2661 -318.5518
v  103.7209 98.4263 -318.5519
v  -135.8335 98.4264 -318.5520
v  -135.8335 8.2662 -318.5519
v  -630.4465 8.2664 -318.5521
v  -371.4824 8.2663 -318.5520
v  -371.4823 98.4265 -318.5521
v  -630.4463 98.4266 -318.5522
v  -135.8336 -291.5736 -318.5516
v  103.7207 -291.5737 -318.5515
v  -135.8335 219.8746 -199.5624
v  -135.8334 219.8745 -345.9748
v  -371.4823 219.8746 -345.9749
v  -371.4823 219.8748 -199.5624
v  936.3582 -114.4576 -318.5515
v  936.3582 -114.4575 -199.5617
v  936.3580 -114.4570 319.4279
v  936.3579 -114.4569 370.8874
v  846.5674 -181.5734 366.5009
v  936.3580 -114.4571 200.4381
v  936.3582 23.3736 -326.1225
v  566.0549 219.8742 -345.9746
v  566.0549 219.8743 -199.5621
v  936.3582 23.3737 -199.5618
v  -630.4465 -291.5734 -318.5518
v  -630.4463 8.2663 -428.1333
v  -630.4465 -291.5734 -370.0114
v  -630.4465 -317.3224 -342.5648
v  -630.4465 -317.3223 -318.5518
v  -630.4465 -305.9597 -318.5518
v  960.4952 -114.4575 -199.5616
v  936.3582 -41.4659 -199.5618
v  960.4952 35.2337 -199.5618
v  566.0549 236.6243 -199.5622
v  -135.8335 236.6246 -199.5624
v  -371.4823 236.6247 -199.5625
v  -630.4463 98.4267 -199.5624
v  -671.7744 98.4267 -199.5624
v  -671.7744 236.6249 -199.5626
v  -630.4463 219.8749 -199.5625
v  -135.8335 79.3003 -428.1332
v  -135.8334 147.2982 -383.8650
v  103.7209 147.2980 -383.8649
v  103.7209 79.3002 -428.1331
v  522.0616 8.2660 -199.5619
v  522.0615 -291.5737 -199.5617
v  522.0614 -291.5737 -91.8774
v  522.0616 8.2661 -91.8777
v  602.0365 -261.5738 -91.8774
v  602.0366 -21.5737 -91.8777
v  960.4952 18.4260 -169.4155
v  960.4952 -101.5740 -169.4154
v  939.0565 -6.5740 -143.9135
v  939.0565 -81.5740 -143.9135
v  936.3582 -41.4660 -318.5515
v  936.3582 -9.4736 -343.1742
v  826.1151 -221.5741 -332.3102
v  566.0547 -317.3229 -342.5644
v  566.0549 147.2979 -383.8647
v  103.7210 219.8744 -345.9747
v  936.3583 -51.2006 -370.0110
v  566.0549 79.2999 -428.1330
v  -573.3512 -291.5734 -318.5518
v  -371.4826 -291.5735 -318.5517
v  917.3792 -50.7523 -301.3750
v  917.3792 -50.7522 -221.2561
v  917.3792 -105.1712 -221.2561
v  917.3792 -105.1713 -301.3750
v  936.3582 -108.6722 -307.8535
v  936.3582 -108.6721 -214.7776
v  936.3582 -47.2514 -307.8536
v  936.3582 -47.2513 -214.7776
v  826.1150 -221.5734 333.1868
v  826.1150 -221.5736 199.5928
v  826.1151 -221.5740 -199.5616
v  -671.7747 98.4271 200.4374
v  -671.7745 236.6253 200.4373
v  566.0544 -317.3224 200.4384
v  566.0546 -317.3228 -199.5616
v  960.4951 -101.5737 170.2917
v  960.4951 -114.4571 200.4380
v  -630.4463 79.3005 -428.1334
v  -630.4463 147.2984 -383.8652
v  -630.4463 219.8748 -345.9749
v  522.0617 98.4261 -318.5518
v  522.0616 8.2659 -318.5517
v  522.0615 -291.5739 -318.5514
v  522.0617 98.4262 -199.5620
v  -630.4465 98.4271 200.4374
v  960.4951 18.4263 170.2916
v  939.0564 -6.5737 144.7897
v  -135.8335 98.4265 -199.5622
v  -135.8336 98.4269 200.4375
v  -371.4825 98.4270 200.4375
v  -371.4823 98.4266 -199.5623
v  522.0615 98.4266 200.4377
v  103.7207 98.4267 200.4376
v  103.7208 98.4264 -199.5621
v  103.7205 -317.3222 200.4382
v  -135.8338 -317.3221 200.4382
v  -135.8337 -317.3225 -199.5618
v  103.7206 -317.3226 -199.5618
v  -371.4825 -317.3225 -342.5647
v  103.7209 219.8745 -199.5623
v  103.7209 236.6245 -199.5623
v  -371.4823 147.2982 -383.8651
v  -371.4823 79.3004 -428.1333
v  103.7208 236.6249 200.4375
v  566.0547 236.6246 200.4377
v  -135.8336 236.6250 200.4375
v  -371.4825 236.6251 200.4374
v  -371.4828 -291.5730 200.4381
v  -135.8338 -291.5731 200.4381
v  -135.8337 -291.5735 -199.5619
v  -371.4826 -291.5734 -199.5619
v  566.0546 8.2666 429.0089
v  566.0544 -291.5732 370.8874
v  -371.4828 -291.5728 370.8872
v  -135.8339 -291.5729 370.8872
v  -135.8337 8.2669 429.0086
v  -371.4826 8.2670 429.0086
v  103.7206 8.2668 429.0088
v  103.7205 -291.5730 370.8873
v  103.7205 -317.3221 343.4409
v  -135.8339 -317.3220 343.4408
v  103.7207 8.2667 319.4275
v  -135.8337 8.2668 319.4274
v  -135.8336 98.4270 319.4273
v  103.7207 98.4269 319.4274
v  -630.4468 8.2670 319.4272
v  -630.4465 98.4272 319.4272
v  -371.4826 98.4271 319.4272
v  -371.4826 8.2669 319.4273
v  -135.8338 -291.5730 319.4277
v  103.7205 -291.5731 319.4278
v  -135.8336 219.8750 200.4374
v  -371.4825 219.8751 200.4374
v  -371.4825 219.8753 346.8498
v  -135.8336 219.8751 346.8499
v  936.3580 23.3742 326.9987
v  936.3580 23.3741 200.4380
v  566.0547 219.8747 200.4377
v  566.0547 219.8748 346.8501
v  -630.4468 -305.9590 319.4276
v  -630.4468 -317.3217 319.4276
v  -630.4468 -317.3217 343.4406
v  -630.4468 -291.5727 370.8872
v  -630.4467 8.2671 429.0086
v  -630.4468 -291.5728 319.4276
v  960.4951 35.2341 200.4379
v  936.3580 -41.4655 200.4380
v  -630.4464 219.8753 200.4373
v  -135.8337 79.3011 429.0086
v  103.7206 79.3010 429.0087
v  103.7207 147.2988 384.7403
v  -135.8336 147.2989 384.7403
v  522.0615 8.2664 200.4378
v  522.0615 8.2663 92.7536
v  522.0614 -291.5735 92.7539
v  522.0614 -291.5734 200.4383
v  602.0366 -21.5736 92.7537
v  602.0364 -261.5736 92.7539
v  939.0564 -81.5737 144.7898
v  936.3580 -41.4654 319.4278
v  936.3580 -9.4729 344.0505
v  566.0544 -317.3223 343.4410
v  566.0546 147.2986 384.7404
v  103.7207 219.8751 346.8499
v  566.0546 79.3008 429.0088
v  936.3579 -51.1999 370.8874
v  -573.3513 -291.5728 319.4276
v  -371.4828 -291.5728 319.4276
v  917.3790 -50.7517 302.2513
v  917.3790 -105.1707 302.2513
v  917.3790 -105.1708 222.1325
v  917.3790 -50.7518 222.1324
v  936.3580 -108.6717 215.6539
v  936.3580 -108.6716 308.7299
v  936.3580 -47.2508 308.7298
v  936.3580 -47.2509 215.6539
v  -573.3512 -291.5733 -199.5620
v  -573.3514 -291.5729 200.4380
v  103.7207 -291.5736 -199.5618
v  103.7205 -291.5732 200.4382
v  -630.4464 219.8754 346.8498
v  -630.4465 79.3013 429.0085
v  -630.4465 147.2991 384.7401
v  522.0615 98.4267 319.4275
v  522.0614 8.2665 319.4276
v  522.0613 -291.5733 319.4279
v  -371.4826 -317.3223 -199.5619
v  -371.4828 -317.3220 200.4381
v  -371.4828 -317.3218 343.4407
v  103.7208 219.8749 200.4375
v  -371.4826 79.3012 429.0086
v  -371.4826 147.2990 384.7402
v  -630.4468 -317.3218 200.4380
v  -630.4468 -305.9592 200.4380
v  -630.4465 -305.9596 -199.5620
v  -630.4465 -317.3223 -199.5620
v  -206.6458 97.4272 -406.9299
v  -206.6458 97.4271 -520.8612
v  -234.0392 145.0448 -476.4011
v  -234.0392 145.0449 -365.0660
v  -260.3316 145.0448 -476.4012
v  -260.3316 145.0449 -365.0660
v  -260.3315 97.4271 -520.8612
v  -260.3316 171.2024 -487.9554
v  -260.3316 171.2026 -365.0660
v  -260.3315 97.4270 -545.9220
v  -301.5556 171.2023 -487.9554
v  -301.5557 171.2025 -365.0660
v  -342.7798 171.2025 -365.0660
v  -342.7798 171.2023 -487.9554
v  -396.4655 97.4271 -406.9299
v  -369.0722 145.0448 -365.0660
v  -369.0722 145.0447 -476.4012
v  -396.4655 97.4270 -520.8612
v  -342.7798 145.0448 -365.0660
v  -342.7798 145.0447 -476.4012
v  -342.7797 97.4270 -520.8612
v  -342.7798 97.4270 -545.9221
v  -301.5556 97.4270 -545.9221
v  -396.3940 -317.9609 -485.2974
v  -396.3940 -317.9608 -414.2562
v  -446.6277 -317.9608 -364.0224
v  -517.6689 -317.9609 -364.0223
v  -567.9027 -317.9609 -414.2561
v  -567.9028 -317.9610 -485.2973
v  -517.6691 -317.9610 -535.5311
v  -446.6278 -317.9610 -535.5312
v  -525.2543 -311.7583 -553.8434
v  -586.2150 -311.7583 -492.8825
v  -586.2150 -278.9884 -492.8825
v  -525.2543 -278.9884 -553.8434
v  -586.2148 -311.7582 -406.6709
v  -586.2148 -278.9883 -406.6709
v  -525.2540 -311.7581 -345.7102
v  -525.2540 -278.9883 -345.7102
v  -439.0424 -311.7581 -345.7102
v  -378.0818 -311.7581 -406.6710
v  -378.0818 -278.9882 -406.6711
v  -439.0425 -278.9882 -345.7102
v  -378.0819 -311.7582 -492.8826
v  -378.0819 -278.9883 -492.8826
v  -439.0426 -311.7582 -553.8434
v  -439.0427 -278.9884 -553.8434
v  -518.0262 -272.7857 -535.5312
v  -568.2599 -272.7856 -485.2973
v  -568.2599 -272.7856 -414.2561
v  -518.0261 -272.7855 -364.0224
v  -446.9848 -272.7855 -364.0224
v  -396.7511 -272.7855 -414.2562
v  -396.7513 -272.7856 -485.2975
v  -446.9850 -272.7856 -535.5313
v  -499.7071 -274.3603 -525.8359
v  -499.7072 -257.1413 -525.8361
v  -465.8174 -257.1412 -525.8361
v  -465.8173 -274.3602 -525.8360
v  -523.6710 -274.2323 -465.5491
v  -523.6710 -240.8760 -465.5491
v  -499.7072 -240.6697 -489.5129
v  -499.7072 -274.2322 -489.5128
v  -559.9940 -274.3604 -431.6592
v  -559.9941 -257.1413 -431.6593
v  -559.9941 -257.1413 -465.5492
v  -559.9940 -274.3604 -465.5491
v  -499.7072 -274.2321 -407.6954
v  -499.7072 -240.8759 -407.6955
v  -523.6710 -240.8760 -431.6592
v  -523.6710 -274.2322 -431.6592
v  -441.8535 -274.0258 -431.6592
v  -441.8537 -240.6695 -431.6593
v  -465.8175 -240.6695 -407.6955
v  -465.8174 -274.0258 -407.6955
v  -405.5304 -274.3600 -465.5491
v  -405.5305 -257.1410 -465.5492
v  -405.5305 -257.1409 -431.6593
v  -405.5304 -274.3600 -431.6592
v  -465.8173 -274.0259 -489.5128
v  -465.8174 -240.6696 -489.5129
v  -441.8536 -240.6695 -465.5492
v  -441.8535 -274.0258 -465.5491
v  -499.7075 -149.3444 -489.5130
v  -465.8176 -149.3443 -489.5131
v  -523.6714 -149.5507 -465.5493
v  -523.6714 -149.5507 -431.6594
v  -499.7076 -149.5506 -407.6956
v  -465.8177 -149.3442 -407.6956
v  -441.8538 -149.3442 -431.6594
v  -441.8538 -149.3442 -465.5493
v  -465.8174 -257.1410 -371.3724
v  -465.8174 -274.3600 -371.3723
v  -499.7072 -257.1411 -371.3723
v  -499.7072 -274.3601 -371.3723
v  -179.5875 99.8374 -361.5522
v  -179.5874 99.8373 -511.1340
v  -250.6896 99.8371 -572.4029
v  -351.2434 99.8371 -572.4027
v  -422.3457 99.8374 -511.1337
v  -422.3457 99.8375 -361.5518
v  -366.7531 -143.3130 -606.2941
v  -459.7894 -143.3129 -525.1718
v  -459.7893 9.6042 -525.1719
v  -366.7531 9.6040 -606.2943
v  -235.1800 -143.3130 -606.2943
v  -235.1800 9.6039 -606.2946
v  -142.1439 -143.3129 -525.1721
v  -142.1439 9.6040 -525.1724
v  -142.1440 -143.3127 -361.6329
v  -142.1439 9.6042 -361.6331
v  -459.7895 -143.3126 -361.3690
v  -459.7893 9.6044 -361.3692
v  -360.2604 80.9957 -591.1612
v  -444.1148 80.9958 -518.9037
v  -157.8183 80.9959 -361.5912
v  -157.8182 80.9957 -518.9040
v  -241.6725 80.9956 -591.1614
v  -444.1150 -205.6849 -518.9033
v  -360.2606 -205.6850 -591.1609
v  -351.2435 -224.5265 -572.4022
v  -422.3458 -224.5264 -511.1333
v  -241.6726 -205.6851 -591.1610
v  -250.6898 -224.5266 -572.4024
v  -157.8183 -205.6850 -518.9036
v  -179.5875 -224.5265 -511.1335
v  -157.8184 -205.6848 -361.5908
v  -179.5876 -224.5263 -361.5517
v  -444.1150 -205.6847 -361.5389
v  -422.3459 -224.5262 -361.5514
v  -342.2242 -224.5265 -553.6392
v  -400.5714 -224.5264 -503.3613
v  -259.7090 -224.5266 -553.6393
v  -201.3620 -224.5265 -503.3616
v  -201.3620 -224.5263 -361.6739
v  -400.5714 -224.5263 -361.6736
v  -342.2242 -167.1298 -553.6393
v  -400.5714 -167.1297 -503.3614
v  -259.7090 -167.1299 -553.6394
v  -201.3620 -167.1298 -503.3617
v  -201.3621 -167.1297 -361.6740
v  -400.5714 -167.1296 -361.6737
v  -444.1150 -158.8621 -518.9034
v  -360.2606 -158.8622 -591.1609
v  -360.2605 25.1532 -591.1611
v  -444.1149 25.1534 -518.9036
v  -241.6726 -158.8622 -591.1611
v  -241.6726 25.1531 -591.1613
v  -157.8183 -158.8622 -518.9037
v  -157.8183 25.1532 -518.9040
v  -157.8184 -158.8619 -361.5909
v  -157.8183 25.1535 -361.5911
v  -444.1150 -158.8618 -361.5389
v  -578.5724 -11.0104 -433.9641
v  -578.5724 -11.0104 -518.6522
v  -578.6854 -130.9199 -518.6521
v  -578.6853 -130.9198 -433.9640
v  -514.8722 80.4921 -492.7827
v  -514.8722 80.4923 -394.6650
v  -319.9575 80.4925 -386.0774
v  -319.9575 80.4923 -514.7813
v  -582.8889 20.9040 -539.4811
v  -320.0835 20.9043 -574.1437
v  -319.9574 -144.9718 -574.1435
v  -583.0979 -144.9721 -539.4809
v  -515.2073 -161.1326 -382.6429
v  -515.2072 -161.1327 -492.7825
v  -320.2925 -161.1325 -514.7811
v  -320.2926 -161.1323 -374.0553
v  -567.5441 -144.9720 -394.6648
v  -567.5439 -144.9721 -516.8110
v  -567.3350 20.9041 -516.8112
v  -567.3350 20.9042 -394.6650
v  -320.2925 -144.9718 -549.0827
v  -320.0835 20.9043 -549.0829
v  -583.0979 -144.9720 -394.6648
v  -582.8889 20.9041 -394.6650
v  -660.4558 -144.9722 -539.4810
v  -660.2467 20.9039 -539.4811
v  -660.4558 -144.9721 -394.6649
v  -660.2467 20.9040 -394.6651
v  -660.4307 -128.4397 -423.9640
v  -660.4307 -128.4398 -528.6521
v  -660.2717 4.3716 -423.9641
v  -660.2717 4.3715 -528.6522
v  -578.5726 -11.0096 436.8362
v  -578.6855 -130.9191 436.8363
v  -578.6855 -130.9190 521.5243
v  -578.5728 -11.0096 521.5242
v  -514.8724 80.4930 495.6547
v  -319.9578 80.4934 517.6533
v  -319.9577 80.4933 388.9494
v  -514.8726 80.4931 397.5370
v  -582.8893 20.9049 542.3530
v  -583.0981 -144.9712 542.3532
v  -319.9577 -144.9706 577.0159
v  -320.0838 20.9055 577.0157
v  -515.2075 -161.1319 385.5154
v  -320.2927 -161.1315 376.9278
v  -320.2927 -161.1314 517.6536
v  -515.2073 -161.1318 495.6549
v  -567.5442 -144.9713 397.5372
v  -567.5441 -144.9712 519.6833
v  -567.3352 20.9050 519.6831
v  -567.3353 20.9048 397.5370
v  -320.2927 -144.9707 551.9551
v  -320.0838 20.9055 551.9550
v  -583.0981 -144.9714 397.5372
v  -582.8893 20.9048 397.5370
v  -660.4561 -144.9714 542.3531
v  -660.2471 20.9047 542.3530
v  -660.4561 -144.9715 397.5371
v  -660.2471 20.9046 397.5370
v  -660.4309 -128.4390 531.5243
v  -660.4309 -128.4391 426.8362
v  -660.2720 4.3722 426.8361
v  -660.2720 4.3723 531.5242
v  375.1237 44.7554 -439.5553
v  375.1237 44.7553 -520.8609
v  347.7302 92.3730 -476.4008
v  347.7302 92.3731 -397.6914
v  321.4377 92.3729 -476.4008
v  321.4377 92.3731 -397.6914
v  321.4379 44.7553 -520.8610
v  321.4377 118.5306 -487.9551
v  321.4377 118.5307 -397.6915
v  321.4380 44.7553 -545.9218
v  280.2136 118.5305 -487.9551
v  280.2136 118.5307 -397.6915
v  238.9895 118.5306 -397.6915
v  238.9895 118.5305 -487.9551
v  185.3040 44.7552 -439.5554
v  212.6971 92.3729 -397.6914
v  212.6972 92.3728 -476.4008
v  185.3040 44.7551 -520.8610
v  238.9896 92.3729 -397.6914
v  238.9896 92.3729 -476.4009
v  238.9898 44.7552 -520.8610
v  238.9898 44.7551 -545.9218
v  280.2139 44.7552 -545.9218
v  603.6128 -317.9614 -485.2283
v  603.6128 -317.9612 -414.1871
v  553.3791 -317.9612 -363.9534
v  482.3378 -317.9613 -363.9535
v  432.1040 -317.9614 -414.1873
v  432.1040 -317.9614 -485.2285
v  482.3377 -317.9614 -535.4622
v  553.3790 -317.9614 -535.4622
v  474.7526 -311.7587 -553.7744
v  413.7918 -311.7587 -492.8137
v  413.7918 -278.9888 -492.8137
v  474.7526 -278.9888 -553.7744
v  413.7918 -311.7586 -406.6021
v  413.7918 -278.9887 -406.6021
v  474.7527 -311.7585 -345.6413
v  474.7527 -278.9887 -345.6413
v  560.9642 -311.7585 -345.6413
v  621.9250 -311.7585 -406.6020
v  621.9249 -278.9886 -406.6020
v  560.9642 -278.9886 -345.6413
v  621.9249 -311.7586 -492.8135
v  621.9249 -278.9887 -492.8135
v  560.9641 -311.7587 -553.7744
v  560.9641 -278.9888 -553.7744
v  481.9805 -272.7861 -535.4622
v  431.7468 -272.7860 -485.2285
v  431.7469 -272.7860 -414.1873
v  481.9807 -272.7859 -363.9535
v  553.0219 -272.7859 -363.9535
v  603.2556 -272.7859 -414.1872
v  603.2556 -272.7860 -485.2284
v  553.0218 -272.7860 -535.4622
v  497.7461 -274.3607 -525.7672
v  497.7461 -257.1417 -525.7672
v  531.6360 -257.1416 -525.7672
v  531.6360 -274.3607 -525.7672
v  473.7823 -274.3607 -465.4803
v  473.7822 -241.0045 -465.4803
v  497.7460 -241.0044 -489.4441
v  497.7461 -274.3607 -489.4440
v  437.4592 -274.3608 -431.5904
v  437.4591 -257.1417 -431.5905
v  437.4592 -257.1418 -465.4803
v  437.4592 -274.3608 -465.4803
v  497.7460 -274.3606 -407.6266
v  497.7459 -241.0043 -407.6267
v  473.7822 -241.0044 -431.5904
v  473.7823 -274.3607 -431.5904
v  555.5997 -274.3605 -431.5904
v  555.5996 -241.0042 -431.5905
v  531.6359 -241.0043 -407.6267
v  531.6359 -274.3605 -407.6266
v  591.9229 -274.3605 -465.4803
v  591.9229 -257.1414 -465.4803
v  591.9229 -257.1414 -431.5905
v  591.9229 -274.3604 -431.5904
v  531.6360 -274.3606 -489.4440
v  531.6359 -241.0044 -489.4441
v  555.5997 -241.0043 -465.4803
v  555.5997 -274.3605 -465.4803
v  497.7459 -164.7141 -489.4442
v  531.6357 -164.7141 -489.4442
v  473.7821 -195.5854 -465.4804
v  473.7822 -220.6004 -431.5905
v  497.7459 -220.6003 -407.6267
v  531.6358 -220.6002 -407.6267
v  555.5996 -220.6002 -431.5905
v  555.5996 -171.2982 -465.4804
v  531.6359 -257.1414 -371.3036
v  531.6359 -274.3605 -371.3036
v  497.7459 -257.1415 -371.3036
v  497.7460 -274.3606 -371.3035
v  403.1285 46.9652 -361.5519
v  403.1285 46.9650 -511.1337
v  332.0264 46.9649 -572.4026
v  231.4726 46.9649 -572.4025
v  160.3703 46.9651 -511.1334
v  160.3703 46.9652 -361.5516
v  215.9629 -196.1853 -606.2939
v  122.9267 -196.1851 -525.1716
v  122.9267 -43.2681 -525.1717
v  215.9629 -43.2683 -606.2941
v  347.5359 -196.1853 -606.2941
v  347.5360 -43.2683 -606.2943
v  440.5721 -196.1852 -525.1719
v  440.5721 -43.2682 -525.1721
v  440.5720 -196.1850 -361.6328
v  440.5721 -43.2680 -361.6329
v  122.9266 -196.1849 -361.3688
v  122.9267 -43.2679 -361.3690
v  222.4555 28.1234 -591.1610
v  138.6011 28.1235 -518.9034
v  138.6011 28.1237 -361.5391
v  424.8977 28.1236 -361.5910
v  424.8977 28.1234 -518.9038
v  341.0435 28.1234 -591.1611
v  138.6010 -258.5572 -518.9031
v  222.4554 -258.5573 -591.1606
v  231.4725 -277.3988 -572.4020
v  160.3702 -277.3986 -511.1330
v  341.0433 -258.5573 -591.1608
v  332.0262 -277.3988 -572.4022
v  424.8977 -258.5573 -518.9034
v  403.1284 -277.3987 -511.1333
v  424.8976 -258.5571 -361.5907
v  403.1284 -277.3986 -361.5515
v  138.6010 -258.5570 -361.5387
v  160.3701 -277.3985 -361.5511
v  240.4917 -277.3987 -553.6390
v  182.1446 -277.3986 -503.3611
v  323.0070 -277.3988 -553.6391
v  381.3540 -277.3987 -503.3614
v  381.3540 -277.3985 -361.6737
v  182.1446 -277.3986 -361.6734
v  240.4918 -220.0021 -553.6390
v  182.1447 -220.0020 -503.3612
v  323.0070 -220.0021 -553.6392
v  381.3540 -220.0020 -503.3615
v  381.3539 -220.0019 -361.6738
v  182.1446 -220.0019 -361.6735
v  138.6011 -211.7343 -518.9031
v  222.4554 -211.7345 -591.1606
v  222.4555 -27.7191 -591.1608
v  138.6011 -27.7189 -518.9033
v  341.0434 -211.7345 -591.1608
v  341.0434 -27.7191 -591.1610
v  424.8977 -211.7344 -518.9035
v  424.8977 -27.7190 -518.9037
v  424.8976 -211.7342 -361.5908
v  424.8976 -27.7188 -361.5909
v  138.6010 -211.7341 -361.5388
v  138.6011 -27.7187 -361.5389
v  572.8602 -221.9883 -437.7574
v  572.8602 -221.9884 -382.9441
v  417.4434 -221.9883 -382.9441
v  417.4434 -221.9883 -437.6851
v  704.8419 -168.3031 -485.1965
v  417.4434 -168.3031 -533.1896
v  417.4435 -77.1152 -533.1897
v  704.8419 -77.1151 -485.1966
v  572.8603 -23.4294 -415.5946
v  572.8602 -23.4294 -437.7575
v  417.4434 -23.4294 -473.8273
v  417.4434 -23.4294 -410.5514
v  625.1970 -77.1151 -382.9442
v  625.1969 -77.1151 -461.7860
v  625.1969 -168.3031 -461.7859
v  625.1969 -168.3030 -382.9441
v  417.4435 -77.1152 -508.1289
v  417.4434 -168.3031 -508.1288
v  704.8420 -77.1151 -382.9442
v  704.8419 -168.3030 -382.9441
v  768.5933 -77.1141 -377.7010
v  768.5933 -168.3030 -377.7008
v  -160.0225 60.1984 -479.8340
v  469.0074 60.1993 -480.5900
v  469.0074 29.5309 -480.5898
v  -160.0224 29.5300 -480.5902
v  592.2484 29.5311 -420.1958
v  592.2484 60.1995 -420.1958
v  -160.0225 10.6589 -427.5622
v  -160.0224 10.6589 -445.6687
v  467.4183 10.6598 -445.6683
v  528.9811 10.6599 -427.5619
v  -160.0225 79.0695 -427.5622
v  528.9810 79.0705 -427.5620
v  467.4182 79.0704 -445.6684
v  -160.0225 79.0696 -444.9125
v  -206.6460 97.4281 407.8051
v  -234.0394 145.0457 365.9411
v  -234.0395 145.0457 477.2762
v  -206.6461 97.4282 521.7364
v  -260.3318 145.0456 365.9411
v  -260.3319 145.0457 477.2762
v  -260.3318 97.4281 521.7364
v  -260.3319 171.2033 365.9411
v  -260.3320 171.2034 488.8305
v  -260.3318 97.4281 546.7972
v  -301.5560 171.2033 488.8304
v  -301.5560 171.2032 365.9411
v  -342.7801 171.2031 365.9411
v  -342.7801 171.2032 488.8304
v  -396.4657 97.4277 407.8051
v  -396.4657 97.4277 521.7363
v  -369.0725 145.0454 477.2762
v  -369.0725 145.0454 365.9411
v  -342.7801 145.0455 477.2762
v  -342.7801 145.0454 365.9411
v  -342.7799 97.4279 521.7363
v  -342.7799 97.4279 546.7972
v  -301.5558 97.4280 546.7972
v  -517.6694 -317.9600 536.4076
v  -567.9032 -317.9602 486.1737
v  -567.9031 -317.9603 415.1324
v  -517.6692 -317.9603 364.8987
v  -446.6278 -317.9602 364.8988
v  -396.3942 -317.9600 415.1327
v  -396.3943 -317.9598 486.1740
v  -446.6281 -317.9598 536.4077
v  -525.2546 -311.7572 554.7197
v  -525.2546 -278.9874 554.7196
v  -586.2153 -278.9876 493.7588
v  -586.2153 -311.7574 493.7589
v  -586.2153 -278.9878 407.5471
v  -586.2152 -311.7576 407.5472
v  -525.2543 -278.9878 346.5864
v  -525.2543 -311.7576 346.5865
v  -439.0427 -311.7574 346.5866
v  -439.0428 -278.9876 346.5865
v  -378.0821 -278.9873 407.5474
v  -378.0820 -311.7572 407.5475
v  -378.0822 -278.9872 493.7591
v  -378.0821 -311.7570 493.7591
v  -439.0431 -278.9872 554.7197
v  -439.0431 -311.7570 554.7198
v  -396.7516 -272.7845 486.1739
v  -396.7514 -272.7846 415.1326
v  -446.9851 -272.7848 364.8987
v  -518.0264 -272.7849 364.8986
v  -568.2603 -272.7850 415.1323
v  -568.2604 -272.7849 486.1736
v  -518.0267 -272.7846 536.4075
v  -446.9854 -272.7845 536.4075
v  -499.7075 -274.3593 526.7119
v  -465.8177 -274.3592 526.7120
v  -465.8177 -257.1402 526.7119
v  -499.7076 -257.1403 526.7119
v  -523.6714 -274.2314 466.4251
v  -499.7076 -274.2313 490.3889
v  -499.7077 -240.6687 490.3889
v  -523.6714 -240.8751 466.4251
v  -559.9945 -274.3595 432.5352
v  -559.9945 -274.3595 466.4250
v  -559.9945 -257.1404 466.4250
v  -559.9945 -257.1405 432.5352
v  -499.7076 -274.2314 408.5714
v  -523.6714 -274.2314 432.5352
v  -523.6714 -240.8751 432.5352
v  -499.7077 -240.8751 408.5714
v  -441.8539 -274.0250 432.5352
v  -465.8177 -274.0250 408.5715
v  -465.8177 -240.6687 408.5715
v  -441.8540 -240.6687 432.5352
v  -405.5308 -274.3591 466.4251
v  -405.5309 -274.3592 432.5352
v  -405.5309 -257.1401 432.5352
v  -405.5309 -257.1401 466.4251
v  -465.8177 -274.0250 490.3889
v  -441.8539 -274.0249 466.4251
v  -441.8540 -240.6687 466.4251
v  -465.8177 -240.6687 490.3889
v  -499.7078 -149.3434 490.3889
v  -465.8178 -149.3434 490.3889
v  -523.6716 -149.5498 466.4251
v  -523.6716 -149.5498 432.5352
v  -499.7078 -149.5498 408.5714
v  -465.8178 -149.3434 408.5714
v  -441.8541 -149.3434 432.5352
v  -441.8541 -149.3433 466.4251
v  -465.8177 -274.3593 372.2484
v  -465.8177 -257.1403 372.2484
v  -499.7077 -257.1404 372.2483
v  -499.7076 -274.3594 372.2484
v  -422.3462 99.8382 512.0090
v  -351.2440 99.8382 573.2780
v  -250.6901 99.8383 573.2783
v  -179.5879 99.8384 512.0094
v  -179.5879 99.8383 362.4276
v  -422.3462 99.8381 362.4271
v  -366.7535 -143.3120 607.1700
v  -366.7536 9.6051 607.1699
v  -459.7897 9.6050 526.0474
v  -459.7896 -143.3120 526.0475
v  -235.1804 -143.3118 607.1702
v  -235.1805 9.6052 607.1701
v  -142.1443 -143.3117 526.0481
v  -142.1443 9.6052 526.0480
v  -142.1442 -143.3118 362.5089
v  -142.1442 9.6051 362.5089
v  -459.7896 9.6049 362.2447
v  -459.7896 -143.3121 362.2448
v  -360.2610 80.9967 592.0366
v  -444.1153 80.9966 519.7790
v  -157.8187 80.9967 362.4668
v  -157.8187 80.9969 519.7795
v  -241.6730 80.9968 592.0369
v  -444.1153 -205.6841 519.7792
v  -422.3460 -224.5256 512.0092
v  -351.2438 -224.5255 573.2782
v  -360.2610 -205.6840 592.0367
v  -250.6901 -224.5254 573.2784
v  -241.6730 -205.6839 592.0370
v  -179.5878 -224.5254 512.0096
v  -157.8186 -205.6838 519.7797
v  -179.5878 -224.5255 362.4278
v  -157.8186 -205.6839 362.4669
v  -444.1152 -205.6842 362.4148
v  -422.3460 -224.5257 362.4273
v  -400.5716 -224.5255 504.2373
v  -342.2245 -224.5255 554.5152
v  -259.7093 -224.5255 554.5153
v  -201.3622 -224.5254 504.2377
v  -201.3622 -224.5255 362.5500
v  -400.5716 -224.5257 362.5496
v  -400.5717 -167.1289 504.2373
v  -342.2246 -167.1288 554.5151
v  -259.7094 -167.1288 554.5153
v  -201.3623 -167.1287 504.2376
v  -201.3623 -167.1288 362.5500
v  -400.5716 -167.1290 362.5496
v  -360.2610 -158.8611 592.0367
v  -444.1152 -158.8612 519.7791
v  -444.1153 25.1542 519.7789
v  -360.2610 25.1543 592.0366
v  -241.6730 -158.8610 592.0370
v  -241.6731 25.1543 592.0369
v  -157.8187 -158.8610 519.7797
v  -157.8187 25.1544 519.7795
v  -157.8186 -158.8610 362.4669
v  -157.8187 25.1543 362.4668
v  -444.1152 -158.8613 362.4148
v  385.1797 44.7563 440.4311
v  357.7863 92.3739 398.5671
v  357.7862 92.3739 477.2765
v  385.1796 44.7564 521.7366
v  331.4939 92.3738 398.5671
v  331.4938 92.3739 477.2765
v  331.4939 44.7563 521.7366
v  331.4938 118.5315 398.5670
v  331.4938 118.5315 488.8307
v  331.4939 44.7563 546.7974
v  290.2697 118.5314 488.8307
v  290.2697 118.5314 398.5670
v  249.0456 118.5313 398.5670
v  249.0456 118.5314 488.8307
v  195.3600 44.7559 440.4310
v  195.3600 44.7560 521.7366
v  222.7533 92.3736 477.2765
v  222.7533 92.3736 398.5670
v  249.0457 92.3737 477.2765
v  249.0457 92.3736 398.5670
v  249.0458 44.7561 521.7366
v  249.0458 44.7561 546.7974
v  290.2698 44.7562 546.7974
v  482.3375 -317.9604 536.3391
v  432.1037 -317.9606 486.1054
v  432.1038 -317.9608 415.0641
v  482.3377 -317.9608 364.8304
v  553.3790 -317.9606 364.8304
v  603.6127 -317.9604 415.0643
v  603.6125 -317.9602 486.1055
v  553.3788 -317.9602 536.3392
v  474.7523 -311.7576 554.6513
v  474.7521 -278.9878 554.6512
v  413.7915 -278.9880 493.6904
v  413.7915 -311.7579 493.6905
v  413.7916 -278.9882 407.4789
v  413.7917 -311.7581 407.4790
v  474.7524 -278.9882 346.5182
v  474.7526 -311.7581 346.5182
v  560.9641 -311.7578 346.5183
v  560.9640 -278.9880 346.5182
v  621.9248 -278.9877 407.4791
v  621.9248 -311.7576 407.4792
v  621.9246 -278.9875 493.6906
v  621.9247 -311.7574 493.6906
v  560.9637 -278.9876 554.6512
v  560.9639 -311.7574 554.6514
v  603.2552 -272.7849 486.1054
v  603.2554 -272.7850 415.0642
v  553.0217 -272.7852 364.8304
v  481.9804 -272.7854 364.8304
v  431.7466 -272.7854 415.0640
v  431.7465 -272.7853 486.1053
v  481.9802 -272.7851 536.3390
v  553.0215 -272.7849 536.3391
v  160.3698 46.9660 512.0092
v  231.4721 46.9660 573.2783
v  332.0259 46.9660 573.2785
v  403.1281 46.9661 512.0096
v  403.1281 46.9660 362.4279
v  160.3699 46.9658 362.4274
v  215.9625 -196.1842 607.1702
v  215.9625 -43.2672 607.1701
v  122.9263 -43.2673 526.0476
v  122.9264 -196.1842 526.0478
v  347.5356 -196.1841 607.1705
v  347.5355 -43.2671 607.1703
v  440.5718 -196.1841 526.0483
v  440.5717 -43.2671 526.0482
v  440.5718 -196.1842 362.5092
v  440.5718 -43.2672 362.5091
v  122.9264 -43.2674 362.2450
v  122.9264 -196.1844 362.2451
v  222.4550 28.1245 592.0368
v  138.6007 28.1244 519.7792
v  138.6007 28.1243 362.4149
v  424.8973 28.1244 362.4670
v  424.8973 28.1246 519.7797
v  341.0430 28.1245 592.0370
v  138.6008 -258.5563 519.7794
v  160.3700 -277.3978 512.0094
v  231.4722 -277.3977 573.2784
v  222.4551 -258.5562 592.0370
v  332.0260 -277.3976 573.2787
v  341.0431 -258.5562 592.0372
v  403.1283 -277.3976 512.0098
v  424.8974 -258.5562 519.7799
v  403.1283 -277.3977 362.4281
v  424.8975 -258.5562 362.4672
v  138.6009 -258.5564 362.4151
v  160.3700 -277.3979 362.4276
v  182.1445 -277.3978 504.2375
v  240.4915 -277.3977 554.5154
v  323.0067 -277.3977 554.5155
v  381.3539 -277.3976 504.2379
v  381.3539 -277.3978 362.5503
v  182.1445 -277.3980 362.5498
v  182.1444 -220.0011 504.2375
v  240.4915 -220.0011 554.5153
v  323.0067 -220.0011 554.5155
v  381.3538 -220.0010 504.2379
v  381.3538 -220.0012 362.5502
v  182.1444 -220.0013 362.5498
v  222.4551 -211.7334 592.0369
v  138.6008 -211.7334 519.7794
v  138.6007 -27.7181 519.7792
v  222.4550 -27.7180 592.0368
v  341.0431 -211.7333 592.0372
v  341.0430 -27.7179 592.0370
v  424.8974 -211.7333 519.7799
v  424.8973 -27.7179 519.7798
v  424.8974 -211.7333 362.4672
v  424.8973 -27.7180 362.4670
v  138.6009 -211.7336 362.4151
v  138.6008 -27.7182 362.4149
v  572.8600 -221.9875 438.6340
v  417.4432 -221.9876 438.5616
v  417.4432 -221.9878 383.8206
v  572.8601 -221.9876 383.8207
v  704.8417 -168.3020 486.0731
v  704.8417 -77.1140 486.0730
v  417.4431 -77.1143 534.0659
v  417.4431 -168.3023 534.0659
v  572.8600 -23.4286 416.4709
v  417.4431 -23.4287 411.4275
v  417.4431 -23.4286 474.7034
v  572.8599 -23.4285 438.6338
v  625.1968 -77.1142 383.8206
v  625.1966 -77.1141 462.6623
v  625.1967 -168.3021 462.6624
v  625.1968 -168.3022 383.8206
v  417.4431 -77.1143 509.0051
v  417.4431 -168.3023 509.0052
v  704.8418 -77.1141 383.8206
v  704.8418 -168.3021 383.8206
v  768.5931 -77.1131 378.5774
v  768.5931 -168.3020 378.5774
v  -160.0227 60.1990 480.7095
v  -160.0227 29.5306 481.4658
v  469.0072 29.5322 481.4659
v  469.0072 60.2006 481.4660
v  592.2483 29.5324 421.0719
v  592.2483 60.2008 421.0719
v  -160.0227 10.6594 428.4378
v  528.9810 10.6612 428.4380
v  467.4181 10.6611 446.5444
v  -160.0226 10.6595 446.5443
v  -160.0227 79.0700 428.4377
v  -160.0227 79.0701 445.7880
v  467.4180 79.0717 446.5443
v  528.9808 79.0718 428.4379
v  497.7458 -274.3597 526.6437
v  531.6357 -274.3596 526.6438
v  531.6357 -257.1406 526.6437
v  497.7458 -257.1407 526.6437
v  473.7820 -274.3598 466.3569
v  497.7458 -274.3597 490.3207
v  497.7457 -241.0035 490.3206
v  473.7820 -241.0035 466.3569
v  437.4589 -274.3599 432.4669
v  437.4589 -274.3599 466.3568
v  437.4589 -257.1408 466.3568
v  437.4589 -257.1409 432.4669
v  497.7458 -274.3598 408.5033
v  473.7820 -274.3599 432.4670
v  473.7819 -241.0036 432.4670
v  497.7457 -241.0035 408.5032
v  555.5994 -274.3597 432.4671
v  531.6357 -274.3597 408.5033
v  531.6356 -241.0035 408.5033
v  555.5994 -241.0034 432.4670
v  591.9225 -274.3596 466.3570
v  591.9225 -274.3596 432.4671
v  591.9225 -257.1406 432.4671
v  591.9225 -257.1406 466.3570
v  531.6357 -274.3597 490.3207
v  555.5995 -274.3596 466.3569
v  555.5994 -241.0034 466.3569
v  531.6356 -241.0034 490.3207
v  497.7456 -164.7132 490.3206
v  531.6355 -164.7131 490.3206
v  473.7819 -195.5845 466.3569
v  473.7819 -220.5995 432.4670
v  497.7457 -220.5995 408.5032
v  531.6356 -220.5994 408.5033
v  555.5994 -220.5994 432.4671
v  555.5993 -171.2973 466.3569
v  531.6357 -274.3598 372.1802
v  531.6356 -257.1407 372.1801
v  497.7458 -257.1408 372.1801
v  497.7458 -274.3598 372.1801
# 964 vertices

vn 0.0917 -0.1866 -0.9781
vn 0.0896 -0.1895 -0.9778
vn 0.0000 -0.1903 -0.9817
vn -0.0000 -0.7293 -0.6842
vn -0.0000 0.0000 1.0000
vn 1.0000 -0.0000 0.0000
vn -0.0000 -1.0000 0.0000
vn -1.0000 0.0000 -0.0000
vn 0.0000 1.0000 -0.0000
vn 0.5987 -0.8010 0.0000
vn 0.4687 0.8833 -0.0000
vn -1.0000 -0.0000 -0.0000
vn 0.0000 -0.0000 -1.0000
vn -0.0000 -0.0000 -1.0000
vn 0.0000 0.0000 -1.0000
vn 0.0000 0.5456 -0.8381
vn 1.0000 0.0000 -0.0000
vn 0.7655 0.0000 0.6435
vn 0.2829 -0.6951 -0.6609
vn 0.2834 -0.6994 -0.6561
vn 0.2808 0.4422 -0.8518
vn 0.2813 0.4441 -0.8507
vn 0.0000 0.4628 -0.8865
vn 0.3071 0.5148 -0.8004
vn 0.3074 0.5192 -0.7975
vn 0.0000 -0.7071 -0.7071
vn 1.0000 0.0000 0.0000
vn 0.1551 -0.0000 -0.9879
vn 0.1814 0.9834 -0.0000
vn 0.3231 0.0000 0.9464
vn 0.1814 -0.9834 0.0000
vn 0.3231 -0.0000 -0.9464
vn 0.8904 -0.4553 0.0000
vn 0.8904 -0.4552 0.0000
vn 0.3455 -0.9384 0.0000
vn -1.0000 0.0000 0.0000
vn 0.7591 -0.6510 0.0000
vn 0.0000 -0.7293 -0.6842
vn 0.0896 -0.1895 0.9778
vn 0.0917 -0.1866 0.9781
vn -0.0000 -0.1903 0.9817
vn -0.0000 -0.7293 0.6842
vn 0.0000 0.0000 1.0000
vn -0.0000 -0.0000 1.0000
vn -0.0000 0.5456 0.8381
vn 0.0000 0.5456 0.8381
vn 0.7655 -0.0000 -0.6435
vn 0.2834 -0.6994 0.6562
vn 0.2829 -0.6951 0.6609
vn 0.2813 0.4441 0.8507
vn 0.2808 0.4422 0.8518
vn 0.0000 0.4628 0.8865
vn 0.3074 0.5192 0.7975
vn 0.3071 0.5148 0.8004
vn 0.0000 0.7071 0.7071
vn 0.1551 0.0000 0.9879
vn -0.3496 -0.9369 0.0000
vn 0.6821 0.7312 -0.0000
vn 0.4547 0.8906 -0.0000
vn -0.3512 0.9363 -0.0000
vn -0.0000 0.4628 0.8865
vn 0.0000 -0.1903 0.9817
vn -0.2443 0.9697 -0.0000
vn 0.8668 0.4987 -0.0000
vn 0.0000 0.6825 -0.7309
vn -0.0000 0.6825 -0.7309
vn -0.0000 1.0000 -0.0000
vn -0.8668 0.4987 -0.0000
vn -1.0000 -0.0000 0.0000
vn 0.0000 0.6178 -0.7863
vn -0.0000 0.6178 -0.7863
vn 0.0000 -1.0000 0.0000
vn -0.3827 -0.0000 -0.9239
vn -0.9239 -0.0000 -0.3827
vn -0.9239 0.0000 0.3827
vn -0.7071 0.0000 0.7071
vn 0.7071 0.0000 0.7071
vn 0.9239 0.0000 0.3827
vn 0.9239 -0.0000 -0.3827
vn 0.3827 0.0000 -0.9239
vn -0.2269 -0.9471 -0.2269
vn 0.0000 -0.9471 -0.3208
vn 0.2269 -0.9471 -0.2269
vn 0.3208 -0.9471 0.0000
vn 0.2269 -0.9471 0.2269
vn -0.2269 -0.9471 0.2269
vn -0.3208 -0.9471 0.0000
vn -0.2297 0.9458 -0.2297
vn -0.3265 0.9452 -0.0000
vn -0.2297 0.9458 0.2297
vn 0.2241 0.9485 0.2241
vn 0.3153 0.9490 -0.0000
vn 0.2241 0.9485 -0.2241
vn -0.0000 0.9471 -0.3208
vn -0.7071 -0.0000 -0.7071
vn -0.8629 -0.0000 -0.5054
vn -0.5054 -0.0000 -0.8629
vn -0.7071 -0.0000 0.7071
vn -0.5061 0.0000 0.8625
vn -0.8629 -0.0000 0.5054
vn 0.8629 0.0000 0.5055
vn 0.5048 0.0000 0.8632
vn 0.7071 0.0000 -0.7071
vn 0.5054 -0.0000 -0.8629
vn 0.8629 0.0000 -0.5054
vn -0.3819 -0.0000 -0.9242
vn 0.3827 -0.0000 -0.9239
vn -0.9236 -0.0000 -0.3834
vn -0.9239 -0.0000 0.3827
vn -0.3819 0.0000 0.9242
vn 0.3834 0.0000 0.9236
vn 0.9239 0.0000 -0.3827
vn -0.0000 0.9107 -0.4130
vn -0.4087 0.9127 -0.0000
vn -0.0056 0.9127 0.4087
vn -0.0000 0.9107 0.4130
vn 0.4130 0.9107 -0.0000
vn -0.6572 -0.0000 -0.7537
vn 0.6572 -0.0000 -0.7537
vn -0.4465 0.7295 -0.5181
vn 0.6544 0.7561 -0.0000
vn 0.4465 0.7295 -0.5181
vn -0.0000 0.7055 -0.7087
vn -0.4465 -0.7295 -0.5181
vn -0.0000 -0.7055 -0.7087
vn 0.4465 -0.7295 -0.5181
vn 0.6544 -0.7561 0.0000
vn -0.6544 -0.7561 0.0000
vn -0.0000 -1.0000 -0.0000
vn 0.0000 -1.0000 -0.0000
vn 0.6528 0.0000 0.7575
vn -0.6528 0.0000 0.7575
vn -0.6528 0.0000 -0.7575
vn -0.6528 -0.0000 -0.7575
vn -0.0000 0.0000 -1.0000
vn 0.6528 -0.0000 -0.7575
vn -0.4701 -0.6938 -0.5455
vn -0.4629 -0.7099 -0.5308
vn -0.4593 0.7106 -0.5330
vn -0.4726 0.6949 -0.5420
vn -0.0000 -0.6975 -0.7166
vn -0.0000 0.6975 -0.7166
vn 0.4593 -0.7106 -0.5330
vn 0.4726 -0.6949 -0.5420
vn 0.4701 0.6938 -0.5456
vn 0.4629 0.7099 -0.5308
vn 0.7043 -0.7099 0.0000
vn 0.7043 0.7099 -0.0000
vn -0.7043 -0.7099 0.0000
vn -1.0000 0.0009 0.0000
vn -1.0000 0.0009 -0.0000
vn -0.1307 0.0001 -0.9914
vn -0.1308 -0.0001 -0.9914
vn -0.1307 -0.0000 -0.9914
vn -0.1306 0.0002 -0.9914
vn -0.2950 -0.9555 0.0000
vn -0.7506 0.6608 -0.0000
vn -0.0540 -0.8850 -0.4624
vn -0.0555 -0.9032 -0.4255
vn -0.0554 -0.9013 -0.4296
vn -0.0535 -0.8787 -0.4744
vn -0.1012 0.4883 -0.8668
vn -0.1151 0.4570 -0.8820
vn -0.1125 0.4630 -0.8792
vn -0.0973 0.4967 -0.8625
vn -1.0000 0.0015 -0.0000
vn -1.0000 0.0013 0.0001
vn -1.0000 0.0012 -0.0002
vn -1.0000 0.0015 0.0000
vn -1.0000 0.0013 0.0004
vn -1.0000 0.0012 -0.0005
vn 0.0303 0.9995 -0.0000
vn -0.1215 0.0001 -0.9926
vn -0.1214 0.0001 -0.9926
vn -0.1850 -0.9827 0.0000
vn -0.1214 0.0001 0.9926
vn -0.1215 0.0001 0.9926
vn -0.0000 1.0000 0.0000
vn -0.1307 0.0001 0.9914
vn -0.1306 0.0002 0.9914
vn -0.1307 -0.0000 0.9914
vn -0.1308 -0.0001 0.9914
vn -0.7506 0.6608 0.0000
vn -0.0540 -0.8850 0.4624
vn -0.0535 -0.8787 0.4744
vn -0.0554 -0.9013 0.4296
vn -0.0555 -0.9032 0.4255
vn -0.1012 0.4883 0.8668
vn -0.0973 0.4967 0.8625
vn -0.1125 0.4630 0.8792
vn -0.1151 0.4570 0.8820
vn -1.0000 0.0012 0.0002
vn -1.0000 0.0013 -0.0001
vn -1.0000 0.0012 0.0005
vn -1.0000 0.0013 -0.0004
vn -0.8668 0.4986 -0.0000
vn -0.9239 0.0000 -0.3827
vn -0.5054 -0.0000 0.8629
vn 0.5054 0.0000 0.8629
vn -0.2629 -0.0000 -0.9648
vn 0.3577 -0.0000 -0.9339
vn -0.8438 -0.0000 -0.5366
vn -0.9483 -0.0000 0.3175
vn -0.3827 -0.0000 0.9239
vn 0.3827 0.0000 0.9239
vn 0.9567 0.0000 0.2911
vn 0.8291 0.0000 -0.5590
vn -0.0000 0.9139 -0.4060
vn -0.4060 0.9139 -0.0000
vn -0.0000 0.9139 0.4060
vn 0.4060 0.9139 -0.0000
vn -0.6544 0.7561 -0.0000
vn -0.7043 0.7099 -0.0000
vn 0.1647 -0.0000 -0.9863
vn 0.7160 0.6981 -0.0000
vn 0.7160 -0.6981 0.0000
vn 0.7160 -0.6981 -0.0000
vn 0.1877 0.5426 -0.8188
vn 0.1847 0.5291 -0.8282
vn 0.1855 0.5327 -0.8257
vn 0.1890 0.5487 -0.8144
vn 0.0475 -0.7408 -0.6701
vn 0.1826 -0.5445 -0.8187
vn 0.1440 -0.6073 -0.7813
vn -0.0003 -0.7954 -0.6061
vn 0.8601 -0.0000 -0.5101
vn -0.0000 0.0239 -0.9997
vn 0.2253 -0.0000 -0.9743
vn 0.2253 0.0004 -0.9743
vn 0.0000 0.0247 -0.9997
vn 0.4401 -0.0000 -0.8980
vn 0.0990 0.8773 -0.4696
vn -0.0006 0.8798 -0.4754
vn 0.1203 0.8634 -0.4900
vn 0.0000 -0.8798 -0.4754
vn 0.0813 -0.8671 -0.4915
vn 0.0722 -0.8788 -0.4716
vn 0.2924 -0.7474 -0.5966
vn 0.2666 -0.7725 -0.5764
vn 0.2450 0.4962 -0.8329
vn 0.2387 0.7551 -0.6106
vn 0.8668 0.4987 0.0000
vn -0.0000 0.6825 0.7309
vn -0.0000 0.6178 0.7863
vn -0.3827 0.0000 0.9239
vn 0.0000 -0.9471 0.3208
vn -0.2268 -0.9471 -0.2269
vn -0.0000 0.9471 0.3208
vn -0.5061 -0.0000 -0.8625
vn 0.5048 0.0000 -0.8632
vn 0.8629 0.0000 0.5054
vn -0.3819 -0.0000 0.9242
vn -0.9236 -0.0000 0.3834
vn 0.3834 0.0000 -0.9236
vn -0.0056 0.9127 -0.4087
vn -0.6572 0.0000 0.7537
vn 0.6572 0.0000 0.7537
vn -0.4465 0.7295 0.5181
vn 0.4465 0.7295 0.5181
vn -0.0000 0.7055 0.7087
vn -0.4465 -0.7295 0.5181
vn -0.0000 -0.7055 0.7087
vn 0.4465 -0.7295 0.5181
vn -0.6528 -0.0000 0.7575
vn 0.6528 -0.0000 0.7575
vn -0.4629 -0.7099 0.5308
vn -0.4701 -0.6938 0.5455
vn -0.4726 0.6949 0.5420
vn -0.4593 0.7106 0.5330
vn -0.0000 -0.6975 0.7166
vn -0.0000 0.6975 0.7166
vn 0.4726 -0.6949 0.5420
vn 0.4593 -0.7106 0.5330
vn 0.4629 0.7099 0.5308
vn 0.4701 0.6938 0.5455
vn 0.7071 -0.0000 -0.7071
vn 0.1647 0.0000 0.9863
vn 0.7160 0.6981 0.0000
vn 0.1877 0.5426 0.8188
vn 0.1890 0.5487 0.8144
vn 0.1855 0.5327 0.8257
vn 0.1847 0.5291 0.8282
vn 0.0475 -0.7408 0.6701
vn -0.0003 -0.7954 0.6061
vn 0.1440 -0.6073 0.7813
vn 0.1826 -0.5445 0.8187
vn 0.8601 0.0000 0.5101
vn -0.0000 0.0239 0.9997
vn -0.0000 0.0247 0.9997
vn 0.2253 0.0004 0.9743
vn 0.2253 -0.0000 0.9743
vn 0.4401 0.0000 0.8980
vn 0.0990 0.8773 0.4696
vn 0.1203 0.8634 0.4900
vn -0.0006 0.8798 0.4754
vn 0.0000 -0.8798 0.4754
vn 0.0722 -0.8788 0.4716
vn 0.0813 -0.8671 0.4915
vn 0.2666 -0.7725 0.5764
vn 0.2924 -0.7474 0.5966
vn 0.2387 0.7551 0.6106
vn 0.2450 0.4962 0.8329
vn -0.8629 -0.0000 -0.5055
vn 0.5055 0.0000 -0.8629
vn -0.2629 0.0000 0.9648
vn 0.3577 0.0000 0.9339
vn -0.8438 -0.0000 0.5366
vn -0.9483 -0.0000 -0.3175
vn 0.9567 0.0000 -0.2911
vn 0.8291 0.0000 0.5590
# 310 vertex normals

vt 0.6605 0.2958 0.0000
vt 0.5590 0.2622 0.0000
vt 0.5836 0.2438 0.0000
vt 0.6605 0.2136 0.0000
vt 0.9175 0.2136 0.0000
vt 0.9175 0.2958 0.0000
vt 0.8529 0.2958 0.0000
vt 0.8529 0.2136 0.0000
vt 0.7872 0.2136 0.0000
vt 0.7872 0.2958 0.0000
vt 0.7872 0.2066 0.0000
vt 0.8529 0.2066 0.0000
vt 0.7862 0.5641 0.0000
vt 0.7862 0.5394 0.0000
vt 0.8519 0.5394 0.0000
vt 0.8519 0.5641 0.0000
vt 0.9875 0.5641 0.0000
vt 0.9165 0.5641 0.0000
vt 0.9165 0.5394 0.0000
vt 0.9875 0.5394 0.0000
vt 0.2154 0.3479 0.0000
vt 0.1332 0.3639 0.0000
vt 0.1332 0.3338 0.0000
vt 0.2154 0.3338 0.0000
vt 0.8645 0.7750 0.0000
vt 0.7988 0.7750 0.0000
vt 0.7988 0.7450 0.0000
vt 0.8645 0.7450 0.0000
vt 0.3675 0.2692 0.0000
vt 0.3534 0.2692 0.0000
vt 0.3534 0.1870 0.0000
vt 0.3835 0.1870 0.0000
vt 0.5516 0.7837 0.0000
vt 0.5516 0.8494 0.0000
vt 0.5375 0.8494 0.0000
vt 0.5375 0.7837 0.0000
vt 0.8529 0.1586 0.0000
vt 0.8529 0.1185 0.0000
vt 0.9175 0.1185 0.0000
vt 0.9175 0.1586 0.0000
vt 0.5651 0.6630 0.0000
vt 0.5835 0.6618 0.0000
vt 0.5835 0.6759 0.0000
vt 0.5835 0.7085 0.0000
vt 0.5835 0.8508 0.0000
vt 0.5835 0.8649 0.0000
vt 0.5651 0.8637 0.0000
vt 0.5835 0.8182 0.0000
vt 0.5590 0.1239 0.0000
vt 0.6605 0.1185 0.0000
vt 0.6605 0.1586 0.0000
vt 0.5590 0.1586 0.0000
vt 0.0751 0.0521 0.0000
vt 0.0751 0.1343 0.0000
vt 0.0451 0.1343 0.0000
vt 0.0610 0.0521 0.0000
vt 0.0685 0.0451 0.0000
vt 0.0751 0.0451 0.0000
vt 0.0751 0.0482 0.0000
vt 0.0972 0.0353 0.0000
vt 0.0972 0.0419 0.0000
vt 0.0772 0.0419 0.0000
vt 0.0595 0.0419 0.0000
vt 0.0562 0.0353 0.0000
vt 0.0056 0.1434 0.0000
vt 0.0010 0.1434 0.0000
vt 0.0010 0.3358 0.0000
vt 0.0056 0.3358 0.0000
vt 0.0056 0.4004 0.0000
vt 0.0010 0.4004 0.0000
vt 0.0389 0.4714 0.0000
vt 0.0389 0.4827 0.0000
vt 0.0010 0.4827 0.0000
vt 0.0056 0.4714 0.0000
vt 0.8529 0.3153 0.0000
vt 0.8529 0.3339 0.0000
vt 0.7872 0.3339 0.0000
vt 0.7872 0.3153 0.0000
vt 0.9642 0.7992 0.0000
vt 0.8820 0.7992 0.0000
vt 0.8820 0.7696 0.0000
vt 0.9642 0.7696 0.0000
vt 0.9554 0.9593 0.0000
vt 0.9554 0.8771 0.0000
vt 0.9774 0.8854 0.0000
vt 0.9774 0.9512 0.0000
vt 0.2036 0.1645 0.0000
vt 0.1625 0.1645 0.0000
vt 0.1671 0.1562 0.0000
vt 0.2000 0.1562 0.0000
vt 0.1740 0.1492 0.0000
vt 0.1945 0.1492 0.0000
vt 0.6035 0.6759 0.0000
vt 0.6122 0.6691 0.0000
vt 0.6212 0.6738 0.0000
vt 0.6212 0.7085 0.0000
vt 0.6035 0.7085 0.0000
vt 0.5892 0.2328 0.0000
vt 0.6605 0.2066 0.0000
vt 0.5590 0.3000 0.0000
vt 0.5590 0.2910 0.0000
vt 0.6605 0.3339 0.0000
vt 0.6605 0.3538 0.0000
vt 0.8529 0.3538 0.0000
vt 0.7872 0.3538 0.0000
vt 0.5590 0.2795 0.0000
vt 0.6605 0.3153 0.0000
vt 0.9719 0.6463 0.0000
vt 0.9165 0.6463 0.0000
vt 0.9875 0.6463 0.0000
vt 0.9875 0.6503 0.0000
vt 0.6008 0.6618 0.0000
vt 0.9701 0.9823 0.0000
vt 0.9701 0.9603 0.0000
vt 0.9850 0.9603 0.0000
vt 0.9850 0.9823 0.0000
vt 0.5850 0.6788 0.0000
vt 0.5850 0.7043 0.0000
vt 0.6019 0.6788 0.0000
vt 0.6019 0.7043 0.0000
vt 0.5496 0.6324 0.0000
vt 0.5496 0.6579 0.0000
vt 0.5443 0.6561 0.0000
vt 0.5443 0.6342 0.0000
vt 0.7618 0.8530 0.0000
vt 0.7450 0.8530 0.0000
vt 0.7459 0.8478 0.0000
vt 0.7609 0.8478 0.0000
vt 0.5541 0.5943 0.0000
vt 0.5541 0.5688 0.0000
vt 0.5593 0.5705 0.0000
vt 0.5593 0.5925 0.0000
vt 0.7324 0.8530 0.0000
vt 0.7156 0.8530 0.0000
vt 0.7166 0.8478 0.0000
vt 0.7315 0.8478 0.0000
vt 0.5541 0.6721 0.0000
vt 0.5541 0.8545 0.0000
vt 0.5541 0.8179 0.0000
vt 0.5541 0.7085 0.0000
vt 0.1515 0.0548 0.0000
vt 0.1515 0.1645 0.0000
vt 0.1136 0.1645 0.0000
vt 0.1136 0.0548 0.0000
vt 0.3063 0.5884 0.0000
vt 0.3065 0.6596 0.0000
vt 0.1968 0.6596 0.0000
vt 0.1968 0.5884 0.0000
vt 0.2000 0.0631 0.0000
vt 0.2036 0.0548 0.0000
vt 0.0451 0.1538 0.0000
vt 0.0572 0.1724 0.0000
vt 0.0751 0.1590 0.0000
vt 0.0676 0.1923 0.0000
vt 0.1077 0.1590 0.0000
vt 0.1077 0.1923 0.0000
vt 0.6716 0.5394 0.0000
vt 0.6716 0.5641 0.0000
vt 0.7862 0.6463 0.0000
vt 0.6716 0.6463 0.0000
vt 0.9642 0.8318 0.0000
vt 0.9889 0.7992 0.0000
vt 0.9889 0.8318 0.0000
vt 0.8820 0.8318 0.0000
vt 0.6731 0.3909 0.0000
vt 0.6731 0.5006 0.0000
vt 0.6618 0.5006 0.0000
vt 0.6618 0.3909 0.0000
vt 0.1671 0.0631 0.0000
vt 0.1740 0.0701 0.0000
vt 0.8087 0.3909 0.0000
vt 0.8087 0.5006 0.0000
vt 0.7441 0.5006 0.0000
vt 0.7441 0.3909 0.0000
vt 0.8519 0.6463 0.0000
vt 0.6731 0.3583 0.0000
vt 0.7441 0.3583 0.0000
vt 0.9890 0.3909 0.0000
vt 0.9890 0.5006 0.0000
vt 0.8744 0.5006 0.0000
vt 0.8744 0.3909 0.0000
vt 0.8087 0.3583 0.0000
vt 0.8744 0.3583 0.0000
vt 0.9890 0.3583 0.0000
vt 0.3065 0.7864 0.0000
vt 0.3065 0.8521 0.0000
vt 0.1968 0.8521 0.0000
vt 0.1968 0.7864 0.0000
vt 0.9175 0.2066 0.0000
vt 0.7872 0.1185 0.0000
vt 0.7872 0.1586 0.0000
vt 0.9885 0.1185 0.0000
vt 0.9885 0.1586 0.0000
vt 0.0056 0.2701 0.0000
vt 0.0010 0.2701 0.0000
vt 0.9885 0.3153 0.0000
vt 0.9885 0.3339 0.0000
vt 0.9175 0.3339 0.0000
vt 0.9175 0.3153 0.0000
vt 0.9885 0.3538 0.0000
vt 0.9175 0.3538 0.0000
vt 0.7520 0.0059 0.0000
vt 0.8787 0.0059 0.0000
vt 0.8787 0.1155 0.0000
vt 0.7520 0.1155 0.0000
vt 0.6863 0.1155 0.0000
vt 0.6863 0.0059 0.0000
vt 0.6217 0.1155 0.0000
vt 0.5394 0.1155 0.0000
vt 0.5394 0.0059 0.0000
vt 0.6217 0.0059 0.0000
vt 0.9885 0.2136 0.0000
vt 0.9885 0.2958 0.0000
vt 0.9885 0.2066 0.0000
vt 0.3952 0.9140 0.0000
vt 0.3952 0.8494 0.0000
vt 0.5049 0.8494 0.0000
vt 0.5049 0.9140 0.0000
vt 0.0952 0.6605 0.0000
vt 0.0130 0.6605 0.0000
vt 0.0431 0.5836 0.0000
vt 0.0615 0.5590 0.0000
vt 0.0130 0.9175 0.0000
vt 0.0130 0.8529 0.0000
vt 0.0952 0.8529 0.0000
vt 0.0952 0.9175 0.0000
vt 0.0952 0.7872 0.0000
vt 0.0130 0.7872 0.0000
vt 0.0059 0.7872 0.0000
vt 0.0059 0.8529 0.0000
vt 0.6590 0.9633 0.0000
vt 0.7247 0.9633 0.0000
vt 0.7247 0.9880 0.0000
vt 0.6590 0.9880 0.0000
vt 0.8602 0.9633 0.0000
vt 0.8602 0.9880 0.0000
vt 0.7893 0.9880 0.0000
vt 0.7893 0.9633 0.0000
vt 0.5737 0.6416 0.0000
vt 0.5737 0.6275 0.0000
vt 0.6559 0.6275 0.0000
vt 0.6559 0.6575 0.0000
vt 0.9330 0.7254 0.0000
vt 0.9330 0.7554 0.0000
vt 0.8673 0.7554 0.0000
vt 0.8673 0.7254 0.0000
vt 0.1429 0.3644 0.0000
vt 0.2251 0.3485 0.0000
vt 0.2251 0.3786 0.0000
vt 0.1429 0.3786 0.0000
vt 0.3485 0.7837 0.0000
vt 0.3626 0.7837 0.0000
vt 0.3626 0.8494 0.0000
vt 0.3485 0.8494 0.0000
vt 0.8529 0.1625 0.0000
vt 0.9175 0.1625 0.0000
vt 0.9175 0.2027 0.0000
vt 0.8529 0.2027 0.0000
vt 0.5590 0.1972 0.0000
vt 0.5590 0.1625 0.0000
vt 0.6605 0.1625 0.0000
vt 0.6605 0.2027 0.0000
vt 0.2500 0.0482 0.0000
vt 0.2500 0.0451 0.0000
vt 0.2566 0.0451 0.0000
vt 0.2641 0.0521 0.0000
vt 0.2800 0.1343 0.0000
vt 0.2500 0.0521 0.0000
vt 0.2500 0.1343 0.0000
vt 0.0059 0.0813 0.0000
vt 0.0116 0.0406 0.0000
vt 0.0177 0.0448 0.0000
vt 0.0152 0.0624 0.0000
vt 0.0124 0.0822 0.0000
vt 0.1264 0.0010 0.0000
vt 0.1257 0.0055 0.0000
vt 0.3169 0.0278 0.0000
vt 0.3809 0.0368 0.0000
vt 0.3802 0.0413 0.0000
vt 0.3163 0.0323 0.0000
vt 0.4459 0.0842 0.0000
vt 0.4505 0.0512 0.0000
vt 0.4624 0.0482 0.0000
vt 0.4571 0.0857 0.0000
vt 0.1146 0.8529 0.0000
vt 0.1146 0.7872 0.0000
vt 0.1333 0.7872 0.0000
vt 0.1333 0.8529 0.0000
vt 0.9642 0.6895 0.0000
vt 0.9642 0.7190 0.0000
vt 0.8820 0.7190 0.0000
vt 0.8820 0.6895 0.0000
vt 0.3230 0.2849 0.0000
vt 0.3149 0.3068 0.0000
vt 0.2491 0.3068 0.0000
vt 0.2408 0.2849 0.0000
vt 0.1625 0.0548 0.0000
vt 0.1945 0.0701 0.0000
vt 0.6035 0.8508 0.0000
vt 0.6035 0.8182 0.0000
vt 0.6212 0.8182 0.0000
vt 0.6212 0.8528 0.0000
vt 0.6122 0.8575 0.0000
vt 0.0059 0.6605 0.0000
vt 0.0321 0.5892 0.0000
vt 0.0993 0.5590 0.0000
vt 0.1532 0.6605 0.0000
vt 0.1333 0.6605 0.0000
vt 0.0903 0.5590 0.0000
vt 0.1532 0.7872 0.0000
vt 0.1532 0.8529 0.0000
vt 0.1146 0.6605 0.0000
vt 0.0788 0.5590 0.0000
vt 0.8446 0.8811 0.0000
vt 0.8602 0.8771 0.0000
vt 0.8602 0.8811 0.0000
vt 0.7893 0.8811 0.0000
vt 0.6008 0.8649 0.0000
vt 0.7009 0.8431 0.0000
vt 0.7009 0.8282 0.0000
vt 0.7229 0.8282 0.0000
vt 0.7229 0.8431 0.0000
vt 0.5850 0.8223 0.0000
vt 0.5850 0.8478 0.0000
vt 0.6019 0.8478 0.0000
vt 0.6019 0.8223 0.0000
vt 0.5443 0.2555 0.0000
vt 0.5496 0.2573 0.0000
vt 0.5496 0.2793 0.0000
vt 0.5443 0.2810 0.0000
vt 0.7306 0.8450 0.0000
vt 0.7254 0.8441 0.0000
vt 0.7254 0.8291 0.0000
vt 0.7306 0.8282 0.0000
vt 0.5737 0.3292 0.0000
vt 0.5754 0.3240 0.0000
vt 0.5974 0.3240 0.0000
vt 0.5992 0.3292 0.0000
vt 0.5397 0.5122 0.0000
vt 0.5345 0.5112 0.0000
vt 0.5345 0.4963 0.0000
vt 0.5397 0.4954 0.0000
vt 0.1299 0.4877 0.0000
vt 0.0793 0.4877 0.0000
vt 0.0793 0.4219 0.0000
vt 0.1299 0.4219 0.0000
vt 0.0076 0.5952 0.0000
vt 0.0010 0.5952 0.0000
vt 0.0010 0.4856 0.0000
vt 0.0076 0.4856 0.0000
vt 0.3998 0.5704 0.0000
vt 0.3779 0.5704 0.0000
vt 0.3779 0.5198 0.0000
vt 0.3998 0.5198 0.0000
vt 0.5049 0.9693 0.0000
vt 0.3952 0.9693 0.0000
vt 0.5049 0.7837 0.0000
vt 0.3952 0.7837 0.0000
vt 0.2174 0.1923 0.0000
vt 0.2174 0.1590 0.0000
vt 0.2500 0.1590 0.0000
vt 0.2575 0.1923 0.0000
vt 0.2800 0.1538 0.0000
vt 0.2679 0.1724 0.0000
vt 0.5443 0.9880 0.0000
vt 0.5443 0.9633 0.0000
vt 0.5443 0.8811 0.0000
vt 0.6590 0.8811 0.0000
vt 0.9642 0.6569 0.0000
vt 0.9889 0.6569 0.0000
vt 0.9889 0.6895 0.0000
vt 0.8820 0.6569 0.0000
vt 0.9869 0.0059 0.0000
vt 0.9869 0.1155 0.0000
vt 0.1968 0.9167 0.0000
vt 0.3065 0.9167 0.0000
vt 0.4754 0.6690 0.0000
vt 0.4248 0.6690 0.0000
vt 0.4248 0.6471 0.0000
vt 0.4754 0.6471 0.0000
vt 0.7247 0.8811 0.0000
vt 0.7441 0.5332 0.0000
vt 0.6731 0.5332 0.0000
vt 0.8087 0.5332 0.0000
vt 0.8744 0.5332 0.0000
vt 0.9890 0.5332 0.0000
vt 0.0059 0.9175 0.0000
vt 0.7872 0.1625 0.0000
vt 0.7872 0.2027 0.0000
vt 0.9885 0.2027 0.0000
vt 0.9885 0.1625 0.0000
vt 0.2519 0.0186 0.0000
vt 0.2512 0.0232 0.0000
vt 0.1146 0.9885 0.0000
vt 0.1146 0.9175 0.0000
vt 0.1333 0.9175 0.0000
vt 0.1333 0.9885 0.0000
vt 0.1532 0.9175 0.0000
vt 0.1532 0.9885 0.0000
vt 0.0130 0.9885 0.0000
vt 0.0952 0.9885 0.0000
vt 0.0059 0.9885 0.0000
vt 0.2174 0.0451 0.0000
vt 0.2174 0.0482 0.0000
vt 0.1077 0.0482 0.0000
vt 0.1077 0.0451 0.0000
vt 0.3952 0.9850 0.0000
vt 0.5049 0.9850 0.0000
vt 0.5049 0.6690 0.0000
vt 0.3952 0.6690 0.0000
vt 0.3065 0.9876 0.0000
vt 0.1968 0.9876 0.0000
vt 0.3429 0.5884 0.0000
vt 0.3457 0.6596 0.0000
vt 0.1576 0.6596 0.0000
vt 0.1604 0.5884 0.0000
vt 0.3457 0.7864 0.0000
vt 0.3457 0.8521 0.0000
vt 0.1576 0.8521 0.0000
vt 0.1576 0.7864 0.0000
vt 0.3626 0.9140 0.0000
vt 0.5375 0.9140 0.0000
vt 0.5375 0.9693 0.0000
vt 0.3626 0.9693 0.0000
vt 0.1576 0.9167 0.0000
vt 0.3457 0.9167 0.0000
vt 0.3626 0.9850 0.0000
vt 0.5375 0.9850 0.0000
vt 0.3457 0.9876 0.0000
vt 0.3391 0.9876 0.0000
vt 0.1642 0.9876 0.0000
vt 0.1576 0.9876 0.0000
vt 0.3626 0.6690 0.0000
vt 0.5375 0.6690 0.0000
vt 0.4464 0.4923 0.0000
vt 0.4464 0.4611 0.0000
vt 0.4615 0.4733 0.0000
vt 0.4615 0.5038 0.0000
vt 0.7032 0.7695 0.0000
vt 0.7032 0.8000 0.0000
vt 0.6960 0.8000 0.0000
vt 0.6960 0.7695 0.0000
vt 0.7108 0.8122 0.0000
vt 0.6960 0.8122 0.0000
vt 0.3745 0.5218 0.0000
vt 0.3661 0.5511 0.0000
vt 0.3583 0.5522 0.0000
vt 0.3676 0.5198 0.0000
vt 0.3753 0.5665 0.0000
vt 0.3734 0.5731 0.0000
vt 0.4024 0.5694 0.0000
vt 0.4024 0.5357 0.0000
vt 0.4137 0.5357 0.0000
vt 0.4137 0.5694 0.0000
vt 0.4250 0.5694 0.0000
vt 0.4250 0.5357 0.0000
vt 0.7713 0.8282 0.0000
vt 0.7828 0.8432 0.0000
vt 0.7523 0.8432 0.0000
vt 0.7401 0.8282 0.0000
vt 0.0082 0.6409 0.0000
vt 0.0010 0.6409 0.0000
vt 0.0010 0.6103 0.0000
vt 0.0082 0.6103 0.0000
vt 0.0010 0.5981 0.0000
vt 0.0157 0.5981 0.0000
vt 0.2464 0.5182 0.0000
vt 0.2464 0.5254 0.0000
vt 0.2127 0.5254 0.0000
vt 0.2158 0.5182 0.0000
vt 0.1968 0.5051 0.0000
vt 0.2037 0.5051 0.0000
vt 0.4024 0.5198 0.0000
vt 0.4137 0.5198 0.0000
vt 0.4250 0.5198 0.0000
vt 0.1950 0.4750 0.0000
vt 0.1950 0.4945 0.0000
vt 0.1812 0.5082 0.0000
vt 0.1617 0.5082 0.0000
vt 0.1480 0.4945 0.0000
vt 0.1480 0.4750 0.0000
vt 0.1617 0.4612 0.0000
vt 0.1812 0.4612 0.0000
vt 0.9065 0.9750 0.0000
vt 0.9232 0.9750 0.0000
vt 0.9232 0.9840 0.0000
vt 0.9065 0.9840 0.0000
vt 0.9468 0.9750 0.0000
vt 0.9468 0.9840 0.0000
vt 0.9636 0.9750 0.0000
vt 0.9636 0.9840 0.0000
vt 0.6765 0.8167 0.0000
vt 0.6765 0.8000 0.0000
vt 0.6854 0.8000 0.0000
vt 0.6854 0.8167 0.0000
vt 0.6765 0.7764 0.0000
vt 0.6854 0.7764 0.0000
vt 0.6765 0.7597 0.0000
vt 0.6854 0.7597 0.0000
vt 0.9595 0.7352 0.0000
vt 0.9595 0.7588 0.0000
vt 0.9506 0.7588 0.0000
vt 0.9506 0.7352 0.0000
vt 0.2165 0.4749 0.0000
vt 0.2303 0.4611 0.0000
vt 0.2497 0.4611 0.0000
vt 0.2635 0.4749 0.0000
vt 0.2635 0.4944 0.0000
vt 0.2497 0.5081 0.0000
vt 0.2303 0.5081 0.0000
vt 0.2165 0.4944 0.0000
vt 0.1429 0.4729 0.0000
vt 0.1597 0.4562 0.0000
vt 0.1833 0.4562 0.0000
vt 0.2000 0.4729 0.0000
vt 0.2000 0.4965 0.0000
vt 0.1833 0.5133 0.0000
vt 0.1597 0.5133 0.0000
vt 0.1429 0.4965 0.0000
vt 0.2115 0.4729 0.0000
vt 0.2282 0.4562 0.0000
vt 0.2518 0.4562 0.0000
vt 0.2685 0.4729 0.0000
vt 0.2685 0.4965 0.0000
vt 0.2518 0.5133 0.0000
vt 0.2282 0.5133 0.0000
vt 0.2115 0.4965 0.0000
vt 0.4900 0.0108 0.0000
vt 0.4900 0.0155 0.0000
vt 0.4807 0.0155 0.0000
vt 0.4807 0.0108 0.0000
vt 0.3681 0.3976 0.0000
vt 0.3773 0.3976 0.0000
vt 0.3773 0.4042 0.0000
vt 0.3681 0.4042 0.0000
vt 0.5781 0.6471 0.0000
vt 0.5781 0.6518 0.0000
vt 0.5688 0.6518 0.0000
vt 0.5688 0.6471 0.0000
vt 0.4629 0.0989 0.0000
vt 0.4629 0.1081 0.0000
vt 0.4564 0.1081 0.0000
vt 0.4564 0.0989 0.0000
vt 0.4788 0.0990 0.0000
vt 0.4788 0.1081 0.0000
vt 0.4722 0.1081 0.0000
vt 0.4722 0.0990 0.0000
vt 0.5588 0.3627 0.0000
vt 0.5541 0.3627 0.0000
vt 0.5541 0.3534 0.0000
vt 0.5588 0.3534 0.0000
vt 0.3682 0.4135 0.0000
vt 0.3773 0.4135 0.0000
vt 0.3773 0.4201 0.0000
vt 0.3682 0.4201 0.0000
vt 0.4024 0.4042 0.0000
vt 0.4024 0.4135 0.0000
vt 0.4023 0.3976 0.0000
vt 0.5114 0.2212 0.0000
vt 0.5021 0.2212 0.0000
vt 0.5021 0.1962 0.0000
vt 0.5114 0.1962 0.0000
vt 0.4629 0.1331 0.0000
vt 0.4564 0.1331 0.0000
vt 0.4722 0.1332 0.0000
vt 0.4788 0.1332 0.0000
vt 0.4709 0.2569 0.0000
vt 0.4709 0.2476 0.0000
vt 0.4959 0.2476 0.0000
vt 0.4959 0.2569 0.0000
vt 0.4024 0.4201 0.0000
vt 0.4955 0.1870 0.0000
vt 0.4955 0.1962 0.0000
vt 0.4856 0.1917 0.0000
vt 0.4856 0.1870 0.0000
vt 0.5541 0.6515 0.0000
vt 0.5541 0.6422 0.0000
vt 0.5650 0.6422 0.0000
vt 0.5650 0.6515 0.0000
vt 0.4959 0.2634 0.0000
vt 0.5051 0.2634 0.0000
vt 0.5052 0.2734 0.0000
vt 0.5004 0.2734 0.0000
vt 0.4464 0.1036 0.0000
vt 0.4464 0.0989 0.0000
vt 0.9750 0.9941 0.0000
vt 0.9750 0.9848 0.0000
vt 0.9859 0.9848 0.0000
vt 0.9859 0.9941 0.0000
vt 0.3681 0.3877 0.0000
vt 0.3728 0.3877 0.0000
vt 0.5051 0.2410 0.0000
vt 0.4959 0.2410 0.0000
vt 0.5004 0.2310 0.0000
vt 0.5052 0.2310 0.0000
vt 0.6564 0.8245 0.0000
vt 0.6471 0.8244 0.0000
vt 0.6472 0.8135 0.0000
vt 0.6564 0.8136 0.0000
vt 0.5180 0.1962 0.0000
vt 0.5180 0.1870 0.0000
vt 0.5279 0.1870 0.0000
vt 0.5279 0.1917 0.0000
vt 0.3728 0.4300 0.0000
vt 0.3681 0.4300 0.0000
vt 0.0592 0.5503 0.0000
vt 0.0499 0.5503 0.0000
vt 0.0499 0.5394 0.0000
vt 0.0592 0.5394 0.0000
vt 0.4888 0.0989 0.0000
vt 0.4888 0.1036 0.0000
vt 0.4406 0.2486 0.0000
vt 0.3996 0.2486 0.0000
vt 0.3828 0.2292 0.0000
vt 0.3828 0.2016 0.0000
vt 0.3996 0.1821 0.0000
vt 0.4406 0.1821 0.0000
vt 0.6303 0.5568 0.0000
vt 0.6559 0.5568 0.0000
vt 0.6559 0.5987 0.0000
vt 0.6303 0.5987 0.0000
vt 0.5943 0.5568 0.0000
vt 0.5943 0.5987 0.0000
vt 0.5688 0.5568 0.0000
vt 0.5688 0.5987 0.0000
vt 0.2579 0.3542 0.0000
vt 0.2579 0.3094 0.0000
vt 0.2999 0.3094 0.0000
vt 0.2999 0.3542 0.0000
vt 0.1781 0.4345 0.0000
vt 0.1332 0.4345 0.0000
vt 0.1332 0.3926 0.0000
vt 0.1781 0.3926 0.0000
vt 0.6286 0.6183 0.0000
vt 0.6516 0.6183 0.0000
vt 0.6456 0.6234 0.0000
vt 0.6261 0.6234 0.0000
vt 0.4406 0.2546 0.0000
vt 0.3974 0.2546 0.0000
vt 0.5731 0.6183 0.0000
vt 0.5961 0.6183 0.0000
vt 0.5985 0.6234 0.0000
vt 0.5790 0.6234 0.0000
vt 0.6516 0.5397 0.0000
vt 0.6286 0.5397 0.0000
vt 0.6261 0.5345 0.0000
vt 0.6456 0.5345 0.0000
vt 0.5961 0.5397 0.0000
vt 0.5985 0.5345 0.0000
vt 0.5731 0.5397 0.0000
vt 0.5790 0.5345 0.0000
vt 0.7256 0.7645 0.0000
vt 0.7256 0.8077 0.0000
vt 0.7196 0.8077 0.0000
vt 0.7196 0.7667 0.0000
vt 0.6471 0.8077 0.0000
vt 0.6471 0.7645 0.0000
vt 0.6531 0.7667 0.0000
vt 0.6531 0.8077 0.0000
vt 0.6725 0.7499 0.0000
vt 0.6750 0.7550 0.0000
vt 0.6590 0.7688 0.0000
vt 0.7001 0.7499 0.0000
vt 0.6976 0.7550 0.0000
vt 0.7136 0.7688 0.0000
vt 0.7136 0.8076 0.0000
vt 0.6590 0.8076 0.0000
vt 0.2408 0.5296 0.0000
vt 0.2568 0.5296 0.0000
vt 0.2568 0.5454 0.0000
vt 0.2408 0.5454 0.0000
vt 0.2795 0.5296 0.0000
vt 0.2795 0.5454 0.0000
vt 0.2954 0.5296 0.0000
vt 0.2954 0.5454 0.0000
vt 0.5149 0.3825 0.0000
vt 0.5149 0.3436 0.0000
vt 0.5307 0.3436 0.0000
vt 0.5307 0.3825 0.0000
vt 0.5111 0.3436 0.0000
vt 0.5111 0.3825 0.0000
vt 0.4954 0.3825 0.0000
vt 0.4954 0.3436 0.0000
vt 0.6516 0.5525 0.0000
vt 0.6286 0.5525 0.0000
vt 0.6286 0.6030 0.0000
vt 0.6516 0.6030 0.0000
vt 0.5961 0.5525 0.0000
vt 0.5961 0.6030 0.0000
vt 0.5731 0.5525 0.0000
vt 0.5731 0.6030 0.0000
vt 0.2408 0.3542 0.0000
vt 0.2408 0.3111 0.0000
vt 0.2537 0.3111 0.0000
vt 0.2537 0.3542 0.0000
vt 0.3194 0.3111 0.0000
vt 0.3194 0.3542 0.0000
vt 0.3041 0.3542 0.0000
vt 0.3041 0.3111 0.0000
vt 0.1763 0.4516 0.0000
vt 0.1332 0.4516 0.0000
vt 0.1332 0.4388 0.0000
vt 0.1763 0.4388 0.0000
vt 0.3485 0.5972 0.0000
vt 0.3645 0.5835 0.0000
vt 0.3871 0.5835 0.0000
vt 0.4031 0.5972 0.0000
vt 0.4031 0.6361 0.0000
vt 0.3485 0.6361 0.0000
vt 0.5577 0.5576 0.0000
vt 0.5345 0.5576 0.0000
vt 0.5345 0.5247 0.0000
vt 0.5577 0.5247 0.0000
vt 0.3481 0.1016 0.0000
vt 0.3481 0.1285 0.0000
vt 0.2947 0.1309 0.0000
vt 0.2947 0.0956 0.0000
vt 0.6879 0.6520 0.0000
vt 0.7600 0.6520 0.0000
vt 0.7600 0.6975 0.0000
vt 0.6879 0.6975 0.0000
vt 0.9492 0.9307 0.0000
vt 0.9190 0.9307 0.0000
vt 0.9130 0.8772 0.0000
vt 0.9516 0.8772 0.0000
vt 0.9459 0.9450 0.0000
vt 0.9124 0.9450 0.0000
vt 0.3625 0.0950 0.0000
vt 0.3625 0.1285 0.0000
vt 0.9036 0.8772 0.0000
vt 0.2409 0.3583 0.0000
vt 0.3087 0.3583 0.0000
vt 0.2943 0.3746 0.0000
vt 0.2408 0.3746 0.0000
vt 0.9062 0.9493 0.0000
vt 0.8967 0.8771 0.0000
vt 0.9459 0.9493 0.0000
vt 0.3668 0.0888 0.0000
vt 0.3668 0.1285 0.0000
vt 0.2947 0.0793 0.0000
vt 0.2947 0.0862 0.0000
vt 0.6667 0.6975 0.0000
vt 0.6667 0.6520 0.0000
vt 0.9459 0.9705 0.0000
vt 0.9062 0.9705 0.0000
vt 0.3880 0.0888 0.0000
vt 0.3880 0.1285 0.0000
vt 0.4856 0.5345 0.0000
vt 0.5253 0.5345 0.0000
vt 0.5172 0.5390 0.0000
vt 0.4885 0.5390 0.0000
vt 0.5253 0.5800 0.0000
vt 0.5172 0.5755 0.0000
vt 0.4856 0.5800 0.0000
vt 0.4885 0.5755 0.0000
vt 0.6989 0.8184 0.0000
vt 0.6989 0.8471 0.0000
vt 0.6765 0.8444 0.0000
vt 0.6765 0.8211 0.0000
vt 0.5513 0.4297 0.0000
vt 0.5149 0.4296 0.0000
vt 0.5191 0.4073 0.0000
vt 0.5520 0.4073 0.0000
vt 0.5681 0.6303 0.0000
vt 0.5394 0.6303 0.0000
vt 0.5421 0.6079 0.0000
vt 0.5654 0.6079 0.0000
vt 0.5149 0.4318 0.0000
vt 0.5513 0.4317 0.0000
vt 0.5520 0.4541 0.0000
vt 0.5191 0.4542 0.0000
vt 0.3991 0.4611 0.0000
vt 0.3991 0.5066 0.0000
vt 0.3779 0.5066 0.0000
vt 0.3779 0.4611 0.0000
vt 0.4415 0.4268 0.0000
vt 0.4744 0.4268 0.0000
vt 0.4744 0.4500 0.0000
vt 0.4415 0.4500 0.0000
vt 0.3481 0.1624 0.0000
vt 0.2947 0.1684 0.0000
vt 0.2947 0.1332 0.0000
vt 0.3481 0.1355 0.0000
vt 0.8464 0.6667 0.0000
vt 0.8465 0.7121 0.0000
vt 0.7743 0.7121 0.0000
vt 0.7744 0.6667 0.0000
vt 0.8415 0.6086 0.0000
vt 0.8439 0.6620 0.0000
vt 0.8053 0.6620 0.0000
vt 0.8113 0.6086 0.0000
vt 0.8382 0.5942 0.0000
vt 0.8047 0.5942 0.0000
vt 0.3625 0.1690 0.0000
vt 0.3625 0.1355 0.0000
vt 0.7959 0.6620 0.0000
vt 0.0206 0.5150 0.0000
vt 0.0369 0.5149 0.0000
vt 0.0369 0.5684 0.0000
vt 0.0206 0.5827 0.0000
vt 0.7985 0.5900 0.0000
vt 0.7890 0.6621 0.0000
vt 0.8382 0.5900 0.0000
vt 0.3668 0.1752 0.0000
vt 0.3668 0.1355 0.0000
vt 0.2947 0.1847 0.0000
vt 0.2947 0.1778 0.0000
vt 0.8677 0.7121 0.0000
vt 0.8676 0.6667 0.0000
vt 0.8382 0.5688 0.0000
vt 0.7985 0.5688 0.0000
vt 0.3880 0.1752 0.0000
vt 0.3880 0.1355 0.0000
vt 0.3735 0.4611 0.0000
vt 0.3706 0.4656 0.0000
vt 0.3419 0.4656 0.0000
vt 0.3338 0.4611 0.0000
vt 0.3419 0.5020 0.0000
vt 0.3338 0.5066 0.0000
vt 0.3706 0.5020 0.0000
vt 0.3735 0.5066 0.0000
vt 0.4297 0.4506 0.0000
vt 0.4073 0.4479 0.0000
vt 0.4073 0.4247 0.0000
vt 0.4297 0.4219 0.0000
vt 0.5513 0.4562 0.0000
vt 0.5520 0.4786 0.0000
vt 0.5191 0.4786 0.0000
vt 0.5149 0.4562 0.0000
vt 0.5520 0.5975 0.0000
vt 0.5296 0.5947 0.0000
vt 0.5296 0.5715 0.0000
vt 0.5520 0.5688 0.0000
vt 0.4660 0.4101 0.0000
vt 0.4702 0.3877 0.0000
vt 0.5031 0.3877 0.0000
vt 0.5024 0.4101 0.0000
vt 0.4823 0.5800 0.0000
vt 0.4611 0.5800 0.0000
vt 0.4611 0.5345 0.0000
vt 0.4824 0.5345 0.0000
vt 0.5006 0.4334 0.0000
vt 0.5006 0.4557 0.0000
vt 0.4856 0.4435 0.0000
vt 0.4856 0.4219 0.0000
vt 0.6613 0.6788 0.0000
vt 0.6397 0.6788 0.0000
vt 0.6397 0.6716 0.0000
vt 0.6613 0.6716 0.0000
vt 0.6275 0.6863 0.0000
vt 0.6275 0.6716 0.0000
vt 0.4176 0.4635 0.0000
vt 0.4102 0.4838 0.0000
vt 0.4024 0.4843 0.0000
vt 0.4108 0.4611 0.0000
vt 0.4183 0.4997 0.0000
vt 0.4159 0.5062 0.0000
vt 0.4919 0.3809 0.0000
vt 0.4672 0.3809 0.0000
vt 0.4672 0.3696 0.0000
vt 0.4919 0.3696 0.0000
vt 0.4919 0.3583 0.0000
vt 0.4672 0.3583 0.0000
vt 0.5541 0.3208 0.0000
vt 0.5691 0.3094 0.0000
vt 0.5691 0.3309 0.0000
vt 0.5541 0.3431 0.0000
vt 0.9431 0.7592 0.0000
vt 0.9359 0.7592 0.0000
vt 0.9359 0.7376 0.0000
vt 0.9431 0.7376 0.0000
vt 0.9359 0.7254 0.0000
vt 0.9506 0.7254 0.0000
vt 0.5270 0.2717 0.0000
vt 0.5198 0.2717 0.0000
vt 0.5198 0.2469 0.0000
vt 0.5270 0.2501 0.0000
vt 0.5401 0.2310 0.0000
vt 0.5401 0.2379 0.0000
vt 0.4513 0.3809 0.0000
vt 0.4513 0.3696 0.0000
vt 0.4513 0.3583 0.0000
vt 0.3085 0.4984 0.0000
vt 0.2890 0.4984 0.0000
vt 0.2752 0.4847 0.0000
vt 0.2752 0.4652 0.0000
vt 0.2890 0.4514 0.0000
vt 0.3085 0.4514 0.0000
vt 0.3222 0.4652 0.0000
vt 0.3222 0.4847 0.0000
vt 0.7804 0.8086 0.0000
vt 0.7971 0.8086 0.0000
vt 0.7971 0.8176 0.0000
vt 0.7804 0.8176 0.0000
vt 0.5190 0.1527 0.0000
vt 0.5190 0.1764 0.0000
vt 0.5100 0.1764 0.0000
vt 0.5100 0.1527 0.0000
vt 0.3967 0.4268 0.0000
vt 0.3967 0.4435 0.0000
vt 0.3877 0.4435 0.0000
vt 0.3877 0.4268 0.0000
vt 0.5043 0.4611 0.0000
vt 0.5043 0.4778 0.0000
vt 0.4954 0.4778 0.0000
vt 0.4954 0.4611 0.0000
vt 0.5932 0.2066 0.0000
vt 0.6169 0.2066 0.0000
vt 0.6169 0.2156 0.0000
vt 0.5932 0.2156 0.0000
vt 0.7401 0.8086 0.0000
vt 0.7568 0.8086 0.0000
vt 0.7568 0.8176 0.0000
vt 0.7401 0.8176 0.0000
vt 0.1235 0.5434 0.0000
vt 0.1373 0.5296 0.0000
vt 0.1567 0.5296 0.0000
vt 0.1705 0.5434 0.0000
vt 0.1705 0.5629 0.0000
vt 0.1567 0.5767 0.0000
vt 0.1373 0.5767 0.0000
vt 0.1235 0.5629 0.0000
vt 0.3105 0.4464 0.0000
vt 0.3273 0.4631 0.0000
vt 0.3273 0.4868 0.0000
vt 0.3105 0.5035 0.0000
vt 0.2869 0.5035 0.0000
vt 0.2702 0.4868 0.0000
vt 0.2702 0.4631 0.0000
vt 0.2869 0.4464 0.0000
vt 0.1185 0.5414 0.0000
vt 0.1352 0.5247 0.0000
vt 0.1588 0.5247 0.0000
vt 0.1755 0.5414 0.0000
vt 0.1755 0.5651 0.0000
vt 0.1588 0.5818 0.0000
vt 0.1352 0.5818 0.0000
vt 0.1185 0.5651 0.0000
vt 0.5634 0.2408 0.0000
vt 0.5634 0.2456 0.0000
vt 0.5541 0.2456 0.0000
vt 0.5541 0.2408 0.0000
vt 0.4856 0.1186 0.0000
vt 0.4947 0.1186 0.0000
vt 0.4947 0.1252 0.0000
vt 0.4856 0.1252 0.0000
vt 0.6812 0.9354 0.0000
vt 0.6765 0.9354 0.0000
vt 0.6765 0.9261 0.0000
vt 0.6812 0.9261 0.0000
vt 0.4464 0.2275 0.0000
vt 0.4556 0.2275 0.0000
vt 0.4556 0.2341 0.0000
vt 0.4464 0.2341 0.0000
vt 0.4464 0.2116 0.0000
vt 0.4556 0.2116 0.0000
vt 0.4556 0.2182 0.0000
vt 0.4464 0.2182 0.0000
vt 0.7690 0.7107 0.0000
vt 0.7690 0.7154 0.0000
vt 0.7597 0.7154 0.0000
vt 0.7597 0.7107 0.0000
vt 0.4856 0.1345 0.0000
vt 0.4947 0.1345 0.0000
vt 0.4947 0.1411 0.0000
vt 0.4856 0.1411 0.0000
vt 0.5156 0.1252 0.0000
vt 0.5156 0.1345 0.0000
vt 0.5072 0.1186 0.0000
vt 0.4905 0.2769 0.0000
vt 0.4974 0.2862 0.0000
vt 0.4849 0.2862 0.0000
vt 0.4849 0.2769 0.0000
vt 0.4611 0.2275 0.0000
vt 0.4611 0.2341 0.0000
vt 0.4611 0.2182 0.0000
vt 0.4611 0.2116 0.0000
vt 0.4317 0.3352 0.0000
vt 0.4452 0.3259 0.0000
vt 0.4508 0.3259 0.0000
vt 0.4508 0.3352 0.0000
vt 0.5138 0.1411 0.0000
vt 0.4758 0.2928 0.0000
vt 0.4849 0.2928 0.0000
vt 0.4805 0.3028 0.0000
vt 0.4758 0.3028 0.0000
vt 0.3774 0.4475 0.0000
vt 0.3681 0.4475 0.0000
vt 0.3681 0.4366 0.0000
vt 0.3774 0.4366 0.0000
vt 0.4508 0.3417 0.0000
vt 0.4600 0.3417 0.0000
vt 0.4600 0.3517 0.0000
vt 0.4553 0.3517 0.0000
vt 0.4511 0.2440 0.0000
vt 0.4464 0.2440 0.0000
vt 0.6857 0.8929 0.0000
vt 0.6765 0.8929 0.0000
vt 0.6765 0.8820 0.0000
vt 0.6857 0.8820 0.0000
vt 0.4856 0.1087 0.0000
vt 0.4903 0.1087 0.0000
vt 0.4600 0.3193 0.0000
vt 0.4508 0.3193 0.0000
vt 0.4553 0.3094 0.0000
vt 0.4600 0.3094 0.0000
vt 0.9506 0.9990 0.0000
vt 0.9506 0.9897 0.0000
vt 0.9614 0.9897 0.0000
vt 0.9614 0.9990 0.0000
vt 0.4849 0.2704 0.0000
vt 0.4758 0.2704 0.0000
vt 0.4758 0.2604 0.0000
vt 0.4805 0.2604 0.0000
vt 0.4903 0.1510 0.0000
vt 0.4856 0.1510 0.0000
vt 0.3387 0.4557 0.0000
vt 0.3387 0.4464 0.0000
vt 0.3496 0.4464 0.0000
vt 0.3496 0.4557 0.0000
vt 0.4464 0.2017 0.0000
vt 0.4511 0.2017 0.0000
vt 0.3877 0.2653 0.0000
vt 0.4287 0.2653 0.0000
vt 0.4455 0.2848 0.0000
vt 0.4455 0.3124 0.0000
vt 0.4287 0.3319 0.0000
vt 0.3877 0.3319 0.0000
vt 0.2290 0.2139 0.0000
vt 0.2545 0.2139 0.0000
vt 0.2545 0.2558 0.0000
vt 0.2290 0.2558 0.0000
vt 0.1929 0.2139 0.0000
vt 0.1929 0.2558 0.0000
vt 0.1674 0.2139 0.0000
vt 0.1674 0.2558 0.0000
vt 0.6332 0.7823 0.0000
vt 0.5884 0.7823 0.0000
vt 0.5884 0.7403 0.0000
vt 0.6332 0.7403 0.0000
vt 0.3320 0.2359 0.0000
vt 0.3320 0.2808 0.0000
vt 0.2900 0.2808 0.0000
vt 0.2900 0.2359 0.0000
vt 0.2272 0.2754 0.0000
vt 0.2502 0.2754 0.0000
vt 0.2442 0.2805 0.0000
vt 0.2247 0.2805 0.0000
vt 0.2705 0.2377 0.0000
vt 0.2705 0.2808 0.0000
vt 0.2653 0.2808 0.0000
vt 0.2653 0.2398 0.0000
vt 0.6332 0.7208 0.0000
vt 0.5901 0.7208 0.0000
vt 0.5922 0.7156 0.0000
vt 0.6332 0.7156 0.0000
vt 0.1717 0.2754 0.0000
vt 0.1947 0.2754 0.0000
vt 0.1972 0.2805 0.0000
vt 0.1777 0.2805 0.0000
vt 0.0539 0.4317 0.0000
vt 0.0737 0.4547 0.0000
vt 0.0686 0.4572 0.0000
vt 0.0518 0.4377 0.0000
vt 0.0737 0.4872 0.0000
vt 0.0686 0.4847 0.0000
vt 0.0539 0.5102 0.0000
vt 0.0518 0.5042 0.0000
vt 0.0108 0.5102 0.0000
vt 0.0108 0.5042 0.0000
vt 0.0108 0.4317 0.0000
vt 0.0108 0.4377 0.0000
vt 0.0635 0.4597 0.0000
vt 0.0497 0.4437 0.0000
vt 0.0635 0.4823 0.0000
vt 0.0497 0.4983 0.0000
vt 0.0108 0.4983 0.0000
vt 0.0108 0.4437 0.0000
vt 0.2367 0.5454 0.0000
vt 0.2207 0.5454 0.0000
vt 0.2207 0.5296 0.0000
vt 0.2367 0.5296 0.0000
vt 0.1981 0.5454 0.0000
vt 0.1981 0.5296 0.0000
vt 0.1821 0.5454 0.0000
vt 0.1821 0.5296 0.0000
vt 0.5345 0.3825 0.0000
vt 0.5345 0.3436 0.0000
vt 0.5502 0.3436 0.0000
vt 0.5502 0.3825 0.0000
vt 0.5149 0.3335 0.0000
vt 0.5149 0.2947 0.0000
vt 0.5307 0.2947 0.0000
vt 0.5307 0.3335 0.0000
vt 0.2272 0.1968 0.0000
vt 0.2502 0.1968 0.0000
vt 0.2502 0.2096 0.0000
vt 0.2272 0.2096 0.0000
vt 0.2272 0.2601 0.0000
vt 0.2502 0.2601 0.0000
vt 0.1947 0.1968 0.0000
vt 0.1947 0.2096 0.0000
vt 0.1947 0.2601 0.0000
vt 0.1717 0.1968 0.0000
vt 0.1717 0.2096 0.0000
vt 0.1717 0.2601 0.0000
vt 0.6332 0.7994 0.0000
vt 0.5901 0.7994 0.0000
vt 0.5901 0.7865 0.0000
vt 0.6332 0.7865 0.0000
vt 0.6332 0.7361 0.0000
vt 0.5901 0.7361 0.0000
vt 0.3491 0.2377 0.0000
vt 0.3491 0.2808 0.0000
vt 0.3362 0.2808 0.0000
vt 0.3362 0.2377 0.0000
vt 0.2858 0.2377 0.0000
vt 0.2858 0.2808 0.0000
vt 0.4798 0.6479 0.0000
vt 0.4660 0.6319 0.0000
vt 0.4660 0.6092 0.0000
vt 0.4798 0.5932 0.0000
vt 0.5186 0.5932 0.0000
vt 0.5186 0.6479 0.0000
vt 0.1056 0.3569 0.0000
vt 0.0905 0.3569 0.0000
vt 0.0905 0.3143 0.0000
vt 0.1055 0.3143 0.0000
vt 0.1283 0.2462 0.0000
vt 0.1283 0.1674 0.0000
vt 0.1533 0.1674 0.0000
vt 0.1533 0.2462 0.0000
vt 0.3609 0.0524 0.0000
vt 0.3601 0.0584 0.0000
vt 0.3165 0.0622 0.0000
vt 0.3189 0.0451 0.0000
vt 0.3764 0.0455 0.0000
vt 0.3734 0.0669 0.0000
vt 0.1122 0.3712 0.0000
vt 0.0905 0.3712 0.0000
vt 0.3152 0.0715 0.0000
vt 0.1249 0.3143 0.0000
vt 0.3941 0.0763 0.0000
vt 0.3143 0.0783 0.0000
vt 0.3980 0.0485 0.0000
vt 0.1186 0.3930 0.0000
vt 0.0905 0.3930 0.0000
vt 0.1317 0.3143 0.0000
vt 0.1533 0.2637 0.0000
vt 0.1283 0.2637 0.0000
vt 0.4155 0.0495 0.0000
vt 0.0891 0.4105 0.0000
vt 0.4764 0.0143 0.0000
vt 0.3040 0.0143 0.0000
vt 0.3040 0.0059 0.0000
vt 0.4764 0.0059 0.0000
vt 0.2702 0.0059 0.0000
vt 0.2702 0.0143 0.0000
vt 0.0645 0.4128 0.0000
vt 0.0595 0.4128 0.0000
vt 0.0595 0.2408 0.0000
vt 0.0645 0.2239 0.0000
vt 0.0324 0.4128 0.0000
vt 0.0324 0.2239 0.0000
vt 0.0374 0.2408 0.0000
vt 0.0371 0.4128 0.0000
vt 0.0469 0.2404 0.0000
vt 0.0467 0.4128 0.0000
vt 0.0499 0.4128 0.0000
vt 0.0499 0.2404 0.0000
vt 0.0665 0.2066 0.0000
vt 0.0304 0.2066 0.0000
vt 0.8056 0.8233 0.0000
vt 0.8171 0.8384 0.0000
vt 0.7865 0.8384 0.0000
vt 0.7743 0.8233 0.0000
vt 0.8807 0.8406 0.0000
vt 0.8807 0.8478 0.0000
vt 0.8502 0.8478 0.0000
vt 0.8502 0.8406 0.0000
vt 0.8380 0.8478 0.0000
vt 0.8380 0.8331 0.0000
vt 0.8135 0.8256 0.0000
vt 0.8135 0.8184 0.0000
vt 0.8472 0.8184 0.0000
vt 0.8440 0.8256 0.0000
vt 0.8631 0.8386 0.0000
vt 0.8562 0.8386 0.0000
vt 0.4430 0.5357 0.0000
vt 0.4543 0.5357 0.0000
vt 0.4543 0.5694 0.0000
vt 0.4430 0.5694 0.0000
vt 0.4317 0.5694 0.0000
vt 0.4317 0.5357 0.0000
vt 0.4660 0.5119 0.0000
vt 0.4660 0.4807 0.0000
vt 0.4810 0.4929 0.0000
vt 0.4810 0.5234 0.0000
vt 0.4438 0.4660 0.0000
vt 0.4438 0.4965 0.0000
vt 0.4366 0.4965 0.0000
vt 0.4366 0.4660 0.0000
vt 0.4513 0.5087 0.0000
vt 0.4366 0.5087 0.0000
vt 0.2624 0.5108 0.0000
vt 0.2917 0.5192 0.0000
vt 0.2928 0.5270 0.0000
vt 0.2604 0.5177 0.0000
vt 0.3070 0.5100 0.0000
vt 0.3136 0.5119 0.0000
vt 0.4543 0.5198 0.0000
vt 0.4430 0.5198 0.0000
vt 0.4317 0.5198 0.0000
vt 0.2693 0.3927 0.0000
vt 0.2831 0.4065 0.0000
vt 0.2831 0.4259 0.0000
vt 0.2693 0.4397 0.0000
vt 0.2498 0.4397 0.0000
vt 0.2361 0.4259 0.0000
vt 0.2361 0.4065 0.0000
vt 0.2498 0.3927 0.0000
vt 0.9889 0.9085 0.0000
vt 0.9799 0.9085 0.0000
vt 0.9799 0.8918 0.0000
vt 0.9889 0.8918 0.0000
vt 0.5337 0.6483 0.0000
vt 0.5247 0.6483 0.0000
vt 0.5247 0.6246 0.0000
vt 0.5337 0.6246 0.0000
vt 0.5247 0.6079 0.0000
vt 0.5337 0.6079 0.0000
vt 0.1470 0.6287 0.0000
vt 0.1380 0.6287 0.0000
vt 0.1380 0.6120 0.0000
vt 0.1470 0.6120 0.0000
vt 0.1380 0.5884 0.0000
vt 0.1470 0.5884 0.0000
vt 0.9889 0.9489 0.0000
vt 0.9799 0.9489 0.0000
vt 0.9799 0.9322 0.0000
vt 0.9889 0.9322 0.0000
vt 0.0785 0.4956 0.0000
vt 0.0980 0.4956 0.0000
vt 0.1118 0.5093 0.0000
vt 0.1118 0.5288 0.0000
vt 0.0980 0.5426 0.0000
vt 0.0785 0.5426 0.0000
vt 0.0648 0.5288 0.0000
vt 0.0648 0.5093 0.0000
vt 0.2881 0.4044 0.0000
vt 0.2714 0.3877 0.0000
vt 0.2478 0.3877 0.0000
vt 0.2310 0.4044 0.0000
vt 0.2310 0.4280 0.0000
vt 0.2478 0.4447 0.0000
vt 0.2714 0.4447 0.0000
vt 0.2881 0.4280 0.0000
vt 0.0597 0.5308 0.0000
vt 0.0764 0.5475 0.0000
vt 0.1001 0.5475 0.0000
vt 0.1168 0.5308 0.0000
vt 0.1168 0.5072 0.0000
vt 0.1001 0.4905 0.0000
vt 0.0764 0.4905 0.0000
vt 0.0597 0.5072 0.0000
vt 0.3877 0.4464 0.0000
vt 0.3970 0.4464 0.0000
vt 0.3970 0.4511 0.0000
vt 0.3877 0.4511 0.0000
vt 0.5180 0.5198 0.0000
vt 0.5114 0.5198 0.0000
vt 0.5114 0.5106 0.0000
vt 0.5180 0.5107 0.0000
vt 0.7303 0.7107 0.0000
vt 0.7396 0.7107 0.0000
vt 0.7396 0.7154 0.0000
vt 0.7303 0.7154 0.0000
vt 0.4776 0.0842 0.0000
vt 0.4711 0.0842 0.0000
vt 0.4710 0.0750 0.0000
vt 0.4776 0.0750 0.0000
vt 0.4935 0.0841 0.0000
vt 0.4869 0.0841 0.0000
vt 0.4869 0.0750 0.0000
vt 0.4935 0.0750 0.0000
vt 0.7450 0.7107 0.0000
vt 0.7543 0.7107 0.0000
vt 0.7543 0.7154 0.0000
vt 0.7450 0.7154 0.0000
vt 0.5021 0.5197 0.0000
vt 0.4955 0.5197 0.0000
vt 0.4955 0.5106 0.0000
vt 0.5021 0.5106 0.0000
vt 0.5114 0.4856 0.0000
vt 0.5021 0.4856 0.0000
vt 0.5180 0.4856 0.0000
vt 0.4727 0.2359 0.0000
vt 0.4727 0.2109 0.0000
vt 0.4820 0.2109 0.0000
vt 0.4820 0.2359 0.0000
vt 0.4776 0.0500 0.0000
vt 0.4710 0.0500 0.0000
vt 0.4869 0.0499 0.0000
vt 0.4935 0.0499 0.0000
vt 0.5492 0.2275 0.0000
vt 0.5242 0.2275 0.0000
vt 0.5242 0.2182 0.0000
vt 0.5492 0.2182 0.0000
vt 0.4955 0.4856 0.0000
vt 0.4886 0.2017 0.0000
vt 0.4985 0.2017 0.0000
vt 0.4985 0.2064 0.0000
vt 0.4886 0.2109 0.0000
vt 0.4758 0.4671 0.0000
vt 0.4758 0.4562 0.0000
vt 0.4851 0.4562 0.0000
vt 0.4851 0.4671 0.0000
vt 0.5242 0.2341 0.0000
vt 0.5197 0.2440 0.0000
vt 0.5149 0.2440 0.0000
vt 0.5150 0.2341 0.0000
vt 0.4611 0.0842 0.0000
vt 0.4611 0.0795 0.0000
vt 0.8820 0.8929 0.0000
vt 0.8820 0.8820 0.0000
vt 0.8913 0.8820 0.0000
vt 0.8913 0.8929 0.0000
vt 0.5279 0.5151 0.0000
vt 0.5279 0.5198 0.0000
vt 0.5150 0.2116 0.0000
vt 0.5149 0.2017 0.0000
vt 0.5197 0.2017 0.0000
vt 0.5242 0.2116 0.0000
vt 0.5063 0.1082 0.0000
vt 0.4954 0.1082 0.0000
vt 0.4954 0.0990 0.0000
vt 0.5063 0.0989 0.0000
vt 0.4662 0.2109 0.0000
vt 0.4562 0.2064 0.0000
vt 0.4562 0.2017 0.0000
vt 0.4662 0.2017 0.0000
vt 0.4856 0.5198 0.0000
vt 0.4856 0.5151 0.0000
vt 0.4758 0.4818 0.0000
vt 0.4758 0.4709 0.0000
vt 0.4851 0.4709 0.0000
vt 0.4851 0.4818 0.0000
vt 0.5034 0.0795 0.0000
vt 0.5034 0.0842 0.0000
vt 0.4336 0.0989 0.0000
vt 0.4504 0.1184 0.0000
vt 0.4504 0.1459 0.0000
vt 0.4336 0.1654 0.0000
vt 0.3926 0.1654 0.0000
vt 0.3926 0.0989 0.0000
vt 0.5894 0.3708 0.0000
vt 0.5894 0.4127 0.0000
vt 0.5639 0.4127 0.0000
vt 0.5639 0.3708 0.0000
vt 0.6255 0.3708 0.0000
vt 0.6255 0.4127 0.0000
vt 0.6510 0.3708 0.0000
vt 0.6510 0.4127 0.0000
vt 0.7086 0.7458 0.0000
vt 0.6667 0.7458 0.0000
vt 0.6667 0.7009 0.0000
vt 0.7086 0.7009 0.0000
vt 0.1821 0.4345 0.0000
vt 0.1821 0.3926 0.0000
vt 0.2270 0.3926 0.0000
vt 0.2270 0.4345 0.0000
vt 0.5912 0.4323 0.0000
vt 0.5936 0.4374 0.0000
vt 0.5741 0.4374 0.0000
vt 0.5682 0.4323 0.0000
vt 0.3926 0.1714 0.0000
vt 0.4357 0.1714 0.0000
vt 0.6467 0.4323 0.0000
vt 0.6407 0.4374 0.0000
vt 0.6212 0.4374 0.0000
vt 0.6237 0.4323 0.0000
vt 0.5682 0.3537 0.0000
vt 0.5741 0.3485 0.0000
vt 0.5936 0.3485 0.0000
vt 0.5912 0.3537 0.0000
vt 0.6212 0.3485 0.0000
vt 0.6237 0.3537 0.0000
vt 0.6407 0.3485 0.0000
vt 0.6467 0.3537 0.0000
vt 0.7450 0.8039 0.0000
vt 0.7471 0.7979 0.0000
vt 0.7881 0.7979 0.0000
vt 0.7881 0.8039 0.0000
vt 0.7881 0.7254 0.0000
vt 0.7881 0.7314 0.0000
vt 0.7471 0.7314 0.0000
vt 0.7450 0.7254 0.0000
vt 0.7492 0.7373 0.0000
vt 0.7354 0.7533 0.0000
vt 0.7303 0.7509 0.0000
vt 0.7354 0.7760 0.0000
vt 0.7303 0.7784 0.0000
vt 0.7492 0.7919 0.0000
vt 0.7881 0.7919 0.0000
vt 0.7881 0.7373 0.0000
vt 0.1821 0.5747 0.0000
vt 0.1821 0.5590 0.0000
vt 0.1981 0.5590 0.0000
vt 0.1981 0.5747 0.0000
vt 0.2207 0.5590 0.0000
vt 0.2207 0.5747 0.0000
vt 0.2367 0.5590 0.0000
vt 0.2367 0.5747 0.0000
vt 0.5502 0.3335 0.0000
vt 0.5345 0.3335 0.0000
vt 0.5345 0.2947 0.0000
vt 0.5502 0.2947 0.0000
vt 0.4954 0.2947 0.0000
vt 0.5111 0.2947 0.0000
vt 0.5111 0.3335 0.0000
vt 0.4954 0.3335 0.0000
vt 0.5912 0.3665 0.0000
vt 0.5682 0.3665 0.0000
vt 0.5682 0.4170 0.0000
vt 0.5912 0.4170 0.0000
vt 0.6237 0.3665 0.0000
vt 0.6237 0.4170 0.0000
vt 0.6467 0.3665 0.0000
vt 0.6467 0.4170 0.0000
vt 0.7257 0.7458 0.0000
vt 0.7128 0.7458 0.0000
vt 0.7128 0.7026 0.0000
vt 0.7257 0.7026 0.0000
vt 0.6471 0.7026 0.0000
vt 0.6624 0.7026 0.0000
vt 0.6624 0.7458 0.0000
vt 0.6471 0.7458 0.0000
vt 0.1838 0.4516 0.0000
vt 0.1838 0.4388 0.0000
vt 0.2270 0.4388 0.0000
vt 0.2270 0.4516 0.0000
vt 0.3156 0.5198 0.0000
vt 0.3382 0.5198 0.0000
vt 0.3542 0.5336 0.0000
vt 0.2996 0.5336 0.0000
vt 0.2996 0.5725 0.0000
vt 0.3542 0.5725 0.0000
vt 0.4589 0.4073 0.0000
vt 0.4704 0.4223 0.0000
vt 0.4488 0.4223 0.0000
vt 0.4366 0.4073 0.0000
vt 0.4709 0.4194 0.0000
vt 0.4709 0.4121 0.0000
vt 0.4925 0.4121 0.0000
vt 0.4925 0.4194 0.0000
vt 0.5046 0.4121 0.0000
vt 0.5046 0.4269 0.0000
vt 0.5368 0.2815 0.0000
vt 0.5296 0.2815 0.0000
vt 0.5296 0.2567 0.0000
vt 0.5368 0.2599 0.0000
vt 0.5498 0.2408 0.0000
vt 0.5498 0.2477 0.0000
vt 0.4773 0.3301 0.0000
vt 0.4886 0.3301 0.0000
vt 0.4886 0.3549 0.0000
vt 0.4773 0.3549 0.0000
vt 0.4660 0.3549 0.0000
vt 0.4660 0.3301 0.0000
vt 0.4334 0.3877 0.0000
vt 0.4557 0.3877 0.0000
vt 0.4435 0.4027 0.0000
vt 0.4219 0.4027 0.0000
vt 0.5420 0.5144 0.0000
vt 0.5420 0.4929 0.0000
vt 0.5492 0.4929 0.0000
vt 0.5492 0.5144 0.0000
vt 0.5345 0.4807 0.0000
vt 0.5492 0.4807 0.0000
vt 0.4322 0.4635 0.0000
vt 0.4249 0.4838 0.0000
vt 0.4170 0.4843 0.0000
vt 0.4255 0.4611 0.0000
vt 0.4330 0.4997 0.0000
vt 0.4306 0.5062 0.0000
vt 0.4886 0.3143 0.0000
vt 0.4773 0.3143 0.0000
vt 0.4660 0.3143 0.0000
vt 0.4210 0.3389 0.0000
vt 0.4348 0.3526 0.0000
vt 0.4348 0.3721 0.0000
vt 0.4210 0.3859 0.0000
vt 0.4016 0.3859 0.0000
vt 0.3878 0.3721 0.0000
vt 0.3878 0.3526 0.0000
vt 0.4016 0.3389 0.0000
vt 0.3497 0.3722 0.0000
vt 0.3497 0.3632 0.0000
vt 0.3664 0.3632 0.0000
vt 0.3664 0.3722 0.0000
vt 0.8147 0.8478 0.0000
vt 0.8147 0.8567 0.0000
vt 0.7911 0.8567 0.0000
vt 0.7911 0.8478 0.0000
vt 0.7743 0.8567 0.0000
vt 0.7743 0.8478 0.0000
vt 0.8783 0.8527 0.0000
vt 0.8783 0.8616 0.0000
vt 0.8616 0.8616 0.0000
vt 0.8616 0.8527 0.0000
vt 0.8380 0.8616 0.0000
vt 0.8380 0.8527 0.0000
vt 0.3094 0.3722 0.0000
vt 0.3094 0.3632 0.0000
vt 0.3261 0.3632 0.0000
vt 0.3261 0.3722 0.0000
vt 0.3184 0.3830 0.0000
vt 0.3378 0.3830 0.0000
vt 0.3516 0.3968 0.0000
vt 0.3516 0.4162 0.0000
vt 0.3378 0.4300 0.0000
vt 0.3184 0.4300 0.0000
vt 0.3046 0.4162 0.0000
vt 0.3046 0.3968 0.0000
vt 0.4398 0.3505 0.0000
vt 0.4231 0.3338 0.0000
vt 0.3995 0.3338 0.0000
vt 0.3828 0.3505 0.0000
vt 0.3828 0.3742 0.0000
vt 0.3995 0.3909 0.0000
vt 0.4231 0.3909 0.0000
vt 0.4398 0.3742 0.0000
vt 0.2996 0.4182 0.0000
vt 0.3163 0.4349 0.0000
vt 0.3399 0.4349 0.0000
vt 0.3566 0.4182 0.0000
vt 0.3566 0.3946 0.0000
vt 0.3399 0.3779 0.0000
vt 0.3163 0.3779 0.0000
vt 0.2996 0.3946 0.0000
vt 0.3650 0.2947 0.0000
vt 0.3818 0.3142 0.0000
vt 0.3818 0.3417 0.0000
vt 0.3650 0.3612 0.0000
vt 0.3240 0.3612 0.0000
vt 0.3240 0.2947 0.0000
vt 0.5894 0.4638 0.0000
vt 0.5894 0.5057 0.0000
vt 0.5639 0.5057 0.0000
vt 0.5639 0.4638 0.0000
vt 0.6255 0.4638 0.0000
vt 0.6255 0.5057 0.0000
vt 0.6510 0.4638 0.0000
vt 0.6510 0.5057 0.0000
vt 0.2096 0.3297 0.0000
vt 0.1677 0.3297 0.0000
vt 0.1677 0.2849 0.0000
vt 0.2096 0.2849 0.0000
vt 0.2824 0.1870 0.0000
vt 0.3243 0.1870 0.0000
vt 0.3243 0.2319 0.0000
vt 0.2824 0.2319 0.0000
vt 0.5912 0.5253 0.0000
vt 0.5936 0.5304 0.0000
vt 0.5741 0.5304 0.0000
vt 0.5682 0.5253 0.0000
vt 0.3439 0.1887 0.0000
vt 0.3491 0.1908 0.0000
vt 0.3491 0.2318 0.0000
vt 0.3439 0.2319 0.0000
vt 0.1481 0.3297 0.0000
vt 0.1429 0.3297 0.0000
vt 0.1429 0.2887 0.0000
vt 0.1481 0.2866 0.0000
vt 0.6467 0.5253 0.0000
vt 0.6407 0.5304 0.0000
vt 0.6212 0.5304 0.0000
vt 0.6237 0.5253 0.0000
vt 0.5682 0.4467 0.0000
vt 0.5741 0.4415 0.0000
vt 0.5936 0.4415 0.0000
vt 0.5912 0.4467 0.0000
vt 0.6212 0.4415 0.0000
vt 0.6237 0.4467 0.0000
vt 0.6407 0.4415 0.0000
vt 0.6467 0.4467 0.0000
vt 0.7988 0.8039 0.0000
vt 0.8009 0.7979 0.0000
vt 0.8419 0.7979 0.0000
vt 0.8419 0.8039 0.0000
vt 0.8419 0.7254 0.0000
vt 0.8419 0.7314 0.0000
vt 0.8009 0.7314 0.0000
vt 0.7988 0.7254 0.0000
vt 0.8031 0.7373 0.0000
vt 0.7893 0.7533 0.0000
vt 0.7841 0.7509 0.0000
vt 0.7893 0.7760 0.0000
vt 0.7841 0.7784 0.0000
vt 0.8031 0.7919 0.0000
vt 0.8419 0.7919 0.0000
vt 0.8419 0.7373 0.0000
vt 0.2408 0.5747 0.0000
vt 0.2408 0.5590 0.0000
vt 0.2568 0.5590 0.0000
vt 0.2568 0.5747 0.0000
vt 0.2795 0.5590 0.0000
vt 0.2795 0.5747 0.0000
vt 0.2954 0.5590 0.0000
vt 0.2954 0.5747 0.0000
vt 0.5538 0.3877 0.0000
vt 0.5538 0.4034 0.0000
vt 0.5149 0.4034 0.0000
vt 0.5149 0.3877 0.0000
vt 0.6432 0.8670 0.0000
vt 0.6275 0.8670 0.0000
vt 0.6275 0.8282 0.0000
vt 0.6432 0.8282 0.0000
vt 0.5912 0.4595 0.0000
vt 0.5682 0.4595 0.0000
vt 0.5682 0.5100 0.0000
vt 0.5912 0.5100 0.0000
vt 0.6237 0.4595 0.0000
vt 0.6237 0.5100 0.0000
vt 0.6467 0.4595 0.0000
vt 0.6467 0.5100 0.0000
vt 0.2267 0.3297 0.0000
vt 0.2139 0.3297 0.0000
vt 0.2139 0.2866 0.0000
vt 0.2267 0.2866 0.0000
vt 0.1634 0.2866 0.0000
vt 0.1634 0.3297 0.0000
vt 0.2653 0.1887 0.0000
vt 0.2781 0.1887 0.0000
vt 0.2781 0.2319 0.0000
vt 0.2653 0.2319 0.0000
vt 0.3286 0.2319 0.0000
vt 0.3286 0.1887 0.0000
vt 0.4232 0.5835 0.0000
vt 0.4459 0.5835 0.0000
vt 0.4619 0.5972 0.0000
vt 0.4073 0.5972 0.0000
vt 0.4073 0.6361 0.0000
vt 0.4619 0.6361 0.0000
vt 0.8790 0.9460 0.0000
vt 0.8774 0.9886 0.0000
vt 0.8624 0.9881 0.0000
vt 0.8639 0.9455 0.0000
vt 0.0891 0.2240 0.0000
vt 0.1141 0.2240 0.0000
vt 0.1141 0.3028 0.0000
vt 0.0891 0.3028 0.0000
vt 0.9455 0.8484 0.0000
vt 0.9881 0.8470 0.0000
vt 0.9881 0.8643 0.0000
vt 0.9455 0.8544 0.0000
vt 0.9311 0.8394 0.0000
vt 0.9311 0.8610 0.0000
vt 0.8860 0.9319 0.0000
vt 0.8644 0.9312 0.0000
vt 0.8674 0.8362 0.0000
vt 0.8527 0.8218 0.0000
vt 0.8527 0.7792 0.0000
vt 0.8674 0.7792 0.0000
vt 0.8967 0.9893 0.0000
vt 0.9093 0.8674 0.0000
vt 0.9881 0.8737 0.0000
vt 0.9881 0.8806 0.0000
vt 0.9093 0.8394 0.0000
vt 0.8932 0.9103 0.0000
vt 0.8652 0.9093 0.0000
vt 0.9036 0.9895 0.0000
vt 0.1141 0.2066 0.0000
vt 0.0891 0.2066 0.0000
vt 0.8918 0.8380 0.0000
vt 0.8644 0.8918 0.0000
vt 0.0160 0.2066 0.0000
vt 0.0244 0.2066 0.0000
vt 0.0244 0.3790 0.0000
vt 0.0160 0.3790 0.0000
vt 0.0244 0.4128 0.0000
vt 0.0160 0.4128 0.0000
vt 0.0695 0.3955 0.0000
vt 0.0695 0.2066 0.0000
vt 0.0745 0.2234 0.0000
vt 0.0745 0.3955 0.0000
vt 0.4954 0.0089 0.0000
vt 0.5000 0.0079 0.0000
vt 0.5359 0.1761 0.0000
vt 0.5346 0.1936 0.0000
vt 0.5454 0.1745 0.0000
vt 0.5094 0.0059 0.0000
vt 0.0841 0.3955 0.0000
vt 0.0841 0.2230 0.0000
vt 0.0295 0.3786 0.0000
vt 0.0295 0.3955 0.0000
vt 0.0108 0.3786 0.0000
vt 0.0108 0.3955 0.0000
vt 0.6812 0.8967 0.0000
vt 0.6812 0.9060 0.0000
vt 0.6765 0.9060 0.0000
vt 0.6765 0.8967 0.0000
vt 0.4758 0.1802 0.0000
vt 0.4758 0.1737 0.0000
vt 0.4849 0.1737 0.0000
vt 0.4849 0.1802 0.0000
vt 0.6812 0.9114 0.0000
vt 0.6812 0.9207 0.0000
vt 0.6765 0.9207 0.0000
vt 0.6765 0.9114 0.0000
vt 0.4611 0.1737 0.0000
vt 0.4611 0.1802 0.0000
vt 0.4520 0.1802 0.0000
vt 0.4520 0.1737 0.0000
vt 0.4611 0.1578 0.0000
vt 0.4611 0.1644 0.0000
vt 0.4520 0.1644 0.0000
vt 0.4520 0.1578 0.0000
vt 0.6812 0.9408 0.0000
vt 0.6812 0.9501 0.0000
vt 0.6765 0.9501 0.0000
vt 0.6765 0.9408 0.0000
vt 0.4758 0.1644 0.0000
vt 0.4758 0.1578 0.0000
vt 0.4849 0.1578 0.0000
vt 0.4849 0.1644 0.0000
vt 0.5058 0.1737 0.0000
vt 0.5058 0.1644 0.0000
vt 0.4974 0.1802 0.0000
vt 0.5608 0.2213 0.0000
vt 0.5608 0.2157 0.0000
vt 0.5701 0.2157 0.0000
vt 0.5701 0.2282 0.0000
vt 0.4464 0.1737 0.0000
vt 0.4464 0.1802 0.0000
vt 0.4464 0.1644 0.0000
vt 0.4464 0.1578 0.0000
vt 0.4366 0.2672 0.0000
vt 0.4557 0.2672 0.0000
vt 0.4557 0.2764 0.0000
vt 0.4501 0.2764 0.0000
vt 0.5040 0.1578 0.0000
vt 0.5767 0.2066 0.0000
vt 0.5866 0.2066 0.0000
vt 0.5866 0.2113 0.0000
vt 0.5767 0.2157 0.0000
vt 0.3578 0.4317 0.0000
vt 0.3578 0.4426 0.0000
vt 0.3485 0.4426 0.0000
vt 0.3485 0.4317 0.0000
vt 0.4557 0.2606 0.0000
vt 0.4602 0.2506 0.0000
vt 0.4649 0.2506 0.0000
vt 0.4649 0.2606 0.0000
vt 0.4611 0.1902 0.0000
vt 0.4564 0.1902 0.0000
vt 0.6765 0.8782 0.0000
vt 0.6765 0.8673 0.0000
vt 0.6857 0.8673 0.0000
vt 0.6857 0.8782 0.0000
vt 0.4805 0.1902 0.0000
vt 0.4758 0.1902 0.0000
vt 0.4649 0.2830 0.0000
vt 0.4649 0.2930 0.0000
vt 0.4602 0.2930 0.0000
vt 0.4557 0.2830 0.0000
vt 0.9261 0.9897 0.0000
vt 0.9370 0.9897 0.0000
vt 0.9370 0.9990 0.0000
vt 0.9261 0.9990 0.0000
vt 0.5543 0.2157 0.0000
vt 0.5443 0.2113 0.0000
vt 0.5443 0.2066 0.0000
vt 0.5543 0.2066 0.0000
vt 0.4758 0.1478 0.0000
vt 0.4805 0.1478 0.0000
vt 0.6765 0.8527 0.0000
vt 0.6874 0.8527 0.0000
vt 0.6874 0.8620 0.0000
vt 0.6765 0.8620 0.0000
vt 0.4564 0.1478 0.0000
vt 0.4611 0.1478 0.0000
# 1782 texture coords

o Target
g Target
usemtl Material__919
s off
f 118/1/120 119/2/120 120/3/120 
f 120/3/121 121/4/121 118/1/121 
f 122/5/122 123/6/122 124/7/122 
f 124/7/122 125/8/122 122/5/122 
f 118/1/122 121/4/122 126/9/122 
f 126/9/122 127/10/122 118/1/122 
f 128/11/123 129/12/123 125/8/123 
f 125/8/123 126/9/123 128/11/123 
f 130/13/124 131/14/124 132/15/124 
f 132/15/124 133/16/124 130/13/124 
f 134/17/124 135/18/124 136/19/124 
f 136/19/124 137/20/124 134/17/124 
f 125/21/125 124/22/125 133/23/125 
f 133/23/125 138/24/125 125/21/125 
f 124/25/126 127/26/126 130/27/126 
f 130/27/126 133/28/126 124/25/126 
f 126/29/127 139/30/127 130/31/127 
f 130/31/127 127/32/127 126/29/127 
f 126/33/128 125/34/128 138/35/128 
f 138/35/128 139/36/128 126/33/128 
f 140/37/128 141/38/128 142/39/128 
f 142/39/128 143/40/128 140/37/128 
f 120/41/129 119/42/129 144/43/129 
f 120/41/129 144/43/129 145/44/129 
f 146/45/129 147/46/129 148/47/129 
f 149/48/129 146/45/129 148/47/129 
f 145/44/129 149/48/129 148/47/129 
f 120/41/129 145/44/129 148/47/129 
f 150/49/130 151/50/130 152/51/130 
f 152/51/130 153/52/130 150/49/130 
f 154/53/131 134/54/131 155/55/131 
f 155/55/131 156/56/131 157/57/131 
f 157/57/127 158/58/127 159/59/127 
f 155/55/127 157/57/127 159/59/127 
f 154/53/127 155/55/127 159/59/127 
f 160/60/132 145/61/132 161/62/132 
f 160/60/132 161/62/132 153/63/132 
f 160/60/132 153/63/132 162/64/132 
f 153/63/133 152/65/133 163/66/133 
f 163/66/134 162/64/134 153/63/134 
f 164/67/132 140/68/132 143/69/132 
f 143/69/132 165/70/132 164/67/132 
f 166/71/132 167/72/132 168/73/132 
f 168/73/132 169/74/132 166/71/132 
f 170/75/135 171/76/135 172/77/135 
f 172/77/135 173/78/135 170/75/135 
f 174/79/127 175/80/127 176/81/127 
f 176/81/127 177/82/127 174/79/127 
f 177/83/124 176/84/124 178/85/124 
f 178/85/124 179/86/124 177/83/124 
f 160/87/136 162/88/136 180/89/136 
f 180/89/136 181/90/136 160/87/136 
f 181/90/137 180/89/137 182/91/137 
f 182/91/137 183/92/137 181/90/137 
s 4
f 184/93/136 185/94/136 150/95/136 
f 184/93/136 150/95/136 153/96/136 
f 184/93/136 153/96/136 161/97/136 
s off
f 121/4/138 120/3/138 186/98/138 
f 186/98/139 187/99/139 121/4/139 
f 150/100/140 185/101/140 188/102/140 
f 188/102/141 151/103/141 150/100/141 
f 171/76/142 141/104/142 189/105/142 
f 189/105/142 172/77/142 171/76/142 
f 185/101/143 190/106/143 191/107/143 
f 191/107/144 188/102/144 185/101/144 
f 192/108/145 193/109/145 154/110/145 
f 154/110/124 159/111/124 192/108/124 
f 184/93/146 144/43/146 119/42/146 
f 184/93/146 119/42/146 190/112/146 
f 184/93/146 190/112/146 185/94/146 
f 190/106/147 119/2/147 118/1/147 
f 118/1/147 191/107/147 190/106/147 
s 1
f 191/107/132 118/1/132 127/10/132 
f 127/10/132 173/78/132 191/107/132 
s 8
f 194/113/136 195/114/136 196/115/136 
f 196/115/136 197/116/136 194/113/136 
s off
f 145/44/136 144/43/136 198/117/136 
f 198/117/136 199/118/136 145/44/136 
f 144/43/136 184/93/136 200/119/136 
f 200/119/136 198/117/136 144/43/136 
f 184/93/136 161/97/136 201/120/136 
f 201/120/136 200/119/136 184/93/136 
f 161/97/136 145/44/136 199/118/136 
f 199/118/136 201/120/136 161/97/136 
f 199/121/148 198/122/148 197/123/148 
f 197/123/148 196/124/148 199/121/148 
f 198/125/149 200/126/149 194/127/149 
f 194/127/149 197/128/149 198/125/149 
f 200/129/150 201/130/150 195/131/150 
f 195/131/150 194/132/150 200/129/150 
f 201/133/151 199/134/151 196/135/151 
f 196/135/151 195/136/151 201/133/151 
f 186/137/152 120/41/152 148/47/152 
f 148/47/152 202/138/152 203/139/152 
f 148/47/152 203/139/152 204/140/152 
f 186/137/153 148/47/153 204/140/153 
f 167/141/127 205/142/127 206/143/127 
f 206/143/127 168/144/127 167/141/127 
f 203/145/154 207/146/154 208/147/154 
f 208/147/154 204/148/154 203/145/154 
f 209/149/146 210/150/146 160/87/146 
f 160/87/125 181/90/125 209/149/125 
f 154/110/124 193/109/124 135/18/124 
f 135/18/124 134/17/124 154/110/124 
f 211/151/127 155/55/127 134/54/127 
f 212/152/127 211/151/127 134/54/127 
f 212/152/155 134/54/155 137/153/155 
f 213/154/127 212/152/127 137/153/127 
f 137/153/127 166/155/127 169/156/127 
f 213/154/127 137/153/127 169/156/127 
s 32
f 214/157/124 131/14/124 130/13/124 
f 130/13/124 215/158/124 214/157/124 
f 215/158/124 130/13/124 139/159/124 
f 139/159/124 216/160/124 215/158/124 
s 1
f 215/161/127 174/79/127 217/162/127 
f 217/162/127 214/163/127 215/161/127 
s 2
f 216/164/155 175/80/155 174/79/155 
f 174/79/155 215/161/127 216/164/155 
s off
f 166/165/126 218/166/126 205/167/126 
f 205/167/126 167/168/126 166/165/126 
f 182/91/156 180/89/156 219/169/156 
f 219/169/156 220/170/156 182/91/156 
f 221/171/126 222/172/126 223/173/126 
f 223/173/126 224/174/126 221/171/126 
f 133/16/124 132/15/124 136/19/124 
f 136/19/124 135/18/124 133/16/124 
f 138/175/124 133/16/124 135/18/124 
f 135/18/124 193/109/124 138/175/124 
f 166/165/126 137/176/126 136/177/126 
f 136/177/126 224/174/126 166/165/126 
f 217/178/126 225/179/126 226/180/126 
f 226/180/126 227/181/126 217/178/126 
f 132/182/126 221/171/126 224/174/126 
f 224/174/126 136/177/126 132/182/126 
f 132/182/126 131/183/126 227/181/126 
f 227/181/126 221/171/126 132/182/126 
f 131/183/126 214/184/126 217/178/126 
f 217/178/126 227/181/126 131/183/126 
f 228/185/126 229/186/126 230/187/126 
f 230/187/126 231/188/126 228/185/126 
f 126/9/123 121/4/123 187/99/123 
f 187/99/123 128/11/123 126/9/123 
f 232/189/157 122/5/157 125/8/157 
f 125/8/123 129/12/123 232/189/123 
f 152/51/128 151/50/128 189/190/128 
f 189/190/128 233/191/128 152/51/128 
f 233/191/128 189/190/128 141/38/128 
f 141/38/128 140/37/128 233/191/128 
f 213/192/128 169/193/128 143/40/128 
f 143/40/128 142/39/128 213/192/128 
f 163/66/132 152/65/132 233/194/132 
f 233/194/132 234/195/132 163/66/132 
f 234/195/132 233/194/132 140/68/132 
f 140/68/132 164/67/132 234/195/132 
f 169/74/132 168/73/132 165/70/132 
f 165/70/132 143/69/132 169/74/132 
f 211/196/135 212/197/135 235/198/135 
f 235/198/135 236/199/135 211/196/135 
f 236/199/135 235/198/135 171/76/135 
f 171/76/135 170/75/135 236/199/135 
f 188/102/135 191/107/135 173/78/135 
f 173/78/135 172/77/135 188/102/135 
f 212/197/142 213/200/142 142/201/142 
f 142/201/142 235/198/142 212/197/142 
f 235/198/142 142/201/142 141/104/142 
f 141/104/142 171/76/142 235/198/142 
f 151/103/142 188/102/142 172/77/142 
f 172/77/142 189/105/142 151/103/142 
f 237/202/128 238/203/128 163/204/128 
f 163/204/128 234/205/128 237/202/128 
f 237/202/128 234/205/128 164/206/128 
f 164/206/128 239/207/128 237/202/128 
f 165/208/128 168/209/128 206/210/128 
f 206/210/128 240/211/128 165/208/128 
s 1
f 127/10/132 124/7/132 170/75/132 
f 170/75/132 173/78/132 127/10/132 
f 124/7/132 123/6/132 236/199/132 
f 236/199/132 170/75/132 124/7/132 
s off
f 156/212/122 155/213/122 123/6/122 
f 123/6/122 122/5/122 156/212/122 
f 157/214/157 156/212/157 122/5/157 
f 122/5/123 232/189/123 157/214/123 
s 1
f 123/6/132 155/213/132 211/196/132 
f 211/196/132 236/199/132 123/6/132 
s off
f 241/215/128 242/216/128 243/217/128 
f 243/217/128 244/218/128 241/215/128 
f 245/219/158 246/220/158 148/221/158 
f 148/221/159 147/222/159 245/219/159 
f 247/223/160 248/224/160 249/225/160 
f 249/225/160 250/226/160 247/223/160 
f 245/219/160 251/227/160 252/228/160 
f 252/228/160 246/220/160 245/219/160 
f 253/229/161 252/228/161 248/224/161 
f 248/224/161 254/230/161 253/229/161 
f 255/231/132 256/232/132 257/233/132 
f 257/233/132 258/234/132 255/231/132 
f 259/235/132 260/236/132 261/237/132 
f 261/237/132 262/238/132 259/235/132 
f 248/239/125 263/240/125 256/241/125 
f 256/241/125 249/242/125 248/239/125 
f 249/243/126 256/244/126 255/245/126 
f 255/245/126 251/246/126 249/243/126 
f 252/247/127 251/248/127 255/249/127 
f 255/249/155 264/250/155 252/247/155 
f 252/251/128 264/252/128 263/253/128 
f 263/253/128 248/254/128 252/251/128 
f 265/255/128 266/256/128 267/257/128 
f 267/257/128 268/258/128 265/255/128 
f 269/259/130 270/260/130 271/261/130 
f 271/261/130 272/262/130 269/259/130 
f 273/263/127 274/264/127 275/265/127 
f 275/265/127 276/266/127 277/267/127 
f 273/263/155 275/265/155 277/267/155 
f 278/268/155 273/263/155 277/267/155 
f 278/268/155 277/267/155 259/269/155 
f 210/270/162 279/271/162 270/272/162 
f 210/270/162 270/272/162 280/273/162 
f 210/270/162 280/273/162 149/274/162 
f 270/272/162 279/271/162 238/275/162 
f 238/275/163 271/276/163 270/272/163 
f 239/277/124 240/278/124 266/279/124 
f 266/279/163 265/280/163 239/277/163 
f 218/281/162 281/282/162 206/283/162 
f 206/283/162 205/284/162 218/281/162 
f 282/285/164 283/286/164 284/287/164 
f 284/287/165 285/288/165 282/285/165 
f 286/289/127 287/290/127 288/291/127 
f 288/291/155 289/292/155 286/289/155 
f 287/293/132 290/294/132 291/295/132 
f 291/295/132 288/296/132 287/293/132 
f 210/150/136 209/149/136 219/169/136 
f 219/169/136 279/297/136 210/150/136 
f 209/149/166 292/298/166 220/170/166 
f 220/170/166 219/169/166 209/149/166 
s 4
f 293/299/136 280/300/136 270/301/136 
f 293/299/136 270/301/136 269/302/136 
f 293/299/136 269/302/136 294/303/136 
s off
f 246/220/167 295/304/167 202/305/167 
f 202/305/168 148/221/168 246/220/168 
f 269/306/169 272/307/169 296/308/169 
f 296/308/170 294/309/170 269/306/170 
f 285/288/171 284/287/171 297/310/171 
f 297/310/171 268/311/171 285/288/171 
f 294/309/172 296/308/172 298/312/172 
f 298/312/173 299/313/173 294/309/173 
f 300/314/134 273/315/134 278/316/134 
f 278/316/174 301/317/174 300/314/174 
f 293/299/125 294/303/125 299/318/125 
f 293/299/146 299/318/146 147/46/146 
f 293/299/146 147/46/146 146/45/146 
f 299/313/175 298/312/175 245/219/175 
f 245/219/175 147/222/175 299/313/175 
s 1
f 298/312/124 283/286/124 251/227/124 
f 251/227/124 245/219/124 298/312/124 
s 8
f 302/319/136 303/320/136 304/321/136 
f 304/321/136 305/322/136 302/319/136 
s off
f 149/48/136 306/323/136 307/324/136 
f 307/324/136 146/45/136 149/48/136 
f 146/45/136 307/324/136 308/325/136 
f 308/325/136 293/299/136 146/45/136 
f 293/299/136 308/325/136 309/326/136 
f 309/326/136 280/300/136 293/299/136 
f 280/300/136 309/326/136 306/323/136 
f 306/323/136 149/48/136 280/300/136 
f 306/327/148 304/328/148 303/329/148 
f 303/329/148 307/330/148 306/327/148 
f 307/331/151 303/332/151 302/333/151 
f 302/333/151 308/334/151 307/331/151 
f 308/335/150 302/336/150 305/337/150 
f 305/337/150 309/338/150 308/335/150 
f 309/339/149 305/340/149 304/341/149 
f 304/341/149 306/342/149 309/339/149 
f 239/207/128 164/206/128 165/208/128 
f 165/208/128 240/211/128 239/207/128 
f 292/298/146 183/92/146 182/91/146 
f 182/91/146 220/170/146 292/298/146 
f 219/169/146 180/89/146 162/88/146 
f 162/88/125 279/297/125 219/169/125 
f 290/343/127 179/344/127 178/345/127 
f 178/345/127 291/346/127 290/343/127 
f 145/347/126 160/348/126 210/349/126 
f 210/349/126 149/350/126 145/347/126 
f 177/351/176 179/352/176 290/353/176 
f 290/353/176 287/354/176 177/351/176 
f 209/149/177 181/90/177 183/92/177 
f 183/92/177 292/298/177 209/149/177 
f 244/218/128 310/355/128 311/356/128 
f 311/356/128 241/215/128 244/218/128 
f 312/357/128 243/217/128 242/216/128 
f 242/216/128 313/358/128 312/357/128 
f 278/316/132 259/235/132 262/238/132 
f 262/238/132 301/317/132 278/316/132 
f 281/359/127 218/360/127 260/361/127 
f 314/362/127 281/359/127 260/361/127 
f 259/269/155 277/267/155 315/363/155 
f 259/269/155 315/363/155 316/364/155 
f 260/361/127 259/269/127 316/364/127 
f 314/362/127 260/361/127 316/364/127 
s 32
f 317/365/132 318/366/132 255/231/132 
f 255/231/132 258/234/132 317/365/132 
f 318/366/132 319/367/132 264/368/132 
f 264/368/132 255/231/132 318/366/132 
s 1
f 318/369/127 317/370/127 225/371/127 
f 225/371/127 286/289/127 318/369/127 
s 2
f 319/372/127 318/369/127 286/289/127 
f 286/289/127 289/292/127 319/372/127 
s off
f 163/204/178 238/203/178 279/373/178 
f 279/373/178 162/374/178 163/204/178 
f 217/162/127 174/79/127 177/82/127 
f 217/162/127 177/82/127 287/290/127 
f 217/162/127 287/290/127 286/289/127 
f 217/162/127 286/289/127 225/371/127 
f 320/375/126 230/187/126 229/186/126 
f 229/186/126 321/376/126 320/375/126 
f 176/377/179 288/378/179 291/379/179 
f 291/379/179 178/380/179 176/377/179 
f 256/232/132 262/238/132 261/237/132 
f 261/237/132 257/233/132 256/232/132 
f 263/381/132 301/317/132 262/238/132 
f 262/238/132 256/232/132 263/381/132 
f 218/166/126 223/173/126 261/382/126 
f 261/382/126 260/383/126 218/166/126 
f 221/171/126 227/181/126 226/180/126 
f 226/180/126 222/172/126 221/171/126 
f 223/173/126 218/166/126 166/165/126 
f 166/165/126 224/174/126 223/173/126 
f 257/384/126 261/382/126 223/173/126 
f 223/173/126 222/172/126 257/384/126 
f 257/384/126 222/172/126 226/180/126 
f 226/180/126 258/385/126 257/384/126 
f 258/385/126 226/180/126 225/179/126 
f 225/179/126 317/386/126 258/385/126 
f 231/188/126 208/147/126 207/146/126 
f 207/146/126 228/185/126 231/188/126 
f 252/228/161 253/229/161 295/304/161 
f 295/304/161 246/220/161 252/228/161 
f 322/387/161 254/230/161 248/224/161 
f 248/224/161 247/223/161 322/387/161 
f 271/261/128 323/388/128 297/389/128 
f 297/389/128 272/262/128 271/261/128 
f 323/388/128 265/255/128 268/258/128 
f 268/258/128 297/389/128 323/388/128 
f 314/390/128 267/257/128 266/256/128 
f 266/256/128 281/391/128 314/390/128 
f 238/275/124 237/392/124 323/393/124 
f 323/393/163 271/276/163 238/275/163 
f 237/392/163 239/277/163 265/280/163 
f 265/280/124 323/393/124 237/392/124 
f 281/282/124 266/279/124 240/278/124 
f 240/278/163 206/283/163 281/282/163 
f 315/394/164 324/395/164 325/396/164 
f 325/396/165 316/397/165 315/394/165 
f 324/395/165 282/285/165 285/288/165 
f 285/288/164 325/396/164 324/395/164 
f 296/308/165 284/287/165 283/286/165 
f 283/286/165 298/312/165 296/308/165 
f 316/397/171 325/396/171 267/398/171 
f 267/398/180 314/399/180 316/397/180 
f 325/396/180 285/288/180 268/311/180 
f 268/311/171 267/398/171 325/396/171 
f 272/307/171 297/310/171 284/287/171 
f 284/287/171 296/308/171 272/307/171 
s 1
f 251/227/124 283/286/124 282/285/124 
f 282/285/124 249/225/124 251/227/124 
f 249/225/124 282/285/124 324/395/124 
f 324/395/124 250/226/124 249/225/124 
s off
f 276/400/181 247/223/181 250/226/181 
f 250/226/160 277/401/160 276/400/160 
f 275/402/161 322/387/161 247/223/161 
f 247/223/161 276/400/161 275/402/161 
s 1
f 250/226/124 324/395/124 315/394/124 
f 315/394/124 277/401/162 250/226/124 
s off
f 326/403/131 327/404/131 328/405/131 
f 328/405/131 329/406/131 326/403/131 
f 327/407/182 311/356/182 310/355/182 
f 310/355/182 328/408/182 327/407/182 
f 176/377/128 175/409/128 312/357/128 
f 312/357/128 313/358/128 289/410/128 
f 312/357/128 289/410/128 288/378/128 
f 176/377/128 312/357/128 288/378/128 
f 321/376/126 326/411/126 329/412/126 
f 329/412/126 320/375/126 321/376/126 
f 202/413/154 295/414/154 207/146/154 
f 207/146/154 203/145/154 202/413/154 
f 208/147/154 187/415/154 186/416/154 
f 186/416/154 204/148/154 208/147/154 
f 253/417/126 254/418/126 229/186/126 
f 229/186/126 228/185/126 253/417/126 
f 129/419/126 128/420/126 231/188/126 
f 231/188/126 230/187/126 129/419/126 
f 301/421/128 263/253/128 242/216/128 
f 242/216/128 241/215/128 301/421/128 
f 138/35/128 193/422/128 244/218/128 
f 244/218/128 243/217/128 138/35/128 
f 193/422/128 192/423/128 310/355/128 
f 310/355/128 244/218/128 193/422/128 
f 300/424/128 301/421/128 241/215/128 
f 241/215/128 311/356/128 300/424/128 
f 139/36/128 138/35/128 243/217/128 
f 243/217/128 312/357/128 139/36/128 
f 263/253/128 264/252/128 313/358/128 
f 313/358/128 242/216/128 263/253/128 
f 232/425/126 129/419/126 230/187/126 
f 230/187/126 320/375/126 232/425/126 
f 254/418/126 322/426/126 321/376/126 
f 321/376/126 229/186/126 254/418/126 
f 128/420/126 187/415/126 208/147/126 
f 208/147/126 231/188/126 128/420/126 
f 295/414/126 253/417/126 228/185/126 
f 228/185/126 207/146/126 295/414/126 
f 274/264/127 273/263/127 327/404/127 
f 327/404/127 326/403/127 274/264/127 
f 159/59/127 158/58/127 329/406/127 
f 329/406/127 328/405/127 159/59/127 
f 273/427/182 300/424/182 311/356/182 
f 311/356/182 327/407/182 273/427/182 
f 192/423/182 159/428/182 328/408/182 
f 328/408/182 310/355/182 192/423/182 
f 321/376/126 322/426/126 275/429/126 
f 321/376/126 275/429/126 274/430/126 
f 321/376/126 274/430/126 326/411/126 
f 158/431/126 157/432/126 232/425/126 
f 329/412/126 158/431/126 232/425/126 
f 329/412/126 232/425/126 320/375/126 
f 264/252/128 319/433/128 289/410/128 
f 289/410/128 313/358/128 264/252/128 
f 216/434/128 139/36/128 312/357/128 
f 312/357/128 175/409/128 216/434/128 
s 8
f 330/435/183 331/436/183 332/437/183 
f 332/437/183 333/438/183 330/435/183 
s 4
f 333/439/128 332/440/128 334/441/128 
f 334/441/128 335/442/128 333/439/128 
s 16
f 332/440/184 331/443/185 336/444/185 
f 336/444/185 334/441/184 332/440/184 
s off
f 335/445/146 334/446/146 337/447/146 
f 337/447/125 338/448/125 335/445/125 
f 334/446/136 336/449/136 339/450/136 
f 339/450/146 337/447/146 334/446/146 
s 4
f 338/451/186 337/452/186 340/453/186 
f 341/454/186 338/451/186 340/453/186 
f 342/455/128 341/454/186 340/453/186 
f 343/456/128 342/455/128 340/453/186 
s 8
f 344/457/187 345/458/187 346/459/187 
f 346/459/187 347/460/187 344/457/187 
s 4
f 345/461/186 348/462/186 349/463/186 
f 349/463/186 346/464/186 345/461/186 
s 16
f 346/464/185 349/463/185 350/465/185 
f 350/465/185 347/466/185 346/464/185 
s off
f 348/467/127 342/468/127 343/469/127 
f 343/469/131 349/470/131 348/467/131 
f 349/470/127 343/469/127 351/471/127 
f 351/471/188 350/472/188 349/470/188 
s 1
f 340/453/189 337/452/189 339/473/189 
f 340/453/189 339/473/189 352/474/189 
f 340/453/189 352/474/189 351/475/190 
f 343/456/189 340/453/189 351/475/190 
f 353/476/191 354/477/191 355/478/191 
f 355/478/191 356/479/191 357/480/191 
f 357/480/191 358/481/191 359/482/191 
f 355/478/191 357/480/191 359/482/191 
f 353/476/191 355/478/191 359/482/191 
f 360/483/191 353/476/191 359/482/191 
s 8
f 361/484/192 362/485/193 363/486/193 
f 363/486/193 364/487/192 361/484/192 
f 362/485/193 365/488/194 366/489/194 
f 366/489/194 363/486/193 362/485/193 
f 365/488/194 367/490/195 368/491/195 
f 368/491/195 366/489/194 365/488/194 
f 369/492/196 370/493/197 371/494/197 
f 371/494/197 372/495/196 369/492/196 
f 370/493/197 373/496/198 374/497/198 
f 374/497/198 371/494/197 370/493/197 
f 373/496/198 375/498/199 376/499/199 
f 376/499/199 374/497/198 373/496/198 
f 375/500/199 361/501/192 364/502/192 
f 364/502/192 376/503/199 375/500/199 
s 1
f 377/504/186 378/505/186 379/506/186 
f 379/506/186 380/507/186 381/508/186 
f 381/508/186 382/509/186 383/510/186 
f 379/506/186 381/508/186 383/510/186 
f 377/504/186 379/506/186 383/510/186 
f 384/511/186 377/504/186 383/510/186 
s off
f 362/512/200 361/513/200 359/482/200 
f 359/482/200 358/481/200 362/512/200 
f 361/513/201 375/514/201 360/483/201 
f 360/483/201 359/482/201 361/513/201 
f 375/514/202 373/515/202 353/476/202 
f 353/476/202 360/483/202 375/514/202 
f 373/515/203 370/516/203 354/477/203 
f 354/477/203 353/476/203 373/515/203 
f 370/516/204 369/517/204 355/478/204 
f 355/478/204 354/477/204 370/516/204 
f 367/518/205 365/519/205 357/480/205 
f 357/480/205 356/479/205 367/518/205 
f 365/519/206 362/512/206 358/481/206 
f 358/481/206 357/480/206 365/519/206 
f 364/520/207 363/521/207 378/505/207 
f 378/505/207 377/504/207 364/520/207 
f 363/521/208 366/522/208 379/506/208 
f 379/506/208 378/505/208 363/521/208 
f 366/522/209 368/523/209 380/507/209 
f 380/507/209 379/506/209 366/522/209 
f 372/524/210 371/525/210 382/509/210 
f 382/509/210 381/508/210 372/524/210 
f 371/525/211 374/526/211 383/510/211 
f 383/510/211 382/509/211 371/525/211 
f 374/526/212 376/527/212 384/511/212 
f 384/511/212 383/510/212 374/526/212 
f 376/527/213 364/520/213 377/504/213 
f 377/504/213 384/511/213 376/527/213 
s 8
f 385/528/133 386/529/132 387/530/133 
f 387/530/133 388/531/133 385/528/133 
f 389/532/214 390/533/215 391/534/216 
f 391/534/216 392/535/214 389/532/214 
f 393/536/188 394/537/188 395/538/188 
f 395/538/188 396/539/188 393/536/188 
f 397/540/217 398/541/218 399/542/219 
f 399/542/219 400/543/217 397/540/217 
f 401/544/196 402/545/220 403/546/221 
f 403/546/221 404/547/196 401/544/196 
f 405/548/146 406/549/136 407/550/146 
f 407/550/146 408/551/146 405/548/146 
f 409/552/222 410/553/223 411/554/224 
f 411/554/224 412/555/222 409/552/222 
f 413/556/225 414/557/226 410/553/223 
f 410/553/223 391/534/216 413/556/225 
f 415/558/227 413/556/225 391/534/216 
f 391/534/216 390/533/215 415/558/227 
f 416/559/228 415/560/227 390/561/215 
f 390/561/215 399/562/219 416/559/228 
f 417/563/229 416/564/228 399/542/219 
f 399/542/219 398/541/218 417/563/229 
f 418/565/230 417/563/229 398/541/218 
f 398/541/218 403/546/221 418/565/230 
f 419/566/197 418/565/230 403/546/221 
f 403/546/221 402/545/220 419/566/197 
f 420/567/231 419/568/197 402/569/220 
f 402/569/220 411/570/224 420/567/231 
f 414/557/226 420/571/231 411/554/224 
f 411/554/224 410/553/223 414/557/226 
s off
f 392/572/131 391/573/131 386/574/131 
f 386/574/131 385/575/131 392/572/131 
f 391/576/232 410/577/232 387/578/232 
f 387/578/232 386/579/232 391/576/232 
f 410/580/146 409/581/146 388/582/146 
f 388/582/136 387/583/136 410/580/136 
f 400/543/124 399/542/124 394/584/124 
f 394/584/124 393/585/124 400/543/124 
f 399/586/233 390/587/233 395/588/233 
f 395/588/233 394/589/233 399/586/233 
f 390/533/132 389/532/132 396/590/132 
f 396/590/132 395/591/132 390/533/132 
f 404/592/136 403/593/136 421/594/136 
f 421/594/146 422/595/146 404/592/146 
f 403/596/234 398/597/234 423/598/234 
f 423/598/235 421/599/235 403/596/235 
f 398/600/131 397/601/131 424/602/131 
f 424/602/131 423/603/131 398/600/131 
f 412/555/133 411/554/133 406/604/133 
f 406/604/133 405/605/133 412/555/133 
f 411/606/236 402/607/236 407/608/236 
f 407/608/236 406/609/236 411/606/236 
f 402/545/162 401/544/162 408/610/162 
f 408/610/162 407/611/162 402/545/162 
f 425/612/186 426/613/186 427/614/186 
f 427/614/128 428/615/128 429/616/128 
f 425/612/128 427/614/128 429/616/128 
f 430/617/128 425/612/128 429/616/128 
f 431/618/237 432/619/237 433/620/237 
f 433/620/237 434/621/237 431/618/237 
f 435/622/133 431/618/133 434/621/133 
f 434/621/133 436/623/133 435/622/133 
f 437/624/238 435/622/238 436/623/238 
f 436/623/238 438/625/238 437/624/238 
f 439/626/125 437/627/125 438/628/125 
f 438/628/125 440/629/125 439/626/125 
f 432/630/127 441/631/127 442/632/127 
f 442/632/127 433/633/127 432/630/127 
f 443/634/239 444/635/239 429/636/239 
f 429/636/239 428/637/239 443/634/239 
f 445/638/240 446/639/240 426/613/240 
f 426/613/240 425/612/240 445/638/240 
f 446/640/241 447/641/241 427/642/241 
f 427/642/241 426/643/241 446/640/241 
f 447/641/242 443/634/242 428/637/242 
f 428/637/242 427/642/242 447/641/242 
f 448/644/243 449/645/243 450/646/243 
f 450/646/243 451/647/243 448/644/243 
f 449/645/244 452/648/244 453/649/244 
f 453/649/244 450/646/244 449/645/244 
f 452/648/245 454/650/245 455/651/245 
f 455/651/245 453/649/245 452/648/245 
f 454/652/246 456/653/246 457/654/246 
f 457/654/246 455/655/246 454/652/246 
f 458/656/247 448/657/247 451/658/247 
f 451/658/247 459/659/247 458/656/247 
f 451/658/126 450/660/126 460/661/126 
f 460/661/126 461/662/126 451/658/126 
f 450/660/248 453/663/248 462/664/248 
f 462/664/126 460/661/126 450/660/126 
f 453/663/191 455/655/191 463/665/191 
f 463/665/249 462/664/249 453/663/249 
f 455/655/126 457/654/126 464/666/126 
f 464/666/191 463/665/191 455/655/191 
f 459/659/126 451/658/126 461/662/126 
f 461/662/126 465/667/126 459/659/126 
f 461/668/250 460/669/250 466/670/250 
f 466/670/250 467/671/250 461/668/250 
f 460/669/162 462/672/162 468/673/162 
f 468/673/162 466/670/162 460/669/162 
f 462/672/251 463/674/251 469/675/251 
f 469/675/251 468/673/251 462/672/251 
f 463/676/131 464/677/131 470/678/131 
f 470/678/131 469/679/131 463/676/131 
f 465/680/146 461/681/146 467/682/146 
f 467/682/146 471/683/146 465/680/146 
f 449/645/252 448/644/252 472/684/252 
f 472/684/252 473/685/252 449/645/252 
f 444/635/253 443/634/253 474/686/253 
f 474/686/253 475/687/253 444/635/253 
f 452/648/254 449/645/254 473/685/254 
f 473/685/133 476/688/133 452/648/133 
f 443/634/133 447/641/133 477/689/133 
f 477/689/133 474/686/133 443/634/133 
f 454/650/255 452/648/255 476/688/255 
f 476/688/255 478/690/255 454/650/255 
f 447/641/255 446/640/255 479/691/255 
f 479/691/255 477/689/255 447/641/255 
f 456/692/125 454/693/125 478/694/125 
f 478/694/146 480/695/146 456/692/146 
f 446/696/125 445/697/125 481/698/125 
f 481/698/125 479/699/125 446/696/125 
f 448/700/127 458/701/127 482/702/127 
f 482/702/127 472/703/127 448/700/127 
f 473/685/256 472/684/256 432/619/256 
f 432/619/257 431/618/257 473/685/257 
f 475/687/258 474/686/258 434/621/258 
f 434/621/259 433/620/259 475/687/259 
f 476/688/260 473/685/260 431/618/260 
f 431/618/260 435/622/260 476/688/260 
f 474/686/261 477/689/261 436/623/261 
f 436/623/261 434/621/261 474/686/261 
f 478/690/262 476/688/262 435/622/262 
f 435/622/263 437/624/263 478/690/263 
f 477/689/264 479/691/264 438/625/264 
f 438/625/265 436/623/265 477/689/265 
f 480/695/266 478/694/266 437/627/266 
f 437/627/266 439/626/266 480/695/266 
f 479/699/267 481/698/267 440/629/267 
f 440/629/267 438/628/267 479/699/267 
f 472/703/268 482/702/268 441/631/268 
f 441/631/268 432/630/268 472/703/268 
f 467/704/126 466/705/126 468/706/126 
f 467/704/126 468/706/126 469/707/126 
f 467/704/126 469/707/126 470/708/126 
f 471/709/126 467/704/126 470/708/126 
s 4
f 483/710/269 484/711/270 485/712/269 
f 485/712/269 486/713/269 483/710/269 
s 8
f 487/714/186 488/715/186 489/716/186 
f 489/716/186 490/717/186 487/714/186 
s 16
f 491/718/271 492/719/272 493/720/273 
f 493/720/273 494/721/274 491/718/271 
s 32
f 495/722/191 496/723/191 497/724/191 
f 497/724/191 498/725/191 495/722/191 
s 4
f 499/726/275 500/727/275 496/723/275 
f 496/723/275 495/722/275 499/726/275 
f 501/728/276 502/729/276 488/715/276 
f 488/715/276 487/714/276 501/728/276 
s 16
f 500/727/277 503/730/278 497/724/279 
f 497/724/279 496/723/280 500/727/277 
f 504/731/281 501/732/282 487/733/283 
f 487/733/283 490/734/284 504/731/281 
s off
f 494/735/191 493/736/191 503/730/191 
f 503/730/191 500/727/191 494/735/191 
f 505/737/191 494/735/191 500/727/191 
f 500/727/191 499/726/191 505/737/191 
f 491/738/186 506/739/186 502/729/186 
f 502/729/186 501/728/186 491/738/186 
f 492/740/186 491/738/186 501/728/186 
f 501/728/186 504/741/186 492/740/186 
f 507/742/132 508/743/132 491/718/132 
f 491/718/132 494/721/132 507/742/132 
f 509/744/191 507/745/191 494/735/191 
f 494/735/191 505/737/191 509/744/191 
f 508/746/186 510/747/186 506/739/186 
f 506/739/186 491/738/186 508/746/186 
f 507/748/285 509/749/285 511/750/285 
f 511/750/285 512/751/285 507/748/285 
f 509/749/286 510/752/286 513/753/286 
f 513/753/287 511/750/287 509/749/287 
f 510/752/285 508/754/285 514/755/285 
f 514/755/288 513/753/288 510/752/288 
f 508/754/289 507/748/289 512/751/289 
f 512/751/290 514/755/290 508/754/290 
f 512/756/291 511/757/291 486/758/291 
f 486/758/291 485/759/291 512/756/291 
f 511/760/292 513/761/292 483/762/292 
f 483/762/293 486/763/293 511/760/293 
f 513/764/294 514/765/294 484/766/294 
f 484/766/294 483/767/294 513/764/294 
f 514/768/295 512/769/295 485/770/295 
f 485/770/296 484/771/296 514/768/296 
s 1
f 510/772/124 509/773/124 505/774/124 
f 505/774/124 506/775/124 510/772/124 
s 4
f 515/776/270 516/777/270 517/778/270 
f 517/778/270 518/779/270 515/776/270 
s 8
f 519/780/297 520/781/186 521/782/186 
f 521/782/186 522/783/297 519/780/297 
s 16
f 523/784/298 524/785/299 525/786/300 
f 525/786/300 526/787/301 523/784/298 
s 32
f 527/788/191 528/789/191 529/790/191 
f 529/790/191 530/791/191 527/788/191 
s 4
f 531/792/275 527/788/275 530/791/275 
f 530/791/275 532/793/275 531/792/275 
f 533/794/302 519/780/302 522/783/302 
f 522/783/302 534/795/276 533/794/302 
s 16
f 532/793/303 530/791/304 529/790/305 
f 529/790/305 535/796/306 532/793/303 
f 536/797/307 520/798/308 519/799/309 
f 519/799/309 533/800/310 536/797/307 
s off
f 524/801/249 532/793/249 535/796/249 
f 535/796/191 525/802/191 524/801/191 
f 537/803/191 531/792/191 532/793/191 
f 532/793/191 524/801/191 537/803/191 
f 523/804/186 533/794/186 534/795/186 
f 534/795/186 538/805/186 523/804/186 
f 526/806/186 536/807/186 533/794/186 
f 533/794/297 523/804/297 526/806/297 
f 539/808/124 524/785/124 523/784/124 
f 523/784/124 540/809/124 539/808/124 
f 541/810/191 537/803/191 524/801/191 
f 524/801/191 539/811/191 541/810/191 
f 540/812/186 523/804/186 538/805/186 
f 538/805/186 542/813/186 540/812/186 
f 539/814/285 543/815/285 544/816/285 
f 544/816/285 541/817/285 539/814/285 
f 541/817/311 544/816/311 545/818/311 
f 545/818/312 542/819/312 541/817/312 
f 542/819/285 545/818/285 546/820/285 
f 546/820/285 540/821/285 542/819/285 
f 540/821/313 546/820/313 543/815/313 
f 543/815/314 539/814/314 540/821/314 
f 543/822/291 517/823/291 516/824/291 
f 516/824/291 544/825/291 543/822/291 
f 544/826/295 516/827/295 515/828/295 
f 515/828/296 545/829/296 544/826/296 
f 545/830/294 515/831/294 518/832/294 
f 518/832/294 546/833/294 545/830/294 
f 546/834/292 518/835/292 517/836/292 
f 517/836/293 543/837/293 546/834/293 
s 1
f 542/838/132 538/839/132 537/840/132 
f 537/840/132 541/841/132 542/838/132 
s 8
f 547/842/183 548/843/183 549/844/183 
f 549/844/183 550/845/183 547/842/183 
s 4
f 550/846/186 549/847/186 551/848/186 
f 551/848/186 552/849/186 550/846/186 
s 16
f 549/847/185 548/850/185 553/851/185 
f 553/851/185 551/848/184 549/847/185 
s off
f 552/852/136 551/853/136 554/854/136 
f 554/854/136 555/855/136 552/852/136 
f 551/853/146 553/856/146 556/857/146 
f 556/857/146 554/854/146 551/853/146 
s 4
f 555/858/186 554/859/186 557/860/186 
f 558/861/186 555/858/186 557/860/186 
f 559/862/186 558/861/186 557/860/186 
f 560/863/186 559/862/186 557/860/186 
s 8
f 561/864/315 562/865/315 563/866/315 
f 563/866/315 564/867/315 561/864/315 
s 4
f 562/868/186 565/869/186 566/870/186 
f 566/870/186 563/871/186 562/868/186 
s 16
f 563/871/185 566/870/185 567/872/185 
f 567/872/185 564/873/185 563/871/185 
s off
f 565/874/131 559/875/131 560/876/131 
f 560/876/131 566/877/131 565/874/131 
f 566/877/188 560/876/188 568/878/188 
f 568/878/188 567/879/188 566/877/188 
s 1
f 557/860/190 554/859/190 556/880/190 
f 557/860/190 556/880/190 569/881/190 
f 557/860/190 569/881/190 568/882/190 
f 560/863/190 557/860/190 568/882/190 
f 570/883/191 571/884/191 572/885/191 
f 572/885/191 573/886/191 574/887/191 
f 574/887/191 575/888/191 576/889/191 
f 572/885/191 574/887/191 576/889/191 
f 570/883/191 572/885/191 576/889/191 
f 577/890/191 570/883/191 576/889/191 
s 8
f 578/891/192 579/892/316 580/893/193 
f 580/893/193 581/894/192 578/891/192 
f 579/895/316 582/896/194 583/897/194 
f 583/897/194 580/898/193 579/895/316 
f 582/899/194 584/900/195 585/901/195 
f 585/901/195 583/902/194 582/899/194 
f 586/903/196 587/904/197 588/905/197 
f 588/905/197 589/906/196 586/903/196 
f 587/907/197 590/908/198 591/909/198 
f 591/909/198 588/910/197 587/907/197 
f 590/911/198 592/912/226 593/913/226 
f 593/913/226 591/914/198 590/911/198 
f 592/912/226 578/891/192 581/894/192 
f 581/894/192 593/913/226 592/912/226 
s 1
f 594/915/186 595/916/186 596/917/186 
f 596/917/186 597/918/186 598/919/186 
f 598/919/186 599/920/186 600/921/186 
f 596/917/186 598/919/186 600/921/186 
f 594/915/186 596/917/186 600/921/186 
f 601/922/186 594/915/186 600/921/186 
s off
f 579/923/200 578/924/200 576/889/200 
f 576/889/200 575/888/200 579/923/200 
f 578/924/201 592/925/201 577/890/201 
f 577/890/201 576/889/201 578/924/201 
f 592/925/202 590/926/202 570/883/202 
f 570/883/202 577/890/202 592/925/202 
f 590/926/203 587/927/203 571/884/203 
f 571/884/203 570/883/203 590/926/203 
f 587/927/204 586/928/204 572/885/204 
f 572/885/204 571/884/204 587/927/204 
f 584/929/205 582/930/205 574/887/205 
f 574/887/205 573/886/205 584/929/205 
f 582/930/206 579/923/206 575/888/206 
f 575/888/206 574/887/206 582/930/206 
f 581/931/207 580/932/207 595/916/207 
f 595/916/207 594/915/207 581/931/207 
f 580/932/208 583/933/208 596/917/208 
f 596/917/208 595/916/208 580/932/208 
f 583/933/209 585/934/209 597/918/209 
f 597/918/209 596/917/209 583/933/209 
f 589/935/210 588/936/210 599/920/210 
f 599/920/210 598/919/210 589/935/210 
f 588/936/211 591/937/211 600/921/211 
f 600/921/211 599/920/211 588/936/211 
f 591/937/212 593/938/212 601/922/212 
f 601/922/212 600/921/212 591/937/212 
f 593/938/213 581/931/213 594/915/213 
f 594/915/213 601/922/213 593/938/213 
s 8
f 602/939/133 603/940/133 604/941/133 
f 604/941/133 605/942/133 602/939/133 
f 606/943/214 607/944/215 608/945/216 
f 608/945/216 609/946/214 606/943/214 
f 610/947/131 611/948/131 612/949/131 
f 612/949/131 613/950/131 610/947/131 
f 614/951/217 615/952/317 616/953/219 
f 616/953/219 617/954/217 614/951/217 
f 618/955/196 619/956/220 620/957/318 
f 620/957/318 621/958/196 618/955/196 
f 622/959/136 623/960/136 624/961/136 
f 624/961/136 625/962/136 622/959/136 
f 626/963/222 627/964/223 628/965/224 
f 628/965/224 629/966/222 626/963/222 
f 630/967/319 631/968/320 627/964/223 
f 627/964/223 608/945/216 630/967/319 
f 632/969/321 630/967/319 608/945/216 
f 608/945/216 607/944/215 632/969/321 
f 633/970/322 632/971/321 607/972/215 
f 607/972/215 616/973/219 633/970/322 
f 634/974/323 633/975/322 616/953/219 
f 616/953/219 615/952/317 634/974/323 
f 635/976/324 634/974/323 615/952/317 
f 615/952/317 620/957/318 635/976/324 
f 636/977/325 635/976/324 620/957/318 
f 620/957/318 619/956/220 636/977/325 
f 637/978/326 636/979/325 619/980/220 
f 619/980/220 628/981/224 637/978/326 
f 631/968/320 637/982/326 628/965/224 
f 628/965/224 627/964/223 631/968/320 
s off
f 609/983/131 608/984/131 603/985/131 
f 603/985/188 602/986/188 609/983/188 
f 608/987/327 627/988/327 604/989/327 
f 604/989/327 603/990/327 608/987/327 
f 627/991/146 626/992/146 605/993/146 
f 605/993/136 604/994/136 627/991/136 
f 617/954/124 616/953/124 611/995/124 
f 611/995/124 610/996/124 617/954/124 
f 616/997/328 607/998/328 612/999/328 
f 612/999/328 611/1000/328 616/997/328 
f 607/944/132 606/943/132 613/1001/132 
f 613/1001/132 612/1002/132 607/944/132 
f 621/1003/136 620/1004/136 638/1005/136 
f 638/1005/136 639/1006/136 621/1003/136 
f 620/1007/329 615/1008/329 640/1009/329 
f 640/1009/329 638/1010/329 620/1007/329 
f 615/1011/188 614/1012/188 641/1013/188 
f 641/1013/131 640/1014/131 615/1011/131 
f 629/966/133 628/965/133 623/1015/133 
f 623/1015/132 622/1016/132 629/966/132 
f 628/1017/330 619/1018/330 624/1019/330 
f 624/1019/330 623/1020/330 628/1017/330 
f 619/956/124 618/955/124 625/1021/124 
f 625/1021/162 624/1022/162 619/956/162 
f 642/1023/186 643/1024/186 644/1025/186 
f 644/1025/128 645/1026/128 646/1027/128 
f 642/1023/128 644/1025/128 646/1027/128 
f 647/1028/128 642/1023/128 646/1027/128 
f 648/1029/237 649/1030/237 650/1031/237 
f 650/1031/237 651/1032/237 648/1029/237 
f 652/1033/133 648/1029/133 651/1032/133 
f 651/1032/133 653/1034/133 652/1033/133 
f 654/1035/238 652/1033/238 653/1034/238 
f 653/1034/238 655/1036/238 654/1035/238 
f 656/1037/125 654/1038/125 655/1039/125 
f 655/1039/125 657/1040/125 656/1037/125 
f 649/1041/127 658/1042/127 659/1043/127 
f 659/1043/127 650/1044/127 649/1041/127 
f 660/1045/239 661/1046/239 646/1047/239 
f 646/1047/239 645/1048/239 660/1045/239 
f 661/1049/331 662/1050/331 647/1051/331 
f 647/1051/331 646/1052/331 661/1049/331 
f 663/1053/240 664/1054/240 643/1055/240 
f 643/1055/240 642/1056/240 663/1053/240 
f 664/1057/241 665/1058/241 644/1059/241 
f 644/1059/241 643/1060/241 664/1057/241 
f 665/1058/242 660/1045/242 645/1048/242 
f 645/1048/242 644/1059/242 665/1058/242 
f 666/1061/243 667/1062/243 668/1063/243 
f 668/1063/243 669/1064/243 666/1061/243 
f 667/1062/244 670/1065/244 671/1066/244 
f 671/1066/244 668/1063/244 667/1062/244 
f 670/1065/245 672/1067/245 673/1068/245 
f 673/1068/245 671/1066/245 670/1065/245 
f 672/1067/246 674/1069/246 675/1070/246 
f 675/1070/246 673/1068/246 672/1067/246 
f 676/1071/247 666/1061/247 669/1064/247 
f 669/1064/247 677/1072/247 676/1071/247 
f 669/1064/126 668/1063/126 678/1073/126 
f 678/1073/126 679/1074/126 669/1064/126 
f 668/1063/248 671/1066/248 680/1075/248 
f 680/1075/126 678/1073/126 668/1063/126 
f 671/1066/126 673/1068/126 681/1076/126 
f 681/1076/191 680/1075/191 671/1066/191 
f 673/1068/126 675/1070/126 682/1077/126 
f 682/1077/126 681/1076/126 673/1068/126 
f 677/1072/126 669/1064/126 679/1074/126 
f 679/1074/126 683/1078/126 677/1072/126 
f 679/1079/250 678/1080/250 684/1081/250 
f 684/1081/250 685/1082/250 679/1079/250 
f 678/1080/162 680/1083/162 686/1084/162 
f 686/1084/162 684/1081/162 678/1080/162 
f 680/1083/251 681/1085/251 687/1086/251 
f 687/1086/251 686/1084/251 680/1083/251 
f 681/1087/131 682/1088/131 688/1089/131 
f 688/1089/131 687/1090/131 681/1087/131 
f 683/1091/125 679/1092/125 685/1093/125 
f 685/1093/146 689/1094/146 683/1091/146 
f 667/1095/252 666/1096/252 690/1097/252 
f 690/1097/252 691/1098/252 667/1095/252 
f 661/1046/253 660/1045/253 692/1099/253 
f 692/1099/253 693/1100/253 661/1046/253 
f 670/1101/254 667/1095/254 691/1098/254 
f 691/1098/133 694/1102/133 670/1101/133 
f 660/1045/133 665/1058/133 695/1103/133 
f 695/1103/133 692/1099/133 660/1045/133 
f 672/1104/255 670/1101/255 694/1102/255 
f 694/1102/255 696/1105/255 672/1104/255 
f 665/1058/255 664/1057/255 697/1106/255 
f 697/1106/255 695/1103/255 665/1058/255 
f 674/1107/146 672/1108/146 696/1109/146 
f 696/1109/146 698/1110/146 674/1107/146 
f 664/1054/125 663/1053/125 699/1111/125 
f 699/1111/125 697/1112/125 664/1054/125 
f 666/1113/127 676/1114/127 700/1115/127 
f 700/1115/127 690/1116/127 666/1113/127 
f 662/1050/127 661/1049/127 693/1117/127 
f 693/1117/127 701/1118/127 662/1050/127 
f 691/1098/256 690/1097/256 649/1030/256 
f 649/1030/257 648/1029/257 691/1098/257 
f 693/1100/258 692/1099/258 651/1032/258 
f 651/1032/259 650/1031/259 693/1100/259 
f 694/1102/260 691/1098/260 648/1029/260 
f 648/1029/260 652/1033/260 694/1102/260 
f 692/1099/261 695/1103/261 653/1034/261 
f 653/1034/261 651/1032/261 692/1099/261 
f 696/1105/262 694/1102/262 652/1033/262 
f 652/1033/263 654/1035/263 696/1105/263 
f 695/1103/264 697/1106/264 655/1036/264 
f 655/1036/265 653/1034/265 695/1103/265 
f 698/1110/266 696/1109/266 654/1038/266 
f 654/1038/266 656/1037/266 698/1110/266 
f 697/1112/267 699/1111/267 657/1040/267 
f 657/1040/267 655/1039/267 697/1112/267 
f 690/1116/268 700/1115/268 658/1042/268 
f 658/1042/268 649/1041/268 690/1116/268 
f 701/1118/332 693/1117/332 650/1044/332 
f 650/1044/332 659/1043/332 701/1118/332 
f 685/1119/126 684/1120/126 686/1121/126 
f 685/1119/126 686/1121/126 687/1122/126 
f 685/1119/126 687/1122/126 688/1123/126 
f 689/1124/126 685/1119/126 688/1123/126 
s 8
f 702/1125/248 703/1126/248 704/1127/126 
f 704/1127/126 705/1128/191 702/1125/248 
s 16
f 706/1129/333 707/1130/333 708/1131/333 
f 708/1131/333 709/1132/333 706/1129/333 
s 32
f 710/1133/297 711/1134/297 712/1135/128 
f 712/1135/128 713/1136/128 710/1133/297 
s 4
f 714/1137/334 715/1138/334 711/1134/334 
f 711/1134/334 710/1133/334 714/1137/334 
f 716/1139/335 717/1140/335 703/1126/335 
f 703/1126/335 702/1125/336 716/1139/335 
s 16
f 715/1138/337 718/1141/338 712/1135/339 
f 712/1135/339 711/1134/340 715/1138/337 
f 719/1142/341 716/1139/342 702/1125/343 
f 702/1125/343 705/1128/344 719/1142/341 
s off
f 709/1143/186 708/1144/186 718/1141/186 
f 718/1141/186 715/1138/186 709/1143/186 
f 720/1145/128 709/1143/128 715/1138/128 
f 715/1138/128 714/1137/128 720/1145/128 
f 706/1146/126 721/1147/126 717/1140/126 
f 717/1140/126 716/1139/126 706/1146/126 
f 707/1148/126 706/1146/126 716/1139/126 
f 716/1139/191 719/1142/191 707/1148/191 
f 722/1149/345 723/1150/345 706/1129/345 
f 706/1129/345 709/1132/345 722/1149/345 
f 709/1143/186 720/1145/186 722/1151/186 
f 721/1147/191 706/1146/191 723/1152/191 
s 1
f 724/1153/346 725/1154/347 726/1155/348 
f 726/1155/348 727/1156/349 724/1153/346 
f 728/1157/350 726/1155/348 725/1154/347 
f 725/1154/347 729/1158/350 728/1157/350 
f 730/1159/191 731/1160/191 732/1161/249 
f 732/1161/249 733/1162/249 730/1159/191 
f 734/1163/297 735/1164/297 736/1165/297 
f 736/1165/297 737/1166/297 734/1163/297 
s 2
f 725/1167/351 724/1168/352 737/1166/352 
f 737/1166/352 736/1165/353 725/1167/351 
f 727/1169/354 726/1170/355 732/1161/356 
f 732/1161/356 731/1160/354 727/1169/354 
f 726/1170/355 728/1171/357 733/1162/358 
f 733/1162/358 732/1161/356 726/1170/355 
f 736/1165/353 735/1164/359 729/1172/360 
f 729/1172/360 725/1167/351 736/1165/353 
s 8
f 738/1173/361 739/1174/361 740/1175/361 
f 740/1175/361 741/1176/361 738/1173/361 
s 4
f 739/1177/186 742/1178/186 743/1179/186 
f 743/1179/186 740/1180/186 739/1177/186 
s 16
f 740/1180/362 743/1179/362 744/1181/362 
f 744/1181/362 741/1182/362 740/1180/362 
s off
f 742/1183/146 745/1184/146 746/1185/146 
f 746/1185/146 743/1186/146 742/1183/146 
f 743/1186/136 746/1185/136 747/1187/136 
f 747/1187/136 744/1188/136 743/1186/136 
s 4
f 748/1189/186 746/1190/186 745/1191/186 
f 748/1189/186 745/1191/186 749/1192/186 
f 748/1189/186 749/1192/186 750/1193/186 
f 751/1194/186 748/1189/186 750/1193/186 
s 8
f 752/1195/315 753/1196/315 754/1197/315 
f 754/1197/315 755/1198/315 752/1195/315 
s 4
f 755/1199/186 754/1200/186 756/1201/186 
f 756/1201/186 757/1202/186 755/1199/186 
s 16
f 754/1200/362 753/1203/362 758/1204/362 
f 758/1204/362 756/1201/362 754/1200/362 
s off
f 757/1205/188 756/1206/188 751/1207/188 
f 751/1207/188 750/1208/188 757/1205/188 
f 756/1206/188 758/1209/188 759/1210/188 
f 759/1210/188 751/1207/188 756/1206/188 
s 1
f 747/1211/363 746/1190/363 748/1189/363 
f 760/1212/363 747/1211/363 748/1189/363 
f 759/1213/363 760/1212/363 748/1189/363 
f 751/1194/363 759/1213/363 748/1189/363 
f 761/1214/191 762/1215/191 763/1216/191 
f 763/1216/191 764/1217/191 765/1218/191 
f 761/1214/191 763/1216/191 765/1218/191 
f 765/1218/191 766/1219/191 767/1220/191 
f 761/1214/191 765/1218/191 767/1220/191 
f 768/1221/191 761/1214/191 767/1220/191 
s 8
f 769/1222/364 770/1223/364 771/1224/194 
f 771/1224/194 772/1225/194 769/1222/364 
f 772/1226/194 771/1227/194 773/1228/193 
f 773/1228/193 774/1229/193 772/1226/194 
f 774/1229/193 773/1228/193 775/1230/214 
f 775/1230/214 776/1231/214 774/1229/193 
f 777/1232/222 778/1233/222 779/1234/231 
f 779/1234/231 780/1235/231 777/1232/222 
f 780/1235/231 779/1234/231 781/1236/197 
f 781/1236/197 782/1237/197 780/1235/231 
f 782/1238/197 781/1239/197 783/1240/324 
f 783/1240/324 784/1241/324 782/1238/197 
f 784/1241/324 783/1240/324 770/1223/364 
f 770/1223/364 769/1222/364 784/1241/324 
s 1
f 785/1242/186 786/1243/186 787/1244/186 
f 787/1244/186 788/1245/186 789/1246/186 
f 785/1242/186 787/1244/186 789/1246/186 
f 789/1246/186 790/1247/186 791/1248/186 
f 785/1242/186 789/1246/186 791/1248/186 
f 792/1249/186 785/1242/186 791/1248/186 
s off
f 772/1250/205 762/1215/205 761/1214/205 
f 761/1214/205 769/1251/205 772/1250/205 
f 769/1251/365 761/1214/365 768/1221/365 
f 768/1221/365 784/1252/365 769/1251/365 
f 784/1252/204 768/1221/204 767/1220/204 
f 767/1220/204 782/1253/204 784/1252/204 
f 782/1253/203 767/1220/203 766/1219/203 
f 766/1219/203 780/1254/203 782/1253/203 
f 780/1254/202 766/1219/202 765/1218/202 
f 765/1218/202 777/1255/202 780/1254/202 
f 776/1256/366 764/1217/366 763/1216/366 
f 763/1216/200 774/1257/200 776/1256/200 
f 774/1257/206 763/1216/206 762/1215/206 
f 762/1215/206 772/1250/206 774/1257/206 
f 770/1258/209 791/1248/209 790/1247/209 
f 790/1247/209 771/1259/209 770/1258/209 
f 771/1259/208 790/1247/208 789/1246/208 
f 789/1246/208 773/1260/208 771/1259/208 
f 773/1260/207 789/1246/207 788/1245/207 
f 788/1245/207 775/1261/207 773/1260/207 
f 778/1262/212 787/1244/212 786/1243/212 
f 786/1243/212 779/1263/212 778/1262/212 
f 779/1263/211 786/1243/211 785/1242/211 
f 785/1242/211 781/1264/211 779/1263/211 
f 781/1264/210 785/1242/210 792/1249/210 
f 792/1249/210 783/1265/210 781/1264/210 
f 783/1265/367 792/1249/367 791/1248/367 
f 791/1248/367 770/1258/367 783/1265/367 
s 8
f 793/1266/124 794/1267/124 795/1268/124 
f 795/1268/124 796/1269/162 793/1266/124 
f 797/1270/217 798/1271/217 799/1272/317 
f 799/1272/317 800/1273/219 797/1270/217 
f 801/1274/188 802/1275/188 803/1276/188 
f 803/1276/188 804/1277/188 801/1274/188 
f 805/1278/214 806/1279/214 807/1280/215 
f 807/1280/215 808/1281/368 805/1278/214 
f 809/1282/222 810/1283/222 811/1284/369 
f 811/1284/369 812/1285/224 809/1282/222 
f 813/1286/136 814/1287/136 815/1288/136 
f 815/1288/136 816/1289/136 813/1286/136 
f 817/1290/196 818/1291/196 819/1292/370 
f 819/1292/370 820/1293/318 817/1290/196 
f 821/1294/371 799/1272/317 820/1293/318 
f 820/1293/318 822/1295/324 821/1294/371 
f 823/1296/372 800/1273/219 799/1272/317 
f 799/1272/317 821/1294/371 823/1296/372 
f 824/1297/193 807/1298/215 800/1299/219 
f 800/1299/219 823/1300/372 824/1297/193 
f 825/1301/225 808/1281/368 807/1280/215 
f 807/1280/215 824/1302/193 825/1301/225 
f 826/1303/373 811/1284/369 808/1281/368 
f 808/1281/368 825/1301/225 826/1303/373 
f 827/1304/231 812/1285/224 811/1284/369 
f 811/1284/369 826/1303/373 827/1304/231 
f 828/1305/197 819/1306/370 812/1307/224 
f 812/1307/224 827/1308/231 828/1305/197 
f 822/1295/324 820/1293/318 819/1292/370 
f 819/1292/370 828/1309/197 822/1295/324 
s off
f 798/1310/188 793/1311/188 796/1312/188 
f 796/1312/188 799/1313/188 798/1310/188 
f 799/1314/235 796/1315/235 795/1316/235 
f 795/1316/235 820/1317/235 799/1314/235 
f 820/1318/136 795/1319/136 794/1320/136 
f 794/1320/136 817/1321/136 820/1318/136 
f 806/1279/134 801/1322/134 804/1323/134 
f 804/1323/132 807/1280/132 806/1279/132 
f 807/1324/233 804/1325/233 803/1326/233 
f 803/1326/233 800/1327/233 807/1324/233 
f 800/1273/163 803/1328/163 802/1329/163 
f 802/1329/124 797/1270/124 800/1273/124 
f 810/1330/136 829/1331/136 830/1332/136 
f 830/1332/136 811/1333/136 810/1330/136 
f 811/1334/232 830/1335/232 831/1336/232 
f 831/1336/374 808/1337/374 811/1334/374 
f 808/1338/188 831/1339/188 832/1340/188 
f 832/1340/188 805/1341/188 808/1338/188 
f 818/1291/162 813/1342/162 816/1343/162 
f 816/1343/124 819/1292/124 818/1291/124 
f 819/1344/236 816/1345/236 815/1346/236 
f 815/1346/236 812/1347/236 819/1344/236 
f 812/1285/134 815/1348/134 814/1349/134 
f 814/1349/133 809/1282/133 812/1285/133 
f 833/1350/297 834/1351/297 835/1352/297 
f 835/1352/186 836/1353/186 837/1354/186 
f 833/1350/186 835/1352/186 837/1354/186 
f 838/1355/186 833/1350/186 837/1354/186 
f 839/1356/375 840/1357/375 841/1358/375 
f 841/1358/375 842/1359/375 839/1356/375 
f 843/1360/124 844/1361/124 840/1357/124 
f 840/1357/124 839/1356/124 843/1360/124 
f 845/1362/376 846/1363/376 844/1361/376 
f 844/1361/376 843/1360/376 845/1362/376 
f 847/1364/146 848/1365/146 846/1366/146 
f 846/1366/146 845/1367/146 847/1364/146 
f 842/1368/131 841/1369/131 849/1370/131 
f 849/1370/127 850/1371/127 842/1368/127 
f 851/1372/377 834/1373/377 833/1374/377 
f 833/1374/377 852/1375/377 851/1372/377 
f 853/1376/240 837/1354/240 836/1353/240 
f 836/1353/240 854/1377/240 853/1376/240 
f 854/1378/378 836/1379/378 835/1380/378 
f 835/1380/378 855/1381/378 854/1378/378 
f 855/1381/379 835/1380/379 834/1373/379 
f 834/1373/379 851/1372/379 855/1381/379 
f 856/1382/380 857/1383/380 858/1384/380 
f 858/1384/380 859/1385/380 856/1382/380 
f 859/1385/381 858/1384/381 860/1386/381 
f 860/1386/381 861/1387/381 859/1385/381 
f 861/1387/382 860/1386/382 862/1388/382 
f 862/1388/382 863/1389/382 861/1387/382 
f 863/1390/246 862/1391/246 864/1392/246 
f 864/1392/246 865/1393/246 863/1390/246 
f 866/1394/247 867/1395/247 857/1396/247 
f 857/1396/247 856/1397/247 866/1394/247 
f 857/1396/191 868/1398/191 869/1399/191 
f 869/1399/249 858/1400/249 857/1396/249 
f 858/1400/249 869/1399/249 870/1401/249 
f 870/1401/191 860/1402/191 858/1400/191 
f 860/1402/191 870/1401/191 871/1403/191 
f 871/1403/249 862/1391/249 860/1402/249 
f 862/1391/126 871/1403/126 872/1404/126 
f 872/1404/191 864/1392/191 862/1391/191 
f 867/1395/126 873/1405/126 868/1398/126 
f 868/1398/191 857/1396/191 867/1395/191 
f 868/1406/255 874/1407/255 875/1408/255 
f 875/1408/255 869/1409/255 868/1406/255 
f 869/1409/132 875/1408/132 876/1410/132 
f 876/1410/132 870/1411/132 869/1409/132 
f 870/1411/253 876/1410/253 877/1412/253 
f 877/1412/253 871/1413/253 870/1411/253 
f 871/1414/188 877/1415/188 878/1416/188 
f 878/1416/188 872/1417/188 871/1414/188 
f 873/1418/146 879/1419/146 874/1420/146 
f 874/1420/146 868/1421/146 873/1418/146 
f 859/1385/251 880/1422/251 881/1423/251 
f 881/1423/251 856/1382/251 859/1385/251 
f 852/1375/383 882/1424/383 883/1425/383 
f 883/1425/251 851/1372/251 852/1375/251 
f 861/1387/124 884/1426/124 880/1422/124 
f 880/1422/124 859/1385/124 861/1387/124 
f 851/1372/124 883/1425/124 885/1427/124 
f 885/1427/124 855/1381/124 851/1372/124 
f 863/1389/250 886/1428/250 884/1426/250 
f 884/1426/250 861/1387/250 863/1389/250 
f 855/1381/384 885/1427/384 887/1429/384 
f 887/1429/250 854/1378/250 855/1381/250 
f 865/1430/146 888/1431/146 886/1432/146 
f 886/1432/146 863/1433/146 865/1430/146 
f 854/1434/146 887/1435/146 889/1436/146 
f 889/1436/146 853/1437/146 854/1434/146 
f 856/1438/127 881/1439/127 890/1440/127 
f 890/1440/131 866/1441/131 856/1438/131 
f 880/1422/385 839/1356/385 842/1359/385 
f 842/1359/386 881/1423/386 880/1422/386 
f 882/1424/387 841/1358/387 840/1357/387 
f 840/1357/388 883/1425/388 882/1424/388 
f 884/1426/389 843/1360/389 839/1356/389 
f 839/1356/389 880/1422/389 884/1426/389 
f 883/1425/390 840/1357/390 844/1361/390 
f 844/1361/390 885/1427/390 883/1425/390 
f 886/1428/391 845/1362/391 843/1360/391 
f 843/1360/392 884/1426/392 886/1428/392 
f 885/1427/393 844/1361/393 846/1363/393 
f 846/1363/394 887/1429/394 885/1427/394 
f 888/1431/266 847/1364/266 845/1367/266 
f 845/1367/266 886/1432/266 888/1431/266 
f 887/1435/267 846/1366/267 848/1365/267 
f 848/1365/267 889/1436/267 887/1435/267 
f 881/1439/268 842/1368/268 850/1371/268 
f 850/1371/268 890/1440/268 881/1439/268 
f 876/1442/191 875/1443/191 874/1444/191 
f 877/1445/249 876/1442/249 874/1444/249 
f 878/1446/191 877/1445/191 874/1444/191 
f 879/1447/191 878/1446/191 874/1444/191 
s 8
f 891/1448/361 892/1449/361 893/1450/361 
f 893/1450/361 894/1451/361 891/1448/361 
s 4
f 892/1452/186 895/1453/186 896/1454/186 
f 896/1454/186 893/1455/186 892/1452/186 
s 16
f 893/1455/362 896/1454/362 897/1456/362 
f 897/1456/362 894/1457/362 893/1455/362 
s off
f 895/1458/146 898/1459/146 899/1460/146 
f 899/1460/146 896/1461/146 895/1458/146 
f 896/1461/136 899/1460/136 900/1462/136 
f 900/1462/136 897/1463/136 896/1461/136 
s 4
f 901/1464/186 899/1465/186 898/1466/186 
f 901/1464/186 898/1466/186 902/1467/186 
f 901/1464/186 902/1467/186 903/1468/186 
f 904/1469/186 901/1464/186 903/1468/186 
s 8
f 905/1470/315 906/1471/315 907/1472/315 
f 907/1472/315 908/1473/315 905/1470/315 
s 4
f 908/1474/186 907/1475/186 909/1476/186 
f 909/1476/186 910/1477/186 908/1474/186 
s 16
f 907/1475/362 906/1478/362 911/1479/362 
f 911/1479/362 909/1476/362 907/1475/362 
s off
f 910/1480/131 909/1481/131 904/1482/131 
f 904/1482/131 903/1483/131 910/1480/131 
f 909/1481/131 911/1484/131 912/1485/131 
f 912/1485/131 904/1482/131 909/1481/131 
s 1
f 900/1486/363 899/1465/363 901/1464/363 
f 913/1487/363 900/1486/363 901/1464/363 
f 912/1488/363 913/1487/363 901/1464/363 
f 904/1469/363 912/1488/363 901/1464/363 
f 914/1489/191 915/1490/191 916/1491/191 
f 916/1491/191 917/1492/191 918/1493/191 
f 914/1489/191 916/1491/191 918/1493/191 
f 918/1493/191 919/1494/191 920/1495/191 
f 914/1489/191 918/1493/191 920/1495/191 
f 921/1496/191 914/1489/191 920/1495/191 
s 8
f 922/1497/364 923/1498/364 924/1499/228 
f 924/1499/228 925/1500/228 922/1497/364 
f 925/1501/228 924/1502/228 926/1503/193 
f 926/1503/193 927/1504/193 925/1501/228 
f 927/1504/193 926/1503/193 928/1505/214 
f 928/1505/214 929/1506/214 927/1504/193 
f 930/1507/395 931/1508/395 932/1509/231 
f 932/1509/231 933/1510/231 930/1507/395 
f 933/1510/231 932/1509/231 934/1511/197 
f 934/1511/197 935/1512/197 933/1510/231 
f 935/1513/197 934/1514/197 936/1515/324 
f 936/1515/324 937/1516/324 935/1513/197 
f 937/1516/324 936/1515/324 923/1498/364 
f 923/1498/364 922/1497/364 937/1516/324 
s 1
f 938/1517/186 939/1518/186 940/1519/186 
f 940/1519/186 941/1520/186 942/1521/186 
f 938/1517/186 940/1519/186 942/1521/186 
f 942/1521/186 943/1522/186 944/1523/186 
f 938/1517/186 942/1521/186 944/1523/186 
f 945/1524/186 938/1517/186 944/1523/186 
s off
f 925/1525/205 915/1490/205 914/1489/205 
f 914/1489/205 922/1526/205 925/1525/205 
f 922/1526/365 914/1489/365 921/1496/365 
f 921/1496/365 937/1527/365 922/1526/365 
f 937/1527/204 921/1496/204 920/1495/204 
f 920/1495/204 935/1528/204 937/1527/204 
f 935/1528/203 920/1495/203 919/1494/203 
f 919/1494/203 933/1529/203 935/1528/203 
f 933/1529/202 919/1494/202 918/1493/202 
f 918/1493/202 930/1530/202 933/1529/202 
f 929/1531/200 917/1492/200 916/1491/200 
f 916/1491/200 927/1532/200 929/1531/200 
f 927/1532/206 916/1491/206 915/1490/206 
f 915/1490/206 925/1525/206 927/1532/206 
f 923/1533/209 944/1523/209 943/1522/209 
f 943/1522/209 924/1534/209 923/1533/209 
f 924/1534/208 943/1522/208 942/1521/208 
f 942/1521/208 926/1535/208 924/1534/208 
f 926/1535/207 942/1521/207 941/1520/207 
f 941/1520/207 928/1536/207 926/1535/207 
f 931/1537/212 940/1519/212 939/1518/212 
f 939/1518/212 932/1538/212 931/1537/212 
f 932/1538/211 939/1518/211 938/1517/211 
f 938/1517/211 934/1539/211 932/1538/211 
f 934/1539/210 938/1517/210 945/1524/210 
f 945/1524/210 936/1540/210 934/1539/210 
f 936/1540/367 945/1524/367 944/1523/367 
f 944/1523/367 923/1533/367 936/1540/367 
f 946/1541/297 947/1542/297 948/1543/297 
f 948/1543/186 949/1544/186 950/1545/186 
f 946/1541/186 948/1543/186 950/1545/186 
f 951/1546/186 946/1541/186 950/1545/186 
f 952/1547/375 953/1548/375 954/1549/375 
f 954/1549/375 955/1550/375 952/1547/375 
f 956/1551/124 957/1552/124 953/1548/124 
f 953/1548/124 952/1547/124 956/1551/124 
f 958/1553/376 959/1554/376 957/1552/376 
f 957/1552/376 956/1551/376 958/1553/376 
f 960/1555/146 961/1556/146 959/1557/146 
f 959/1557/146 958/1558/146 960/1555/146 
f 955/1559/131 954/1560/131 962/1561/131 
f 962/1561/131 963/1562/131 955/1559/131 
f 964/1563/377 947/1564/377 946/1565/377 
f 946/1565/377 965/1566/377 964/1563/377 
f 965/1567/331 946/1568/331 951/1569/331 
f 951/1569/331 966/1570/331 965/1567/331 
f 967/1571/240 950/1572/240 949/1573/240 
f 949/1573/240 968/1574/240 967/1571/240 
f 968/1575/378 949/1576/378 948/1577/378 
f 948/1577/378 969/1578/378 968/1575/378 
f 969/1578/379 948/1577/379 947/1564/379 
f 947/1564/379 964/1563/379 969/1578/379 
f 970/1579/380 971/1580/380 972/1581/380 
f 972/1581/380 973/1582/380 970/1579/380 
f 973/1582/381 972/1581/381 974/1583/381 
f 974/1583/381 975/1584/381 973/1582/381 
f 975/1584/382 974/1583/382 976/1585/382 
f 976/1585/382 977/1586/382 975/1584/382 
f 977/1587/246 976/1588/246 978/1589/246 
f 978/1589/246 979/1590/246 977/1587/246 
f 980/1591/247 981/1592/247 971/1593/247 
f 971/1593/247 970/1594/247 980/1591/247 
f 971/1593/191 982/1595/191 983/1596/191 
f 983/1596/126 972/1597/126 971/1593/126 
f 972/1597/191 983/1596/191 984/1598/191 
f 984/1598/191 974/1599/191 972/1597/191 
f 974/1599/191 984/1598/191 985/1600/191 
f 985/1600/191 976/1588/191 974/1599/191 
f 976/1588/191 985/1600/191 986/1601/191 
f 986/1601/191 978/1589/191 976/1588/191 
f 981/1592/126 987/1602/126 982/1595/126 
f 982/1595/191 971/1593/191 981/1592/191 
f 982/1603/255 988/1604/255 989/1605/255 
f 989/1605/255 983/1606/255 982/1603/255 
f 983/1606/132 989/1605/132 990/1607/132 
f 990/1607/132 984/1608/132 983/1606/132 
f 984/1608/253 990/1607/253 991/1609/253 
f 991/1609/253 985/1610/253 984/1608/253 
f 985/1611/131 991/1612/131 992/1613/131 
f 992/1613/131 986/1614/131 985/1611/131 
f 987/1615/136 993/1616/136 988/1617/136 
f 988/1617/146 982/1618/146 987/1615/146 
f 973/1582/251 994/1619/251 995/1620/251 
f 995/1620/251 970/1579/251 973/1582/251 
f 965/1566/251 996/1621/251 997/1622/251 
f 997/1622/251 964/1563/251 965/1566/251 
f 975/1584/124 998/1623/124 994/1619/124 
f 994/1619/124 973/1582/124 975/1584/124 
f 964/1563/124 997/1622/124 999/1624/124 
f 999/1624/124 969/1578/124 964/1563/124 
f 977/1586/250 1000/1625/250 998/1623/250 
f 998/1623/250 975/1584/250 977/1586/250 
f 969/1578/250 999/1624/250 1001/1626/250 
f 1001/1626/250 968/1575/250 969/1578/250 
f 979/1627/146 1002/1628/146 1000/1629/146 
f 1000/1629/146 977/1630/146 979/1627/146 
f 968/1574/146 1001/1631/146 1003/1632/146 
f 1003/1632/146 967/1571/146 968/1574/146 
f 970/1633/127 995/1634/127 1004/1635/127 
f 1004/1635/131 980/1636/131 970/1633/131 
f 966/1570/131 1005/1637/131 996/1638/131 
f 996/1638/131 965/1567/131 966/1570/131 
f 994/1619/385 952/1547/385 955/1550/385 
f 955/1550/386 995/1620/386 994/1619/386 
f 996/1621/387 954/1549/387 953/1548/387 
f 953/1548/388 997/1622/388 996/1621/388 
f 998/1623/389 956/1551/389 952/1547/389 
f 952/1547/389 994/1619/389 998/1623/389 
f 997/1622/390 953/1548/390 957/1552/390 
f 957/1552/390 999/1624/390 997/1622/390 
f 1000/1625/391 958/1553/391 956/1551/391 
f 956/1551/392 998/1623/392 1000/1625/392 
f 999/1624/393 957/1552/393 959/1554/393 
f 959/1554/394 1001/1626/394 999/1624/394 
f 1002/1628/266 960/1555/266 958/1558/266 
f 958/1558/266 1000/1629/266 1002/1628/266 
f 1001/1631/267 959/1557/267 961/1556/267 
f 961/1556/267 1003/1632/267 1001/1631/267 
f 995/1634/268 955/1559/268 963/1562/268 
f 963/1562/268 1004/1635/268 995/1634/268 
f 1005/1637/332 962/1561/332 954/1560/332 
f 954/1560/332 996/1638/332 1005/1637/332 
f 990/1639/191 989/1640/191 988/1641/191 
f 991/1642/249 990/1639/249 988/1641/249 
f 992/1643/191 991/1642/191 988/1641/191 
f 993/1644/191 992/1643/191 988/1641/191 
s 8
f 1006/1645/191 1007/1646/191 1008/1647/191 
f 1008/1647/191 1009/1648/191 1006/1645/191 
s 16
f 1010/1649/396 1011/1650/396 1012/1651/396 
f 1012/1651/396 1013/1652/396 1010/1649/396 
s 32
f 1014/1653/186 1015/1654/186 1016/1655/186 
f 1016/1655/186 1017/1656/186 1014/1653/186 
s 4
f 1018/1657/397 1014/1653/397 1017/1656/397 
f 1017/1656/397 1019/1658/397 1018/1657/397 
f 1020/1659/335 1006/1645/335 1009/1648/335 
f 1009/1648/335 1021/1660/335 1020/1659/335 
s 16
f 1019/1661/398 1017/1662/399 1016/1663/400 
f 1016/1663/400 1022/1664/401 1019/1661/398 
f 1023/1665/402 1007/1646/403 1006/1645/404 
f 1006/1645/404 1020/1659/405 1023/1665/402 
s off
f 1011/1666/186 1019/1658/186 1022/1667/186 
f 1022/1667/186 1012/1668/186 1011/1666/186 
f 1024/1669/186 1018/1657/186 1019/1658/186 
f 1019/1658/186 1011/1666/186 1024/1669/186 
f 1010/1670/191 1020/1659/191 1021/1660/191 
f 1021/1660/191 1025/1671/191 1010/1670/191 
f 1013/1672/191 1023/1665/191 1020/1659/191 
f 1020/1659/191 1010/1670/191 1013/1672/191 
f 1026/1673/406 1011/1650/406 1010/1649/406 
f 1010/1649/406 1027/1674/406 1026/1673/406 
f 1011/1666/186 1026/1675/186 1024/1669/186 
f 1025/1671/191 1027/1676/191 1010/1670/191 
s 1
f 1028/1677/407 1029/1678/408 1030/1679/409 
f 1030/1679/409 1031/1680/410 1028/1677/407 
f 1032/1681/411 1033/1682/411 1031/1680/410 
f 1031/1680/410 1030/1679/409 1032/1681/411 
f 1034/1683/191 1035/1684/191 1036/1685/191 
f 1036/1685/191 1037/1686/191 1034/1683/191 
f 1038/1687/186 1039/1688/186 1040/1689/186 
f 1040/1689/186 1041/1690/186 1038/1687/186 
s 2
f 1031/1691/412 1040/1689/413 1039/1688/414 
f 1039/1688/414 1028/1692/414 1031/1691/412 
f 1029/1693/415 1037/1686/415 1036/1685/416 
f 1036/1685/416 1030/1694/417 1029/1693/415 
f 1030/1679/417 1036/1695/416 1035/1696/418 
f 1035/1696/418 1032/1681/419 1030/1679/417 
f 1040/1697/413 1031/1680/412 1033/1682/420 
f 1033/1682/420 1041/1698/421 1040/1697/413 
s 8
f 1042/1699/124 1043/1700/124 1044/1701/124 
f 1044/1701/124 1045/1702/124 1042/1699/124 
f 1046/1703/217 1047/1704/217 1048/1705/317 
f 1048/1705/317 1049/1706/219 1046/1703/217 
f 1050/1707/188 1051/1708/188 1052/1709/188 
f 1052/1709/188 1053/1710/188 1050/1707/188 
f 1054/1711/214 1055/1712/214 1056/1713/422 
f 1056/1713/422 1057/1714/216 1054/1711/214 
f 1058/1715/222 1059/1716/222 1060/1717/423 
f 1060/1717/423 1061/1718/224 1058/1715/222 
f 1062/1719/136 1063/1720/136 1064/1721/136 
f 1064/1721/136 1065/1722/136 1062/1719/136 
f 1066/1723/196 1067/1724/196 1068/1725/370 
f 1068/1725/370 1069/1726/318 1066/1723/196 
f 1070/1727/424 1048/1705/317 1069/1726/318 
f 1069/1726/318 1071/1728/425 1070/1727/424 
f 1072/1729/426 1049/1706/219 1048/1705/317 
f 1048/1705/317 1070/1727/424 1072/1729/426 
f 1073/1730/427 1056/1731/422 1049/1732/219 
f 1049/1732/219 1072/1733/426 1073/1730/427 
f 1074/1734/192 1057/1714/216 1056/1713/422 
f 1056/1713/422 1073/1735/427 1074/1734/192 
f 1075/1736/199 1060/1717/423 1057/1714/216 
f 1057/1714/216 1074/1734/192 1075/1736/199 
f 1076/1737/428 1061/1718/224 1060/1717/423 
f 1060/1717/423 1075/1736/199 1076/1737/428 
f 1077/1738/429 1068/1739/370 1061/1740/224 
f 1061/1740/224 1076/1741/428 1077/1738/429 
f 1071/1728/425 1069/1726/318 1068/1725/370 
f 1068/1725/370 1077/1742/429 1071/1728/425 
s off
f 1047/1743/131 1042/1744/131 1045/1745/131 
f 1045/1745/188 1048/1746/188 1047/1743/188 
f 1048/1747/329 1045/1748/329 1044/1749/329 
f 1044/1749/329 1069/1750/329 1048/1747/329 
f 1069/1751/136 1044/1752/136 1043/1753/136 
f 1043/1753/136 1066/1754/136 1069/1751/136 
f 1055/1712/134 1050/1755/134 1053/1756/134 
f 1053/1756/132 1056/1713/132 1055/1712/132 
f 1056/1757/328 1053/1758/328 1052/1759/328 
f 1052/1759/328 1049/1760/328 1056/1757/328 
f 1049/1706/163 1052/1761/163 1051/1762/163 
f 1051/1762/124 1046/1703/124 1049/1706/124 
f 1059/1763/136 1078/1764/136 1079/1765/136 
f 1079/1765/136 1060/1766/136 1059/1763/136 
f 1060/1767/327 1079/1768/327 1080/1769/327 
f 1080/1769/327 1057/1770/327 1060/1767/327 
f 1057/1771/131 1080/1772/131 1081/1773/131 
f 1081/1773/188 1054/1774/188 1057/1771/188 
f 1067/1724/124 1062/1775/124 1065/1776/124 
f 1065/1776/124 1068/1725/124 1067/1724/124 
f 1068/1777/330 1065/1778/330 1064/1779/330 
f 1064/1779/330 1061/1780/330 1068/1777/330 
f 1061/1718/132 1064/1781/132 1063/1782/132 
f 1063/1782/132 1058/1715/132 1061/1718/132 
# 1532 faces

