# 3ds Max Wavefront OBJ Exporter v0.99 - (c)2007 guruware
# File Created: 08.04.2026 03:46:21

mtllib DropShip_Obj.mtl

#
# object Target
#

v  42.8571 51.3501 25.2073
v  37.0449 51.3501 -4.7767
v  36.6063 79.4014 6.2233
v  37.0449 88.3805 12.9349
v  37.0449 -42.4036 -4.7767
v  37.0449 -18.8387 -4.7767
v  42.8571 -18.8387 25.2073
v  42.8571 -42.4036 25.2073
v  42.8571 5.1167 25.2073
v  37.0449 5.1167 -4.7767
v  34.3003 5.1167 -7.3516
v  34.3003 -18.8387 -7.3516
v  31.8990 5.1167 25.2073
v  31.8990 -18.8387 25.2073
v  31.8990 -18.8387 34.2233
v  31.8990 5.1167 34.2233
v  31.8990 -68.3000 25.2072
v  31.8990 -68.3000 34.2233
v  31.8990 -42.4036 34.2233
v  31.8990 -42.4036 25.2073
v  31.8990 -18.8387 -4.7767
v  31.8990 5.1167 -4.7767
v  32.7349 -42.4036 46.3681
v  32.7349 -18.8387 46.3681
v  20.0000 -18.8387 46.3681
v  20.0000 -42.4036 46.3681
v  -36.6063 79.4014 6.2233
v  -37.0449 88.3805 12.9349
v  -31.8990 88.3805 12.9349
v  -20.0000 88.3805 12.9349
v  20.0000 88.3805 12.9349
v  31.8990 88.3805 12.9349
v  20.0000 51.3501 46.3681
v  32.7349 51.3501 46.3681
v  30.7476 88.3805 26.7181
v  20.0000 88.3805 26.7181
v  31.8990 -68.3000 -7.3516
v  34.3003 -68.3000 -7.3516
v  37.0449 -68.3000 -4.7767
v  31.8990 -68.3000 -6.2154
v  31.8990 -68.3000 -4.7767
v  20.0000 90.7942 12.9349
v  20.0000 90.7942 27.9041
v  20.0000 88.3805 20.2341
v  20.0000 51.3501 48.0431
v  20.0000 -18.8387 48.0431
v  20.0000 -42.4036 48.0431
v  20.0000 -68.3000 46.3681
v  20.0000 -71.6040 48.0431
v  20.0000 -71.6040 34.2233
v  20.0000 -68.3000 34.2233
v  42.8571 -18.8387 32.3107
v  42.8571 5.1167 32.3107
v  38.4303 5.1167 39.1105
v  38.4303 -18.8387 39.1105
v  20.0000 46.9508 25.2073
v  9.2316 46.9508 25.2073
v  9.2316 46.9508 -4.7767
v  20.0000 46.9508 -4.7767
v  9.2316 54.9483 22.2233
v  9.2316 54.9483 -1.7767
v  16.9854 90.7942 14.2233
v  16.9854 90.7942 26.2233
v  14.4352 88.6503 16.2233
v  14.4352 88.6503 23.7233
v  33.6116 88.3805 24.8774
v  34.3612 88.3805 23.4334
v  31.8990 88.3805 20.2341
v  34.3003 51.3501 -7.3516
v  33.2748 77.3562 2.2233
v  38.4303 51.3501 39.1105
v  35.5547 51.1015 44.6945
v  35.5235 5.1167 44.6782
v  35.5235 -18.8387 44.6782
v  42.8571 51.3501 32.3107
v  37.0449 88.3805 19.2607
v  31.8990 -62.6281 -4.7767
v  30.1813 86.4826 19.3055
v  30.1813 86.4826 13.8636
v  22.1694 86.4826 13.8636
v  22.1694 86.4826 19.3055
v  21.5216 88.3805 13.5135
v  30.8292 88.3805 13.5135
v  30.8292 88.3805 19.6556
v  21.5216 88.3805 19.6556
v  -19.9155 77.3562 2.2233
v  -33.2749 77.3562 2.2233
v  20.0000 77.3562 2.2233
v  15.7074 -68.4576 38.5159
v  15.7074 -68.4576 43.7505
v  -15.7074 -68.4576 43.7505
v  -15.7074 -68.4576 38.5159
v  20.0000 51.3501 -7.3516
v  -20.0000 51.3501 -7.3516
v  -16.9854 90.7942 14.2233
v  -20.0000 90.7942 12.9349
v  31.8990 -42.4036 -4.7767
v  22.3809 -70.6834 43.9872
v  22.3809 -70.6834 36.6042
v  34.2799 -70.6834 36.6042
v  33.1984 -70.6834 43.9872
v  36.3726 -70.6834 37.9072
v  31.8990 46.9508 34.2233
v  31.8990 46.9508 25.2073
v  31.8990 46.9508 -4.7767
v  20.0000 46.9508 34.2233
v  -20.0000 -71.6040 34.2233
v  -20.0000 -68.3000 34.2233
v  -14.4352 88.6503 23.7233
v  -16.9854 90.7942 26.2233
v  20.0000 -18.8387 34.2233
v  20.0000 -42.4036 34.2233
v  -20.0000 -42.4036 34.2233
v  -20.0000 -18.8387 34.2233
v  20.0000 5.1167 34.2233
v  -20.0000 5.1167 34.2233
v  -20.0000 46.9508 34.2233
v  -20.0000 5.1167 -7.3516
v  20.0000 5.1167 -7.3516
v  20.0000 -18.8387 -7.3516
v  -20.0000 -18.8387 -7.3516
v  34.3003 -42.4036 -7.3516
v  32.7349 5.1167 46.3681
v  20.0000 5.1167 46.3681
v  32.7349 -68.3000 46.3681
v  20.0000 5.1167 48.0431
v  42.8571 -68.3000 32.3107
v  42.8571 -42.4036 32.3107
v  38.4303 -42.4036 39.1105
v  38.4303 -68.3000 39.1105
v  35.5235 -42.4036 44.6782
v  35.5235 -68.3000 44.6782
v  -20.0000 5.1167 48.0431
v  -20.0000 51.3501 48.0431
v  -20.0000 -18.8387 48.0431
v  -20.0000 -42.4036 48.0431
v  -20.0000 -71.6040 48.0431
v  42.8571 -68.3000 25.2072
v  -20.0000 -42.4036 -4.7767
v  20.0000 -42.4036 -4.7767
v  20.0000 -18.8387 -4.7767
v  -20.0000 -18.8387 -4.7767
v  -42.8571 51.3501 25.2073
v  -37.0449 51.3501 -4.7767
v  -37.0449 -42.4036 -4.7767
v  -42.8571 -42.4036 25.2073
v  -42.8571 -18.8387 25.2073
v  -37.0449 -18.8387 -4.7767
v  -37.0449 5.1167 -4.7767
v  -42.8571 5.1167 25.2073
v  -34.3003 5.1167 -7.3516
v  -34.3003 -18.8387 -7.3516
v  -31.8990 5.1167 25.2073
v  -31.8990 5.1167 34.2233
v  -31.8990 -18.8387 34.2233
v  -31.8990 -18.8387 25.2073
v  -31.8989 -68.3000 25.2072
v  -31.8990 -42.4036 25.2073
v  -31.8990 -42.4036 34.2233
v  -31.8989 -68.3000 34.2233
v  -31.8990 -18.8387 -4.7767
v  -31.8990 5.1167 -4.7767
v  -20.0000 -18.8387 46.3681
v  -32.7349 -18.8387 46.3681
v  -32.7349 -42.4036 46.3681
v  -20.0000 -42.4036 46.3681
v  -20.0000 51.3501 46.3681
v  -20.0000 88.3805 26.7181
v  -30.7476 88.3805 26.7181
v  -32.7372 51.3160 46.3766
v  -35.0812 -70.6835 -3.4757
v  -34.2798 -70.6835 -3.4757
v  -34.2798 -70.6835 25.2072
v  -40.4762 -70.6835 25.2073
v  -20.0000 88.3805 20.2341
v  -20.0000 90.7942 27.9041
v  -20.0000 -68.3000 46.3681
v  -42.8571 -18.8387 32.3107
v  -38.4303 -18.8387 39.1105
v  -38.4303 5.1167 39.1105
v  -42.8571 5.1167 32.3107
v  -20.0000 46.9508 25.2073
v  -20.0000 46.9508 -4.7767
v  -9.2316 46.9508 -4.7767
v  -9.2316 46.9508 25.2073
v  -9.2316 54.9483 -1.7767
v  -9.2316 54.9483 22.2233
v  -14.4352 88.6503 16.2233
v  -34.3612 88.3805 23.4334
v  -33.6116 88.3805 24.8774
v  -31.8990 88.3805 20.2341
v  -34.3003 51.3501 -7.3516
v  -38.4303 51.3501 39.1105
v  -35.5547 51.1015 44.6945
v  -35.5235 -18.8387 44.6782
v  -35.5235 5.1167 44.6782
v  -37.0449 88.3805 19.2607
v  -42.8571 51.3501 32.3107
v  -30.1813 86.4826 19.3055
v  -22.1694 86.4826 19.3055
v  -22.1694 86.4826 13.8636
v  -30.1813 86.4826 13.8636
v  -30.8292 88.3805 13.5135
v  -21.5216 88.3805 13.5135
v  -30.8292 88.3805 19.6556
v  -21.5216 88.3805 19.6556
v  -20.0000 -62.5905 -4.7767
v  20.0000 -62.5904 -4.7767
v  20.0000 5.1167 -4.7767
v  -20.0000 5.1167 -4.7767
v  -31.8989 -62.6010 -4.7767
v  -31.8990 -42.4036 -4.7767
v  -31.8989 -68.3000 -4.7767
v  -33.1984 -70.6835 43.9872
v  -36.3726 -70.6835 37.9072
v  -34.2798 -70.6835 36.6042
v  -22.3809 -70.6834 36.6042
v  -22.3809 -70.6834 43.9872
v  -31.8990 46.9508 34.2233
v  -31.8990 46.9508 25.2073
v  -31.8990 46.9508 -4.7767
v  20.0000 -42.4036 -7.3516
v  -20.0000 -42.4036 -7.3516
v  -34.3003 -42.4036 -7.3516
v  -32.7349 5.1167 46.3681
v  -20.0000 5.1167 46.3681
v  -32.7349 -68.3000 46.3681
v  -42.8571 -68.3000 32.3107
v  -38.4303 -68.3000 39.1105
v  -38.4303 -42.4036 39.1105
v  -42.8571 -42.4036 32.3107
v  -35.5235 -68.3000 44.6782
v  -35.5235 -42.4036 44.6782
v  -37.0449 -68.3000 -4.7767
v  -42.8571 -68.3000 25.2072
v  -34.3003 -68.3000 -7.3516
v  -20.0000 -68.3000 -7.3516
v  20.0000 -68.3000 -7.3516
v  20.0000 -68.3000 -6.2154
v  -20.0000 -68.3000 -6.2154
v  -31.8989 -68.3000 -7.3516
v  -31.8989 -68.3000 -6.2154
v  34.2799 -70.6835 25.2072
v  40.4762 -70.6834 25.2073
v  40.4762 -70.6834 31.6039
v  -40.4762 -70.6835 31.6039
v  34.2799 -70.6834 -3.4760
v  35.0813 -70.6834 -3.4760
v  33.8907 -69.5398 45.1296
v  -33.8907 -69.5398 45.1296
v  19.1712 -72.4328 35.0521
v  19.1712 -72.4328 47.2142
v  18.0883 -72.4328 46.1314
v  18.0883 -72.4328 36.1350
v  -19.1711 -72.4328 35.0521
v  -18.0882 -72.4328 36.1350
v  -19.1711 -72.4328 47.2142
v  -18.0882 -72.4328 46.1314
v  -40.7368 -44.9019 30.8945
v  -36.5504 -42.1626 35.6563
v  -47.6839 -42.1626 35.6563
v  -52.1299 -44.9019 30.8945
v  -36.5504 -39.5334 35.6563
v  -47.6839 -39.5334 35.6563
v  -52.1299 -39.5333 30.8945
v  -36.5504 -39.5334 38.2720
v  -48.8393 -39.5334 38.2720
v  -54.6360 -39.5333 30.8945
v  -36.5504 -31.2885 38.2721
v  -48.8393 -31.2885 38.2721
v  -40.7368 -25.9200 30.8945
v  -52.1299 -25.9200 30.8945
v  -47.6839 -28.6593 35.6563
v  -36.5504 -28.6593 35.6563
v  -47.6839 -31.2885 35.6563
v  -36.5504 -31.2885 35.6563
v  -52.1299 -31.2885 30.8945
v  -54.6360 -31.2885 30.8945
v  40.7368 -44.9019 30.8945
v  52.1299 -44.9019 30.8945
v  47.6839 -42.1626 35.6563
v  36.5504 -42.1626 35.6563
v  47.6839 -39.5333 35.6563
v  36.5504 -39.5333 35.6563
v  52.1299 -39.5333 30.8945
v  48.8393 -39.5333 38.2720
v  36.5504 -39.5333 38.2720
v  54.6360 -39.5333 30.8945
v  48.8393 -31.2885 38.2721
v  36.5504 -31.2885 38.2721
v  40.7368 -25.9199 30.8946
v  36.5504 -28.6593 35.6563
v  47.6839 -28.6593 35.6563
v  52.1299 -25.9199 30.8946
v  36.5504 -31.2885 35.6563
v  47.6839 -31.2885 35.6563
v  52.1299 -31.2885 30.8945
v  54.6360 -31.2885 30.8945
v  51.5006 -60.0949 -7.2316
v  46.4772 -65.1183 -7.2316
v  39.3731 -65.1183 -7.2316
v  34.3497 -60.0949 -7.2316
v  34.3497 -52.9908 -7.2316
v  39.3731 -47.9674 -7.2316
v  46.4772 -47.9674 -7.2316
v  51.5006 -52.9908 -7.2316
v  53.3318 -60.8534 -6.6113
v  53.3318 -60.8534 -3.3344
v  47.2357 -66.9495 -3.3344
v  47.2357 -66.9495 -6.6114
v  38.6146 -66.9495 -3.3344
v  38.6146 -66.9495 -6.6114
v  32.5185 -60.8534 -3.3344
v  32.5185 -60.8534 -6.6113
v  32.5185 -52.2322 -6.6113
v  32.5185 -52.2322 -3.3343
v  38.6146 -46.1362 -3.3343
v  38.6146 -46.1362 -6.6113
v  47.2357 -46.1362 -3.3343
v  47.2357 -46.1362 -6.6113
v  53.3318 -52.2323 -3.3343
v  53.3318 -52.2323 -6.6113
v  46.4772 -48.0031 -2.7140
v  39.3731 -48.0031 -2.7140
v  34.3497 -53.0265 -2.7141
v  34.3497 -60.1306 -2.7141
v  39.3731 -65.1540 -2.7141
v  46.4772 -65.1540 -2.7141
v  51.5006 -60.1306 -2.7141
v  51.5006 -53.0265 -2.7141
v  -46.4772 -47.9674 -7.2373
v  -39.3731 -47.9674 -7.2373
v  -34.3497 -52.9908 -7.2374
v  -34.3497 -60.0949 -7.2374
v  -39.3731 -65.1183 -7.2374
v  -46.4772 -65.1183 -7.2374
v  -51.5006 -60.0949 -7.2374
v  -51.5006 -52.9908 -7.2374
v  -53.3318 -60.8534 -6.6171
v  -47.2357 -66.9495 -6.6171
v  -47.2357 -66.9495 -3.3401
v  -53.3318 -60.8534 -3.3401
v  -38.6145 -66.9495 -6.6171
v  -38.6145 -66.9495 -3.3401
v  -32.5185 -60.8534 -6.6171
v  -32.5185 -60.8534 -3.3401
v  -32.5185 -52.2323 -6.6171
v  -38.6146 -46.1362 -6.6171
v  -38.6146 -46.1362 -3.3401
v  -32.5185 -52.2323 -3.3401
v  -47.2357 -46.1362 -6.6171
v  -47.2357 -46.1362 -3.3401
v  -53.3318 -52.2323 -6.6171
v  -53.3318 -52.2323 -3.3401
v  -51.5006 -60.1306 -2.7198
v  -46.4772 -65.1540 -2.7198
v  -39.3731 -65.1540 -2.7198
v  -34.3497 -60.1306 -2.7198
v  -34.3497 -53.0265 -2.7198
v  -39.3731 -48.0031 -2.7198
v  -46.4772 -48.0031 -2.7198
v  -51.5006 -53.0265 -2.7198
v  -50.5310 -58.2987 -3.0438
v  -50.5310 -58.2987 -1.3335
v  -50.5311 -54.9098 -1.3335
v  -50.5311 -54.9098 -3.0438
v  -44.5024 -60.6951 -3.0438
v  -44.5024 -60.6951 0.3059
v  -46.8987 -58.2988 0.3059
v  -46.8987 -58.2987 -3.0438
v  -41.1134 -64.3274 -3.0439
v  -41.1134 -64.3274 -1.3335
v  -44.5024 -64.3274 -1.3335
v  -44.5024 -64.3274 -3.0439
v  -38.7170 -58.2987 -3.0438
v  -38.7170 -58.2988 0.3059
v  -41.1134 -60.6951 0.3059
v  -41.1134 -60.6951 -3.0438
v  -41.1134 -52.5134 -3.0438
v  -41.1134 -52.5134 0.3059
v  -38.7170 -54.9098 0.3059
v  -38.7170 -54.9098 -3.0438
v  -44.5024 -48.8811 -3.0438
v  -44.5024 -48.8811 -1.3335
v  -41.1134 -48.8811 -1.3335
v  -41.1134 -48.8811 -3.0438
v  -46.8987 -54.9098 -3.0438
v  -46.8987 -54.9098 0.3059
v  -44.5024 -52.5134 0.3059
v  -44.5024 -52.5134 -3.0438
v  -46.8987 -58.2988 12.9578
v  -46.8988 -54.9098 12.9579
v  -44.5024 -60.6952 12.9578
v  -41.1134 -60.6952 12.9578
v  -38.7170 -58.2988 12.9578
v  -38.7170 -54.9098 12.9579
v  -41.1134 -52.5134 12.9579
v  -44.5024 -52.5134 12.9579
v  -35.0847 -54.9098 -1.3335
v  -35.0847 -54.9098 -3.0438
v  -35.0847 -58.2988 -1.3335
v  -35.0847 -58.2987 -3.0438
v  50.5310 -58.2987 -3.0438
v  50.5310 -54.9098 -3.0438
v  50.5310 -54.9098 -1.3335
v  50.5310 -58.2987 -1.3335
v  44.5023 -60.6951 -3.0438
v  46.8987 -58.2987 -3.0438
v  46.8987 -58.2988 0.3059
v  44.5024 -60.6951 0.3059
v  41.1134 -64.3274 -3.0439
v  44.5023 -64.3274 -3.0439
v  44.5023 -64.3274 -1.3335
v  41.1134 -64.3274 -1.3335
v  38.7170 -58.2987 -3.0438
v  41.1134 -60.6951 -3.0438
v  41.1134 -60.6951 0.3059
v  38.7170 -58.2988 0.3059
v  41.1134 -52.5134 -3.0438
v  38.7170 -54.9098 -3.0438
v  38.7170 -54.9098 0.3059
v  41.1134 -52.5134 0.3059
v  44.5024 -48.8811 -3.0438
v  41.1134 -48.8811 -3.0438
v  41.1134 -48.8811 -1.3335
v  44.5024 -48.8811 -1.3335
v  46.8987 -54.9098 -3.0438
v  44.5024 -52.5134 -3.0438
v  44.5024 -52.5134 0.3059
v  46.8987 -54.9098 0.3059
v  46.8987 -58.2988 12.9578
v  46.8987 -54.9098 12.9579
v  44.5024 -60.6952 12.9578
v  41.1134 -60.6952 12.9578
v  38.7170 -58.2988 12.9578
v  38.7170 -54.9098 12.9579
v  41.1134 -52.5134 12.9579
v  44.5024 -52.5134 12.9579
v  35.0847 -54.9098 -3.0438
v  35.0847 -54.9098 -1.3335
v  35.0847 -58.2988 -1.3335
v  35.0847 -58.2987 -3.0438
v  -45.0463 32.2570 27.3962
v  -53.1768 32.2570 27.3962
v  -48.7308 29.5176 32.1580
v  -40.8599 29.5177 32.1580
v  -48.7308 26.8884 32.1579
v  -40.8599 26.8884 32.1580
v  -53.1768 26.8884 27.3962
v  -49.8863 26.8884 34.7737
v  -40.8599 26.8884 34.7737
v  -55.6829 26.8884 27.3962
v  -40.8599 18.6436 34.7737
v  -49.8863 18.6436 34.7737
v  -45.0463 13.2750 27.3962
v  -40.8599 16.0144 32.1579
v  -48.7308 16.0144 32.1579
v  -53.1768 13.2750 27.3962
v  -40.8599 18.6436 32.1579
v  -48.7308 18.6436 32.1579
v  -53.1768 18.6436 27.3962
v  -55.6829 18.6436 27.3962
v  45.0463 32.2570 27.3962
v  40.8599 29.5177 32.1580
v  48.7308 29.5177 32.1580
v  53.1768 32.2570 27.3962
v  40.8599 26.8884 32.1580
v  48.7308 26.8884 32.1580
v  53.1768 26.8884 27.3962
v  40.8599 26.8884 34.7737
v  49.8862 26.8884 34.7737
v  55.6829 26.8885 27.3962
v  40.8599 18.6436 34.7737
v  49.8862 18.6436 34.7737
v  45.0463 13.2751 27.3961
v  53.1768 13.2751 27.3961
v  48.7308 16.0144 32.1579
v  40.8599 16.0144 32.1579
v  48.7308 18.6436 32.1579
v  40.8599 18.6436 32.1579
v  53.1768 18.6436 27.3962
v  55.6829 18.6436 27.3962
v  51.4937 42.9784 -7.2316
v  46.4703 37.9551 -7.2316
v  39.3662 37.9551 -7.2316
v  34.3428 42.9785 -7.2316
v  34.3428 50.0826 -7.2316
v  39.3662 55.1060 -7.2316
v  46.4703 55.1059 -7.2316
v  51.4937 50.0826 -7.2316
v  53.3249 42.2199 -6.6113
v  53.3249 42.2199 -3.3343
v  47.2289 36.1239 -3.3343
v  47.2289 36.1239 -6.6113
v  38.6077 36.1239 -3.3343
v  38.6077 36.1239 -6.6113
v  32.5116 42.2199 -3.3343
v  32.5116 42.2199 -6.6113
v  32.5116 50.8411 -6.6113
v  32.5116 50.8411 -3.3343
v  38.6077 56.9372 -3.3343
v  38.6077 56.9372 -6.6113
v  47.2288 56.9372 -3.3343
v  47.2288 56.9372 -6.6113
v  53.3249 50.8411 -3.3343
v  53.3249 50.8411 -6.6113
v  46.4703 55.0702 -2.7140
v  39.3662 55.0702 -2.7140
v  34.3428 50.0469 -2.7140
v  34.3428 42.9427 -2.7141
v  39.3662 37.9194 -2.7141
v  46.4703 37.9193 -2.7141
v  51.4937 42.9427 -2.7140
v  51.4937 50.0469 -2.7140
v  -46.4703 55.1059 -7.2373
v  -39.3662 55.1059 -7.2373
v  -34.3428 50.0826 -7.2373
v  -34.3428 42.9784 -7.2373
v  -39.3662 37.9551 -7.2373
v  -46.4704 37.9551 -7.2373
v  -51.4937 42.9784 -7.2373
v  -51.4937 50.0826 -7.2373
v  -53.3249 42.2199 -6.6171
v  -47.2289 36.1238 -6.6171
v  -47.2289 36.1238 -3.3401
v  -53.3249 42.2199 -3.3401
v  -38.6077 36.1238 -6.6171
v  -38.6077 36.1238 -3.3401
v  -32.5116 42.2199 -6.6171
v  -32.5116 42.2199 -3.3401
v  -32.5116 50.8411 -6.6171
v  -38.6077 56.9372 -6.6170
v  -38.6077 56.9372 -3.3401
v  -32.5116 50.8411 -3.3401
v  -47.2289 56.9371 -6.6170
v  -47.2289 56.9371 -3.3401
v  -53.3249 50.8411 -6.6171
v  -53.3249 50.8411 -3.3401
v  -51.4937 42.9427 -2.7198
v  -46.4704 37.9193 -2.7198
v  -39.3662 37.9193 -2.7198
v  -34.3428 42.9427 -2.7198
v  -34.3428 50.0469 -2.7198
v  -39.3662 55.0702 -2.7198
v  -46.4703 55.0702 -2.7198
v  -51.4937 50.0468 -2.7198
v  -50.5242 44.5193 -3.0302
v  -50.5242 44.5193 -1.3083
v  -50.5242 47.9083 -1.3083
v  -50.5242 47.9083 -3.0302
v  -44.4955 42.1229 -3.0302
v  -44.4955 42.1229 0.3054
v  -46.8919 44.5193 0.3054
v  -46.8919 44.5193 -3.0302
v  -41.1065 38.4906 -3.0302
v  -41.1065 38.4906 -1.3083
v  -44.4955 38.4906 -1.3083
v  -44.4955 38.4906 -3.0302
v  -38.7102 44.5193 -3.0302
v  -38.7102 44.5193 0.3054
v  -41.1065 42.1229 0.3054
v  -41.1065 42.1229 -3.0302
v  -41.1065 50.3046 -3.0302
v  -41.1065 50.3046 0.3055
v  -38.7102 47.9082 0.3055
v  -38.7102 47.9083 -3.0302
v  -44.4955 53.9369 -3.0302
v  -44.4955 53.9369 -1.3083
v  -41.1065 53.9369 -1.3083
v  -41.1065 53.9369 -3.0302
v  -46.8919 47.9083 -3.0302
v  -46.8919 47.9082 0.3055
v  -44.4955 50.3046 0.3055
v  -44.4955 50.3046 -3.0302
v  -46.8919 44.5192 7.9345
v  -46.8919 47.9082 7.9345
v  -44.4955 42.1229 4.8473
v  -41.1065 42.1229 2.3458
v  -38.7102 44.5192 2.3459
v  -38.7102 47.9082 2.3459
v  -41.1065 50.3046 2.3459
v  -44.4955 50.3046 7.2761
v  -35.0779 47.9082 -1.3083
v  -35.0779 47.9083 -3.0302
v  -35.0779 44.5193 -1.3083
v  -35.0779 44.5193 -3.0302
v  50.5242 44.5193 -3.0302
v  50.5242 47.9083 -3.0302
v  50.5242 47.9083 -1.3083
v  50.5242 44.5193 -1.3083
v  44.4955 42.1229 -3.0302
v  46.8919 44.5193 -3.0302
v  46.8919 44.5193 0.3054
v  44.4955 42.1229 0.3054
v  41.1065 38.4906 -3.0302
v  44.4955 38.4906 -3.0302
v  44.4955 38.4906 -1.3083
v  41.1065 38.4906 -1.3083
v  38.7102 44.5193 -3.0302
v  41.1065 42.1229 -3.0302
v  41.1065 42.1229 0.3054
v  38.7102 44.5193 0.3054
v  41.1065 50.3046 -3.0302
v  38.7102 47.9083 -3.0302
v  38.7102 47.9082 0.3055
v  41.1065 50.3046 0.3055
v  44.4955 53.9369 -3.0302
v  41.1065 53.9369 -3.0302
v  41.1065 53.9369 -1.3082
v  44.4955 53.9369 -1.3082
v  46.8919 47.9083 -3.0302
v  44.4955 50.3046 -3.0302
v  44.4955 50.3046 0.3055
v  46.8919 47.9082 0.3055
v  46.8919 44.5192 7.9345
v  46.8919 47.9082 7.9345
v  44.4955 42.1229 4.8473
v  41.1065 42.1229 2.3458
v  38.7102 44.5192 2.3459
v  38.7102 47.9082 2.3459
v  41.1065 50.3046 2.3459
v  44.4955 50.3046 7.2761
v  35.0779 47.9083 -3.0302
v  35.0779 47.9082 -1.3083
v  35.0778 44.5193 -1.3083
v  35.0778 44.5193 -3.0302
v  -58.8221 14.2163 3.3669
v  -54.4144 9.1604 3.3669
v  -54.4144 9.1604 18.6531
v  -58.8221 14.2163 18.6531
v  -49.7429 7.0373 3.3669
v  -38.2401 7.0373 3.3669
v  -41.1267 7.0373 18.6531
v  -49.7429 7.0373 18.6531
v  -57.3203 14.8553 25.7950
v  -53.7737 10.7395 25.7950
v  -53.1485 13.0926 27.6792
v  -55.4093 15.7162 27.6792
v  -42.4754 8.6047 25.7950
v  -42.4845 10.7816 27.6792
v  -48.2383 10.7816 27.6792
v  -49.1161 8.6047 25.7950
v  -57.3203 14.8554 -2.8731
v  -55.5011 15.7887 -4.7514
v  -52.8269 12.6426 -4.7514
v  -53.7737 10.7396 -2.8731
v  -37.0618 8.6048 -2.8731
v  -49.1161 8.6048 -2.8731
v  -48.4864 10.7147 -4.7514
v  -36.6931 10.7789 -4.7514
v  -53.5682 16.6590 -4.7513
v  -52.2195 15.0940 -4.7514
v  -57.2840 25.3642 -4.7513
v  -55.4077 24.2273 -4.7513
v  -55.4077 21.6119 -4.7513
v  -57.2840 20.4750 -4.7513
v  -53.5682 16.6590 0.9825
v  -52.2195 15.0940 0.9824
v  -55.4077 24.2273 0.9825
v  -55.4077 21.6119 0.9825
v  -53.7748 10.7383 1.8120
v  -57.3210 14.8546 1.8120
v  -57.3210 14.8545 20.2080
v  -53.7748 10.7382 20.2080
v  -59.1604 19.8082 25.7937
v  -59.1604 26.0309 25.7937
v  -59.1628 26.0309 20.2080
v  -59.1628 19.8082 20.2080
v  -37.9465 8.6048 1.8120
v  -49.1161 8.6048 1.8120
v  -49.1161 8.6047 20.2080
v  -41.4203 8.6047 20.2080
v  -60.6761 26.6802 18.6531
v  -60.6761 19.1590 18.6531
v  -60.6761 19.1590 3.3669
v  -57.2841 20.8676 27.6792
v  -59.1604 19.8083 -2.8718
v  -47.5619 12.9591 -4.7514
v  -47.5619 12.9591 0.9824
v  -59.1628 19.8083 1.8120
v  -37.7901 12.9591 0.9824
v  -36.6931 12.9592 -4.7514
v  -53.5682 29.1802 0.9825
v  -52.2195 30.7453 0.9825
v  -47.5619 32.8801 0.9825
v  -37.7901 32.8801 0.9825
v  -42.4845 35.0575 27.6792
v  -48.2383 35.0575 27.6792
v  -53.1485 32.7465 27.6792
v  -55.4093 30.1229 27.6792
v  -57.2841 24.9715 27.6792
v  -60.6761 26.6802 3.3669
v  -59.1628 26.0309 1.8120
v  -59.1604 26.0309 -2.8717
v  -58.8221 31.6229 3.3669
v  -58.8221 31.6229 18.6531
v  -54.4144 36.6787 18.6531
v  -54.4144 36.6788 3.3669
v  -49.7429 38.8019 3.3669
v  -49.7429 38.8018 18.6531
v  -41.1267 38.8018 18.6531
v  -38.2401 38.8019 3.3669
v  -57.3203 30.9838 25.7950
v  -53.7737 35.0996 25.7950
v  -42.4754 37.2344 25.7950
v  -49.1161 37.2344 25.7950
v  -57.3203 30.9838 -2.8730
v  -53.7737 35.0996 -2.8730
v  -52.8269 33.1966 -4.7513
v  -55.5011 30.0505 -4.7513
v  -37.0618 37.2344 -2.8730
v  -36.6931 35.0603 -4.7513
v  -48.4864 35.1245 -4.7513
v  -49.1161 37.2344 -2.8730
v  -52.2195 30.7453 -4.7513
v  -53.5682 29.1802 -4.7513
v  -57.3210 30.9846 1.8120
v  -53.7748 35.1009 1.8120
v  -53.7748 35.1009 20.2080
v  -57.3210 30.9846 20.2080
v  -49.1161 37.2344 1.8120
v  -37.9465 37.2344 1.8120
v  -41.4203 37.2344 20.2080
v  -49.1161 37.2344 20.2080
v  -47.5619 32.8801 -4.7513
v  -36.6931 32.8801 -4.7513
v  -58.8221 -44.1801 7.1250
v  -54.4144 -49.2359 7.1250
v  -54.4144 -49.2360 22.4112
v  -58.8221 -44.1801 22.4112
v  -49.7429 -51.3590 7.1250
v  -38.2401 -51.3590 7.1250
v  -41.1267 -51.3591 22.4112
v  -49.7429 -51.3591 22.4112
v  -57.3203 -43.5410 29.5531
v  -53.7737 -47.6568 29.5531
v  -53.1485 -45.3038 31.4372
v  -55.4093 -42.6802 31.4372
v  -42.4754 -49.7916 29.5531
v  -42.4845 -47.6147 31.4372
v  -48.2383 -47.6147 31.4372
v  -49.1161 -49.7916 29.5531
v  -57.3203 -43.5410 0.8850
v  -55.5011 -42.6076 -0.9933
v  -52.8269 -45.7537 -0.9933
v  -53.7737 -47.6568 0.8850
v  -37.0618 -49.7916 0.8850
v  -49.1161 -49.7916 0.8850
v  -48.4864 -47.6816 -0.9933
v  -36.6931 -47.6174 -0.9933
v  -53.5682 -41.7373 -0.9933
v  -52.2195 -43.3024 -0.9933
v  -57.2840 -33.0321 -0.9932
v  -55.4077 -34.1691 -0.9932
v  -55.4077 -36.7845 -0.9932
v  -57.2840 -37.9214 -0.9932
v  -53.5682 -41.7374 4.7405
v  -52.2195 -43.3024 4.7405
v  -55.4077 -34.1691 4.7406
v  -55.4077 -36.7845 4.7406
v  -53.7748 -47.6581 5.5701
v  -57.3210 -43.5418 5.5701
v  -57.3210 -43.5418 23.9661
v  -53.7748 -47.6581 23.9661
v  -59.1604 -38.5882 29.5518
v  -59.1604 -32.3655 29.5518
v  -59.1628 -32.3655 23.9661
v  -59.1628 -38.5882 23.9661
v  -37.9465 -49.7916 5.5701
v  -49.1161 -49.7916 5.5701
v  -49.1161 -49.7916 23.9661
v  -41.4203 -49.7916 23.9661
v  -60.6761 -31.7162 22.4112
v  -60.6761 -39.2374 22.4112
v  -60.6761 -39.2374 7.1250
v  -57.2841 -37.5288 31.4373
v  -59.1604 -38.5881 0.8863
v  -47.5619 -45.4372 -0.9933
v  -47.5619 -45.4372 4.7405
v  -59.1628 -38.5881 5.5701
v  -37.7901 -45.4372 4.7405
v  -36.6931 -45.4372 -0.9933
v  -53.5682 -29.2162 4.7406
v  -52.2195 -27.6511 4.7406
v  -47.5619 -25.5163 4.7406
v  -37.7901 -25.5163 4.7406
v  -42.4845 -23.3389 31.4373
v  -48.2383 -23.3389 31.4373
v  -53.1485 -25.6499 31.4373
v  -55.4093 -28.2735 31.4373
v  -57.2841 -33.4249 31.4373
v  -60.6761 -31.7162 7.1250
v  -59.1628 -32.3654 5.5701
v  -59.1604 -32.3654 0.8863
v  -58.8221 -26.7735 7.1250
v  -58.8221 -26.7735 22.4112
v  -54.4144 -21.7177 22.4112
v  -54.4144 -21.7176 7.1250
v  -49.7429 -19.5945 7.1250
v  -49.7429 -19.5945 22.4112
v  -41.1267 -19.5945 22.4112
v  -38.2401 -19.5945 7.1250
v  -57.3203 -27.4126 29.5531
v  -53.7737 -23.2968 29.5531
v  -42.4754 -21.1620 29.5531
v  -49.1161 -21.1620 29.5531
v  -57.3203 -27.4126 0.8851
v  -53.7737 -23.2967 0.8851
v  -52.8269 -25.1998 -0.9932
v  -55.5011 -28.3459 -0.9932
v  -37.0618 -21.1619 0.8851
v  -36.6931 -23.3361 -0.9932
v  -48.4864 -23.2719 -0.9932
v  -49.1161 -21.1619 0.8851
v  -52.2195 -27.6511 -0.9932
v  -53.5682 -29.2162 -0.9932
v  -57.3210 -27.4118 5.5701
v  -53.7748 -23.2955 5.5701
v  -53.7748 -23.2955 23.9661
v  -57.3210 -27.4118 23.9661
v  -49.1161 -21.1619 5.5701
v  -37.9465 -21.1619 5.5701
v  -41.4203 -21.1620 23.9661
v  -49.1161 -21.1620 23.9661
v  -47.5619 -25.5163 -0.9932
v  -36.6931 -25.5163 -0.9932
v  58.8221 14.2163 3.3669
v  58.8221 14.2163 18.6531
v  54.4144 9.1604 18.6531
v  54.4144 9.1605 3.3669
v  49.7429 7.0373 3.3669
v  49.7429 7.0373 18.6531
v  41.1267 7.0373 18.6531
v  38.2401 7.0373 3.3669
v  57.3203 14.8554 25.7950
v  55.4093 15.7162 27.6792
v  53.1485 13.0926 27.6792
v  53.7737 10.7396 25.7950
v  42.4754 8.6048 25.7950
v  49.1161 8.6048 25.7950
v  48.2383 10.7817 27.6792
v  42.4845 10.7817 27.6792
v  57.3203 14.8554 -2.8731
v  53.7737 10.7396 -2.8731
v  52.8269 12.6426 -4.7513
v  55.5011 15.7887 -4.7513
v  37.0618 8.6048 -2.8731
v  36.6931 10.7789 -4.7514
v  48.4864 10.7147 -4.7514
v  49.1161 8.6048 -2.8731
v  52.2195 15.0940 -4.7513
v  53.5681 16.6590 -4.7513
v  57.2840 25.3643 -4.7513
v  57.2840 20.4750 -4.7513
v  55.4077 21.6119 -4.7513
v  55.4077 24.2273 -4.7513
v  52.2195 15.0940 0.9825
v  53.5681 16.6590 0.9825
v  55.4077 21.6119 0.9825
v  55.4077 24.2273 0.9825
v  57.3210 14.8546 1.8120
v  53.7748 10.7383 1.8120
v  53.7748 10.7383 20.2080
v  57.3210 14.8546 20.2080
v  59.1604 19.8083 25.7937
v  59.1628 19.8083 20.2080
v  59.1628 26.0309 20.2080
v  59.1604 26.0309 25.7937
v  49.1161 8.6048 1.8120
v  37.9465 8.6048 1.8120
v  41.4203 8.6048 20.2080
v  49.1161 8.6048 20.2080
v  60.6761 19.1590 18.6531
v  60.6761 26.6802 18.6531
v  60.6761 19.1590 3.3669
v  57.2840 20.8676 27.6792
v  59.1604 19.8083 -2.8718
v  47.5619 12.9592 -4.7513
v  47.5619 12.9591 0.9825
v  59.1628 19.8083 1.8120
v  36.6931 12.9591 -4.7513
v  37.7901 12.9591 0.9825
v  37.7901 32.8801 0.9825
v  47.5619 32.8801 0.9825
v  52.2195 30.7453 0.9825
v  53.5681 29.1802 0.9825
v  57.2840 24.9715 27.6792
v  55.4093 30.1229 27.6792
v  53.1485 32.7465 27.6792
v  48.2383 35.0575 27.6792
v  42.4845 35.0575 27.6792
v  60.6761 26.6802 3.3669
v  59.1604 26.0310 -2.8717
v  59.1628 26.0309 1.8120
v  58.8221 31.6229 3.3669
v  54.4144 36.6788 3.3669
v  54.4144 36.6787 18.6531
v  58.8221 31.6229 18.6531
v  49.7429 38.8019 3.3669
v  38.2401 38.8019 3.3669
v  41.1267 38.8019 18.6531
v  49.7429 38.8019 18.6531
v  57.3203 30.9838 25.7950
v  53.7737 35.0996 25.7950
v  42.4754 37.2344 25.7950
v  49.1161 37.2344 25.7950
v  57.3203 30.9838 -2.8730
v  55.5011 30.0505 -4.7513
v  52.8269 33.1966 -4.7513
v  53.7737 35.0996 -2.8730
v  37.0618 37.2344 -2.8730
v  49.1161 37.2345 -2.8730
v  48.4864 35.1245 -4.7513
v  36.6931 35.0603 -4.7513
v  53.5681 29.1802 -4.7513
v  52.2195 30.7453 -4.7513
v  53.7748 35.1009 1.8120
v  57.3210 30.9846 1.8120
v  57.3210 30.9846 20.2080
v  53.7748 35.1009 20.2080
v  37.9465 37.2344 1.8120
v  49.1161 37.2344 1.8120
v  49.1161 37.2344 20.2080
v  41.4203 37.2344 20.2080
v  47.5619 32.8801 -4.7513
v  36.6931 32.8801 -4.7513
v  58.8221 -44.1801 7.1250
v  58.8221 -44.1801 22.4112
v  54.4144 -49.2359 22.4112
v  54.4144 -49.2359 7.1250
v  49.7429 -51.3590 7.1250
v  49.7429 -51.3591 22.4112
v  41.1267 -51.3591 22.4112
v  38.2401 -51.3590 7.1250
v  57.3203 -43.5410 29.5531
v  55.4093 -42.6801 31.4373
v  53.1485 -45.3038 31.4373
v  53.7737 -47.6568 29.5531
v  42.4754 -49.7916 29.5531
v  49.1161 -49.7916 29.5531
v  48.2383 -47.6147 31.4373
v  42.4845 -47.6147 31.4373
v  57.3203 -43.5410 0.8850
v  53.7737 -47.6568 0.8850
v  52.8269 -45.7537 -0.9933
v  55.5011 -42.6076 -0.9932
v  37.0618 -49.7916 0.8850
v  36.6931 -47.6174 -0.9933
v  48.4864 -47.6816 -0.9933
v  49.1161 -49.7916 0.8850
v  52.2195 -43.3024 -0.9932
v  53.5682 -41.7373 -0.9932
v  57.2840 -33.0321 -0.9932
v  57.2840 -37.9214 -0.9932
v  55.4077 -36.7845 -0.9932
v  55.4077 -34.1691 -0.9932
v  52.2195 -43.3024 4.7405
v  53.5682 -41.7373 4.7406
v  55.4077 -36.7845 4.7406
v  55.4077 -34.1691 4.7406
v  57.3210 -43.5418 5.5701
v  53.7748 -47.6581 5.5701
v  53.7748 -47.6581 23.9661
v  57.3210 -43.5418 23.9661
v  59.1604 -38.5881 29.5518
v  59.1628 -38.5881 23.9661
v  59.1628 -32.3654 23.9661
v  59.1604 -32.3655 29.5518
v  49.1161 -49.7916 5.5701
v  37.9465 -49.7916 5.5701
v  41.4203 -49.7916 23.9661
v  49.1161 -49.7916 23.9661
v  60.6761 -39.2374 22.4112
v  60.6761 -31.7162 22.4112
v  60.6761 -39.2374 7.1250
v  57.2841 -37.5288 31.4373
v  59.1604 -38.5881 0.8863
v  47.5619 -45.4372 -0.9933
v  47.5619 -45.4372 4.7405
v  59.1628 -38.5881 5.5701
v  36.6931 -45.4372 -0.9933
v  37.7901 -45.4372 4.7405
v  37.7901 -25.5163 4.7406
v  47.5619 -25.5163 4.7406
v  52.2195 -27.6511 4.7406
v  53.5682 -29.2162 4.7406
v  57.2841 -33.4248 31.4373
v  55.4093 -28.2735 31.4373
v  53.1485 -25.6498 31.4373
v  48.2383 -23.3389 31.4373
v  42.4845 -23.3389 31.4373
v  60.6761 -31.7162 7.1250
v  59.1604 -32.3654 0.8863
v  59.1628 -32.3654 5.5701
v  58.8221 -26.7735 7.1250
v  54.4144 -21.7176 7.1250
v  54.4144 -21.7176 22.4112
v  58.8221 -26.7735 22.4112
v  49.7429 -19.5945 7.1250
v  38.2401 -19.5945 7.1250
v  41.1267 -19.5945 22.4112
v  49.7429 -19.5945 22.4112
v  57.3203 -27.4126 29.5531
v  53.7737 -23.2968 29.5531
v  42.4754 -21.1620 29.5531
v  49.1161 -21.1620 29.5531
v  57.3203 -27.4125 0.8851
v  55.5011 -28.3459 -0.9932
v  52.8269 -25.1998 -0.9932
v  53.7737 -23.2967 0.8851
v  37.0618 -21.1619 0.8851
v  49.1161 -21.1619 0.8851
v  48.4864 -23.2719 -0.9932
v  36.6931 -23.3361 -0.9932
v  53.5682 -29.2162 -0.9932
v  52.2195 -27.6511 -0.9932
v  53.7748 -23.2954 5.5701
v  57.3210 -27.4117 5.5701
v  57.3210 -27.4118 23.9661
v  53.7748 -23.2955 23.9661
v  37.9465 -21.1619 5.5701
v  49.1161 -21.1619 5.5701
v  49.1161 -21.1620 23.9661
v  41.4203 -21.1620 23.9661
v  47.5619 -25.5163 -0.9932
v  36.6931 -25.5163 -0.9932
v  43.6176 52.0307 2.1819
v  43.6104 36.4890 2.1819
v  38.1363 36.4890 2.1818
v  38.1363 52.0307 2.1819
v  48.5540 64.0764 14.8853
v  53.1609 36.4890 14.8853
v  53.1609 36.4890 9.3343
v  48.5540 64.0764 9.3343
v  40.8970 36.4890 22.0377
v  46.0251 36.4890 22.0378
v  42.6893 50.8622 22.0378
v  41.3634 50.8622 22.0378
v  40.7963 53.0006 21.0429
v  42.8125 53.0005 21.0429
v  44.7701 57.2643 16.6692
v  38.1363 57.2644 16.6692
v  46.0205 57.2644 7.5504
v  38.1363 57.2644 7.5504
v  44.5267 51.7134 20.7576
v  48.0509 36.4890 20.7446
v  50.6548 36.4890 16.6692
v  46.3672 55.7099 16.6692
v  50.6548 36.4890 7.5504
v  47.2985 64.5008 16.6692
v  46.3500 58.3854 16.6692
v  51.9762 36.4890 16.6692
v  38.1363 65.2289 16.6692
v  38.1363 65.2289 7.5504
v  47.2985 64.5008 7.5504
v  51.9762 36.4890 7.5504
v  47.3565 65.8249 14.8853
v  47.3565 65.8249 9.3343
v  37.6120 71.6040 9.3343
v  37.6120 71.6040 14.8854
v  37.7294 70.1758 16.6693
v  37.7294 70.1758 7.5504
v  -43.4798 52.0307 2.1819
v  -37.9985 52.0307 2.1818
v  -37.9985 36.4890 2.1818
v  -43.4726 36.4890 2.1818
v  -48.4162 64.0763 14.8853
v  -48.4162 64.0763 9.3343
v  -53.0230 36.4890 9.3342
v  -53.0230 36.4890 14.8853
v  -41.5902 36.4890 22.0377
v  -41.2256 50.8622 22.0377
v  -42.5515 50.8622 22.0377
v  -45.8873 36.4890 22.0377
v  -40.6585 53.0005 21.0429
v  -37.9985 57.2643 16.6692
v  -44.6323 57.2643 16.6692
v  -42.6747 53.0005 21.0429
v  -45.8827 57.2643 7.5504
v  -37.9985 57.2644 7.5504
v  -44.3889 51.7133 20.7576
v  -46.2294 55.7099 16.6692
v  -50.5170 36.4890 16.6691
v  -47.9131 36.4890 20.7445
v  -50.5170 36.4890 7.5504
v  -46.2122 58.3853 16.6692
v  -47.1607 64.5008 16.6692
v  -51.8384 36.4890 16.6691
v  -37.9985 65.2288 16.6692
v  -47.1607 64.5008 7.5504
v  -37.9985 65.2289 7.5504
v  -51.8384 36.4890 7.5504
v  -47.2187 65.8249 14.8853
v  -37.4742 71.6040 14.8854
v  -37.4742 71.6040 9.3343
v  -47.2187 65.8249 9.3343
v  -37.5916 70.1758 16.6693
v  -37.5916 70.1758 7.5504
v  49.8116 -26.8562 30.4005
v  49.8872 -26.8562 27.3336
v  49.8872 36.0467 27.3338
v  49.8872 36.0467 30.4006
v  42.0634 48.3709 27.3338
v  42.0634 48.3709 30.4007
v  42.8000 -26.8562 25.4465
v  42.8000 42.0441 25.4467
v  44.6106 35.8878 25.4467
v  44.6106 -26.8562 25.4465
v  42.8000 -26.8562 32.2876
v  44.5350 -26.8562 32.2876
v  44.6106 35.8878 32.2878
v  42.8000 42.0441 32.2878
v  -49.8116 -26.8563 30.4005
v  -49.8872 36.0467 30.4006
v  -49.8872 36.0467 27.3338
v  -49.8872 -26.8563 27.3336
v  -42.0634 48.3708 27.3338
v  -42.0634 48.3708 30.4006
v  -42.8000 -26.8562 25.4465
v  -44.6106 -26.8562 25.4465
v  -44.6106 35.8878 25.4467
v  -42.8000 42.0441 25.4467
v  -42.8000 -26.8563 32.2876
v  -42.8000 42.0441 32.2877
v  -44.6106 35.8878 32.2877
v  -44.5350 -26.8563 32.2876
v  38.4982 -61.7100 26.2281
v  38.5123 -66.0097 21.8544
v  45.1924 -66.0097 21.8544
v  43.1885 -61.7100 26.2281
v  44.9027 -60.4588 25.9428
v  43.0653 -59.6509 27.2229
v  38.5075 -59.6509 27.2229
v  46.7432 -64.4553 21.8544
v  38.5065 -49.1661 27.2229
v  44.7302 -49.1661 27.2229
v  48.7701 -49.1661 21.8544
v  46.6624 -49.1661 25.9363
v  43.2482 -61.7100 8.2605
v  45.1924 -66.0097 12.7356
v  38.5123 -66.0097 12.7356
v  38.4982 -61.7100 8.2605
v  44.8966 -60.4174 8.2605
v  44.9279 -49.1661 8.2605
v  48.7701 -49.1661 12.7356
v  46.7228 -64.5468 12.7356
v  38.5123 -73.2454 21.8544
v  47.6745 -73.2454 21.8544
v  46.6553 -67.1029 21.8544
v  46.6553 -67.1029 12.7356
v  47.6745 -73.2454 12.7356
v  38.5123 -73.2454 12.7356
v  50.6598 -49.1661 12.7356
v  48.9300 -72.0820 20.0705
v  51.8445 -49.1661 20.0705
v  50.6598 -49.1661 21.8544
v  45.5909 -72.1138 15.7890
v  45.5909 -72.1138 18.8009
v  40.4161 -72.1138 18.8009
v  40.4161 -72.1138 15.7890
v  48.9300 -72.0820 14.5195
v  36.8836 -72.2446 14.2623
v  36.8836 -72.2446 20.3277
v  36.8836 -67.0097 20.3277
v  36.8836 -67.0097 14.2623
v  39.3230 -74.4864 20.7550
v  47.0496 -74.4864 20.7550
v  39.3230 -74.4864 13.8349
v  47.0496 -74.4864 13.8349
v  39.7772 -74.5918 20.0548
v  46.5894 -74.5918 20.0548
v  39.7772 -74.5918 14.5351
v  46.5894 -74.5918 14.5351
v  42.9113 -59.6509 7.3670
v  42.9080 -49.1661 7.3670
v  38.5075 -59.6509 7.3670
v  38.5065 -49.1661 7.3670
v  51.8445 -49.1661 14.5194
v  -40.8433 -61.7100 26.2281
v  -45.1924 -66.0097 21.8544
v  -38.5123 -66.0097 21.8544
v  -40.7864 -59.6509 27.2229
v  -44.9027 -60.4588 25.9395
v  -46.7432 -64.4553 21.8544
v  -38.5065 -49.1660 27.2229
v  -44.7302 -49.1661 27.2229
v  -46.6624 -49.1661 25.9395
v  -48.7701 -49.1661 21.8543
v  -43.2482 -61.7100 8.2605
v  -38.4982 -61.7100 8.2605
v  -38.5123 -66.0098 12.7356
v  -45.1924 -66.0098 12.7356
v  -44.8966 -60.4175 8.2605
v  -46.7228 -64.5468 12.7356
v  -48.7701 -49.1661 12.7355
v  -44.9279 -49.1661 8.2605
v  -38.5123 -73.2454 21.8544
v  -47.6745 -73.2454 21.8544
v  -46.6553 -67.1029 21.8544
v  -47.6745 -73.2454 12.7356
v  -46.6553 -67.1029 12.7356
v  -38.5123 -73.2454 12.7356
v  -50.6598 -49.1661 12.7355
v  -48.9300 -72.0820 20.0705
v  -50.6598 -49.1661 21.8543
v  -51.8444 -49.1661 20.0705
v  -45.5908 -72.1138 15.7890
v  -40.4161 -72.1138 15.7890
v  -40.4161 -72.1138 18.8010
v  -45.5908 -72.1138 18.8010
v  -48.9300 -72.0820 14.5195
v  -36.8836 -72.2447 14.2623
v  -36.8836 -67.0097 14.2623
v  -36.8836 -67.0097 20.3277
v  -36.8836 -72.2446 20.3277
v  -47.0495 -74.4864 20.7550
v  -39.3230 -74.4864 20.7550
v  -39.3230 -74.4864 13.8349
v  -47.0495 -74.4864 13.8349
v  -39.7772 -74.5918 20.0548
v  -46.5893 -74.5918 20.0548
v  -39.7772 -74.5918 14.5351
v  -46.5893 -74.5918 14.5351
v  -42.9113 -59.6510 7.3670
v  -42.9080 -49.1661 7.3670
v  -38.5075 -59.6510 7.3670
v  -38.5065 -49.1661 7.3670
v  -51.8444 -49.1661 14.5194
# 1228 vertices

vn 0.9942 0.0649 -0.0855
vn 0.9810 0.0390 -0.1902
vn 0.9780 0.0910 -0.1876
vn 0.9884 0.1279 -0.0821
vn 0.9817 0.0000 -0.1903
vn 0.9980 0.0000 -0.0637
vn 0.9954 0.0000 -0.0956
vn 0.6842 0.0000 -0.7293
vn -1.0000 -0.0000 -0.0000
vn -1.0000 -0.0000 0.0000
vn 0.0000 1.0000 0.0000
vn -0.0000 0.0000 -1.0000
vn 0.0000 0.0000 -1.0000
vn 0.0000 -1.0000 -0.0000
vn 0.0000 -0.0000 1.0000
vn -0.0000 -0.0000 1.0000
vn 0.2691 -0.0000 0.9631
vn -0.0000 0.7231 -0.6908
vn 0.0000 0.5987 -0.8010
vn -0.0000 0.5987 -0.8010
vn 0.0000 0.2415 0.9704
vn 0.2595 0.2354 0.9366
vn 0.2647 0.4630 0.8459
vn -0.0000 0.4687 0.8833
vn -0.0000 -1.0000 -0.0000
vn 1.0000 0.0000 0.0000
vn 1.0000 -0.0000 -0.0000
vn 1.0000 0.0000 -0.0000
vn 0.8381 0.0000 0.5456
vn 0.8633 -0.0002 0.5047
vn 0.8632 0.0000 0.5048
vn 0.0000 -1.0000 0.0000
vn -0.6435 0.7655 -0.0000
vn -0.6435 0.7655 0.0000
vn -0.0000 1.0000 -0.0000
vn -0.0000 1.0000 0.0000
vn 0.6763 0.1534 -0.7205
vn 0.6781 0.1329 -0.7228
vn 0.6606 0.2829 -0.6954
vn 0.6609 0.2829 -0.6951
vn 0.8554 0.1507 0.4956
vn 0.8220 0.2967 0.4860
vn 0.7265 0.3523 0.5900
vn 0.7043 0.1820 0.6861
vn 0.7292 -0.0002 0.6843
vn 0.7293 0.0000 0.6842
vn 0.8267 0.1648 0.5380
vn 0.8004 0.3071 0.5148
vn -1.0000 0.0000 0.0000
vn 0.9879 0.1551 0.0000
vn 0.9977 0.0685 0.0000
vn -0.0000 0.1814 0.9834
vn -0.9464 0.3231 0.0000
vn -0.0000 0.1814 -0.9834
vn 0.9464 0.3231 0.0000
vn -0.0000 0.8904 -0.4553
vn -0.0000 0.3455 -0.9384
vn -0.0000 0.1755 -0.9845
vn -0.0000 -1.0000 0.0000
vn 0.0000 0.7591 -0.6510
vn 0.0000 0.0000 1.0000
vn 0.3135 -0.0649 0.9474
vn 0.8381 -0.0000 0.5456
vn 0.8632 -0.0000 0.5048
vn 0.8633 0.0000 0.5048
vn 0.6947 -0.0649 0.7164
vn -0.0000 0.2338 0.9723
vn -0.9942 0.0649 -0.0855
vn -0.9884 0.1279 -0.0821
vn -0.9780 0.0910 -0.1876
vn -0.9810 0.0390 -0.1902
vn -0.9817 0.0000 -0.1903
vn -0.9954 0.0000 -0.0956
vn -0.9980 -0.0000 -0.0637
vn -0.6842 -0.0000 -0.7293
vn -0.6842 0.0000 -0.7293
vn -0.2691 -0.0000 0.9631
vn -0.0000 0.2418 0.9703
vn -0.2648 0.4630 0.8459
vn -0.2596 0.2345 0.9368
vn -1.0000 0.0000 -0.0000
vn -0.8381 -0.0000 0.5456
vn -0.8633 -0.0000 0.5048
vn -0.8633 -0.0002 0.5047
vn 0.6435 0.7655 -0.0000
vn 0.6435 0.7655 0.0000
vn -0.6763 0.1534 -0.7205
vn -0.6609 0.2829 -0.6951
vn -0.6606 0.2829 -0.6954
vn -0.6781 0.1329 -0.7228
vn -0.8554 0.1507 0.4956
vn -0.7044 0.1830 0.6858
vn -0.7265 0.3522 0.5900
vn -0.8220 0.2967 0.4860
vn -0.7293 -0.0000 0.6842
vn -0.7292 -0.0004 0.6843
vn -0.8004 0.3071 0.5148
vn -0.8267 0.1648 0.5380
vn -0.9879 0.1551 0.0000
vn -0.9977 0.0685 0.0000
vn 0.0000 -0.3496 -0.9369
vn 0.0000 0.6821 0.7312
vn 0.0000 -0.1231 0.9924
vn -0.0002 -0.1230 0.9924
vn 0.0000 0.4547 0.8906
vn -0.0000 0.4547 0.8906
vn -0.0000 -0.1188 0.9929
vn 0.0000 -0.3512 0.9363
vn 0.0000 -0.1188 0.9929
vn -0.2690 -0.0002 0.9632
vn -0.3135 -0.0649 0.9474
vn -0.8632 -0.0000 0.5048
vn -0.6947 -0.0649 0.7164
vn 0.0000 -0.2443 0.9697
vn -0.0003 -0.2446 0.9696
vn -0.0000 0.1734 -0.9849
vn 0.0000 0.1734 -0.9849
vn -0.0001 -0.1239 0.9923
vn 0.0001 -0.1234 0.9924
vn 0.0002 -0.2446 0.9696
vn 0.0000 -0.2459 0.9693
vn 0.7070 -0.7044 -0.0634
vn 0.7058 -0.7051 -0.0687
vn 0.7237 -0.6758 -0.1400
vn 0.7251 -0.6741 -0.1406
vn -0.0000 -0.4790 -0.8778
vn 0.0000 -0.4790 -0.8778
vn -0.7075 -0.7067 -0.0000
vn -0.7075 -0.7067 0.0000
vn 0.0000 -0.7067 -0.7075
vn 0.0000 -0.7067 0.7075
vn 0.6272 -0.7067 0.3274
vn 0.6104 -0.7071 0.3569
vn 0.6638 -0.7215 0.1970
vn 0.7075 -0.7067 0.0000
vn 0.7075 -0.7067 -0.0000
vn 0.0000 -0.4791 -0.8778
vn -0.7245 -0.6756 -0.1366
vn -0.7266 -0.6733 -0.1367
vn -0.7066 -0.7041 -0.0708
vn -0.7060 -0.7052 -0.0650
vn -0.6638 -0.7215 0.1970
vn -0.6104 -0.7071 0.3569
vn -0.6272 -0.7067 0.3274
vn -0.8579 -0.5138 -0.0000
vn 0.0000 -0.5138 0.8579
vn 0.8579 -0.5138 -0.0000
vn 0.0000 -0.5138 -0.8579
vn 0.7071 -0.7071 -0.0000
vn 0.0000 -0.7071 -0.7071
vn -0.7071 -0.7071 -0.0000
vn 0.0000 -0.7071 0.7071
vn 0.4859 -0.3479 0.8018
vn -0.4859 -0.3479 0.8018
vn -0.0000 -0.8668 0.4987
vn 0.0000 -0.8668 0.4987
vn -0.7309 -0.0000 0.6825
vn -0.0000 0.8668 0.4987
vn -0.7863 -0.0000 0.6178
vn 0.0000 -0.8668 0.4986
vn 0.7309 -0.0000 0.6825
vn 0.0000 0.8668 0.4987
vn 0.7309 0.0000 0.6825
vn 0.7863 -0.0000 0.6178
vn 0.9239 -0.3827 -0.0000
vn 0.3827 -0.9239 0.0000
vn -0.3827 -0.9239 -0.0000
vn -0.7071 0.7071 0.0000
vn -0.3827 0.9239 0.0000
vn 0.3827 0.9239 0.0000
vn 0.9239 0.3827 0.0000
vn 0.2269 -0.2269 -0.9471
vn 0.3208 0.0000 -0.9471
vn 0.2269 0.2269 -0.9471
vn 0.0000 0.3208 -0.9471
vn -0.2269 0.2269 -0.9471
vn -0.2269 -0.2269 -0.9471
vn -0.0000 -0.3208 -0.9471
vn 0.2297 -0.2297 0.9458
vn -0.0000 -0.3265 0.9452
vn -0.2297 -0.2297 0.9458
vn -0.2241 0.2241 0.9485
vn 0.0000 0.3153 0.9490
vn 0.2241 0.2241 0.9485
vn 0.3208 -0.0000 0.9471
vn -0.9239 -0.3827 0.0000
vn -0.3827 -0.9239 0.0000
vn -0.9239 -0.3827 -0.0000
vn 0.3827 -0.9239 -0.0000
vn 0.7071 0.7071 0.0000
vn -0.9239 0.3827 0.0000
vn -0.3208 0.0000 -0.9471
vn -0.0000 0.3208 -0.9471
vn 0.0000 -0.3208 -0.9471
vn 0.0000 -0.3265 0.9452
vn -0.0000 0.3153 0.9490
vn -0.3208 -0.0000 0.9471
vn -0.5054 -0.8629 -0.0000
vn -0.8629 -0.5055 -0.0000
vn 0.8629 -0.5054 -0.0000
vn 0.5054 -0.8629 -0.0000
vn 0.5055 0.8629 0.0000
vn 0.8629 0.5054 0.0000
vn -0.8629 0.5054 0.0000
vn -0.5054 0.8629 0.0000
vn -0.4114 -0.0000 0.9115
vn 0.0000 -0.4114 0.9115
vn 0.4114 -0.0000 0.9115
vn -0.0000 0.4114 0.9115
vn 0.0000 0.4114 0.9115
vn -0.5055 -0.8629 -0.0000
vn -0.8629 -0.5054 -0.0000
vn -0.5055 0.8629 0.0000
vn 1.0000 -0.0000 0.0000
vn -0.0000 -0.8668 0.4986
vn 0.9239 -0.3827 0.0000
vn 0.7071 -0.7071 0.0000
vn 0.5054 0.8629 0.0000
vn 0.8629 0.5055 0.0000
vn -0.9648 -0.2629 -0.0000
vn -0.9339 0.3577 0.0000
vn -0.5366 -0.8438 -0.0000
vn 0.3175 -0.9483 -0.0000
vn 0.2911 0.9567 0.0000
vn -0.5590 0.8291 0.0000
vn -0.4060 -0.0000 0.9139
vn 0.0000 -0.4060 0.9139
vn 0.4060 -0.0000 0.9139
vn -0.0000 0.4060 0.9139
vn 0.0000 0.4060 0.9139
vn 0.9648 -0.2629 -0.0000
vn 0.9339 0.3577 0.0000
vn 0.5366 -0.8438 -0.0000
vn -0.3175 -0.9483 -0.0000
vn -0.2911 0.9567 0.0000
vn 0.5590 0.8291 0.0000
vn -0.8588 -0.5124 -0.0000
vn -0.5973 -0.8020 -0.0000
vn -0.2117 -0.9773 -0.0000
vn -0.5799 -0.3343 0.7429
vn -0.3637 -0.5214 0.7719
vn -0.4161 -0.4997 0.7597
vn -0.5754 -0.3453 0.7414
vn 0.0000 -0.6544 0.7561
vn -0.1250 -0.6200 0.7746
vn -0.1455 -0.6116 0.7777
vn -0.5859 -0.3410 -0.7351
vn -0.5831 -0.3467 -0.7347
vn -0.4108 -0.5275 -0.7436
vn -0.3892 -0.5396 -0.7466
vn 0.0031 -0.6556 -0.7551
vn -0.1429 -0.6340 -0.7601
vn -0.1316 -0.6378 -0.7589
vn 0.0036 -0.6541 -0.7564
vn 0.8611 0.5085 0.0000
vn 0.6009 0.7993 0.0000
vn 0.9842 -0.1769 0.0000
vn 0.9842 -0.1769 -0.0000
vn 0.9842 0.1769 0.0000
vn -0.8610 -0.5086 -0.0003
vn -0.6009 -0.7993 -0.0004
vn -0.6009 -0.7993 -0.0003
vn -0.8610 -0.5086 -0.0002
vn -0.6009 -0.7993 0.0002
vn -0.8610 -0.5085 0.0002
vn -0.8610 -0.5086 0.0003
vn -0.6008 -0.7994 0.0003
vn -0.9842 -0.1770 0.0004
vn -0.9842 0.1770 0.0004
vn -0.2132 -0.9770 -0.0001
vn -0.2131 -0.9770 -0.0000
vn -0.2132 -0.9770 -0.0000
vn -0.2132 -0.9770 0.0001
vn -0.5999 -0.3483 -0.7203
vn -0.5923 -0.3605 -0.7206
vn -0.4286 -0.5390 -0.7251
vn -0.3975 -0.5578 -0.7286
vn -0.4282 -0.5397 0.7248
vn -0.5930 -0.3600 0.7202
vn -0.5998 -0.3475 0.7208
vn -0.3966 -0.5578 0.7291
vn -0.6894 -0.1098 0.7160
vn -0.6894 0.1098 0.7160
vn -0.6812 0.1353 0.7195
vn -0.6812 -0.1353 0.7195
vn -0.1320 -0.6706 -0.7300
vn 0.0000 -0.7043 -0.7099
vn -0.1539 -0.6642 -0.7316
vn -0.1328 -0.6708 0.7297
vn -0.1545 -0.6635 0.7321
vn 0.0000 -0.7043 0.7099
vn -0.9839 -0.1785 -0.0000
vn -0.6779 -0.0988 0.7285
vn -0.6628 -0.1364 0.7363
vn -0.6765 -0.1317 -0.7246
vn -0.6824 -0.1147 -0.7219
vn 0.2132 0.9770 0.0000
vn -0.9842 -0.1770 -0.0004
vn -0.9842 -0.1769 -0.0005
vn -0.6819 -0.1347 -0.7189
vn -0.6892 -0.1091 -0.7163
vn -0.9839 0.1785 0.0000
vn -0.6779 0.0988 0.7285
vn -0.6628 0.1364 0.7363
vn -0.9842 0.1770 -0.0004
vn -0.9842 0.1769 -0.0005
vn -0.6819 0.1347 -0.7189
vn -0.6892 0.1091 -0.7163
vn -0.8588 0.5124 0.0000
vn -0.5973 0.8020 0.0000
vn -0.2117 0.9773 0.0000
vn -0.5799 0.3343 0.7429
vn -0.5754 0.3453 0.7414
vn -0.4161 0.4997 0.7597
vn -0.3637 0.5214 0.7719
vn -0.0000 0.6544 0.7561
vn -0.1455 0.6116 0.7777
vn -0.1250 0.6200 0.7746
vn 0.0000 0.6544 0.7561
vn -0.5859 0.3410 -0.7351
vn -0.3892 0.5396 -0.7466
vn -0.4108 0.5275 -0.7436
vn -0.5831 0.3467 -0.7347
vn -0.6824 0.1147 -0.7219
vn -0.6765 0.1317 -0.7246
vn 0.0031 0.6556 -0.7551
vn 0.0036 0.6541 -0.7564
vn -0.1316 0.6378 -0.7589
vn -0.1429 0.6340 -0.7600
vn 0.8611 -0.5085 0.0000
vn 0.6009 -0.7993 -0.0000
vn 0.8611 -0.5085 -0.0000
vn -0.8610 0.5086 -0.0003
vn -0.8610 0.5086 -0.0002
vn -0.6009 0.7993 -0.0002
vn -0.6009 0.7993 -0.0004
vn -0.6009 0.7993 0.0002
vn -0.6008 0.7994 0.0003
vn -0.8610 0.5086 0.0003
vn -0.8610 0.5085 0.0002
vn -0.2132 0.9770 -0.0001
vn -0.2131 0.9770 0.0000
vn -0.2132 0.9770 0.0001
vn -0.2132 0.9770 0.0000
vn -0.5999 0.3483 -0.7203
vn -0.3975 0.5578 -0.7286
vn -0.4286 0.5390 -0.7251
vn -0.5923 0.3605 -0.7206
vn -0.4282 0.5397 0.7248
vn -0.3966 0.5578 0.7291
vn -0.5998 0.3475 0.7208
vn -0.5930 0.3600 0.7203
vn -0.1320 0.6706 -0.7300
vn -0.1539 0.6642 -0.7316
vn -0.0000 0.7043 -0.7099
vn -0.1328 0.6708 0.7297
vn -0.0000 0.7043 0.7099
vn -0.1545 0.6635 0.7321
vn 0.2132 -0.9770 -0.0000
vn -0.0000 -0.6544 0.7561
vn 0.8588 -0.5124 -0.0000
vn 0.5973 -0.8020 -0.0000
vn 0.2117 -0.9773 -0.0000
vn 0.5799 -0.3343 0.7429
vn 0.5754 -0.3453 0.7414
vn 0.4161 -0.4997 0.7597
vn 0.3637 -0.5214 0.7719
vn 0.1455 -0.6116 0.7777
vn 0.1250 -0.6200 0.7746
vn 0.5859 -0.3410 -0.7351
vn 0.3892 -0.5396 -0.7466
vn 0.4108 -0.5275 -0.7436
vn 0.5831 -0.3467 -0.7347
vn -0.0031 -0.6556 -0.7551
vn -0.0036 -0.6541 -0.7564
vn 0.1316 -0.6378 -0.7589
vn 0.1429 -0.6340 -0.7601
vn -0.8611 0.5085 0.0000
vn -0.6009 0.7993 0.0000
vn -0.9842 -0.1769 0.0000
vn -0.9842 0.1769 0.0000
vn 0.8610 -0.5086 -0.0003
vn 0.8610 -0.5086 -0.0002
vn 0.6009 -0.7993 -0.0002
vn 0.6009 -0.7993 -0.0004
vn 0.6009 -0.7993 0.0002
vn 0.6008 -0.7994 0.0003
vn 0.8610 -0.5086 0.0003
vn 0.8610 -0.5085 0.0002
vn 0.9842 -0.1770 0.0004
vn 0.9842 0.1770 0.0004
vn 0.2132 -0.9770 -0.0001
vn 0.2131 -0.9770 -0.0000
vn 0.2132 -0.9770 0.0001
vn 0.5999 -0.3483 -0.7203
vn 0.3975 -0.5578 -0.7286
vn 0.4286 -0.5390 -0.7251
vn 0.5923 -0.3605 -0.7206
vn 0.4282 -0.5397 0.7248
vn 0.3966 -0.5578 0.7291
vn 0.5998 -0.3475 0.7208
vn 0.5930 -0.3600 0.7202
vn 0.6894 -0.1098 0.7160
vn 0.6812 -0.1353 0.7195
vn 0.6812 0.1353 0.7195
vn 0.6894 0.1098 0.7160
vn 0.1320 -0.6706 -0.7300
vn 0.1539 -0.6642 -0.7316
vn 0.1328 -0.6708 0.7297
vn 0.1545 -0.6635 0.7321
vn 0.9839 -0.1785 -0.0000
vn 0.6779 -0.0988 0.7285
vn 0.6628 -0.1364 0.7363
vn 0.6824 -0.1147 -0.7219
vn 0.6765 -0.1317 -0.7246
vn 0.9842 -0.1769 -0.0005
vn 0.9842 -0.1770 -0.0004
vn 0.6892 -0.1091 -0.7163
vn 0.6819 -0.1347 -0.7189
vn 0.9839 0.1785 -0.0000
vn 0.6628 0.1364 0.7363
vn 0.6779 0.0988 0.7285
vn 0.9842 0.1769 -0.0005
vn 0.9842 0.1770 -0.0004
vn 0.6892 0.1091 -0.7163
vn 0.6819 0.1347 -0.7189
vn 0.8588 0.5124 0.0000
vn 0.5973 0.8020 0.0000
vn 0.2117 0.9773 0.0000
vn 0.5799 0.3343 0.7429
vn 0.3637 0.5214 0.7719
vn 0.4161 0.4997 0.7597
vn 0.5754 0.3453 0.7414
vn 0.1250 0.6200 0.7746
vn 0.1455 0.6116 0.7777
vn 0.5859 0.3410 -0.7351
vn 0.5831 0.3467 -0.7347
vn 0.4108 0.5275 -0.7436
vn 0.3892 0.5396 -0.7466
vn 0.6824 0.1147 -0.7219
vn 0.6765 0.1317 -0.7246
vn -0.0031 0.6556 -0.7551
vn 0.1429 0.6340 -0.7600
vn 0.1316 0.6378 -0.7589
vn -0.0036 0.6541 -0.7564
vn -0.8611 -0.5085 -0.0000
vn -0.6009 -0.7993 -0.0000
vn 0.8610 0.5086 -0.0003
vn 0.6009 0.7993 -0.0004
vn 0.6009 0.7993 -0.0002
vn 0.8610 0.5086 -0.0002
vn 0.6009 0.7993 0.0002
vn 0.8610 0.5085 0.0002
vn 0.8610 0.5086 0.0003
vn 0.6008 0.7994 0.0003
vn 0.2132 0.9770 -0.0001
vn 0.2131 0.9770 0.0000
vn 0.2132 0.9770 -0.0000
vn 0.2132 0.9770 0.0001
vn 0.5999 0.3483 -0.7203
vn 0.5923 0.3605 -0.7206
vn 0.4286 0.5390 -0.7251
vn 0.3975 0.5578 -0.7286
vn 0.4282 0.5397 0.7248
vn 0.5930 0.3600 0.7202
vn 0.5998 0.3475 0.7208
vn 0.3966 0.5578 0.7291
vn 0.1320 0.6706 -0.7300
vn 0.0000 0.7043 -0.7099
vn 0.1539 0.6642 -0.7316
vn 0.1328 0.6708 0.7297
vn 0.1545 0.6635 0.7321
vn 0.0000 0.7043 0.7099
vn -0.9842 -0.1769 -0.0000
vn 0.2131 -0.9770 0.0000
vn 0.9839 0.1785 0.0000
vn 0.9276 0.3737 -0.0000
vn 0.9863 0.1647 0.0000
vn 0.9863 0.1647 -0.0000
vn 0.3157 0.0727 0.9461
vn 0.2256 0.2138 0.9505
vn -0.0000 0.2289 0.9735
vn 0.0000 0.6072 0.7945
vn 0.2146 0.5447 0.8107
vn 0.2607 0.6304 0.7312
vn 0.0000 0.7160 0.6981
vn 0.0000 0.7160 -0.6981
vn 0.6233 0.2884 0.7268
vn 0.7121 0.1643 0.6826
vn 0.8252 0.1893 0.5321
vn 0.6198 0.4041 0.6727
vn 0.6701 0.0475 -0.7408
vn 0.6061 -0.0003 -0.7954
vn 0.7813 0.1440 -0.6073
vn 0.8187 0.1826 -0.5445
vn 0.6837 0.7298 -0.0000
vn 0.6837 0.7298 0.0000
vn 0.5101 0.8601 0.0000
vn 0.5574 0.6579 -0.5064
vn 0.8149 0.2819 -0.5064
vn 0.6966 0.4771 -0.5358
vn 0.8149 0.2819 0.5064
vn 0.6966 0.4771 0.5358
vn 0.8251 0.1378 0.5479
vn 0.8251 0.1378 -0.5479
vn 0.4267 0.7195 0.5479
vn 0.5574 0.6579 0.5064
vn 0.4267 0.7195 -0.5479
vn -0.9276 0.3737 0.0000
vn -0.9863 0.1647 0.0000
vn 0.0000 0.2328 0.9725
vn -0.2256 0.2138 0.9505
vn -0.3157 0.0727 0.9461
vn -0.0000 0.6072 0.7945
vn -0.0000 0.7160 0.6981
vn -0.2607 0.6304 0.7312
vn -0.2146 0.5447 0.8107
vn -0.0000 0.7160 -0.6981
vn -0.6233 0.2884 0.7268
vn -0.6198 0.4041 0.6727
vn -0.8252 0.1893 0.5321
vn -0.7121 0.1643 0.6826
vn -0.6701 0.0475 -0.7408
vn -0.8187 0.1826 -0.5445
vn -0.7813 0.1440 -0.6073
vn -0.6061 -0.0003 -0.7954
vn -0.6837 0.7298 0.0000
vn -0.5101 0.8601 0.0000
vn -0.5574 0.6579 -0.5064
vn -0.6966 0.4771 -0.5358
vn -0.8149 0.2819 -0.5064
vn -0.8149 0.2819 0.5064
vn -0.8251 0.1378 0.5479
vn -0.6966 0.4771 0.5358
vn -0.8251 0.1378 -0.5479
vn -0.4267 0.7195 0.5479
vn -0.5574 0.6579 0.5064
vn -0.4267 0.7195 -0.5479
vn 0.9997 -0.0000 0.0239
vn 0.9997 0.0000 0.0247
vn 0.9604 0.2785 0.0004
vn 0.9604 0.2785 -0.0000
vn 0.8442 0.5360 -0.0000
vn 0.8442 0.5360 0.0000
vn 0.3333 0.0845 0.9390
vn 0.3607 0.1139 0.9257
vn 0.3368 -0.0004 0.9416
vn 0.3368 0.0000 -0.9416
vn 0.3349 0.0520 -0.9408
vn 0.3573 0.0689 -0.9314
vn 0.4477 0.2598 -0.8556
vn 0.4754 0.3018 -0.8263
vn 0.4975 0.2280 0.8369
vn 0.8329 0.2450 0.4962
vn -0.9997 -0.0000 0.0239
vn -0.9604 0.2785 -0.0000
vn -0.9604 0.2785 0.0004
vn -0.9997 0.0000 0.0247
vn -0.8442 0.5360 -0.0000
vn -0.8442 0.5360 0.0000
vn -0.3333 0.0845 0.9390
vn -0.3368 -0.0004 0.9416
vn -0.3607 0.1139 0.9257
vn -0.3368 0.0000 -0.9416
vn -0.3573 0.0689 -0.9314
vn -0.3349 0.0520 -0.9408
vn -0.4755 0.3018 -0.8263
vn -0.4477 0.2598 -0.8556
vn -0.8329 0.2450 0.4962
vn -0.4975 0.2280 0.8369
vn -0.0000 -0.5827 0.8127
vn 0.0000 -0.7131 0.7011
vn 0.2637 -0.6247 0.7350
vn 0.2129 -0.5486 0.8085
vn 0.6522 -0.2620 0.7113
vn 0.2370 -0.2108 0.9484
vn -0.0000 -0.2234 0.9747
vn 0.6385 -0.3843 0.6669
vn -0.0000 0.0000 1.0000
vn 0.3153 -0.0501 0.9477
vn 0.8752 -0.1311 0.4657
vn 0.7502 -0.1174 0.6508
vn 0.1774 -0.5491 -0.8167
vn 0.2576 -0.6458 -0.7187
vn 0.0000 -0.7211 -0.6928
vn 0.0000 -0.5708 -0.8211
vn 0.6042 -0.2410 -0.7595
vn 0.5969 -0.0011 -0.8023
vn 0.7960 -0.0337 -0.6043
vn 0.6543 -0.4036 -0.6395
vn -0.0000 -0.0000 -1.0000
vn 0.0000 -0.0000 -1.0000
vn 0.8434 -0.1047 0.5269
vn 0.8284 -0.1054 0.5501
vn 0.8293 -0.1053 0.5488
vn 0.8441 -0.1047 0.5258
vn 0.6797 -0.7335 -0.0000
vn 0.6797 -0.7335 0.0000
vn 0.0000 -0.6631 0.7485
vn -0.0000 -0.6631 0.7485
vn -0.7004 -0.7138 0.0000
vn -0.8372 -0.5469 0.0000
vn -0.0000 -0.6631 -0.7485
vn 0.0000 -0.6631 -0.7485
vn 0.8931 -0.4498 0.0000
vn -0.6839 0.0000 0.7296
vn -0.5232 0.8522 0.0000
vn -0.6839 0.0000 -0.7296
vn -0.6839 -0.0000 -0.7296
vn -0.5235 -0.8520 0.0000
vn -0.0000 -0.9515 -0.3077
vn -0.0000 -0.4515 -0.8923
vn 0.0000 -0.9606 -0.2778
vn 0.1787 -0.9839 0.0000
vn 0.9683 -0.2497 0.0000
vn -0.0000 -0.9606 0.2778
vn -0.0000 -0.4515 0.8923
vn 0.0000 -0.9515 0.3077
vn -0.1633 -0.9866 0.0000
vn -0.9275 -0.3737 0.0000
vn 0.0000 -0.9889 0.1488
vn -0.2260 -0.9741 0.0000
vn 0.0000 -0.9889 -0.1488
vn 0.2232 -0.9748 0.0000
vn 0.1754 -0.1713 -0.9695
vn 0.2067 0.0001 -0.9784
vn 0.0000 -0.2035 -0.9791
vn 0.9920 -0.1262 -0.0000
vn 0.9920 -0.1262 0.0000
vn 0.8434 -0.1047 -0.5269
vn 0.8441 -0.1047 -0.5258
vn 0.8293 -0.1053 -0.5488
vn 0.8284 -0.1054 -0.5501
vn -0.1734 -0.5667 0.8055
vn -0.2651 -0.5426 0.7971
vn -0.0000 -0.7131 0.7011
vn -0.2216 -0.1968 0.9551
vn -0.5330 -0.3030 0.7900
vn -0.5576 -0.3821 0.7370
vn -0.3442 -0.1295 0.9299
vn -0.7239 -0.1567 0.6719
vn -0.8752 -0.1313 0.4656
vn -0.1774 -0.5491 -0.8167
vn -0.2576 -0.6458 -0.7187
vn -0.6042 -0.2410 -0.7595
vn -0.6543 -0.4036 -0.6395
vn -0.7960 -0.0337 -0.6043
vn -0.5969 -0.0011 -0.8023
vn -0.8434 -0.1047 0.5269
vn -0.8441 -0.1047 0.5258
vn -0.8293 -0.1053 0.5488
vn -0.8284 -0.1054 0.5501
vn -0.6797 -0.7335 0.0000
vn 0.7004 -0.7138 0.0000
vn 0.8372 -0.5469 0.0000
vn -0.8932 -0.4498 0.0000
vn 0.6839 0.0000 0.7296
vn 0.5232 0.8522 -0.0000
vn 0.6839 -0.0000 -0.7296
vn 0.5235 -0.8520 0.0000
vn 0.0000 -0.9515 -0.3077
vn 0.0000 -0.4515 -0.8923
vn -0.1787 -0.9839 0.0000
vn -0.9683 -0.2497 0.0000
vn 0.0000 -0.9606 0.2778
vn 0.0000 -0.4515 0.8923
vn 0.1633 -0.9866 0.0000
vn 0.9275 -0.3737 0.0000
vn 0.0000 -0.9889 0.1489
vn 0.2261 -0.9741 0.0000
vn -0.2232 -0.9748 0.0000
vn -0.1754 -0.1713 -0.9695
vn -0.2067 0.0001 -0.9784
vn -0.9920 -0.1262 0.0000
vn -0.8434 -0.1047 -0.5269
vn -0.8284 -0.1054 -0.5501
vn -0.8293 -0.1053 -0.5488
vn -0.8441 -0.1047 -0.5258
# 678 vertex normals

vt 0.6472 0.3829 0.0000
vt 0.6472 0.4664 0.0000
vt 0.5691 0.4357 0.0000
vt 0.5441 0.4170 0.0000
vt 0.9083 0.4664 0.0000
vt 0.8427 0.4664 0.0000
vt 0.8427 0.3829 0.0000
vt 0.9083 0.3829 0.0000
vt 0.7760 0.3829 0.0000
vt 0.7760 0.4664 0.0000
vt 0.7760 0.4735 0.0000
vt 0.8427 0.4735 0.0000
vt 0.2823 0.7780 0.0000
vt 0.2823 0.8448 0.0000
vt 0.2572 0.8448 0.0000
vt 0.2572 0.7780 0.0000
vt 0.2823 0.9825 0.0000
vt 0.2572 0.9825 0.0000
vt 0.2572 0.9104 0.0000
vt 0.2823 0.9104 0.0000
vt 0.3059 0.2261 0.0000
vt 0.3202 0.2261 0.0000
vt 0.3202 0.3096 0.0000
vt 0.2897 0.3096 0.0000
vt 0.4719 0.3026 0.0000
vt 0.4414 0.3026 0.0000
vt 0.4414 0.2359 0.0000
vt 0.4719 0.2359 0.0000
vt 0.2362 0.4508 0.0000
vt 0.1527 0.4670 0.0000
vt 0.1527 0.4365 0.0000
vt 0.2362 0.4365 0.0000
vt 0.0450 0.7807 0.0000
vt 0.0594 0.7807 0.0000
vt 0.0594 0.8475 0.0000
vt 0.0450 0.8475 0.0000
vt 0.9083 0.1588 0.0000
vt 0.8427 0.1588 0.0000
vt 0.8427 0.1233 0.0000
vt 0.9083 0.1233 0.0000
vt 0.3741 0.9779 0.0000
vt 0.3729 0.9592 0.0000
vt 0.3872 0.9592 0.0000
vt 0.4203 0.9592 0.0000
vt 0.5317 0.9592 0.0000
vt 0.5780 0.9779 0.0000
vt 0.5649 0.9592 0.0000
vt 0.5792 0.9592 0.0000
vt 0.6472 0.1233 0.0000
vt 0.6472 0.1588 0.0000
vt 0.5441 0.1533 0.0000
vt 0.5441 0.1233 0.0000
vt 0.1233 0.0251 0.0000
vt 0.1233 0.0184 0.0000
vt 0.1305 0.0108 0.0000
vt 0.1265 0.0251 0.0000
vt 0.1305 0.0251 0.0000
vt 0.0059 0.0825 0.0000
vt 0.0117 0.0413 0.0000
vt 0.0179 0.0455 0.0000
vt 0.0154 0.0633 0.0000
vt 0.0125 0.0835 0.0000
vt 0.1283 0.0010 0.0000
vt 0.1276 0.0056 0.0000
vt 0.3219 0.0282 0.0000
vt 0.3869 0.0373 0.0000
vt 0.3862 0.0420 0.0000
vt 0.3212 0.0328 0.0000
vt 0.4576 0.0520 0.0000
vt 0.4674 0.0487 0.0000
vt 0.4620 0.0868 0.0000
vt 0.4529 0.0855 0.0000
vt 0.8427 0.3631 0.0000
vt 0.7760 0.3631 0.0000
vt 0.7760 0.3441 0.0000
vt 0.8427 0.3441 0.0000
vt 0.1760 0.1240 0.0000
vt 0.2060 0.1240 0.0000
vt 0.2060 0.2075 0.0000
vt 0.1760 0.2075 0.0000
vt 0.2995 0.3239 0.0000
vt 0.3217 0.3322 0.0000
vt 0.3217 0.3991 0.0000
vt 0.2995 0.4074 0.0000
vt 0.6445 0.6713 0.0000
vt 0.6409 0.6797 0.0000
vt 0.6075 0.6797 0.0000
vt 0.6028 0.6713 0.0000
vt 0.6353 0.6868 0.0000
vt 0.6145 0.6868 0.0000
vt 0.5317 0.9389 0.0000
vt 0.5317 0.9208 0.0000
vt 0.5617 0.9208 0.0000
vt 0.5696 0.9260 0.0000
vt 0.5717 0.9300 0.0000
vt 0.5649 0.9389 0.0000
vt 0.6472 0.4735 0.0000
vt 0.5748 0.4469 0.0000
vt 0.6472 0.3441 0.0000
vt 0.5441 0.3878 0.0000
vt 0.5441 0.3838 0.0000
vt 0.6479 0.3286 0.0000
vt 0.7760 0.3286 0.0000
vt 0.8427 0.3286 0.0000
vt 0.6472 0.3631 0.0000
vt 0.5441 0.3994 0.0000
vt 0.3658 0.9667 0.0000
vt 0.3698 0.9825 0.0000
vt 0.3658 0.9825 0.0000
vt 0.5792 0.9416 0.0000
vt 0.4903 0.8773 0.0000
vt 0.4903 0.8621 0.0000
vt 0.5126 0.8621 0.0000
vt 0.5126 0.8773 0.0000
vt 0.5360 0.9576 0.0000
vt 0.5619 0.9576 0.0000
vt 0.5619 0.9405 0.0000
vt 0.5360 0.9405 0.0000
vt 0.1967 0.5250 0.0000
vt 0.1985 0.5196 0.0000
vt 0.2208 0.5196 0.0000
vt 0.2226 0.5250 0.0000
vt 0.5930 0.1726 0.0000
vt 0.5940 0.1674 0.0000
vt 0.6092 0.1674 0.0000
vt 0.6101 0.1726 0.0000
vt 0.1835 0.5294 0.0000
vt 0.1817 0.5347 0.0000
vt 0.1594 0.5347 0.0000
vt 0.1576 0.5294 0.0000
vt 0.9698 0.9946 0.0000
vt 0.9707 0.9893 0.0000
vt 0.9859 0.9893 0.0000
vt 0.9869 0.9946 0.0000
vt 0.4206 0.9891 0.0000
vt 0.3834 0.9891 0.0000
vt 0.5317 0.9891 0.0000
vt 0.5687 0.9891 0.0000
vt 0.3824 0.1862 0.0000
vt 0.3678 0.1862 0.0000
vt 0.3678 0.0987 0.0000
vt 0.3824 0.0987 0.0000
vt 0.5832 0.6266 0.0000
vt 0.5832 0.5154 0.0000
vt 0.6557 0.5154 0.0000
vt 0.6557 0.6268 0.0000
vt 0.6409 0.7743 0.0000
vt 0.6445 0.7827 0.0000
vt 0.3658 0.9104 0.0000
vt 0.3841 0.0566 0.0000
vt 0.3841 0.0771 0.0000
vt 0.3510 0.0771 0.0000
vt 0.3540 0.0566 0.0000
vt 0.3451 0.0735 0.0000
vt 0.2572 0.6615 0.0000
vt 0.2823 0.6615 0.0000
vt 0.3658 0.6615 0.0000
vt 0.3658 0.7780 0.0000
vt 0.1429 0.1240 0.0000
vt 0.1429 0.0989 0.0000
vt 0.1760 0.0989 0.0000
vt 0.1429 0.2075 0.0000
vt 0.9776 0.7111 0.0000
vt 0.9868 0.7111 0.0000
vt 0.9868 0.8225 0.0000
vt 0.9776 0.8225 0.0000
vt 0.6145 0.7672 0.0000
vt 0.6075 0.7743 0.0000
vt 0.8399 0.7111 0.0000
vt 0.9055 0.7111 0.0000
vt 0.9055 0.8225 0.0000
vt 0.8399 0.8225 0.0000
vt 0.3658 0.8448 0.0000
vt 0.9055 0.6779 0.0000
vt 0.9776 0.6779 0.0000
vt 0.6566 0.7111 0.0000
vt 0.7731 0.7111 0.0000
vt 0.7731 0.8225 0.0000
vt 0.6566 0.8225 0.0000
vt 0.8399 0.6779 0.0000
vt 0.7731 0.6779 0.0000
vt 0.6566 0.6779 0.0000
vt 0.7844 0.6268 0.0000
vt 0.7844 0.5154 0.0000
vt 0.8511 0.5154 0.0000
vt 0.8511 0.6268 0.0000
vt 0.9083 0.4735 0.0000
vt 0.7760 0.1588 0.0000
vt 0.7760 0.1233 0.0000
vt 0.9805 0.1233 0.0000
vt 0.9805 0.1588 0.0000
vt 0.2558 0.0189 0.0000
vt 0.2551 0.0235 0.0000
vt 0.9805 0.3631 0.0000
vt 0.9083 0.3631 0.0000
vt 0.9083 0.3441 0.0000
vt 0.9805 0.3441 0.0000
vt 0.9083 0.3286 0.0000
vt 0.9805 0.3286 0.0000
vt 0.7729 0.0059 0.0000
vt 0.7729 0.1173 0.0000
vt 0.6442 0.1173 0.0000
vt 0.6442 0.0059 0.0000
vt 0.8396 0.0059 0.0000
vt 0.8396 0.1173 0.0000
vt 0.9866 0.1173 0.0000
vt 0.9053 0.1173 0.0000
vt 0.9053 0.0059 0.0000
vt 0.9866 0.0059 0.0000
vt 0.9805 0.4664 0.0000
vt 0.9805 0.3829 0.0000
vt 0.9805 0.4735 0.0000
vt 0.2039 0.9131 0.0000
vt 0.0925 0.9131 0.0000
vt 0.0925 0.8475 0.0000
vt 0.2039 0.8475 0.0000
vt 0.6472 0.2629 0.0000
vt 0.5441 0.2287 0.0000
vt 0.5691 0.2101 0.0000
vt 0.6472 0.1794 0.0000
vt 0.9083 0.1794 0.0000
vt 0.9083 0.2629 0.0000
vt 0.8427 0.2629 0.0000
vt 0.8427 0.1794 0.0000
vt 0.7760 0.1794 0.0000
vt 0.7760 0.2629 0.0000
vt 0.7760 0.1722 0.0000
vt 0.8427 0.1722 0.0000
vt 0.7780 0.8988 0.0000
vt 0.7780 0.8737 0.0000
vt 0.8448 0.8737 0.0000
vt 0.8448 0.8988 0.0000
vt 0.9825 0.8988 0.0000
vt 0.9104 0.8988 0.0000
vt 0.9104 0.8737 0.0000
vt 0.9825 0.8737 0.0000
vt 0.0845 0.5095 0.0000
vt 0.0010 0.5257 0.0000
vt 0.0010 0.4952 0.0000
vt 0.0845 0.4952 0.0000
vt 0.3435 0.3190 0.0000
vt 0.4102 0.3190 0.0000
vt 0.4102 0.3496 0.0000
vt 0.3435 0.3496 0.0000
vt 0.2551 0.4515 0.0000
vt 0.2407 0.4515 0.0000
vt 0.2407 0.3680 0.0000
vt 0.2713 0.3680 0.0000
vt 0.2514 0.7807 0.0000
vt 0.2514 0.8475 0.0000
vt 0.2370 0.8475 0.0000
vt 0.2370 0.7807 0.0000
vt 0.0059 0.8427 0.0000
vt 0.0414 0.8427 0.0000
vt 0.0414 0.9083 0.0000
vt 0.0059 0.9083 0.0000
vt 0.0059 0.6472 0.0000
vt 0.0059 0.5441 0.0000
vt 0.0358 0.5441 0.0000
vt 0.0414 0.6473 0.0000
vt 0.0583 0.3141 0.0000
vt 0.0604 0.3149 0.0000
vt 0.0331 0.3900 0.0000
vt 0.0169 0.3841 0.0000
vt 0.0988 0.0352 0.0000
vt 0.0988 0.0420 0.0000
vt 0.0784 0.0420 0.0000
vt 0.0604 0.0420 0.0000
vt 0.0571 0.0352 0.0000
vt 0.0057 0.1451 0.0000
vt 0.0010 0.1451 0.0000
vt 0.0010 0.3406 0.0000
vt 0.0057 0.3406 0.0000
vt 0.0057 0.4062 0.0000
vt 0.0010 0.4062 0.0000
vt 0.0395 0.4875 0.0000
vt 0.0010 0.4875 0.0000
vt 0.0057 0.4783 0.0000
vt 0.0395 0.4783 0.0000
vt 0.8427 0.2827 0.0000
vt 0.8427 0.3016 0.0000
vt 0.7760 0.3016 0.0000
vt 0.7760 0.2827 0.0000
vt 0.2874 0.1240 0.0000
vt 0.2874 0.2075 0.0000
vt 0.2574 0.2075 0.0000
vt 0.2574 0.1240 0.0000
vt 0.2750 0.4074 0.0000
vt 0.2750 0.3239 0.0000
vt 0.2973 0.3323 0.0000
vt 0.2973 0.3991 0.0000
vt 0.6028 0.7827 0.0000
vt 0.6353 0.7672 0.0000
vt 0.3803 0.9300 0.0000
vt 0.3824 0.9260 0.0000
vt 0.3904 0.9208 0.0000
vt 0.4203 0.9208 0.0000
vt 0.4203 0.9389 0.0000
vt 0.3872 0.9389 0.0000
vt 0.5748 0.1989 0.0000
vt 0.6472 0.1722 0.0000
vt 0.6472 0.3016 0.0000
vt 0.6479 0.3172 0.0000
vt 0.5441 0.2620 0.0000
vt 0.5441 0.2580 0.0000
vt 0.8427 0.3172 0.0000
vt 0.7760 0.3172 0.0000
vt 0.5441 0.2464 0.0000
vt 0.6472 0.2827 0.0000
vt 0.3729 0.9416 0.0000
vt 0.3071 0.5544 0.0000
vt 0.2848 0.5544 0.0000
vt 0.2848 0.5392 0.0000
vt 0.3071 0.5392 0.0000
vt 0.3902 0.9576 0.0000
vt 0.4161 0.9576 0.0000
vt 0.3902 0.9405 0.0000
vt 0.4161 0.9405 0.0000
vt 0.1395 0.5250 0.0000
vt 0.1135 0.5250 0.0000
vt 0.1153 0.5196 0.0000
vt 0.1377 0.5196 0.0000
vt 0.2138 0.5347 0.0000
vt 0.1967 0.5347 0.0000
vt 0.1977 0.5294 0.0000
vt 0.2128 0.5294 0.0000
vt 0.4707 0.0856 0.0000
vt 0.4707 0.0597 0.0000
vt 0.4760 0.0615 0.0000
vt 0.4760 0.0838 0.0000
vt 0.5543 0.7496 0.0000
vt 0.5543 0.7667 0.0000
vt 0.5490 0.7657 0.0000
vt 0.5490 0.7506 0.0000
vt 0.3875 0.3076 0.0000
vt 0.3875 0.2407 0.0000
vt 0.4390 0.2407 0.0000
vt 0.4390 0.3076 0.0000
vt 0.9589 0.9912 0.0000
vt 0.8475 0.9912 0.0000
vt 0.8475 0.9845 0.0000
vt 0.9589 0.9845 0.0000
vt 0.3484 0.6493 0.0000
vt 0.3484 0.5979 0.0000
vt 0.3707 0.5979 0.0000
vt 0.3707 0.6493 0.0000
vt 0.2039 0.9693 0.0000
vt 0.0925 0.9693 0.0000
vt 0.0925 0.7807 0.0000
vt 0.2039 0.7807 0.0000
vt 0.9666 0.9823 0.0000
vt 0.9104 0.9823 0.0000
vt 0.9825 0.9823 0.0000
vt 0.0180 0.4401 0.0000
vt 0.0155 0.4212 0.0000
vt 0.0222 0.4198 0.0000
vt 0.0534 0.4311 0.0000
vt 0.0463 0.4504 0.0000
vt 0.6615 0.8737 0.0000
vt 0.6615 0.8988 0.0000
vt 0.7780 0.9823 0.0000
vt 0.6615 0.9823 0.0000
vt 0.3206 0.1240 0.0000
vt 0.2874 0.0989 0.0000
vt 0.3206 0.0989 0.0000
vt 0.3206 0.2075 0.0000
vt 0.5343 0.1173 0.0000
vt 0.5343 0.0059 0.0000
vt 0.9168 0.5154 0.0000
vt 0.9168 0.6268 0.0000
vt 0.1225 0.6642 0.0000
vt 0.1225 0.6420 0.0000
vt 0.1739 0.6420 0.0000
vt 0.1739 0.6642 0.0000
vt 0.8448 0.9823 0.0000
vt 0.9776 0.8556 0.0000
vt 0.9055 0.8556 0.0000
vt 0.8399 0.8556 0.0000
vt 0.7731 0.8556 0.0000
vt 0.6566 0.8556 0.0000
vt 0.9083 0.1722 0.0000
vt 0.0414 0.7760 0.0000
vt 0.0059 0.7760 0.0000
vt 0.0414 0.9805 0.0000
vt 0.0059 0.9805 0.0000
vt 0.0057 0.2739 0.0000
vt 0.0010 0.2739 0.0000
vt 0.9805 0.2827 0.0000
vt 0.9805 0.3016 0.0000
vt 0.9083 0.3016 0.0000
vt 0.9083 0.2827 0.0000
vt 0.9805 0.3172 0.0000
vt 0.9083 0.3172 0.0000
vt 0.9805 0.1794 0.0000
vt 0.9805 0.2629 0.0000
vt 0.9805 0.1722 0.0000
vt 0.1233 0.1697 0.0000
vt 0.1233 0.0583 0.0000
vt 0.1265 0.0583 0.0000
vt 0.1265 0.1697 0.0000
vt 0.2039 0.9852 0.0000
vt 0.0925 0.9852 0.0000
vt 0.2039 0.6642 0.0000
vt 0.0925 0.6642 0.0000
vt 0.9889 0.5154 0.0000
vt 0.9889 0.6268 0.0000
vt 0.5832 0.6638 0.0000
vt 0.6557 0.6667 0.0000
vt 0.5832 0.4785 0.0000
vt 0.6557 0.4756 0.0000
vt 0.7844 0.6667 0.0000
vt 0.8511 0.6667 0.0000
vt 0.8511 0.4756 0.0000
vt 0.7844 0.4756 0.0000
vt 0.2370 0.9131 0.0000
vt 0.0594 0.9131 0.0000
vt 0.0594 0.9694 0.0000
vt 0.2370 0.9693 0.0000
vt 0.9168 0.4756 0.0000
vt 0.9168 0.6667 0.0000
vt 0.1233 0.2028 0.0000
vt 0.1265 0.2028 0.0000
vt 0.2370 0.9852 0.0000
vt 0.0594 0.9852 0.0000
vt 0.9889 0.6600 0.0000
vt 0.9889 0.6667 0.0000
vt 0.9889 0.4756 0.0000
vt 0.9889 0.4823 0.0000
vt 0.2370 0.6642 0.0000
vt 0.0594 0.6642 0.0000
vt 0.9825 0.9863 0.0000
vt 0.3510 0.1089 0.0000
vt 0.3337 0.1089 0.0000
vt 0.3337 0.0910 0.0000
vt 0.0108 0.4008 0.0000
vt 0.3510 0.1887 0.0000
vt 0.3487 0.1887 0.0000
vt 0.1305 0.2028 0.0000
vt 0.1305 0.2171 0.0000
vt 0.1233 0.2095 0.0000
vt 0.9871 0.3829 0.0000
vt 0.9871 0.4627 0.0000
vt 0.6437 0.8520 0.0000
vt 0.6371 0.8465 0.0000
vt 0.6371 0.8443 0.0000
vt 0.6437 0.8377 0.0000
vt 0.3622 0.9891 0.0000
vt 0.2823 0.9891 0.0000
vt 0.2505 0.9891 0.0000
vt 0.9842 0.6713 0.0000
vt 0.9842 0.7045 0.0000
vt 0.3907 0.0838 0.0000
vt 0.3907 0.0499 0.0000
vt 0.9871 0.1601 0.0000
vt 0.9839 0.1620 0.0000
vt 0.9871 0.1300 0.0000
vt 0.9871 0.3306 0.0000
vt 0.9871 0.3475 0.0000
vt 0.9839 0.3274 0.0000
vt 0.9871 0.3650 0.0000
vt 0.9891 0.8670 0.0000
vt 0.9891 0.8988 0.0000
vt 0.9891 0.9786 0.0000
vt 0.4365 0.6926 0.0000
vt 0.4431 0.6860 0.0000
vt 0.4453 0.6860 0.0000
vt 0.4508 0.6926 0.0000
vt 0.9871 0.1830 0.0000
vt 0.9871 0.2629 0.0000
vt 0.9871 0.2807 0.0000
vt 0.9871 0.2983 0.0000
vt 0.9871 0.3152 0.0000
vt 0.9839 0.3184 0.0000
vt 0.0446 0.9839 0.0000
vt 0.0427 0.9871 0.0000
vt 0.0125 0.9871 0.0000
vt 0.0503 0.4589 0.0000
vt 0.0619 0.4272 0.0000
vt 0.9842 0.8291 0.0000
vt 0.9842 0.8623 0.0000
vt 0.3920 0.1959 0.0000
vt 0.3582 0.1959 0.0000
vt 0.3612 0.1928 0.0000
vt 0.3890 0.1928 0.0000
vt 0.3920 0.0891 0.0000
vt 0.3890 0.0921 0.0000
vt 0.3582 0.0891 0.0000
vt 0.3612 0.0921 0.0000
vt 0.4646 0.0848 0.0000
vt 0.4693 0.0513 0.0000
vt 0.9891 0.8202 0.0000
vt 0.9891 0.7134 0.0000
vt 0.0033 0.4898 0.0000
vt 0.0372 0.4898 0.0000
vt 0.9889 0.1150 0.0000
vt 0.9889 0.0082 0.0000
vt 0.9805 0.1666 0.0000
vt 0.0491 0.9805 0.0000
vt 0.8427 0.3239 0.0000
vt 0.9083 0.3239 0.0000
vt 0.6479 0.1666 0.0000
vt 0.5441 0.1612 0.0000
vt 0.7760 0.3239 0.0000
vt 0.6472 0.3239 0.0000
vt 0.9805 0.3239 0.0000
vt 0.9083 0.3219 0.0000
vt 0.8427 0.3219 0.0000
vt 0.0438 0.5441 0.0000
vt 0.0492 0.6479 0.0000
vt 0.7760 0.3219 0.0000
vt 0.6473 0.3219 0.0000
vt 0.9805 0.3219 0.0000
vt 0.4762 0.8792 0.0000
vt 0.4609 0.8908 0.0000
vt 0.4609 0.8598 0.0000
vt 0.4762 0.8475 0.0000
vt 0.2478 0.5025 0.0000
vt 0.2472 0.5098 0.0000
vt 0.2163 0.5074 0.0000
vt 0.2169 0.5001 0.0000
vt 0.3655 0.5623 0.0000
vt 0.3582 0.5623 0.0000
vt 0.3582 0.5490 0.0000
vt 0.3731 0.5490 0.0000
vt 0.4057 0.6126 0.0000
vt 0.4130 0.6126 0.0000
vt 0.4130 0.6468 0.0000
vt 0.4057 0.6436 0.0000
vt 0.3924 0.6630 0.0000
vt 0.3924 0.6560 0.0000
vt 0.3288 0.5866 0.0000
vt 0.2946 0.5866 0.0000
vt 0.2946 0.5637 0.0000
vt 0.3288 0.5637 0.0000
vt 0.4609 0.7862 0.0000
vt 0.4609 0.7545 0.0000
vt 0.4742 0.7669 0.0000
vt 0.4742 0.7979 0.0000
vt 0.2472 0.5196 0.0000
vt 0.2163 0.5172 0.0000
vt 0.2169 0.5099 0.0000
vt 0.2478 0.5123 0.0000
vt 0.3264 0.5392 0.0000
vt 0.3340 0.5525 0.0000
vt 0.3190 0.5525 0.0000
vt 0.3190 0.5392 0.0000
vt 0.5265 0.3394 0.0000
vt 0.5563 0.3479 0.0000
vt 0.5574 0.3558 0.0000
vt 0.5245 0.3464 0.0000
vt 0.5719 0.3386 0.0000
vt 0.5786 0.3405 0.0000
vt 0.3449 0.5637 0.0000
vt 0.3449 0.5866 0.0000
vt 0.4811 0.5607 0.0000
vt 0.4811 0.5924 0.0000
vt 0.4658 0.5800 0.0000
vt 0.4658 0.5490 0.0000
vt 0.3312 0.4511 0.0000
vt 0.3312 0.4821 0.0000
vt 0.3239 0.4821 0.0000
vt 0.3239 0.4511 0.0000
vt 0.3389 0.4945 0.0000
vt 0.3239 0.4945 0.0000
vt 0.5070 0.2024 0.0000
vt 0.5368 0.2109 0.0000
vt 0.5379 0.2188 0.0000
vt 0.5050 0.2094 0.0000
vt 0.5523 0.2016 0.0000
vt 0.5590 0.2035 0.0000
vt 0.2569 0.5817 0.0000
vt 0.2569 0.5588 0.0000
vt 0.2911 0.5588 0.0000
vt 0.2911 0.5817 0.0000
vt 0.5514 0.6420 0.0000
vt 0.5630 0.6573 0.0000
vt 0.5320 0.6573 0.0000
vt 0.5196 0.6420 0.0000
vt 0.5001 0.7548 0.0000
vt 0.5074 0.7545 0.0000
vt 0.5087 0.7855 0.0000
vt 0.5014 0.7858 0.0000
vt 0.5465 0.7873 0.0000
vt 0.5392 0.7873 0.0000
vt 0.5392 0.7741 0.0000
vt 0.5542 0.7741 0.0000
vt 0.3861 0.6126 0.0000
vt 0.3934 0.6126 0.0000
vt 0.3934 0.6468 0.0000
vt 0.3861 0.6436 0.0000
vt 0.3729 0.6630 0.0000
vt 0.3729 0.6560 0.0000
vt 0.2407 0.5588 0.0000
vt 0.2407 0.5817 0.0000
vt 0.6410 0.8276 0.0000
vt 0.6270 0.8416 0.0000
vt 0.6072 0.8416 0.0000
vt 0.5932 0.8276 0.0000
vt 0.5932 0.8078 0.0000
vt 0.6072 0.7938 0.0000
vt 0.6270 0.7938 0.0000
vt 0.6410 0.8078 0.0000
vt 0.2987 0.4854 0.0000
vt 0.2987 0.4945 0.0000
vt 0.2817 0.4945 0.0000
vt 0.2817 0.4854 0.0000
vt 0.2577 0.4945 0.0000
vt 0.2577 0.4854 0.0000
vt 0.2407 0.4945 0.0000
vt 0.2407 0.4854 0.0000
vt 0.2351 0.6420 0.0000
vt 0.2351 0.6511 0.0000
vt 0.2181 0.6511 0.0000
vt 0.2181 0.6420 0.0000
vt 0.1941 0.6511 0.0000
vt 0.1941 0.6420 0.0000
vt 0.1771 0.6511 0.0000
vt 0.1771 0.6420 0.0000
vt 0.5388 0.1331 0.0000
vt 0.5388 0.1422 0.0000
vt 0.5147 0.1422 0.0000
vt 0.5147 0.1331 0.0000
vt 0.4697 0.4066 0.0000
vt 0.4697 0.4264 0.0000
vt 0.4557 0.4404 0.0000
vt 0.4359 0.4404 0.0000
vt 0.4219 0.4264 0.0000
vt 0.4219 0.4066 0.0000
vt 0.4359 0.3926 0.0000
vt 0.4557 0.3926 0.0000
vt 0.6291 0.8467 0.0000
vt 0.6461 0.8297 0.0000
vt 0.6461 0.8057 0.0000
vt 0.6291 0.7887 0.0000
vt 0.6051 0.7887 0.0000
vt 0.5881 0.8057 0.0000
vt 0.5881 0.8297 0.0000
vt 0.6051 0.8467 0.0000
vt 0.4339 0.3875 0.0000
vt 0.4169 0.4045 0.0000
vt 0.4169 0.4285 0.0000
vt 0.4339 0.4455 0.0000
vt 0.4579 0.4455 0.0000
vt 0.4749 0.4285 0.0000
vt 0.4749 0.4045 0.0000
vt 0.4579 0.3875 0.0000
vt 0.4122 0.4851 0.0000
vt 0.4122 0.4653 0.0000
vt 0.4262 0.4513 0.0000
vt 0.4460 0.4513 0.0000
vt 0.4600 0.4653 0.0000
vt 0.4600 0.4851 0.0000
vt 0.4460 0.4991 0.0000
vt 0.4262 0.4991 0.0000
vt 0.5802 0.3190 0.0000
vt 0.5972 0.3190 0.0000
vt 0.5972 0.3282 0.0000
vt 0.5802 0.3282 0.0000
vt 0.5294 0.2799 0.0000
vt 0.5534 0.2799 0.0000
vt 0.5534 0.2890 0.0000
vt 0.5294 0.2890 0.0000
vt 0.5704 0.2799 0.0000
vt 0.5704 0.2890 0.0000
vt 0.4847 0.6028 0.0000
vt 0.4847 0.6198 0.0000
vt 0.4756 0.6198 0.0000
vt 0.4756 0.6028 0.0000
vt 0.4847 0.6438 0.0000
vt 0.4756 0.6438 0.0000
vt 0.5392 0.3190 0.0000
vt 0.5562 0.3190 0.0000
vt 0.5562 0.3282 0.0000
vt 0.5392 0.3282 0.0000
vt 0.3923 0.3877 0.0000
vt 0.4062 0.4017 0.0000
vt 0.4062 0.4215 0.0000
vt 0.3923 0.4355 0.0000
vt 0.3725 0.4355 0.0000
vt 0.3585 0.4215 0.0000
vt 0.3585 0.4017 0.0000
vt 0.3725 0.3877 0.0000
vt 0.4651 0.4872 0.0000
vt 0.4481 0.5042 0.0000
vt 0.4241 0.5042 0.0000
vt 0.4071 0.4872 0.0000
vt 0.4071 0.4632 0.0000
vt 0.4241 0.4462 0.0000
vt 0.4481 0.4462 0.0000
vt 0.4651 0.4632 0.0000
vt 0.3943 0.3826 0.0000
vt 0.4112 0.3996 0.0000
vt 0.4112 0.4236 0.0000
vt 0.3943 0.4406 0.0000
vt 0.3703 0.4406 0.0000
vt 0.3533 0.4236 0.0000
vt 0.3533 0.3996 0.0000
vt 0.3703 0.3826 0.0000
vt 0.6171 0.3288 0.0000
vt 0.6171 0.3336 0.0000
vt 0.6077 0.3336 0.0000
vt 0.6077 0.3288 0.0000
vt 0.5593 0.5672 0.0000
vt 0.5500 0.5672 0.0000
vt 0.5500 0.5605 0.0000
vt 0.5593 0.5605 0.0000
vt 0.3776 0.5633 0.0000
vt 0.3729 0.5633 0.0000
vt 0.3729 0.5539 0.0000
vt 0.3776 0.5539 0.0000
vt 0.5462 0.4854 0.0000
vt 0.5462 0.4947 0.0000
vt 0.5395 0.4947 0.0000
vt 0.5395 0.4854 0.0000
vt 0.5623 0.4854 0.0000
vt 0.5623 0.4947 0.0000
vt 0.5556 0.4947 0.0000
vt 0.5557 0.4854 0.0000
vt 0.9596 0.9942 0.0000
vt 0.9596 0.9990 0.0000
vt 0.9502 0.9990 0.0000
vt 0.9502 0.9942 0.0000
vt 0.5593 0.5511 0.0000
vt 0.5500 0.5511 0.0000
vt 0.5500 0.5444 0.0000
vt 0.5593 0.5444 0.0000
vt 0.5147 0.5605 0.0000
vt 0.5147 0.5511 0.0000
vt 0.5147 0.5672 0.0000
vt 0.5397 0.5707 0.0000
vt 0.5397 0.5801 0.0000
vt 0.5045 0.5801 0.0000
vt 0.5045 0.5707 0.0000
vt 0.5462 0.5300 0.0000
vt 0.5395 0.5300 0.0000
vt 0.5556 0.5300 0.0000
vt 0.5623 0.5300 0.0000
vt 0.4414 0.5165 0.0000
vt 0.4414 0.5071 0.0000
vt 0.4766 0.5071 0.0000
vt 0.4766 0.5165 0.0000
vt 0.5147 0.5444 0.0000
vt 0.4952 0.5868 0.0000
vt 0.5045 0.5868 0.0000
vt 0.4999 0.5969 0.0000
vt 0.4952 0.5969 0.0000
vt 0.5584 0.8145 0.0000
vt 0.5490 0.8145 0.0000
vt 0.5490 0.8034 0.0000
vt 0.5584 0.8034 0.0000
vt 0.4766 0.5232 0.0000
vt 0.4859 0.5232 0.0000
vt 0.4859 0.5333 0.0000
vt 0.4812 0.5333 0.0000
vt 0.5294 0.4901 0.0000
vt 0.5294 0.4854 0.0000
vt 0.5486 0.8488 0.0000
vt 0.5392 0.8488 0.0000
vt 0.5392 0.8377 0.0000
vt 0.5486 0.8377 0.0000
vt 0.5593 0.5773 0.0000
vt 0.5545 0.5773 0.0000
vt 0.4859 0.5004 0.0000
vt 0.4766 0.5004 0.0000
vt 0.4812 0.4903 0.0000
vt 0.4859 0.4903 0.0000
vt 0.5340 0.8488 0.0000
vt 0.5245 0.8488 0.0000
vt 0.5245 0.8377 0.0000
vt 0.5340 0.8377 0.0000
vt 0.5045 0.5640 0.0000
vt 0.4952 0.5640 0.0000
vt 0.4952 0.5539 0.0000
vt 0.4999 0.5539 0.0000
vt 0.5545 0.5343 0.0000
vt 0.5593 0.5343 0.0000
vt 0.5343 0.8618 0.0000
vt 0.5343 0.8523 0.0000
vt 0.5454 0.8523 0.0000
vt 0.5454 0.8618 0.0000
vt 0.5724 0.4854 0.0000
vt 0.5724 0.4901 0.0000
vt 0.5979 0.4609 0.0000
vt 0.6074 0.4609 0.0000
vt 0.6074 0.4657 0.0000
vt 0.5979 0.4657 0.0000
vt 0.5330 0.5397 0.0000
vt 0.5263 0.5397 0.0000
vt 0.5263 0.5304 0.0000
vt 0.5330 0.5304 0.0000
vt 0.9306 0.9942 0.0000
vt 0.9401 0.9942 0.0000
vt 0.9401 0.9990 0.0000
vt 0.9306 0.9990 0.0000
vt 0.3930 0.5850 0.0000
vt 0.3930 0.5917 0.0000
vt 0.3836 0.5917 0.0000
vt 0.3836 0.5850 0.0000
vt 0.3930 0.5689 0.0000
vt 0.3930 0.5756 0.0000
vt 0.3836 0.5756 0.0000
vt 0.3836 0.5689 0.0000
vt 0.5147 0.1527 0.0000
vt 0.5242 0.1527 0.0000
vt 0.5242 0.1574 0.0000
vt 0.5147 0.1574 0.0000
vt 0.5169 0.5397 0.0000
vt 0.5102 0.5397 0.0000
vt 0.5102 0.5304 0.0000
vt 0.5169 0.5304 0.0000
vt 0.5263 0.4952 0.0000
vt 0.5169 0.4952 0.0000
vt 0.5330 0.4952 0.0000
vt 0.4859 0.5459 0.0000
vt 0.4507 0.5459 0.0000
vt 0.4507 0.5364 0.0000
vt 0.4859 0.5364 0.0000
vt 0.3484 0.5850 0.0000
vt 0.3484 0.5917 0.0000
vt 0.3484 0.5756 0.0000
vt 0.3484 0.5689 0.0000
vt 0.4267 0.8153 0.0000
vt 0.4619 0.8153 0.0000
vt 0.4619 0.8248 0.0000
vt 0.4267 0.8248 0.0000
vt 0.5102 0.4952 0.0000
vt 0.4414 0.5298 0.0000
vt 0.4414 0.5196 0.0000
vt 0.4461 0.5196 0.0000
vt 0.4507 0.5298 0.0000
vt 0.5584 0.7887 0.0000
vt 0.5584 0.7998 0.0000
vt 0.5490 0.7998 0.0000
vt 0.5490 0.7887 0.0000
vt 0.4619 0.8086 0.0000
vt 0.4665 0.7985 0.0000
vt 0.4712 0.7985 0.0000
vt 0.4712 0.8086 0.0000
vt 0.3930 0.6018 0.0000
vt 0.3882 0.6018 0.0000
vt 0.5441 0.8181 0.0000
vt 0.5552 0.8181 0.0000
vt 0.5552 0.8275 0.0000
vt 0.5441 0.8275 0.0000
vt 0.5431 0.5350 0.0000
vt 0.5431 0.5397 0.0000
vt 0.4712 0.8314 0.0000
vt 0.4712 0.8415 0.0000
vt 0.4665 0.8415 0.0000
vt 0.4619 0.8314 0.0000
vt 0.5294 0.8145 0.0000
vt 0.5294 0.8034 0.0000
vt 0.5389 0.8034 0.0000
vt 0.5389 0.8145 0.0000
vt 0.4507 0.5525 0.0000
vt 0.4461 0.5627 0.0000
vt 0.4414 0.5627 0.0000
vt 0.4414 0.5525 0.0000
vt 0.5001 0.5397 0.0000
vt 0.5001 0.5350 0.0000
vt 0.5343 0.8670 0.0000
vt 0.5454 0.8670 0.0000
vt 0.5454 0.8765 0.0000
vt 0.5343 0.8765 0.0000
vt 0.3882 0.5588 0.0000
vt 0.3930 0.5588 0.0000
vt 0.1546 0.5050 0.0000
vt 0.1772 0.5050 0.0000
vt 0.1648 0.5203 0.0000
vt 0.1429 0.5203 0.0000
vt 0.0010 0.5322 0.0000
vt 0.0229 0.5322 0.0000
vt 0.0229 0.5395 0.0000
vt 0.0010 0.5395 0.0000
vt 0.0353 0.5245 0.0000
vt 0.0353 0.5395 0.0000
vt 0.5595 0.4798 0.0000
vt 0.5670 0.4592 0.0000
vt 0.5750 0.4587 0.0000
vt 0.5664 0.4823 0.0000
vt 0.5588 0.4430 0.0000
vt 0.5612 0.4365 0.0000
vt 0.5496 0.7459 0.0000
vt 0.5440 0.7682 0.0000
vt 0.5196 0.7621 0.0000
vt 0.5252 0.7398 0.0000
vt 0.5392 0.7123 0.0000
vt 0.5545 0.7007 0.0000
vt 0.5545 0.7226 0.0000
vt 0.5392 0.7350 0.0000
vt 0.5367 0.7301 0.0000
vt 0.5294 0.7301 0.0000
vt 0.5294 0.7082 0.0000
vt 0.5367 0.7082 0.0000
vt 0.5294 0.6958 0.0000
vt 0.5444 0.6958 0.0000
vt 0.5035 0.7153 0.0000
vt 0.5108 0.7153 0.0000
vt 0.5108 0.7405 0.0000
vt 0.5035 0.7373 0.0000
vt 0.4903 0.7566 0.0000
vt 0.4903 0.7497 0.0000
vt 0.4903 0.8328 0.0000
vt 0.5108 0.8328 0.0000
vt 0.5108 0.8557 0.0000
vt 0.4903 0.8557 0.0000
vt 0.4958 0.7869 0.0000
vt 0.4805 0.7986 0.0000
vt 0.4805 0.7767 0.0000
vt 0.4958 0.7643 0.0000
vt 0.5367 0.4023 0.0000
vt 0.5294 0.4023 0.0000
vt 0.5294 0.3803 0.0000
vt 0.5367 0.3803 0.0000
vt 0.5294 0.3680 0.0000
vt 0.5444 0.3680 0.0000
vt 0.4878 0.7615 0.0000
vt 0.4805 0.7615 0.0000
vt 0.4805 0.7364 0.0000
vt 0.4878 0.7396 0.0000
vt 0.5010 0.7202 0.0000
vt 0.5010 0.7272 0.0000
vt 0.5196 0.6615 0.0000
vt 0.5448 0.6615 0.0000
vt 0.5448 0.6845 0.0000
vt 0.5196 0.6845 0.0000
vt 0.1790 0.5099 0.0000
vt 0.2017 0.5099 0.0000
vt 0.1893 0.5251 0.0000
vt 0.1674 0.5251 0.0000
vt 0.6371 0.3215 0.0000
vt 0.6152 0.3215 0.0000
vt 0.6152 0.3141 0.0000
vt 0.6371 0.3141 0.0000
vt 0.6028 0.3291 0.0000
vt 0.6028 0.3141 0.0000
vt 0.5466 0.1681 0.0000
vt 0.5672 0.1756 0.0000
vt 0.5677 0.1835 0.0000
vt 0.5441 0.1749 0.0000
vt 0.5834 0.1674 0.0000
vt 0.5899 0.1697 0.0000
vt 0.5609 0.6615 0.0000
vt 0.5609 0.6845 0.0000
vt 0.5145 0.2899 0.0000
vt 0.5285 0.3039 0.0000
vt 0.5285 0.3237 0.0000
vt 0.5145 0.3376 0.0000
vt 0.4947 0.3376 0.0000
vt 0.4807 0.3237 0.0000
vt 0.4807 0.3039 0.0000
vt 0.4947 0.2899 0.0000
vt 0.5562 0.2995 0.0000
vt 0.5562 0.3086 0.0000
vt 0.5392 0.3086 0.0000
vt 0.5392 0.2995 0.0000
vt 0.5239 0.8274 0.0000
vt 0.5147 0.8274 0.0000
vt 0.5147 0.8034 0.0000
vt 0.5239 0.8034 0.0000
vt 0.5073 0.8817 0.0000
vt 0.5073 0.8908 0.0000
vt 0.4903 0.8908 0.0000
vt 0.4903 0.8817 0.0000
vt 0.5239 0.7368 0.0000
vt 0.5147 0.7368 0.0000
vt 0.5147 0.7198 0.0000
vt 0.5239 0.7198 0.0000
vt 0.5147 0.6958 0.0000
vt 0.5239 0.6958 0.0000
vt 0.5972 0.2995 0.0000
vt 0.5972 0.3086 0.0000
vt 0.5802 0.3086 0.0000
vt 0.5802 0.2995 0.0000
vt 0.4556 0.3242 0.0000
vt 0.4697 0.3381 0.0000
vt 0.4699 0.3579 0.0000
vt 0.4560 0.3720 0.0000
vt 0.4362 0.3722 0.0000
vt 0.4221 0.3583 0.0000
vt 0.4219 0.3385 0.0000
vt 0.4358 0.3244 0.0000
vt 0.5336 0.3018 0.0000
vt 0.5166 0.2848 0.0000
vt 0.4926 0.2848 0.0000
vt 0.4756 0.3018 0.0000
vt 0.4756 0.3258 0.0000
vt 0.4926 0.3427 0.0000
vt 0.5166 0.3427 0.0000
vt 0.5336 0.3258 0.0000
vt 0.4169 0.3364 0.0000
vt 0.4171 0.3604 0.0000
vt 0.4342 0.3772 0.0000
vt 0.4582 0.3770 0.0000
vt 0.4751 0.3599 0.0000
vt 0.4749 0.3359 0.0000
vt 0.4577 0.3190 0.0000
vt 0.4337 0.3192 0.0000
vt 0.4996 0.2214 0.0000
vt 0.5194 0.2214 0.0000
vt 0.5334 0.2354 0.0000
vt 0.5334 0.2552 0.0000
vt 0.5194 0.2691 0.0000
vt 0.4996 0.2691 0.0000
vt 0.4856 0.2552 0.0000
vt 0.4856 0.2354 0.0000
vt 0.5411 0.1820 0.0000
vt 0.5580 0.1820 0.0000
vt 0.5580 0.1912 0.0000
vt 0.5411 0.1912 0.0000
vt 0.5288 0.7692 0.0000
vt 0.5288 0.7932 0.0000
vt 0.5196 0.7932 0.0000
vt 0.5196 0.7692 0.0000
vt 0.5239 0.8670 0.0000
vt 0.5239 0.8840 0.0000
vt 0.5147 0.8840 0.0000
vt 0.5147 0.8670 0.0000
vt 0.4903 0.9134 0.0000
vt 0.4903 0.8964 0.0000
vt 0.4994 0.8964 0.0000
vt 0.4994 0.9134 0.0000
vt 0.2743 0.5245 0.0000
vt 0.2743 0.5485 0.0000
vt 0.2652 0.5485 0.0000
vt 0.2652 0.5245 0.0000
vt 0.5001 0.1820 0.0000
vt 0.5170 0.1820 0.0000
vt 0.5170 0.1912 0.0000
vt 0.5001 0.1912 0.0000
vt 0.3576 0.4942 0.0000
vt 0.3436 0.4802 0.0000
vt 0.3436 0.4604 0.0000
vt 0.3576 0.4465 0.0000
vt 0.3774 0.4465 0.0000
vt 0.3914 0.4604 0.0000
vt 0.3914 0.4802 0.0000
vt 0.3774 0.4942 0.0000
vt 0.4975 0.2742 0.0000
vt 0.4805 0.2573 0.0000
vt 0.4805 0.2333 0.0000
vt 0.4975 0.2163 0.0000
vt 0.5215 0.2163 0.0000
vt 0.5385 0.2333 0.0000
vt 0.5385 0.2573 0.0000
vt 0.5215 0.2742 0.0000
vt 0.3556 0.4993 0.0000
vt 0.3386 0.4823 0.0000
vt 0.3386 0.4583 0.0000
vt 0.3556 0.4414 0.0000
vt 0.3796 0.4414 0.0000
vt 0.3966 0.4583 0.0000
vt 0.3966 0.4823 0.0000
vt 0.3796 0.4993 0.0000
vt 0.5389 0.1527 0.0000
vt 0.5389 0.1575 0.0000
vt 0.5294 0.1575 0.0000
vt 0.5294 0.1527 0.0000
vt 0.4572 0.6798 0.0000
vt 0.4479 0.6798 0.0000
vt 0.4479 0.6731 0.0000
vt 0.4572 0.6731 0.0000
vt 0.4948 0.0059 0.0000
vt 0.4948 0.0107 0.0000
vt 0.4854 0.0107 0.0000
vt 0.4854 0.0059 0.0000
vt 0.3404 0.5199 0.0000
vt 0.3404 0.5106 0.0000
vt 0.3470 0.5106 0.0000
vt 0.3470 0.5199 0.0000
vt 0.3243 0.5199 0.0000
vt 0.3243 0.5106 0.0000
vt 0.3309 0.5106 0.0000
vt 0.3309 0.5199 0.0000
vt 0.5242 0.0059 0.0000
vt 0.5242 0.0107 0.0000
vt 0.5147 0.0107 0.0000
vt 0.5147 0.0059 0.0000
vt 0.4572 0.6636 0.0000
vt 0.4479 0.6636 0.0000
vt 0.4479 0.6570 0.0000
vt 0.4572 0.6570 0.0000
vt 0.4267 0.6731 0.0000
vt 0.4267 0.6636 0.0000
vt 0.4353 0.6798 0.0000
vt 0.3505 0.5315 0.0000
vt 0.3599 0.5245 0.0000
vt 0.3599 0.5372 0.0000
vt 0.3505 0.5372 0.0000
vt 0.3404 0.5050 0.0000
vt 0.3470 0.5050 0.0000
vt 0.3309 0.5050 0.0000
vt 0.3243 0.5050 0.0000
vt 0.4896 0.6636 0.0000
vt 0.4759 0.6731 0.0000
vt 0.4702 0.6731 0.0000
vt 0.4702 0.6636 0.0000
vt 0.4285 0.6570 0.0000
vt 0.3666 0.5465 0.0000
vt 0.3666 0.5372 0.0000
vt 0.3767 0.5417 0.0000
vt 0.3767 0.5465 0.0000
vt 0.5584 0.8732 0.0000
vt 0.5490 0.8732 0.0000
vt 0.5490 0.8621 0.0000
vt 0.5584 0.8621 0.0000
vt 0.4702 0.6570 0.0000
vt 0.4609 0.6570 0.0000
vt 0.4609 0.6468 0.0000
vt 0.4657 0.6468 0.0000
vt 0.3572 0.5151 0.0000
vt 0.3572 0.5199 0.0000
vt 0.5783 0.9058 0.0000
vt 0.5783 0.8964 0.0000
vt 0.5894 0.8964 0.0000
vt 0.5894 0.9058 0.0000
vt 0.4572 0.6899 0.0000
vt 0.4524 0.6899 0.0000
vt 0.4609 0.6798 0.0000
vt 0.4702 0.6798 0.0000
vt 0.4657 0.6899 0.0000
vt 0.4609 0.6899 0.0000
vt 0.5389 0.9075 0.0000
vt 0.5294 0.9075 0.0000
vt 0.5294 0.8964 0.0000
vt 0.5389 0.8964 0.0000
vt 0.3438 0.5372 0.0000
vt 0.3438 0.5465 0.0000
vt 0.3337 0.5465 0.0000
vt 0.3337 0.5417 0.0000
vt 0.4524 0.6468 0.0000
vt 0.4572 0.6468 0.0000
vt 0.3875 0.5486 0.0000
vt 0.3875 0.5392 0.0000
vt 0.3986 0.5392 0.0000
vt 0.3986 0.5486 0.0000
vt 0.3141 0.5199 0.0000
vt 0.3141 0.5151 0.0000
vt 0.5637 0.3533 0.0000
vt 0.5731 0.3533 0.0000
vt 0.5731 0.3581 0.0000
vt 0.5637 0.3581 0.0000
vt 0.3683 0.5050 0.0000
vt 0.3750 0.5050 0.0000
vt 0.3750 0.5142 0.0000
vt 0.3683 0.5142 0.0000
vt 0.5001 0.0059 0.0000
vt 0.5095 0.0059 0.0000
vt 0.5095 0.0107 0.0000
vt 0.5001 0.0107 0.0000
vt 0.4759 0.7367 0.0000
vt 0.4759 0.7434 0.0000
vt 0.4666 0.7434 0.0000
vt 0.4666 0.7367 0.0000
vt 0.4759 0.7206 0.0000
vt 0.4759 0.7272 0.0000
vt 0.4666 0.7272 0.0000
vt 0.4666 0.7206 0.0000
vt 0.6126 0.1674 0.0000
vt 0.6220 0.1674 0.0000
vt 0.6220 0.1722 0.0000
vt 0.6126 0.1722 0.0000
vt 0.3844 0.5050 0.0000
vt 0.3911 0.5050 0.0000
vt 0.3911 0.5142 0.0000
vt 0.3844 0.5142 0.0000
vt 0.3750 0.5355 0.0000
vt 0.3844 0.5355 0.0000
vt 0.3683 0.5269 0.0000
vt 0.4728 0.6930 0.0000
vt 0.4785 0.6930 0.0000
vt 0.4785 0.7024 0.0000
vt 0.4658 0.7024 0.0000
vt 0.4609 0.7367 0.0000
vt 0.4609 0.7434 0.0000
vt 0.4609 0.7272 0.0000
vt 0.4609 0.7206 0.0000
vt 0.3061 0.5050 0.0000
vt 0.3061 0.5244 0.0000
vt 0.2967 0.5244 0.0000
vt 0.2967 0.5187 0.0000
vt 0.3911 0.5337 0.0000
vt 0.4878 0.7091 0.0000
vt 0.4878 0.7192 0.0000
vt 0.4830 0.7192 0.0000
vt 0.4785 0.7091 0.0000
vt 0.5490 0.8977 0.0000
vt 0.5490 0.8866 0.0000
vt 0.5584 0.8866 0.0000
vt 0.5584 0.8977 0.0000
vt 0.3128 0.5244 0.0000
vt 0.3229 0.5289 0.0000
vt 0.3229 0.5337 0.0000
vt 0.3128 0.5337 0.0000
vt 0.4759 0.7535 0.0000
vt 0.4711 0.7535 0.0000
vt 0.5490 0.9123 0.0000
vt 0.5490 0.9013 0.0000
vt 0.5584 0.9013 0.0000
vt 0.5584 0.9123 0.0000
vt 0.3582 0.5098 0.0000
vt 0.3582 0.5050 0.0000
vt 0.2900 0.5337 0.0000
vt 0.2799 0.5337 0.0000
vt 0.2799 0.5289 0.0000
vt 0.2900 0.5244 0.0000
vt 0.5343 0.8817 0.0000
vt 0.5454 0.8817 0.0000
vt 0.5454 0.8911 0.0000
vt 0.5343 0.8911 0.0000
vt 0.4785 0.6863 0.0000
vt 0.4830 0.6762 0.0000
vt 0.4878 0.6762 0.0000
vt 0.4878 0.6863 0.0000
vt 0.4012 0.5050 0.0000
vt 0.4012 0.5098 0.0000
vt 0.5637 0.8964 0.0000
vt 0.5747 0.8964 0.0000
vt 0.5747 0.9058 0.0000
vt 0.5637 0.9058 0.0000
vt 0.4711 0.7105 0.0000
vt 0.4759 0.7105 0.0000
vt 0.1064 0.3282 0.0000
vt 0.1064 0.3141 0.0000
vt 0.1490 0.3141 0.0000
vt 0.1490 0.3282 0.0000
vt 0.7969 0.9187 0.0000
vt 0.8289 0.9187 0.0000
vt 0.8209 0.9612 0.0000
vt 0.7969 0.9612 0.0000
vt 0.1689 0.3300 0.0000
vt 0.1689 0.3185 0.0000
vt 0.1742 0.3251 0.0000
vt 0.1742 0.3324 0.0000
vt 0.8171 0.9811 0.0000
vt 0.8171 0.9864 0.0000
vt 0.8010 0.9864 0.0000
vt 0.7986 0.9811 0.0000
vt 0.4490 0.1089 0.0000
vt 0.4516 0.1139 0.0000
vt 0.4428 0.1214 0.0000
vt 0.4375 0.1188 0.0000
vt 0.4316 0.1653 0.0000
vt 0.4316 0.1317 0.0000
vt 0.4374 0.1335 0.0000
vt 0.4376 0.1663 0.0000
vt 0.4540 0.1193 0.0000
vt 0.4496 0.1231 0.0000
vt 0.4782 0.1090 0.0000
vt 0.4751 0.1142 0.0000
vt 0.4678 0.1142 0.0000
vt 0.4646 0.1090 0.0000
vt 0.4133 0.5631 0.0000
vt 0.3973 0.5631 0.0000
vt 0.3973 0.5588 0.0000
vt 0.4133 0.5588 0.0000
vt 0.4133 0.5842 0.0000
vt 0.3973 0.5842 0.0000
vt 0.3973 0.5769 0.0000
vt 0.4133 0.5769 0.0000
vt 0.0891 0.3300 0.0000
vt 0.0891 0.3185 0.0000
vt 0.1021 0.3185 0.0000
vt 0.1021 0.3300 0.0000
vt 0.1534 0.3300 0.0000
vt 0.1534 0.3185 0.0000
vt 0.1689 0.3438 0.0000
vt 0.1689 0.3611 0.0000
vt 0.1534 0.3611 0.0000
vt 0.1534 0.3438 0.0000
vt 0.7986 0.9013 0.0000
vt 0.8322 0.9013 0.0000
vt 0.8297 0.9143 0.0000
vt 0.7986 0.9143 0.0000
vt 0.7986 0.9656 0.0000
vt 0.8200 0.9656 0.0000
vt 0.1490 0.3629 0.0000
vt 0.1490 0.3420 0.0000
vt 0.1064 0.3420 0.0000
vt 0.7838 0.9612 0.0000
vt 0.7838 0.9187 0.0000
vt 0.7874 0.9864 0.0000
vt 0.7856 0.9811 0.0000
vt 0.1742 0.3467 0.0000
vt 0.4628 0.1037 0.0000
vt 0.4437 0.1361 0.0000
vt 0.4329 0.6256 0.0000
vt 0.4169 0.6256 0.0000
vt 0.4169 0.6126 0.0000
vt 0.4329 0.6126 0.0000
vt 0.1021 0.3438 0.0000
vt 0.0891 0.3438 0.0000
vt 0.7856 0.9143 0.0000
vt 0.7856 0.9013 0.0000
vt 0.7856 0.9656 0.0000
vt 0.4329 0.6528 0.0000
vt 0.4169 0.6558 0.0000
vt 0.4975 0.4088 0.0000
vt 0.4845 0.4028 0.0000
vt 0.4807 0.3985 0.0000
vt 0.4756 0.3847 0.0000
vt 0.4756 0.3774 0.0000
vt 0.5247 0.4088 0.0000
vt 0.4807 0.3636 0.0000
vt 0.4845 0.3592 0.0000
vt 0.4975 0.3533 0.0000
vt 0.5247 0.3533 0.0000
vt 0.4386 0.7534 0.0000
vt 0.4503 0.7631 0.0000
vt 0.4551 0.7715 0.0000
vt 0.4566 0.7866 0.0000
vt 0.4512 0.8017 0.0000
vt 0.3875 0.7790 0.0000
vt 0.3929 0.7639 0.0000
vt 0.4035 0.7532 0.0000
vt 0.4125 0.7497 0.0000
vt 0.4278 0.7496 0.0000
vt 0.1064 0.3629 0.0000
vt 0.1742 0.3582 0.0000
vt 0.1021 0.3611 0.0000
vt 0.0891 0.3611 0.0000
vt 0.1064 0.3767 0.0000
vt 0.1490 0.3767 0.0000
vt 0.1490 0.3908 0.0000
vt 0.1064 0.3908 0.0000
vt 0.2043 0.3369 0.0000
vt 0.2469 0.3369 0.0000
vt 0.2469 0.3609 0.0000
vt 0.2043 0.3690 0.0000
vt 0.1689 0.3749 0.0000
vt 0.1742 0.3725 0.0000
vt 0.1742 0.3798 0.0000
vt 0.1689 0.3864 0.0000
vt 0.2668 0.3572 0.0000
vt 0.2668 0.3387 0.0000
vt 0.2720 0.3411 0.0000
vt 0.2720 0.3571 0.0000
vt 0.4939 0.1089 0.0000
vt 0.5054 0.1188 0.0000
vt 0.5001 0.1214 0.0000
vt 0.4913 0.1139 0.0000
vt 0.4801 0.1037 0.0000
vt 0.5113 0.1653 0.0000
vt 0.5052 0.1663 0.0000
vt 0.5054 0.1335 0.0000
vt 0.5113 0.1317 0.0000
vt 0.4932 0.1231 0.0000
vt 0.4889 0.1193 0.0000
vt 0.4133 0.5980 0.0000
vt 0.4133 0.6024 0.0000
vt 0.3973 0.6024 0.0000
vt 0.3973 0.5980 0.0000
vt 0.0891 0.3749 0.0000
vt 0.1021 0.3749 0.0000
vt 0.1021 0.3864 0.0000
vt 0.0891 0.3864 0.0000
vt 0.1534 0.3864 0.0000
vt 0.1534 0.3749 0.0000
vt 0.1869 0.3387 0.0000
vt 0.2000 0.3387 0.0000
vt 0.2000 0.3698 0.0000
vt 0.1869 0.3723 0.0000
vt 0.2512 0.3601 0.0000
vt 0.2512 0.3387 0.0000
vt 0.2469 0.3239 0.0000
vt 0.2043 0.3239 0.0000
vt 0.2720 0.3274 0.0000
vt 0.2668 0.3257 0.0000
vt 0.4992 0.1361 0.0000
vt 0.4280 0.5352 0.0000
vt 0.4280 0.5482 0.0000
vt 0.4120 0.5482 0.0000
vt 0.4120 0.5352 0.0000
vt 0.2000 0.3257 0.0000
vt 0.1869 0.3257 0.0000
vt 0.2512 0.3257 0.0000
vt 0.4120 0.5050 0.0000
vt 0.4280 0.5080 0.0000
vt 0.4992 0.1663 0.0000
vt 0.4437 0.1663 0.0000
vt 0.0885 0.6020 0.0000
vt 0.0744 0.6020 0.0000
vt 0.0744 0.5595 0.0000
vt 0.0885 0.5595 0.0000
vt 0.4082 0.8907 0.0000
vt 0.3761 0.8907 0.0000
vt 0.3842 0.8481 0.0000
vt 0.4082 0.8481 0.0000
vt 0.0903 0.5396 0.0000
vt 0.0788 0.5396 0.0000
vt 0.0853 0.5343 0.0000
vt 0.0926 0.5343 0.0000
vt 0.3879 0.8282 0.0000
vt 0.3880 0.8230 0.0000
vt 0.4040 0.8230 0.0000
vt 0.4064 0.8282 0.0000
vt 0.0903 0.6194 0.0000
vt 0.0929 0.6246 0.0000
vt 0.0841 0.6246 0.0000
vt 0.0788 0.6194 0.0000
vt 0.4243 0.8098 0.0000
vt 0.3907 0.8098 0.0000
vt 0.3925 0.8039 0.0000
vt 0.4253 0.8037 0.0000
vt 0.3729 0.7898 0.0000
vt 0.3783 0.7873 0.0000
vt 0.3821 0.7917 0.0000
vt 0.3804 0.7985 0.0000
vt 0.3680 0.7631 0.0000
vt 0.3732 0.7663 0.0000
vt 0.3732 0.7735 0.0000
vt 0.3680 0.7767 0.0000
vt 0.5240 0.5832 0.0000
vt 0.5240 0.5992 0.0000
vt 0.5196 0.5992 0.0000
vt 0.5196 0.5832 0.0000
vt 0.5451 0.5832 0.0000
vt 0.5451 0.5992 0.0000
vt 0.5378 0.5992 0.0000
vt 0.5378 0.5832 0.0000
vt 0.0788 0.6064 0.0000
vt 0.0903 0.6064 0.0000
vt 0.0903 0.5551 0.0000
vt 0.0788 0.5551 0.0000
vt 0.1040 0.5396 0.0000
vt 0.1214 0.5396 0.0000
vt 0.1214 0.5551 0.0000
vt 0.1040 0.5551 0.0000
vt 0.4064 0.9081 0.0000
vt 0.3729 0.9081 0.0000
vt 0.3753 0.8950 0.0000
vt 0.4064 0.8950 0.0000
vt 0.4064 0.8438 0.0000
vt 0.3850 0.8438 0.0000
vt 0.1232 0.5595 0.0000
vt 0.1022 0.5595 0.0000
vt 0.1022 0.6020 0.0000
vt 0.4212 0.8481 0.0000
vt 0.4212 0.8907 0.0000
vt 0.4177 0.8230 0.0000
vt 0.4194 0.8282 0.0000
vt 0.1070 0.5343 0.0000
vt 0.1040 0.6194 0.0000
vt 0.1059 0.6246 0.0000
vt 0.3777 0.8038 0.0000
vt 0.3950 0.7976 0.0000
vt 0.4329 0.5717 0.0000
vt 0.4169 0.5717 0.0000
vt 0.4169 0.5588 0.0000
vt 0.4329 0.5588 0.0000
vt 0.1040 0.6064 0.0000
vt 0.4194 0.8950 0.0000
vt 0.4194 0.9081 0.0000
vt 0.4194 0.8438 0.0000
vt 0.4329 0.5990 0.0000
vt 0.4169 0.6020 0.0000
vt 0.2897 0.6198 0.0000
vt 0.2956 0.6068 0.0000
vt 0.3000 0.6030 0.0000
vt 0.3138 0.5979 0.0000
vt 0.3211 0.5979 0.0000
vt 0.2897 0.6470 0.0000
vt 0.3349 0.6030 0.0000
vt 0.3392 0.6068 0.0000
vt 0.3452 0.6198 0.0000
vt 0.3452 0.6470 0.0000
vt 0.4972 0.1971 0.0000
vt 0.4920 0.2114 0.0000
vt 0.4857 0.2187 0.0000
vt 0.4721 0.2252 0.0000
vt 0.4560 0.2252 0.0000
vt 0.4560 0.1576 0.0000
vt 0.4721 0.1576 0.0000
vt 0.4857 0.1640 0.0000
vt 0.4920 0.1713 0.0000
vt 0.4972 0.1857 0.0000
vt 0.1232 0.6020 0.0000
vt 0.1184 0.5343 0.0000
vt 0.1214 0.6064 0.0000
vt 0.1214 0.6194 0.0000
vt 0.1370 0.6020 0.0000
vt 0.1370 0.5595 0.0000
vt 0.1510 0.5595 0.0000
vt 0.1510 0.6020 0.0000
vt 0.2204 0.4131 0.0000
vt 0.1778 0.4131 0.0000
vt 0.1778 0.3891 0.0000
vt 0.2204 0.3810 0.0000
vt 0.1352 0.5396 0.0000
vt 0.1328 0.5343 0.0000
vt 0.1401 0.5343 0.0000
vt 0.1466 0.5396 0.0000
vt 0.1579 0.3928 0.0000
vt 0.1579 0.4113 0.0000
vt 0.1527 0.4089 0.0000
vt 0.1527 0.3928 0.0000
vt 0.1352 0.6194 0.0000
vt 0.1466 0.6194 0.0000
vt 0.1413 0.6246 0.0000
vt 0.1326 0.6246 0.0000
vt 0.1195 0.6246 0.0000
vt 0.4243 0.7300 0.0000
vt 0.4253 0.7361 0.0000
vt 0.3925 0.7359 0.0000
vt 0.3907 0.7300 0.0000
vt 0.3729 0.7500 0.0000
vt 0.3804 0.7413 0.0000
vt 0.3821 0.7481 0.0000
vt 0.3783 0.7525 0.0000
vt 0.5589 0.5832 0.0000
vt 0.5632 0.5832 0.0000
vt 0.5632 0.5992 0.0000
vt 0.5589 0.5992 0.0000
vt 0.1352 0.6064 0.0000
vt 0.1466 0.6064 0.0000
vt 0.1466 0.5551 0.0000
vt 0.1352 0.5551 0.0000
vt 0.2378 0.4113 0.0000
vt 0.2247 0.4113 0.0000
vt 0.2247 0.3802 0.0000
vt 0.2378 0.3777 0.0000
vt 0.1735 0.3899 0.0000
vt 0.1735 0.4113 0.0000
vt 0.1778 0.4261 0.0000
vt 0.2204 0.4261 0.0000
vt 0.1527 0.4225 0.0000
vt 0.1579 0.4243 0.0000
vt 0.3777 0.7360 0.0000
vt 0.3950 0.7422 0.0000
vt 0.1118 0.5111 0.0000
vt 0.0989 0.5111 0.0000
vt 0.0989 0.4952 0.0000
vt 0.1118 0.4952 0.0000
vt 0.2247 0.4243 0.0000
vt 0.2378 0.4243 0.0000
vt 0.1735 0.4243 0.0000
vt 0.1421 0.4952 0.0000
vt 0.1390 0.5111 0.0000
vt 0.4253 0.7422 0.0000
vt 0.4253 0.7976 0.0000
vt 0.2201 0.6069 0.0000
vt 0.2201 0.5643 0.0000
vt 0.2342 0.5643 0.0000
vt 0.2342 0.6069 0.0000
vt 0.0820 0.4152 0.0000
vt 0.1246 0.4152 0.0000
vt 0.1246 0.4392 0.0000
vt 0.0820 0.4473 0.0000
vt 0.2183 0.5445 0.0000
vt 0.2160 0.5392 0.0000
vt 0.2233 0.5392 0.0000
vt 0.2298 0.5445 0.0000
vt 0.1444 0.4355 0.0000
vt 0.1444 0.4170 0.0000
vt 0.1497 0.4194 0.0000
vt 0.1497 0.4354 0.0000
vt 0.2183 0.6243 0.0000
vt 0.2298 0.6243 0.0000
vt 0.2245 0.6295 0.0000
vt 0.2157 0.6295 0.0000
vt 0.3802 0.2995 0.0000
vt 0.3813 0.3055 0.0000
vt 0.3484 0.3053 0.0000
vt 0.3467 0.2995 0.0000
vt 0.3289 0.3195 0.0000
vt 0.3363 0.3107 0.0000
vt 0.3380 0.3175 0.0000
vt 0.3343 0.3219 0.0000
vt 0.3239 0.3461 0.0000
vt 0.3239 0.3325 0.0000
vt 0.3291 0.3357 0.0000
vt 0.3291 0.3430 0.0000
vt 0.5589 0.6224 0.0000
vt 0.5632 0.6224 0.0000
vt 0.5632 0.6384 0.0000
vt 0.5589 0.6384 0.0000
vt 0.5378 0.6224 0.0000
vt 0.5451 0.6224 0.0000
vt 0.5451 0.6384 0.0000
vt 0.5378 0.6384 0.0000
vt 0.2184 0.6112 0.0000
vt 0.2298 0.6112 0.0000
vt 0.2298 0.5600 0.0000
vt 0.2184 0.5600 0.0000
vt 0.2046 0.5445 0.0000
vt 0.2046 0.5600 0.0000
vt 0.1872 0.5600 0.0000
vt 0.1872 0.5445 0.0000
vt 0.0646 0.4170 0.0000
vt 0.0777 0.4170 0.0000
vt 0.0777 0.4481 0.0000
vt 0.0646 0.4505 0.0000
vt 0.1289 0.4384 0.0000
vt 0.1289 0.4170 0.0000
vt 0.2064 0.5643 0.0000
vt 0.1854 0.5643 0.0000
vt 0.2064 0.6069 0.0000
vt 0.1246 0.4022 0.0000
vt 0.0820 0.4022 0.0000
vt 0.1497 0.4057 0.0000
vt 0.1444 0.4040 0.0000
vt 0.2016 0.5392 0.0000
vt 0.2027 0.6295 0.0000
vt 0.2046 0.6243 0.0000
vt 0.3337 0.3054 0.0000
vt 0.3510 0.3116 0.0000
vt 0.4560 0.6060 0.0000
vt 0.4560 0.5930 0.0000
vt 0.4720 0.5930 0.0000
vt 0.4720 0.6060 0.0000
vt 0.2046 0.6112 0.0000
vt 0.0777 0.4040 0.0000
vt 0.0646 0.4040 0.0000
vt 0.1289 0.4040 0.0000
vt 0.4720 0.6363 0.0000
vt 0.4560 0.6332 0.0000
vt 0.2849 0.5930 0.0000
vt 0.2849 0.6485 0.0000
vt 0.2577 0.6485 0.0000
vt 0.2447 0.6426 0.0000
vt 0.2410 0.6382 0.0000
vt 0.2359 0.6244 0.0000
vt 0.2359 0.6171 0.0000
vt 0.2410 0.6033 0.0000
vt 0.2447 0.5990 0.0000
vt 0.2577 0.5930 0.0000
vt 0.4439 0.2017 0.0000
vt 0.4388 0.2161 0.0000
vt 0.4326 0.2235 0.0000
vt 0.4190 0.2301 0.0000
vt 0.4030 0.2302 0.0000
vt 0.4022 0.1626 0.0000
vt 0.4437 0.1903 0.0000
vt 0.4182 0.1625 0.0000
vt 0.4320 0.1687 0.0000
vt 0.4384 0.1760 0.0000
vt 0.1854 0.6069 0.0000
vt 0.1902 0.5392 0.0000
vt 0.1872 0.6243 0.0000
vt 0.1872 0.6112 0.0000
vt 0.1717 0.6069 0.0000
vt 0.1576 0.6069 0.0000
vt 0.1576 0.5643 0.0000
vt 0.1717 0.5643 0.0000
vt 0.2320 0.3036 0.0000
vt 0.2000 0.3036 0.0000
vt 0.2080 0.2610 0.0000
vt 0.2320 0.2610 0.0000
vt 0.1734 0.5445 0.0000
vt 0.1620 0.5445 0.0000
vt 0.1685 0.5392 0.0000
vt 0.1758 0.5392 0.0000
vt 0.2118 0.2411 0.0000
vt 0.2118 0.2359 0.0000
vt 0.2278 0.2359 0.0000
vt 0.2303 0.2411 0.0000
vt 0.1734 0.6243 0.0000
vt 0.1760 0.6295 0.0000
vt 0.1673 0.6295 0.0000
vt 0.1620 0.6243 0.0000
vt 0.1891 0.6295 0.0000
vt 0.3802 0.3792 0.0000
vt 0.3467 0.3792 0.0000
vt 0.3484 0.3733 0.0000
vt 0.3813 0.3731 0.0000
vt 0.3289 0.3592 0.0000
vt 0.3343 0.3568 0.0000
vt 0.3380 0.3611 0.0000
vt 0.3363 0.3679 0.0000
vt 0.5240 0.6224 0.0000
vt 0.5240 0.6384 0.0000
vt 0.5196 0.6384 0.0000
vt 0.5196 0.6224 0.0000
vt 0.1620 0.6112 0.0000
vt 0.1734 0.6112 0.0000
vt 0.1734 0.5600 0.0000
vt 0.1620 0.5600 0.0000
vt 0.2303 0.3209 0.0000
vt 0.1967 0.3209 0.0000
vt 0.1992 0.3079 0.0000
vt 0.2303 0.3079 0.0000
vt 0.2303 0.2567 0.0000
vt 0.2089 0.2567 0.0000
vt 0.2450 0.2610 0.0000
vt 0.2450 0.3036 0.0000
vt 0.2415 0.2359 0.0000
vt 0.2433 0.2411 0.0000
vt 0.3337 0.3732 0.0000
vt 0.3510 0.3671 0.0000
vt 0.4903 0.6282 0.0000
vt 0.5062 0.6282 0.0000
vt 0.5062 0.6412 0.0000
vt 0.4903 0.6412 0.0000
vt 0.2433 0.3079 0.0000
vt 0.2433 0.3209 0.0000
vt 0.2433 0.2567 0.0000
vt 0.4903 0.6010 0.0000
vt 0.5062 0.5979 0.0000
vt 0.3813 0.3671 0.0000
vt 0.3813 0.3116 0.0000
vt 0.1374 0.2438 0.0000
vt 0.1374 0.2864 0.0000
vt 0.1233 0.2864 0.0000
vt 0.1233 0.2438 0.0000
vt 0.1274 0.4767 0.0000
vt 0.0849 0.4767 0.0000
vt 0.0849 0.4527 0.0000
vt 0.1274 0.4446 0.0000
vt 0.1392 0.3062 0.0000
vt 0.1416 0.3115 0.0000
vt 0.1343 0.3115 0.0000
vt 0.1277 0.3062 0.0000
vt 0.0650 0.4564 0.0000
vt 0.0650 0.4749 0.0000
vt 0.0597 0.4725 0.0000
vt 0.0597 0.4565 0.0000
vt 0.1392 0.2264 0.0000
vt 0.1277 0.2264 0.0000
vt 0.1330 0.2212 0.0000
vt 0.1418 0.2212 0.0000
vt 0.3802 0.2065 0.0000
vt 0.3813 0.2126 0.0000
vt 0.3484 0.2124 0.0000
vt 0.3467 0.2065 0.0000
vt 0.3289 0.2265 0.0000
vt 0.3363 0.2177 0.0000
vt 0.3380 0.2246 0.0000
vt 0.3343 0.2289 0.0000
vt 0.3239 0.2532 0.0000
vt 0.3239 0.2396 0.0000
vt 0.3291 0.2427 0.0000
vt 0.3291 0.2500 0.0000
vt 0.5240 0.6188 0.0000
vt 0.5196 0.6188 0.0000
vt 0.5196 0.6028 0.0000
vt 0.5240 0.6028 0.0000
vt 0.5451 0.6188 0.0000
vt 0.5378 0.6188 0.0000
vt 0.5378 0.6028 0.0000
vt 0.5451 0.6028 0.0000
vt 0.1392 0.2395 0.0000
vt 0.1277 0.2395 0.0000
vt 0.1277 0.2907 0.0000
vt 0.1392 0.2907 0.0000
vt 0.1530 0.3062 0.0000
vt 0.1530 0.2907 0.0000
vt 0.1703 0.2907 0.0000
vt 0.1703 0.3062 0.0000
vt 0.1448 0.4749 0.0000
vt 0.1318 0.4749 0.0000
vt 0.1318 0.4438 0.0000
vt 0.1448 0.4414 0.0000
vt 0.0805 0.4535 0.0000
vt 0.0805 0.4749 0.0000
vt 0.1512 0.2864 0.0000
vt 0.1721 0.2864 0.0000
vt 0.1512 0.2438 0.0000
vt 0.0849 0.4897 0.0000
vt 0.1274 0.4897 0.0000
vt 0.0597 0.4862 0.0000
vt 0.0650 0.4879 0.0000
vt 0.1559 0.3115 0.0000
vt 0.1548 0.2212 0.0000
vt 0.1530 0.2264 0.0000
vt 0.3337 0.2124 0.0000
vt 0.3510 0.2186 0.0000
vt 0.4573 0.7309 0.0000
vt 0.4573 0.7439 0.0000
vt 0.4414 0.7439 0.0000
vt 0.4414 0.7309 0.0000
vt 0.1530 0.2395 0.0000
vt 0.1318 0.4879 0.0000
vt 0.1448 0.4879 0.0000
vt 0.0805 0.4879 0.0000
vt 0.4414 0.7007 0.0000
vt 0.4573 0.7037 0.0000
vt 0.5360 0.4611 0.0000
vt 0.4805 0.4611 0.0000
vt 0.4805 0.4338 0.0000
vt 0.4864 0.4209 0.0000
vt 0.4908 0.4171 0.0000
vt 0.5046 0.4120 0.0000
vt 0.5119 0.4120 0.0000
vt 0.5257 0.4171 0.0000
vt 0.5300 0.4209 0.0000
vt 0.5360 0.4338 0.0000
vt 0.4072 0.6762 0.0000
vt 0.4216 0.6813 0.0000
vt 0.4290 0.6875 0.0000
vt 0.4356 0.7011 0.0000
vt 0.4357 0.7171 0.0000
vt 0.3681 0.7179 0.0000
vt 0.3958 0.6763 0.0000
vt 0.3680 0.7018 0.0000
vt 0.3742 0.6881 0.0000
vt 0.3815 0.6817 0.0000
vt 0.1721 0.2438 0.0000
vt 0.1674 0.3115 0.0000
vt 0.1703 0.2264 0.0000
vt 0.1703 0.2395 0.0000
vt 0.1859 0.2438 0.0000
vt 0.2000 0.2438 0.0000
vt 0.2000 0.2864 0.0000
vt 0.1859 0.2864 0.0000
vt 0.2684 0.2288 0.0000
vt 0.3005 0.2288 0.0000
vt 0.2924 0.2713 0.0000
vt 0.2684 0.2713 0.0000
vt 0.1841 0.3062 0.0000
vt 0.1956 0.3062 0.0000
vt 0.1890 0.3115 0.0000
vt 0.1817 0.3115 0.0000
vt 0.2887 0.2912 0.0000
vt 0.2887 0.2965 0.0000
vt 0.2726 0.2965 0.0000
vt 0.2702 0.2912 0.0000
vt 0.1841 0.2264 0.0000
vt 0.1815 0.2212 0.0000
vt 0.1903 0.2212 0.0000
vt 0.1956 0.2264 0.0000
vt 0.1684 0.2212 0.0000
vt 0.3802 0.2862 0.0000
vt 0.3467 0.2862 0.0000
vt 0.3484 0.2804 0.0000
vt 0.3813 0.2802 0.0000
vt 0.3289 0.2662 0.0000
vt 0.3343 0.2638 0.0000
vt 0.3380 0.2682 0.0000
vt 0.3363 0.2750 0.0000
vt 0.5589 0.6188 0.0000
vt 0.5589 0.6028 0.0000
vt 0.5632 0.6028 0.0000
vt 0.5632 0.6188 0.0000
vt 0.1956 0.2395 0.0000
vt 0.1841 0.2395 0.0000
vt 0.1841 0.2907 0.0000
vt 0.1956 0.2907 0.0000
vt 0.2702 0.2114 0.0000
vt 0.3038 0.2114 0.0000
vt 0.3013 0.2244 0.0000
vt 0.2702 0.2244 0.0000
vt 0.2702 0.2757 0.0000
vt 0.2916 0.2757 0.0000
vt 0.2554 0.2713 0.0000
vt 0.2554 0.2288 0.0000
vt 0.2590 0.2965 0.0000
vt 0.2572 0.2912 0.0000
vt 0.3337 0.2803 0.0000
vt 0.3510 0.2741 0.0000
vt 0.4524 0.5864 0.0000
vt 0.4365 0.5864 0.0000
vt 0.4365 0.5735 0.0000
vt 0.4524 0.5735 0.0000
vt 0.2572 0.2244 0.0000
vt 0.2572 0.2114 0.0000
vt 0.2572 0.2757 0.0000
vt 0.4524 0.6136 0.0000
vt 0.4365 0.6167 0.0000
vt 0.3813 0.2741 0.0000
vt 0.3813 0.2186 0.0000
vt 0.5055 0.0648 0.0000
vt 0.5071 0.0215 0.0000
vt 0.5223 0.0220 0.0000
vt 0.5208 0.0653 0.0000
vt 0.0549 0.6111 0.0000
vt 0.0549 0.5343 0.0000
vt 0.0704 0.5343 0.0000
vt 0.0704 0.6111 0.0000
vt 0.0640 0.2799 0.0000
vt 0.0783 0.2799 0.0000
vt 0.0690 0.3199 0.0000
vt 0.0653 0.3199 0.0000
vt 0.0637 0.3259 0.0000
vt 0.0693 0.3259 0.0000
vt 0.0748 0.3377 0.0000
vt 0.0563 0.3377 0.0000
vt 0.4983 0.0791 0.0000
vt 0.5203 0.0799 0.0000
vt 0.5506 0.4378 0.0000
vt 0.5506 0.4802 0.0000
vt 0.5392 0.4802 0.0000
vt 0.5392 0.4267 0.0000
vt 0.4875 0.0208 0.0000
vt 0.0818 0.3579 0.0000
vt 0.0792 0.3409 0.0000
vt 0.0792 0.3334 0.0000
vt 0.0948 0.2799 0.0000
vt 0.0911 0.2799 0.0000
vt 0.0563 0.3599 0.0000
vt 0.5195 0.1020 0.0000
vt 0.4941 0.0991 0.0000
vt 0.4838 0.0207 0.0000
vt 0.0549 0.6160 0.0000
vt 0.0704 0.6160 0.0000
vt 0.0704 0.6321 0.0000
vt 0.0549 0.6321 0.0000
vt 0.0551 0.3737 0.0000
vt 0.5202 0.1158 0.0000
vt 0.0741 0.3223 0.0000
vt 0.0753 0.6123 0.0000
vt 0.0499 0.6123 0.0000
vt 0.0499 0.5343 0.0000
vt 0.4805 0.0206 0.0000
vt 0.4906 0.0978 0.0000
vt 0.5542 0.4802 0.0000
vt 0.5542 0.4402 0.0000
vt 0.0548 0.3777 0.0000
vt 0.0820 0.3616 0.0000
vt 0.4938 0.1028 0.0000
vt 0.5204 0.1198 0.0000
vt 0.3281 0.8153 0.0000
vt 0.3281 0.8306 0.0000
vt 0.2848 0.8306 0.0000
vt 0.2848 0.8153 0.0000
vt 0.2164 0.1492 0.0000
vt 0.2318 0.1492 0.0000
vt 0.2318 0.2260 0.0000
vt 0.2164 0.2260 0.0000
vt 0.4314 0.0547 0.0000
vt 0.4257 0.0943 0.0000
vt 0.4220 0.0937 0.0000
vt 0.4196 0.0527 0.0000
vt 0.4262 0.1005 0.0000
vt 0.4315 0.1134 0.0000
vt 0.4133 0.1103 0.0000
vt 0.4207 0.0995 0.0000
vt 0.3426 0.8086 0.0000
vt 0.3426 0.8306 0.0000
vt 0.5229 0.4694 0.0000
vt 0.5340 0.4808 0.0000
vt 0.4805 0.4808 0.0000
vt 0.4805 0.4694 0.0000
vt 0.2848 0.7957 0.0000
vt 0.4097 0.1053 0.0000
vt 0.4084 0.1127 0.0000
vt 0.4030 0.1290 0.0000
vt 0.4032 0.0499 0.0000
vt 0.4069 0.0505 0.0000
vt 0.4278 0.1353 0.0000
vt 0.3628 0.8051 0.0000
vt 0.3648 0.8306 0.0000
vt 0.2848 0.7920 0.0000
vt 0.2164 0.1443 0.0000
vt 0.2164 0.1282 0.0000
vt 0.2318 0.1282 0.0000
vt 0.2318 0.1443 0.0000
vt 0.4266 0.1491 0.0000
vt 0.3786 0.8317 0.0000
vt 0.4166 0.0952 0.0000
vt 0.2368 0.1480 0.0000
vt 0.2114 0.2260 0.0000
vt 0.2114 0.1480 0.0000
vt 0.2848 0.7887 0.0000
vt 0.3616 0.8016 0.0000
vt 0.4805 0.4658 0.0000
vt 0.5205 0.4658 0.0000
vt 0.4263 0.1530 0.0000
vt 0.4022 0.1326 0.0000
vt 0.3665 0.8049 0.0000
vt 0.3826 0.8320 0.0000
vt 0.0353 0.0989 0.0000
vt 0.0438 0.0989 0.0000
vt 0.0438 0.2740 0.0000
vt 0.0352 0.2740 0.0000
vt 0.0438 0.3084 0.0000
vt 0.0352 0.3084 0.0000
vt 0.1088 0.0450 0.0000
vt 0.1088 0.2369 0.0000
vt 0.1038 0.2198 0.0000
vt 0.1038 0.0450 0.0000
vt 0.1573 0.0958 0.0000
vt 0.1561 0.0911 0.0000
vt 0.3259 0.0496 0.0000
vt 0.3437 0.0505 0.0000
vt 0.3229 0.0352 0.0000
vt 0.1527 0.0768 0.0000
vt 0.0891 0.0450 0.0000
vt 0.0891 0.2202 0.0000
vt 0.1109 0.2545 0.0000
vt 0.3614 0.0483 0.0000
vt 0.4796 0.0144 0.0000
vt 0.3044 0.0144 0.0000
vt 0.3044 0.0059 0.0000
vt 0.4796 0.0059 0.0000
vt 0.2701 0.0059 0.0000
vt 0.2701 0.0144 0.0000
vt 0.0746 0.2545 0.0000
vt 0.0695 0.2545 0.0000
vt 0.0695 0.0798 0.0000
vt 0.0746 0.0627 0.0000
vt 0.0108 0.3475 0.0000
vt 0.0135 0.1556 0.0000
vt 0.0183 0.1729 0.0000
vt 0.0156 0.3476 0.0000
vt 0.0330 0.1726 0.0000
vt 0.0303 0.3478 0.0000
vt 0.0548 0.2545 0.0000
vt 0.0548 0.0794 0.0000
vt 0.0766 0.0450 0.0000
vt 0.0117 0.1380 0.0000
vt 0.2917 0.4120 0.0000
vt 0.3088 0.4120 0.0000
vt 0.3088 0.4306 0.0000
vt 0.2917 0.4251 0.0000
vt 0.2898 0.4298 0.0000
vt 0.2857 0.4247 0.0000
vt 0.2857 0.4120 0.0000
vt 0.3057 0.4350 0.0000
vt 0.2652 0.4120 0.0000
vt 0.2652 0.4294 0.0000
vt 0.4938 0.6727 0.0000
vt 0.5052 0.6615 0.0000
vt 0.5052 0.7041 0.0000
vt 0.4939 0.7041 0.0000
vt 0.4903 0.6749 0.0000
vt 0.4903 0.7041 0.0000
vt 0.6182 0.9366 0.0000
vt 0.6302 0.9312 0.0000
vt 0.6302 0.9498 0.0000
vt 0.6182 0.9498 0.0000
vt 0.6146 0.9320 0.0000
vt 0.5832 0.9319 0.0000
vt 0.5832 0.9212 0.0000
vt 0.6261 0.9269 0.0000
vt 0.3229 0.4120 0.0000
vt 0.3229 0.4376 0.0000
vt 0.3109 0.4347 0.0000
vt 0.6332 0.9271 0.0000
vt 0.6503 0.9243 0.0000
vt 0.6503 0.9498 0.0000
vt 0.5832 0.9160 0.0000
vt 0.3046 0.4610 0.0000
vt 0.2407 0.4610 0.0000
vt 0.2407 0.4560 0.0000
vt 0.3078 0.4560 0.0000
vt 0.5182 0.9304 0.0000
vt 0.5099 0.9304 0.0000
vt 0.5099 0.9160 0.0000
vt 0.5182 0.9160 0.0000
vt 0.3078 0.4814 0.0000
vt 0.3046 0.4765 0.0000
vt 0.5028 0.8028 0.0000
vt 0.5028 0.8197 0.0000
vt 0.4882 0.8197 0.0000
vt 0.4882 0.8028 0.0000
vt 0.3275 0.4143 0.0000
vt 0.3275 0.4358 0.0000
vt 0.5055 0.7985 0.0000
vt 0.5090 0.8016 0.0000
vt 0.5090 0.8209 0.0000
vt 0.5055 0.8239 0.0000
vt 0.6538 0.9260 0.0000
vt 0.6538 0.9475 0.0000
vt 0.3113 0.4591 0.0000
vt 0.3113 0.4784 0.0000
vt 0.4854 0.8239 0.0000
vt 0.4854 0.7985 0.0000
vt 0.5216 0.8566 0.0000
vt 0.5147 0.8549 0.0000
vt 0.5147 0.8404 0.0000
vt 0.5216 0.8377 0.0000
vt 0.4972 0.9509 0.0000
vt 0.4903 0.9474 0.0000
vt 0.4903 0.9390 0.0000
vt 0.4972 0.9355 0.0000
vt 0.3401 0.4345 0.0000
vt 0.3327 0.4317 0.0000
vt 0.3327 0.4173 0.0000
vt 0.3401 0.4156 0.0000
vt 0.4972 0.9313 0.0000
vt 0.4903 0.9278 0.0000
vt 0.4903 0.9194 0.0000
vt 0.4972 0.9160 0.0000
vt 0.3291 0.4156 0.0000
vt 0.3291 0.4345 0.0000
vt 0.3412 0.4143 0.0000
vt 0.3412 0.4358 0.0000
vt 0.6124 0.9375 0.0000
vt 0.5832 0.9375 0.0000
vt 0.6124 0.9498 0.0000
vt 0.5832 0.9498 0.0000
vt 0.2407 0.4765 0.0000
vt 0.2759 0.4459 0.0000
vt 0.2759 0.4406 0.0000
vt 0.2407 0.4814 0.0000
vt 0.1791 0.4932 0.0000
vt 0.1962 0.4810 0.0000
vt 0.1962 0.4996 0.0000
vt 0.1731 0.4933 0.0000
vt 0.1773 0.4818 0.0000
vt 0.1932 0.4767 0.0000
vt 0.1527 0.4997 0.0000
vt 0.1527 0.4823 0.0000
vt 0.0708 0.5147 0.0000
vt 0.1023 0.5147 0.0000
vt 0.1023 0.5261 0.0000
vt 0.0597 0.5261 0.0000
vt 0.1552 0.4769 0.0000
vt 0.4424 0.8677 0.0000
vt 0.4557 0.8677 0.0000
vt 0.4556 0.8797 0.0000
vt 0.4370 0.8797 0.0000
vt 0.4378 0.8641 0.0000
vt 0.4327 0.8756 0.0000
vt 0.4270 0.8328 0.0000
vt 0.4377 0.8328 0.0000
vt 0.2104 0.4996 0.0000
vt 0.2104 0.4741 0.0000
vt 0.1984 0.4770 0.0000
vt 0.4301 0.8998 0.0000
vt 0.4329 0.8827 0.0000
vt 0.4556 0.8998 0.0000
vt 0.4218 0.8328 0.0000
vt 0.6471 0.9804 0.0000
vt 0.6503 0.9854 0.0000
vt 0.5832 0.9854 0.0000
vt 0.5832 0.9804 0.0000
vt 0.5182 0.9355 0.0000
vt 0.5182 0.9499 0.0000
vt 0.5099 0.9499 0.0000
vt 0.5099 0.9355 0.0000
vt 0.6471 0.9650 0.0000
vt 0.6503 0.9600 0.0000
vt 0.2532 0.5457 0.0000
vt 0.2386 0.5457 0.0000
vt 0.2386 0.5288 0.0000
vt 0.2532 0.5288 0.0000
vt 0.2150 0.4759 0.0000
vt 0.2150 0.4974 0.0000
vt 0.2560 0.5499 0.0000
vt 0.2560 0.5245 0.0000
vt 0.2595 0.5276 0.0000
vt 0.2595 0.5469 0.0000
vt 0.4534 0.9033 0.0000
vt 0.4318 0.9033 0.0000
vt 0.6538 0.9630 0.0000
vt 0.6538 0.9823 0.0000
vt 0.2359 0.5245 0.0000
vt 0.2359 0.5499 0.0000
vt 0.4799 0.9033 0.0000
vt 0.4609 0.9033 0.0000
vt 0.4637 0.8964 0.0000
vt 0.4781 0.8964 0.0000
vt 0.5168 0.8964 0.0000
vt 0.5168 0.9118 0.0000
vt 0.5099 0.9083 0.0000
vt 0.5099 0.8999 0.0000
vt 0.2275 0.4772 0.0000
vt 0.2275 0.4961 0.0000
vt 0.2202 0.4943 0.0000
vt 0.2202 0.4799 0.0000
vt 0.5937 0.4629 0.0000
vt 0.5783 0.4629 0.0000
vt 0.5818 0.4560 0.0000
vt 0.5902 0.4560 0.0000
vt 0.2166 0.4961 0.0000
vt 0.2166 0.4772 0.0000
vt 0.2287 0.4974 0.0000
vt 0.2287 0.4759 0.0000
vt 0.4434 0.8620 0.0000
vt 0.4434 0.8328 0.0000
vt 0.4556 0.8620 0.0000
vt 0.4556 0.8328 0.0000
vt 0.5832 0.9650 0.0000
vt 0.1633 0.4658 0.0000
vt 0.1633 0.4711 0.0000
vt 0.5832 0.9600 0.0000
# 2167 texture coords

o Target
g Target
usemtl wire_087225087
s 1
f 1/1/1 2/2/2 3/3/3 
f 3/3/3 4/4/4 1/1/1 
f 5/5/5 6/6/5 7/7/6 
f 7/7/6 8/8/7 5/5/5 
f 1/1/1 9/9/6 10/10/5 
f 10/10/5 2/2/2 1/1/1 
s 2
f 11/11/8 10/10/8 6/6/8 
f 6/6/8 12/12/8 11/11/8 
s 1
f 13/13/9 14/14/9 15/15/9 
f 15/15/9 16/16/9 13/13/9 
f 17/17/10 18/18/10 19/19/10 
f 19/19/10 20/20/9 17/17/10 
s 4
f 6/21/11 21/22/11 14/23/11 
f 14/23/11 7/24/11 6/21/11 
s 2
f 7/25/12 14/26/13 13/27/12 
f 13/27/12 9/28/12 7/25/12 
s 4
f 10/29/14 9/30/14 13/31/14 
f 13/31/14 22/32/14 10/29/14 
s 8
f 10/33/15 22/34/16 21/35/16 
f 21/35/16 6/36/16 10/33/15 
s 2
f 23/37/17 24/38/17 25/39/16 
f 25/39/16 26/40/15 23/37/17 
s 4
f 27/41/18 28/42/19 29/43/20 
f 27/41/18 29/43/20 30/44/20 
f 27/41/18 30/44/20 31/45/20 
f 3/46/18 27/41/18 31/45/20 
f 3/46/18 31/45/20 32/47/20 
f 3/46/18 32/47/20 4/48/19 
s 2
f 33/49/21 34/50/22 35/51/23 
f 35/51/23 36/52/24 33/49/21 
s 4
f 37/53/25 38/54/14 39/55/25 
f 40/56/25 37/53/25 39/55/25 
f 41/57/14 40/56/25 39/55/25 
s 1
f 42/58/26 43/59/26 36/60/26 
f 42/58/26 36/60/26 44/61/26 
f 42/58/26 44/61/26 31/62/26 
f 36/60/26 43/59/26 45/63/27 
f 45/63/27 33/64/27 36/60/26 
f 46/65/28 47/66/28 26/67/28 
f 26/67/28 25/68/28 46/65/28 
f 48/69/28 49/70/28 50/71/26 
f 50/71/26 51/72/26 48/69/28 
s 2
f 52/73/29 53/74/29 54/75/30 
f 54/75/30 55/76/31 52/73/29 
f 56/77/14 57/78/32 58/79/14 
f 58/79/14 59/80/14 56/77/14 
s 1
f 57/81/10 60/82/10 61/83/9 
f 61/83/9 58/84/9 57/81/10 
s 2
f 42/85/11 62/86/11 63/87/11 
f 63/87/11 43/88/11 42/85/11 
s 1
f 62/86/33 64/89/33 65/90/33 
f 65/90/33 63/87/34 62/86/33 
s 8
f 44/91/35 36/92/36 35/93/35 
f 35/93/35 66/94/11 67/95/35 
f 44/91/35 35/93/35 67/95/35 
f 68/96/36 44/91/35 67/95/35 
s 2
f 2/2/37 69/97/38 70/98/39 
f 70/98/39 3/3/40 2/2/37 
f 71/99/41 67/100/42 66/101/43 
f 66/101/43 72/102/44 71/99/41 
f 73/103/45 74/104/46 55/76/31 
f 55/76/31 54/75/30 73/103/45 
f 67/100/42 71/99/41 75/105/47 
f 75/105/47 76/106/48 67/100/42 
s 1
f 77/107/9 40/108/49 41/109/9 
s 8
f 68/96/36 67/95/35 76/110/11 
f 68/96/36 76/110/11 4/48/11 
f 68/96/36 4/48/11 32/47/35 
s 1
f 76/106/50 75/105/51 1/1/1 
f 1/1/1 4/4/4 76/106/50 
f 75/105/51 53/74/26 9/9/6 
f 9/9/6 1/1/1 75/105/51 
f 78/111/36 79/112/36 80/113/36 
f 80/113/36 81/114/36 78/111/36 
s 8
f 31/45/36 82/115/36 83/116/35 
f 83/116/35 32/47/35 31/45/36 
f 32/47/35 83/116/35 84/117/36 
f 84/117/36 68/96/36 32/47/35 
f 68/96/36 84/117/36 85/118/35 
f 85/118/35 44/91/35 68/96/36 
f 44/91/35 85/118/35 82/115/36 
f 82/115/36 31/45/36 44/91/35 
s 2
f 82/119/52 80/120/52 79/121/52 
f 79/121/52 83/122/52 82/119/52 
s 4
f 83/123/53 79/124/53 78/125/53 
f 78/125/53 84/126/53 83/123/53 
s 2
f 84/127/54 78/128/54 81/129/54 
f 81/129/54 85/130/54 84/127/54 
s 4
f 85/131/55 81/132/55 80/133/55 
f 80/133/55 82/134/55 85/131/55 
f 86/135/56 87/136/56 27/41/18 
f 88/137/56 86/135/56 27/41/18 
f 70/138/56 88/137/56 27/41/18 
f 70/138/56 27/41/18 3/46/18 
s 1
f 89/139/32 90/140/32 91/141/32 
f 91/141/32 92/142/32 89/139/32 
f 86/143/57 88/144/57 93/145/58 
f 93/145/58 94/146/58 86/143/57 
s 2
f 95/147/11 62/86/11 42/85/11 
f 42/85/11 96/148/11 95/147/11 
s 1
f 20/20/9 97/149/10 77/107/9 
f 20/20/9 77/107/9 41/109/9 
f 17/17/10 20/20/9 41/109/9 
f 98/150/32 99/151/32 100/152/59 
f 101/153/32 98/150/32 100/152/59 
f 101/153/32 100/152/59 102/154/32 
f 103/155/9 104/156/9 13/13/9 
f 13/13/9 16/16/9 103/155/9 
f 104/156/9 105/157/10 22/158/9 
f 22/158/9 13/13/9 104/156/9 
s 2
f 104/159/25 103/160/25 106/161/14 
f 106/161/14 56/77/14 104/159/25 
f 105/162/25 104/159/25 56/77/14 
f 56/77/14 59/80/14 105/162/25 
s 4
f 51/163/12 50/164/13 107/165/13 
f 107/165/13 108/166/12 51/163/12 
f 65/90/60 109/167/60 110/168/60 
f 110/168/60 63/87/60 65/90/60 
f 111/169/12 112/170/13 113/171/12 
f 113/171/12 114/172/12 111/169/12 
s 1
f 14/14/9 20/20/9 19/19/10 
f 19/19/10 15/15/9 14/14/9 
f 21/173/9 97/149/10 20/20/9 
f 20/20/9 14/14/9 21/173/9 
s 4
f 51/163/12 112/170/13 19/174/13 
f 19/174/13 18/175/12 51/163/12 
f 106/176/13 115/177/12 116/178/12 
f 116/178/12 117/179/12 106/176/13 
f 15/180/12 19/174/13 112/170/13 
f 112/170/13 111/169/12 15/180/12 
f 15/180/12 111/169/12 115/177/12 
f 115/177/12 16/181/12 15/180/12 
f 16/181/12 115/177/12 106/176/13 
f 106/176/13 103/182/13 16/181/12 
s 1
f 118/183/12 119/184/13 120/185/13 
f 120/185/13 121/186/12 118/183/12 
s 2
f 10/10/8 11/11/8 69/97/38 
f 69/97/38 2/2/37 10/10/8 
f 122/187/8 12/12/8 6/6/8 
f 6/6/8 5/5/8 122/187/8 
f 123/188/17 34/50/22 33/49/21 
f 33/49/21 124/189/16 123/188/17 
f 24/38/17 123/188/17 124/189/16 
f 124/189/16 25/39/16 24/38/17 
f 26/40/15 48/190/61 125/191/62 
f 125/191/62 23/37/17 26/40/15 
s 1
f 45/63/27 126/192/28 124/193/28 
f 124/193/28 33/64/27 45/63/27 
f 126/192/28 46/65/28 25/68/28 
f 25/68/28 124/193/28 126/192/28 
f 48/69/28 26/67/28 47/66/28 
f 47/66/28 49/70/28 48/69/28 
s 2
f 127/194/29 128/195/63 129/196/64 
f 129/196/64 130/197/65 127/194/29 
f 128/195/63 52/73/29 55/76/31 
f 55/76/31 129/196/64 128/195/63 
f 71/99/41 54/75/30 53/74/29 
f 53/74/29 75/105/47 71/99/41 
f 131/198/46 132/199/66 130/197/65 
f 130/197/65 129/196/64 131/198/46 
f 74/104/46 131/198/46 129/196/64 
f 129/196/64 55/76/31 74/104/46 
f 54/75/30 71/99/41 72/102/44 
f 72/102/44 73/103/45 54/75/30 
s 4
f 133/200/15 126/201/15 45/202/67 
f 45/202/67 134/203/67 133/200/15 
f 133/200/15 135/204/15 46/205/15 
f 46/205/15 126/201/15 133/200/15 
f 49/206/61 47/207/15 136/208/15 
f 136/208/15 137/209/61 49/206/61 
s 1
f 9/9/6 53/74/26 52/73/28 
f 52/73/28 7/7/6 9/9/6 
f 7/7/6 52/73/28 128/195/28 
f 128/195/28 8/8/7 7/7/6 
f 39/210/5 5/5/5 8/8/7 
f 8/8/7 138/211/7 39/210/5 
s 2
f 38/212/8 122/187/8 5/5/8 
f 5/5/8 39/210/8 38/212/8 
s 1
f 8/8/7 128/195/28 127/194/26 
f 127/194/26 138/211/7 8/8/7 
s 8
f 139/213/15 140/214/16 141/215/16 
f 141/215/16 142/216/15 139/213/15 
s 1
f 143/217/68 28/218/69 27/219/70 
f 27/219/70 144/220/71 143/217/68 
f 145/221/72 146/222/73 147/223/74 
f 147/223/74 148/224/72 145/221/72 
f 143/217/68 144/220/71 149/225/72 
f 149/225/72 150/226/74 143/217/68 
s 2
f 151/227/75 152/228/76 148/224/76 
f 148/224/76 149/225/75 151/227/75 
s 1
f 153/229/26 154/230/26 155/231/26 
f 155/231/26 156/232/26 153/229/26 
f 157/233/28 158/234/26 159/235/28 
f 159/235/28 160/236/28 157/233/28 
s 4
f 148/237/36 147/238/11 156/239/36 
f 156/239/36 161/240/36 148/237/36 
s 2
f 147/241/12 150/242/12 153/243/12 
f 153/243/12 156/244/13 147/241/12 
s 4
f 149/245/25 162/246/25 153/247/14 
f 153/247/14 150/248/14 149/245/25 
s 8
f 149/249/16 148/250/15 161/251/15 
f 161/251/15 162/252/16 149/249/16 
s 2
f 163/253/15 164/254/77 165/255/77 
f 165/255/77 166/256/15 163/253/15 
f 167/257/78 168/258/24 169/259/79 
f 169/259/79 170/260/80 167/257/78 
s 1
f 171/261/14 172/262/14 173/263/59 
f 173/263/59 174/264/25 171/261/14 
f 96/265/49 30/266/49 175/267/49 
f 96/265/49 175/267/49 168/268/49 
f 96/265/49 168/268/49 176/269/49 
f 168/268/49 167/270/9 134/271/9 
f 134/271/9 176/269/49 168/268/49 
f 135/272/9 163/273/9 166/274/9 
f 166/274/9 136/275/9 135/272/9 
f 107/276/49 137/277/81 177/278/81 
f 177/278/81 108/279/49 107/276/49 
s 2
f 178/280/82 179/281/83 180/282/84 
f 180/282/84 181/283/82 178/280/82 
f 182/284/14 183/285/14 184/286/25 
f 184/286/25 185/287/32 182/284/14 
s 1
f 185/288/28 184/289/26 186/290/26 
f 186/290/26 187/291/28 185/288/28 
s 2
f 96/148/11 176/292/11 110/168/11 
f 110/168/11 95/147/11 96/148/11 
s 1
f 95/147/85 110/168/86 109/167/85 
f 109/167/85 188/293/85 95/147/85 
s 8
f 189/294/36 190/295/11 169/296/36 
f 169/296/36 168/297/36 175/298/36 
f 189/294/36 169/296/36 175/298/36 
f 191/299/35 189/294/36 175/298/36 
s 2
f 144/220/87 27/219/88 87/300/89 
f 87/300/89 192/301/90 144/220/87 
f 193/302/91 194/303/92 190/304/93 
f 190/304/93 189/305/94 193/302/91 
f 179/281/83 195/306/95 196/307/96 
f 196/307/96 180/282/84 179/281/83 
f 189/305/94 197/308/97 198/309/98 
f 198/309/98 193/302/91 189/305/94 
s 8
f 191/299/35 29/43/36 28/42/11 
f 191/299/35 28/42/11 197/310/11 
f 191/299/35 197/310/11 189/294/36 
s 1
f 197/308/99 28/218/69 143/217/68 
f 143/217/68 198/309/100 197/308/99 
f 198/309/100 143/217/68 150/226/74 
f 150/226/74 181/283/9 198/309/100 
f 199/311/36 200/312/36 201/313/36 
f 201/313/36 202/314/36 199/311/36 
s 8
f 30/44/35 29/43/36 203/315/36 
f 203/315/36 204/316/35 30/44/35 
f 29/43/36 191/299/35 205/317/35 
f 205/317/35 203/315/36 29/43/36 
f 191/299/35 175/298/36 206/318/36 
f 206/318/36 205/317/35 191/299/35 
f 175/298/36 30/44/35 204/316/35 
f 204/316/35 206/318/36 175/298/36 
s 2
f 204/319/52 203/320/52 202/321/52 
f 202/321/52 201/322/52 204/319/52 
s 4
f 203/323/55 205/324/55 199/325/55 
f 199/325/55 202/326/55 203/323/55 
s 2
f 205/327/54 206/328/54 200/329/54 
f 200/329/54 199/330/54 205/327/54 
s 4
f 206/331/53 204/332/53 201/333/53 
f 201/333/53 200/334/53 206/331/53 
f 135/204/15 136/208/15 47/207/15 
f 47/207/15 46/205/15 135/204/15 
s 2
f 188/293/11 109/167/11 65/90/11 
f 65/90/11 64/89/11 188/293/11 
f 110/168/11 176/292/11 43/88/11 
f 43/88/11 63/87/11 110/168/11 
f 187/335/32 186/336/32 61/337/32 
f 61/337/32 60/338/32 187/335/32 
s 16
f 31/339/13 30/340/13 96/341/13 
f 96/341/13 42/342/13 31/339/13 
s 4
f 57/343/101 185/344/101 187/345/101 
f 187/345/101 60/346/101 57/343/101 
f 95/147/102 188/293/102 64/89/102 
f 64/89/102 62/86/102 95/147/102 
s 8
f 140/214/16 139/213/15 207/347/103 
f 207/347/103 208/348/104 140/214/16 
f 209/349/15 210/350/15 142/216/15 
f 142/216/15 141/215/16 209/349/15 
s 1
f 211/351/26 212/352/26 158/234/26 
f 213/353/26 211/351/26 158/234/26 
f 157/233/28 213/353/26 158/234/26 
f 214/354/14 215/355/59 216/356/32 
f 216/356/32 217/357/32 218/358/14 
f 214/354/14 216/356/32 218/358/14 
f 219/359/26 154/230/26 153/229/26 
f 153/229/26 220/360/26 219/359/26 
f 220/360/26 153/229/26 162/361/26 
f 162/361/26 221/362/26 220/360/26 
s 2
f 220/363/14 182/284/14 117/364/14 
f 117/364/14 219/365/14 220/363/14 
f 221/366/14 183/285/14 182/284/14 
f 182/284/14 220/363/14 221/366/14 
s 4
f 45/202/67 43/367/105 176/368/106 
f 176/368/106 134/203/67 45/202/67 
s 2
f 106/161/14 117/364/14 182/284/14 
f 106/161/14 182/284/14 185/287/32 
f 106/161/14 185/287/32 57/78/32 
f 106/161/14 57/78/32 56/77/14 
s 1
f 222/369/12 223/370/13 121/186/12 
f 121/186/12 120/185/13 222/369/12 
s 8
f 58/371/107 61/372/108 186/373/108 
f 186/373/108 184/374/109 58/371/107 
s 1
f 156/232/26 155/231/26 159/235/28 
f 159/235/28 158/234/26 156/232/26 
f 161/375/26 156/232/26 158/234/26 
f 158/234/26 212/352/26 161/375/26 
s 4
f 108/166/12 160/376/12 159/377/12 
f 159/377/12 113/171/12 108/166/12 
f 111/169/12 114/172/12 116/178/12 
f 116/178/12 115/177/12 111/169/12 
f 113/171/12 112/170/13 51/163/12 
f 51/163/12 108/166/12 113/171/12 
f 155/378/12 114/172/12 113/171/12 
f 113/171/12 159/377/12 155/378/12 
f 155/378/12 154/379/12 116/178/12 
f 116/178/12 114/172/12 155/378/12 
f 154/379/12 219/380/12 117/179/12 
f 117/179/12 116/178/12 154/379/12 
s 1
f 119/184/13 118/183/12 94/146/58 
f 94/146/58 93/145/58 119/184/13 
s 2
f 149/225/75 144/220/87 192/301/90 
f 192/301/90 151/227/75 149/225/75 
f 224/381/76 145/221/76 148/224/76 
f 148/224/76 152/228/76 224/381/76 
f 167/257/78 170/260/80 225/382/110 
f 225/382/110 226/383/15 167/257/78 
f 226/383/15 225/382/110 164/254/77 
f 164/254/77 163/253/15 226/383/15 
f 227/384/111 177/385/61 166/256/15 
f 166/256/15 165/255/77 227/384/111 
s 1
f 134/271/9 167/270/9 226/386/9 
f 226/386/9 133/387/9 134/271/9 
f 133/387/9 226/386/9 163/273/9 
f 163/273/9 135/272/9 133/387/9 
f 136/275/9 166/274/9 177/278/81 
f 177/278/81 137/277/81 136/275/9 
s 2
f 228/388/82 229/389/112 230/390/112 
f 230/390/112 231/391/82 228/388/82 
f 231/391/82 230/390/112 179/281/83 
f 179/281/83 178/280/82 231/391/82 
f 193/302/91 198/309/98 181/283/82 
f 181/283/82 180/282/84 193/302/91 
f 229/389/112 232/392/113 233/393/95 
f 233/393/95 230/390/112 229/389/112 
f 230/390/112 233/393/95 195/306/95 
f 195/306/95 179/281/83 230/390/112 
f 194/303/92 193/302/91 180/282/84 
f 180/282/84 196/307/96 194/303/92 
s 1
f 150/226/74 147/223/74 178/280/9 
f 178/280/9 181/283/9 150/226/74 
f 147/223/74 146/222/73 231/391/49 
f 231/391/49 178/280/9 147/223/74 
f 234/394/72 235/395/73 146/222/73 
f 146/222/73 145/221/72 234/394/72 
s 2
f 236/396/76 234/394/76 145/221/76 
f 145/221/76 224/381/76 236/396/76 
s 1
f 146/222/73 235/395/73 228/388/49 
f 228/388/49 231/391/49 146/222/73 
s 4
f 237/397/32 238/398/32 239/399/32 
f 239/399/32 240/400/32 237/397/32 
s 8
f 240/401/114 239/402/115 208/348/104 
f 208/348/104 207/347/103 240/401/114 
f 183/403/16 210/350/15 209/349/15 
f 184/374/109 183/403/16 209/349/15 
f 58/371/107 184/374/109 209/349/15 
f 58/371/107 209/349/15 59/404/16 
s 1
f 223/370/13 222/369/12 238/405/13 
f 238/405/13 237/406/12 223/370/13 
f 87/407/57 86/143/57 94/146/58 
f 94/146/58 192/408/116 87/407/57 
f 93/145/58 88/144/57 70/409/57 
f 70/409/57 69/410/117 93/145/58 
f 151/411/12 118/183/12 121/186/12 
f 121/186/12 152/412/13 151/411/12 
f 12/413/13 120/185/13 119/184/13 
f 119/184/13 11/414/12 12/413/13 
s 8
f 212/415/15 139/213/15 142/216/15 
f 142/216/15 161/251/15 212/415/15 
f 21/35/16 141/215/16 140/214/16 
f 140/214/16 97/416/16 21/35/16 
f 97/416/16 140/214/16 208/348/104 
f 208/348/104 77/417/118 97/416/16 
f 211/418/119 207/347/103 139/213/15 
f 139/213/15 212/415/15 211/418/119 
f 22/34/16 209/349/15 141/215/16 
f 141/215/16 21/35/16 22/34/16 
f 161/251/15 142/216/15 210/350/15 
f 210/350/15 162/252/16 161/251/15 
s 1
f 122/419/13 222/369/12 120/185/13 
f 120/185/13 12/413/13 122/419/13 
f 152/412/13 121/186/12 223/370/13 
f 223/370/13 224/420/13 152/412/13 
f 11/414/12 119/184/13 93/145/58 
f 93/145/58 69/410/117 11/414/12 
f 192/408/116 94/146/58 118/183/12 
f 118/183/12 151/411/12 192/408/116 
s 4
f 241/421/32 237/397/32 240/400/32 
f 240/400/32 242/422/14 241/421/32 
f 40/56/25 239/399/32 238/398/32 
f 238/398/32 37/53/25 40/56/25 
s 8
f 242/423/120 240/401/114 207/347/103 
f 207/347/103 211/418/119 242/423/120 
f 77/417/118 208/348/104 239/402/115 
f 239/402/115 40/424/121 77/417/118 
s 1
f 223/370/13 237/406/12 241/425/12 
f 223/370/13 241/425/12 236/426/13 
f 223/370/13 236/426/13 224/420/13 
f 238/405/13 222/369/12 122/419/13 
f 122/419/13 38/427/13 37/428/13 
f 238/405/13 122/419/13 37/428/13 
s 8
f 162/252/16 210/350/15 183/403/16 
f 183/403/16 221/429/16 162/252/16 
f 105/430/15 59/404/16 209/349/15 
f 209/349/15 22/34/16 105/430/15 
s 1
f 211/351/26 213/353/26 242/431/26 
f 102/154/32 100/152/59 243/432/32 
f 243/432/32 244/433/14 245/434/32 
f 102/154/32 243/432/32 245/434/32 
f 246/435/59 174/264/25 173/263/59 
f 215/355/59 246/435/59 173/263/59 
f 216/356/32 215/355/59 173/263/59 
f 243/432/32 247/436/25 248/437/25 
f 248/437/25 244/433/14 243/432/32 
s 4
f 213/438/14 234/439/14 236/440/14 
f 236/440/14 241/421/32 242/422/14 
f 213/438/14 236/440/14 242/422/14 
s 8
f 138/211/122 244/441/123 248/442/124 
f 248/442/124 39/210/125 138/211/122 
s 16
f 39/443/126 248/444/126 247/445/126 
f 247/445/126 41/446/127 39/443/126 
s 2
f 41/109/128 247/447/128 243/448/129 
f 243/448/129 17/17/129 41/109/128 
f 17/17/129 243/448/129 100/449/129 
f 100/449/129 18/18/129 17/17/129 
s 8
f 18/175/130 100/450/130 99/451/130 
f 99/451/130 51/163/130 18/175/130 
s 16
f 51/452/128 99/151/129 98/150/128 
f 98/150/128 48/453/128 51/452/128 
s 4
f 101/454/131 249/455/131 125/191/131 
f 98/456/131 101/454/131 125/191/131 
f 48/190/131 98/456/131 125/191/131 
s 8
f 101/457/132 102/458/133 130/197/133 
f 249/459/132 101/457/132 130/197/133 
f 132/199/132 249/459/132 130/197/133 
f 130/197/133 102/458/133 245/460/134 
f 245/460/134 127/194/134 130/197/133 
f 127/194/134 245/460/134 244/441/123 
f 244/441/123 138/211/122 127/194/134 
s 2
f 160/236/135 216/461/135 173/462/135 
f 173/462/135 157/233/135 160/236/135 
f 157/233/135 173/462/135 172/463/136 
f 172/463/136 213/353/136 157/233/135 
s 8
f 213/464/137 172/465/137 171/466/137 
f 171/466/137 234/467/137 213/464/137 
s 16
f 234/394/138 171/468/139 174/469/140 
f 174/469/140 235/395/141 234/394/138 
f 235/395/141 174/469/140 246/470/142 
f 246/470/142 228/388/142 235/395/141 
f 228/388/142 246/470/142 215/471/143 
f 215/471/143 229/389/143 228/388/142 
f 214/472/144 250/473/144 232/392/144 
f 215/471/143 214/472/144 232/392/144 
f 229/389/143 215/471/143 232/392/144 
s 4
f 250/474/131 214/475/131 218/476/131 
f 250/474/131 218/476/131 177/385/131 
f 227/384/131 250/474/131 177/385/131 
s 8
f 177/477/136 218/358/135 217/357/136 
f 217/357/136 108/478/136 177/477/136 
s 16
f 108/166/130 217/479/130 216/480/130 
f 216/480/130 160/376/130 108/166/130 
s 1
f 251/481/25 252/482/14 253/483/14 
f 253/483/14 254/484/25 251/481/25 
f 255/485/14 251/481/25 254/484/25 
f 254/484/25 256/486/14 255/485/14 
f 257/487/25 255/485/14 256/486/14 
f 256/486/14 258/488/25 257/487/25 
f 252/482/14 257/487/25 258/488/25 
f 258/488/25 253/483/14 252/482/14 
s 2
f 253/483/145 90/140/145 89/139/145 
f 89/139/145 254/484/145 253/483/145 
s 4
f 254/484/146 89/139/146 92/142/146 
f 92/142/146 256/486/146 254/484/146 
s 2
f 256/486/147 92/142/147 91/141/147 
f 91/141/147 258/488/147 256/486/147 
s 4
f 258/488/148 91/141/148 90/140/148 
f 90/140/148 253/483/148 258/488/148 
s 2
f 251/489/149 50/71/149 49/70/149 
f 49/70/149 252/490/149 251/489/149 
s 8
f 255/491/150 107/165/150 50/164/150 
f 50/164/150 251/492/150 255/491/150 
s 2
f 257/493/151 137/277/151 107/276/151 
f 107/276/151 255/494/151 257/493/151 
s 8
f 252/495/152 49/206/152 137/209/152 
f 137/209/152 257/496/152 252/495/152 
s 2
f 125/191/62 249/455/153 132/497/66 
f 232/498/113 250/474/154 227/384/111 
f 24/499/17 23/500/17 131/198/46 
f 131/198/46 74/104/46 24/499/17 
f 35/51/23 34/50/22 72/501/44 
f 72/501/44 66/502/43 35/51/23 
f 74/104/46 73/103/45 123/503/17 
f 123/503/17 24/499/17 74/104/46 
f 34/504/22 123/503/17 73/103/45 
f 73/103/45 72/102/44 34/504/22 
f 23/500/17 125/505/62 132/199/66 
f 132/199/66 131/198/46 23/500/17 
f 165/506/77 164/507/77 195/306/95 
f 195/306/95 233/393/95 165/506/77 
f 170/260/80 169/259/79 190/508/93 
f 190/508/93 194/509/92 170/260/80 
f 196/307/96 195/306/95 164/507/77 
f 164/507/77 225/510/110 196/307/96 
f 225/510/110 170/511/80 194/303/92 
f 194/303/92 196/307/96 225/510/110 
f 227/512/111 165/506/77 233/393/95 
f 233/393/95 232/392/113 227/512/111 
s 8
f 259/513/155 260/514/155 261/515/155 
f 261/515/155 262/516/156 259/513/155 
s 4
f 260/517/16 263/518/15 264/519/16 
f 264/519/16 261/520/16 260/517/16 
s 16
f 261/521/157 264/522/157 265/523/157 
f 265/523/157 262/524/157 261/521/157 
s off
f 263/525/14 266/526/14 267/527/14 
f 267/527/14 264/528/14 263/525/14 
f 264/528/14 267/527/14 268/529/14 
f 268/529/14 265/530/14 264/528/14 
s 4
f 267/531/16 266/532/16 269/533/16 
f 269/533/16 270/534/15 267/531/16 
s 8
f 271/535/158 272/536/158 273/537/158 
f 273/537/158 274/538/158 271/535/158 
s 4
f 274/539/16 273/540/15 275/541/16 
f 275/541/16 276/542/16 274/539/16 
s 16
f 273/543/157 272/544/157 277/545/157 
f 277/545/157 275/546/157 273/543/157 
s off
f 276/547/36 275/548/36 270/549/36 
f 270/549/36 269/550/36 276/547/36 
f 275/548/11 277/551/11 278/552/11 
f 278/552/11 270/549/11 275/548/11 
s 1
f 278/553/159 268/554/159 267/531/159 
f 267/531/159 270/534/159 278/553/159 
s 8
f 279/555/160 280/556/160 281/557/160 
f 281/557/160 282/558/160 279/555/160 
s 4
f 282/559/15 281/560/15 283/561/15 
f 283/561/15 284/562/15 282/559/15 
s 16
f 281/560/161 280/563/161 285/564/161 
f 285/564/161 283/561/161 281/560/161 
s off
f 284/565/25 283/566/25 286/567/25 
f 286/567/25 287/568/25 284/565/25 
f 283/566/14 285/569/14 288/570/14 
f 288/570/14 286/567/14 283/566/14 
s 4
f 286/571/15 289/572/15 290/573/15 
f 290/573/15 287/574/15 286/571/15 
s 8
f 291/575/162 292/576/162 293/577/162 
f 293/577/162 294/578/162 291/575/162 
s 4
f 292/579/15 295/580/15 296/581/15 
f 296/581/15 293/582/15 292/579/15 
s 16
f 293/583/161 296/584/163 297/585/161 
f 297/585/161 294/586/161 293/583/161 
s off
f 295/587/11 290/588/11 289/589/11 
f 289/589/11 296/590/11 295/587/11 
f 296/590/36 289/589/36 298/591/36 
f 298/591/11 297/592/11 296/590/11 
s 1
f 298/593/164 289/572/164 286/571/164 
f 286/571/164 288/594/164 298/593/164 
f 299/595/13 300/596/13 301/597/13 
f 301/597/13 302/598/13 303/599/13 
f 299/595/13 301/597/13 303/599/13 
f 303/599/13 304/600/13 305/601/13 
f 299/595/13 303/599/13 305/601/13 
f 306/602/13 299/595/13 305/601/13 
s 8
f 307/603/165 308/604/165 309/605/166 
f 309/605/166 310/606/166 307/603/165 
f 310/606/166 309/605/166 311/607/167 
f 311/607/167 312/608/167 310/606/166 
f 312/608/167 311/607/167 313/609/151 
f 313/609/151 314/610/151 312/608/167 
f 315/611/168 316/612/168 317/613/169 
f 317/613/169 318/614/169 315/611/168 
f 318/614/169 317/613/169 319/615/170 
f 319/615/170 320/616/170 318/614/169 
f 320/616/170 319/615/170 321/617/171 
f 321/617/171 322/618/171 320/616/170 
f 322/619/171 321/620/171 308/621/165 
f 308/621/165 307/622/165 322/619/171 
s 1
f 323/623/16 324/624/16 325/625/16 
f 325/625/16 326/626/16 327/627/16 
f 323/623/16 325/625/16 327/627/16 
f 327/627/16 328/628/16 329/629/16 
f 323/623/16 327/627/16 329/629/16 
f 330/630/16 323/623/16 329/629/16 
s off
f 310/631/172 300/596/172 299/595/172 
f 299/595/172 307/632/172 310/631/172 
f 307/632/173 299/595/173 306/602/173 
f 306/602/173 322/633/173 307/632/173 
f 322/633/174 306/602/174 305/601/174 
f 305/601/174 320/634/174 322/633/174 
f 320/634/175 305/601/175 304/600/175 
f 304/600/175 318/635/175 320/634/175 
f 318/635/176 304/600/176 303/599/176 
f 303/599/176 315/636/176 318/635/176 
f 314/637/177 302/598/177 301/597/177 
f 301/597/177 312/638/177 314/637/177 
f 312/638/178 301/597/178 300/596/178 
f 300/596/178 310/631/178 312/638/178 
f 308/639/179 329/629/179 328/628/179 
f 328/628/179 309/640/179 308/639/179 
f 309/640/180 328/628/180 327/627/180 
f 327/627/180 311/641/180 309/640/180 
f 311/641/181 327/627/181 326/626/181 
f 326/626/181 313/642/181 311/641/181 
f 316/643/182 325/625/182 324/624/182 
f 324/624/182 317/644/182 316/643/182 
f 317/644/183 324/624/183 323/623/183 
f 323/623/183 319/645/183 317/644/183 
f 319/645/184 323/623/184 330/630/184 
f 330/630/184 321/646/184 319/645/184 
f 321/646/185 330/630/185 329/629/185 
f 329/629/185 308/639/185 321/646/185 
s 1
f 331/647/12 332/648/12 333/649/12 
f 333/649/12 334/650/13 335/651/12 
f 335/651/12 336/652/12 337/653/12 
f 333/649/12 335/651/12 337/653/12 
f 331/647/12 333/649/12 337/653/12 
f 338/654/13 331/647/12 337/653/12 
s 8
f 339/655/186 340/656/187 341/657/187 
f 341/657/187 342/658/188 339/655/186 
f 340/659/187 343/660/189 344/661/189 
f 344/661/189 341/662/187 340/659/187 
f 343/660/189 345/663/149 346/664/149 
f 346/664/149 344/661/189 343/660/189 
f 347/665/190 348/666/170 349/667/170 
f 349/667/170 350/668/190 347/665/190 
f 348/666/170 351/669/169 352/670/169 
f 352/670/169 349/667/170 348/666/170 
f 351/671/169 353/672/191 354/673/191 
f 354/673/191 352/674/169 351/671/169 
f 353/672/191 339/655/186 342/658/188 
f 342/658/188 354/673/191 353/672/191 
s 1
f 355/675/15 356/676/15 357/677/15 
f 357/677/15 358/678/16 359/679/15 
f 359/679/15 360/680/15 361/681/15 
f 357/677/15 359/679/15 361/681/15 
f 355/675/15 357/677/15 361/681/15 
f 362/682/16 355/675/15 361/681/15 
s off
f 340/683/177 339/684/177 337/653/177 
f 337/653/177 336/652/177 340/683/177 
f 339/684/192 353/685/192 338/654/192 
f 338/654/192 337/653/192 339/684/192 
f 353/685/176 351/686/176 331/647/176 
f 331/647/176 338/654/176 353/685/176 
f 351/686/193 348/687/193 332/648/193 
f 332/648/193 331/647/193 351/686/193 
f 348/687/174 347/688/174 333/649/174 
f 333/649/174 332/648/174 348/687/174 
f 345/689/172 343/690/172 335/651/172 
f 335/651/172 334/650/172 345/689/172 
f 343/690/194 340/683/194 336/652/194 
f 336/652/194 335/651/194 343/690/194 
f 342/691/181 341/692/181 356/676/181 
f 356/676/181 355/675/181 342/691/181 
f 341/692/195 344/693/195 357/677/195 
f 357/677/195 356/676/195 341/692/195 
f 344/693/179 346/694/179 358/678/179 
f 358/678/179 357/677/179 344/693/179 
f 350/695/184 349/696/184 360/680/184 
f 360/680/184 359/679/184 350/695/184 
f 349/696/196 352/697/196 361/681/196 
f 361/681/196 360/680/196 349/696/196 
f 352/697/182 354/698/182 362/682/182 
f 362/682/182 361/681/182 352/697/182 
f 354/698/197 342/691/197 355/675/197 
f 355/675/197 362/682/197 354/698/197 
s 8
f 363/699/9 364/700/9 365/701/9 
f 365/701/9 366/702/9 363/699/9 
f 367/703/151 368/704/198 369/705/199 
f 369/705/199 370/706/151 367/703/151 
f 371/707/14 372/708/14 373/709/14 
f 373/709/14 374/710/14 371/707/14 
f 375/711/149 376/712/200 377/713/201 
f 377/713/201 378/714/149 375/711/149 
f 379/715/190 380/716/202 381/717/203 
f 381/717/203 382/718/190 379/715/190 
f 383/719/11 384/720/11 385/721/11 
f 385/721/11 386/722/11 383/719/11 
f 387/723/168 388/724/204 389/725/205 
f 389/725/205 390/726/168 387/723/168 
f 391/727/188 392/728/191 388/724/204 
f 388/724/204 369/705/199 391/727/188 
f 393/729/167 391/727/188 369/705/199 
f 369/705/199 368/704/198 393/729/167 
f 394/730/189 393/731/167 368/732/198 
f 368/732/198 377/733/201 394/730/189 
f 395/734/165 394/735/189 377/713/201 
f 377/713/201 376/712/200 395/734/165 
f 396/736/171 395/734/165 376/712/200 
f 376/712/200 381/717/203 396/736/171 
f 397/737/170 396/736/171 381/717/203 
f 381/717/203 380/716/202 397/737/170 
f 398/738/169 397/739/170 380/740/202 
f 380/740/202 389/741/205 398/738/169 
f 392/728/191 398/742/169 389/725/205 
f 389/725/205 388/724/204 392/728/191 
s off
f 370/743/25 369/744/25 364/745/25 
f 364/745/25 363/746/25 370/743/25 
f 369/747/206 388/748/206 365/749/206 
f 365/749/206 364/750/206 369/747/206 
f 388/751/11 387/752/11 366/753/11 
f 366/753/36 365/754/36 388/751/36 
f 378/714/26 377/713/26 372/755/26 
f 372/755/26 371/756/26 378/714/26 
f 377/757/207 368/758/207 373/759/207 
f 373/759/207 372/760/207 377/757/207 
f 368/704/49 367/703/49 374/761/49 
f 374/761/49 373/762/49 368/704/49 
f 382/763/36 381/764/36 399/765/36 
f 399/765/36 400/766/36 382/763/36 
f 381/767/208 376/768/208 401/769/208 
f 401/769/208 399/770/208 381/767/208 
f 376/771/14 375/772/14 402/773/14 
f 402/773/25 401/774/25 376/771/25 
f 390/726/49 389/725/49 384/775/49 
f 384/775/49 383/776/49 390/726/49 
f 389/777/209 380/778/209 385/779/209 
f 385/779/210 384/780/210 389/777/210 
f 380/716/26 379/715/26 386/781/26 
f 386/781/26 385/782/26 380/716/26 
s 8
f 403/783/26 404/784/26 405/785/26 
f 405/785/26 406/786/26 403/783/26 
f 407/787/149 408/788/149 409/789/200 
f 409/789/200 410/790/201 407/787/149 
f 411/791/25 412/792/14 413/793/25 
f 413/793/25 414/794/25 411/791/25 
f 415/795/151 416/796/151 417/797/211 
f 417/797/211 418/798/212 415/795/151 
f 419/799/168 420/800/168 421/801/204 
f 421/801/204 422/802/213 419/799/168 
f 423/803/11 424/804/11 425/805/11 
f 425/805/11 426/806/11 423/803/11 
f 427/807/190 428/808/190 429/809/202 
f 429/809/202 430/810/203 427/807/190 
f 431/811/165 409/789/200 430/810/203 
f 430/810/203 432/812/171 431/811/165 
f 433/813/189 410/790/201 409/789/200 
f 409/789/200 431/811/165 433/813/189 
f 434/814/167 417/815/211 410/816/201 
f 410/816/201 433/817/189 434/814/167 
f 435/818/188 418/798/212 417/797/211 
f 417/797/211 434/819/167 435/818/188 
f 436/820/191 421/801/204 418/798/212 
f 418/798/212 435/818/188 436/820/191 
f 437/821/169 422/802/213 421/801/204 
f 421/801/204 436/820/191 437/821/169 
f 438/822/170 429/823/202 422/824/213 
f 422/824/213 437/825/169 438/822/170 
f 432/812/171 430/810/203 429/809/202 
f 429/809/202 438/826/170 432/812/171 
s off
f 408/827/32 403/828/32 406/829/32 
f 406/829/14 409/830/14 408/827/14 
f 409/831/208 406/832/208 405/833/208 
f 405/833/208 430/834/208 409/831/208 
f 430/835/11 405/836/11 404/837/11 
f 404/837/11 427/838/11 430/835/11 
f 416/796/49 411/839/49 414/840/49 
f 414/840/49 417/797/49 416/796/49 
f 417/841/207 414/842/207 413/843/207 
f 413/843/207 410/844/207 417/841/207 
f 410/790/27 413/845/27 412/846/27 
f 412/846/28 407/787/28 410/790/28 
f 420/847/11 439/848/11 440/849/11 
f 440/849/11 421/850/11 420/847/11 
f 421/851/206 440/852/206 441/853/206 
f 441/853/206 418/854/206 421/851/206 
f 418/855/14 441/856/14 442/857/14 
f 442/857/25 415/858/25 418/855/25 
f 428/808/214 423/859/214 426/860/214 
f 426/860/27 429/809/27 428/808/27 
f 429/861/210 426/862/210 425/863/210 
f 425/863/210 422/864/210 429/861/210 
f 422/802/49 425/865/49 424/866/49 
f 424/866/49 419/799/49 422/802/49 
s 8
f 443/867/158 444/868/158 445/869/158 
f 445/869/158 446/870/158 443/867/158 
s 4
f 446/871/16 445/872/16 447/873/16 
f 447/873/16 448/874/16 446/871/16 
s 16
f 445/872/157 444/875/157 449/876/157 
f 449/876/157 447/873/157 445/872/157 
s off
f 448/877/36 447/878/36 450/879/36 
f 450/879/36 451/880/36 448/877/36 
f 447/878/11 449/881/11 452/882/11 
f 452/882/11 450/879/11 447/878/11 
s 4
f 453/883/16 451/884/16 450/885/16 
f 450/885/16 454/886/16 453/883/16 
s 8
f 455/887/215 456/888/160 457/889/215 
f 457/889/215 458/890/215 455/887/215 
s 4
f 456/891/15 459/892/15 460/893/15 
f 460/893/15 457/894/15 456/891/15 
s 16
f 457/894/157 460/893/157 461/895/157 
f 461/895/157 458/896/157 457/894/157 
s off
f 459/897/14 453/898/14 454/899/14 
f 454/899/14 460/900/14 459/897/14 
f 460/900/14 454/899/14 462/901/14 
f 462/901/14 461/902/14 460/900/14 
s 1
f 450/903/159 452/904/159 462/905/159 
f 462/905/159 454/906/159 450/903/159 
s 8
f 463/907/162 464/908/162 465/909/158 
f 465/909/158 466/910/158 463/907/162 
s 4
f 464/911/15 467/912/15 468/913/15 
f 468/913/15 465/914/15 464/911/15 
s 16
f 465/914/161 468/913/161 469/915/161 
f 469/915/161 466/916/161 465/914/161 
s off
f 467/917/11 470/918/11 471/919/11 
f 471/919/11 468/920/11 467/917/11 
f 468/920/36 471/919/36 472/921/36 
f 472/921/36 469/922/36 468/920/36 
s 4
f 473/923/15 474/924/15 471/925/15 
f 471/925/15 470/926/16 473/923/15 
s 8
f 475/927/160 476/928/160 477/929/160 
f 477/929/160 478/930/160 475/927/160 
s 4
f 478/931/15 477/932/15 479/933/15 
f 479/933/15 480/934/15 478/931/15 
s 16
f 477/932/161 476/935/161 481/936/161 
f 481/936/161 479/933/161 477/932/161 
s off
f 480/937/14 479/938/14 474/939/14 
f 474/939/14 473/940/14 480/937/14 
f 479/938/25 481/941/25 482/942/25 
f 482/942/25 474/939/25 479/938/25 
s 1
f 471/925/164 474/924/164 482/943/164 
f 482/943/164 472/944/164 471/925/164 
f 483/945/13 484/946/13 485/947/13 
f 485/947/13 486/948/12 487/949/13 
f 483/945/13 485/947/13 487/949/13 
f 487/949/13 488/950/13 489/951/13 
f 483/945/13 487/949/13 489/951/13 
f 490/952/12 483/945/13 489/951/13 
s 8
f 491/953/216 492/954/216 493/955/189 
f 493/955/189 494/956/189 491/953/216 
f 494/957/189 493/958/189 495/959/167 
f 495/959/167 496/960/167 494/957/189 
f 496/961/167 495/962/167 497/963/151 
f 497/963/151 498/964/151 496/961/167 
f 499/965/168 500/966/168 501/967/169 
f 501/967/169 502/968/169 499/965/168 
f 502/968/169 501/967/169 503/969/170 
f 503/969/170 504/970/170 502/968/169 
f 504/971/170 503/972/170 505/973/171 
f 505/973/171 506/974/171 504/971/170 
f 506/974/171 505/973/171 492/954/216 
f 492/954/216 491/953/216 506/974/171 
s 1
f 507/975/16 508/976/16 509/977/16 
f 509/977/16 510/978/16 511/979/16 
f 507/975/16 509/977/16 511/979/16 
f 511/979/16 512/980/16 513/981/16 
f 507/975/16 511/979/16 513/981/16 
f 514/982/15 507/975/16 513/981/16 
s off
f 494/983/172 484/946/172 483/945/172 
f 483/945/172 491/984/172 494/983/172 
f 491/984/173 483/945/173 490/952/173 
f 490/952/173 506/985/173 491/984/173 
f 506/985/174 490/952/174 489/951/174 
f 489/951/174 504/986/174 506/985/174 
f 504/986/175 489/951/175 488/950/175 
f 488/950/175 502/987/175 504/986/175 
f 502/987/176 488/950/176 487/949/176 
f 487/949/176 499/988/176 502/987/176 
f 498/989/177 486/948/177 485/947/177 
f 485/947/177 496/990/177 498/989/177 
f 496/990/194 485/947/194 484/946/194 
f 484/946/178 494/983/178 496/990/178 
f 492/991/179 513/981/179 512/980/179 
f 512/980/179 493/992/179 492/991/179 
f 493/992/180 512/980/180 511/979/180 
f 511/979/180 495/993/180 493/992/180 
f 495/993/181 511/979/181 510/978/181 
f 510/978/181 497/994/181 495/993/181 
f 500/995/182 509/977/182 508/976/182 
f 508/976/182 501/996/182 500/995/182 
f 501/996/183 508/976/183 507/975/183 
f 507/975/183 503/997/183 501/996/183 
f 503/997/184 507/975/184 514/982/184 
f 514/982/184 505/998/184 503/997/184 
f 505/998/185 514/982/185 513/981/185 
f 513/981/185 492/991/185 505/998/185 
s 1
f 515/999/12 516/1000/12 517/1001/12 
f 517/1001/12 518/1002/12 519/1003/12 
f 519/1003/12 520/1004/12 521/1005/12 
f 517/1001/12 519/1003/12 521/1005/12 
f 515/999/12 517/1001/12 521/1005/12 
f 522/1006/12 515/999/12 521/1005/12 
s 8
f 523/1007/188 524/1008/167 525/1009/167 
f 525/1009/167 526/1010/188 523/1007/188 
f 524/1011/167 527/1012/189 528/1013/189 
f 528/1013/189 525/1014/167 524/1011/167 
f 527/1015/189 529/1016/217 530/1017/149 
f 530/1017/149 528/1018/189 527/1015/189 
f 531/1019/190 532/1020/170 533/1021/170 
f 533/1021/170 534/1022/190 531/1019/190 
f 532/1023/170 535/1024/169 536/1025/169 
f 536/1025/169 533/1026/170 532/1023/170 
f 535/1027/169 537/1028/191 538/1029/191 
f 538/1029/191 536/1030/169 535/1027/169 
f 537/1028/191 523/1007/188 526/1010/188 
f 526/1010/188 538/1029/191 537/1028/191 
s 1
f 539/1031/15 540/1032/15 541/1033/15 
f 541/1033/15 542/1034/16 543/1035/15 
f 543/1035/15 544/1036/15 545/1037/15 
f 541/1033/15 543/1035/15 545/1037/15 
f 539/1031/15 541/1033/15 545/1037/15 
f 546/1038/16 539/1031/15 545/1037/15 
s off
f 524/1039/177 523/1040/177 521/1005/177 
f 521/1005/177 520/1004/177 524/1039/177 
f 523/1040/192 537/1041/192 522/1006/192 
f 522/1006/192 521/1005/192 523/1040/192 
f 537/1041/176 535/1042/176 515/999/176 
f 515/999/176 522/1006/176 537/1041/176 
f 535/1042/193 532/1043/193 516/1000/193 
f 516/1000/193 515/999/193 535/1042/193 
f 532/1043/174 531/1044/174 517/1001/174 
f 517/1001/174 516/1000/174 532/1043/174 
f 529/1045/172 527/1046/172 519/1003/172 
f 519/1003/172 518/1002/172 529/1045/172 
f 527/1046/194 524/1039/194 520/1004/194 
f 520/1004/194 519/1003/194 527/1046/194 
f 526/1047/181 525/1048/181 540/1032/181 
f 540/1032/181 539/1031/181 526/1047/181 
f 525/1048/195 528/1049/195 541/1033/195 
f 541/1033/195 540/1032/195 525/1048/195 
f 528/1049/179 530/1050/179 542/1034/179 
f 542/1034/179 541/1033/179 528/1049/179 
f 534/1051/184 533/1052/184 544/1036/184 
f 544/1036/184 543/1035/184 534/1051/184 
f 533/1052/196 536/1053/196 545/1037/196 
f 545/1037/196 544/1036/196 533/1052/196 
f 536/1053/182 538/1054/182 546/1038/182 
f 546/1038/182 545/1037/182 536/1053/182 
f 538/1054/197 526/1047/197 539/1031/197 
f 539/1031/197 546/1038/197 538/1054/197 
s 8
f 547/1055/9 548/1056/9 549/1057/9 
f 549/1057/9 550/1058/81 547/1055/9 
f 551/1059/151 552/1060/198 553/1061/212 
f 553/1061/212 554/1062/151 551/1059/151 
f 555/1063/14 556/1064/14 557/1065/14 
f 557/1065/14 558/1066/14 555/1063/14 
f 559/1067/149 560/1068/200 561/1069/201 
f 561/1069/201 562/1070/149 559/1067/149 
f 563/1071/190 564/1072/218 565/1073/219 
f 565/1073/219 566/1074/190 563/1071/190 
f 567/1075/11 568/1076/11 569/1077/11 
f 569/1077/11 570/1078/11 567/1075/11 
f 571/1079/168 572/1080/204 573/1081/205 
f 573/1081/205 574/1082/168 571/1079/168 
f 575/1083/220 576/1084/221 572/1080/204 
f 572/1080/204 553/1061/212 575/1083/220 
f 577/1085/222 575/1083/220 553/1061/212 
f 553/1061/212 552/1060/198 577/1085/222 
f 578/1086/223 577/1087/222 552/1088/198 
f 552/1088/198 561/1089/201 578/1086/223 
f 579/1090/165 578/1091/223 561/1069/201 
f 561/1069/201 560/1068/200 579/1090/165 
f 580/1092/171 579/1090/165 560/1068/200 
f 560/1068/200 565/1073/219 580/1092/171 
f 581/1093/224 580/1092/171 565/1073/219 
f 565/1073/219 564/1072/218 581/1093/224 
f 582/1094/225 581/1095/224 564/1096/218 
f 564/1096/218 573/1097/205 582/1094/225 
f 576/1084/221 582/1098/225 573/1081/205 
f 573/1081/205 572/1080/204 576/1084/221 
s off
f 554/1099/25 553/1100/25 548/1101/25 
f 548/1101/14 547/1102/14 554/1099/14 
f 553/1103/226 572/1104/226 549/1105/226 
f 549/1105/226 548/1106/226 553/1103/226 
f 572/1107/11 571/1108/11 550/1109/11 
f 550/1109/11 549/1110/11 572/1107/11 
f 562/1070/26 561/1069/26 556/1111/26 
f 556/1111/26 555/1112/26 562/1070/26 
f 561/1113/227 552/1114/227 557/1115/227 
f 557/1115/227 556/1116/227 561/1113/227 
f 552/1060/49 551/1059/49 558/1117/49 
f 558/1117/49 557/1118/49 552/1060/49 
f 566/1119/11 565/1120/11 583/1121/11 
f 583/1121/36 584/1122/36 566/1119/36 
f 565/1123/228 560/1124/228 585/1125/228 
f 585/1125/228 583/1126/228 565/1123/228 
f 560/1127/14 559/1128/14 586/1129/14 
f 586/1129/25 585/1130/25 560/1127/25 
f 574/1082/49 573/1081/49 568/1131/49 
f 568/1131/49 567/1132/49 574/1082/49 
f 573/1133/229 564/1134/229 569/1135/229 
f 569/1135/230 568/1136/230 573/1133/230 
f 564/1072/26 563/1071/26 570/1137/26 
f 570/1137/26 569/1138/26 564/1072/26 
s 8
f 587/1139/26 588/1140/26 589/1141/26 
f 589/1141/26 590/1142/26 587/1139/26 
f 591/1143/149 592/1144/149 593/1145/200 
f 593/1145/200 594/1146/201 591/1143/149 
f 595/1147/25 596/1148/14 597/1149/25 
f 597/1149/25 598/1150/25 595/1147/25 
f 599/1151/151 600/1152/151 601/1153/211 
f 601/1153/211 602/1154/212 599/1151/151 
f 603/1155/168 604/1156/168 605/1157/204 
f 605/1157/204 606/1158/205 603/1155/168 
f 607/1159/11 608/1160/11 609/1161/11 
f 609/1161/11 610/1162/11 607/1159/11 
f 611/1163/190 612/1164/190 613/1165/202 
f 613/1165/202 614/1166/203 611/1163/190 
f 615/1167/231 593/1145/200 614/1166/203 
f 614/1166/203 616/1168/232 615/1167/231 
f 617/1169/233 594/1146/201 593/1145/200 
f 593/1145/200 615/1167/231 617/1169/233 
f 618/1170/234 601/1171/211 594/1172/201 
f 594/1172/201 617/1173/233 618/1170/234 
f 619/1174/188 602/1154/212 601/1153/211 
f 601/1153/211 618/1175/234 619/1174/188 
f 620/1176/191 605/1157/204 602/1154/212 
f 602/1154/212 619/1174/188 620/1176/191 
f 621/1177/235 606/1158/205 605/1157/204 
f 605/1157/204 620/1176/191 621/1177/235 
f 622/1178/236 613/1179/202 606/1180/205 
f 606/1180/205 621/1181/235 622/1178/236 
f 616/1168/232 614/1166/203 613/1165/202 
f 613/1165/202 622/1182/236 616/1168/232 
s off
f 592/1183/25 587/1184/25 590/1185/25 
f 590/1185/14 593/1186/14 592/1183/14 
f 593/1187/228 590/1188/228 589/1189/228 
f 589/1189/228 614/1190/228 593/1187/228 
f 614/1191/36 589/1192/36 588/1193/36 
f 588/1193/11 611/1194/11 614/1191/11 
f 600/1152/49 595/1195/49 598/1196/49 
f 598/1196/49 601/1153/49 600/1152/49 
f 601/1197/227 598/1198/227 597/1199/227 
f 597/1199/227 594/1200/227 601/1197/227 
f 594/1146/27 597/1201/27 596/1202/27 
f 596/1202/28 591/1143/28 594/1146/28 
f 604/1203/11 623/1204/11 624/1205/11 
f 624/1205/36 605/1206/36 604/1203/36 
f 605/1207/226 624/1208/226 625/1209/226 
f 625/1209/226 602/1210/226 605/1207/226 
f 602/1211/59 625/1212/59 626/1213/59 
f 626/1213/14 599/1214/14 602/1211/14 
f 612/1164/214 607/1215/214 610/1216/214 
f 610/1216/27 613/1165/27 612/1164/27 
f 613/1217/230 610/1218/230 609/1219/230 
f 609/1219/230 606/1220/230 613/1217/230 
f 606/1158/49 609/1221/49 608/1222/49 
f 608/1222/49 603/1155/49 606/1158/49 
s 1
f 627/1223/237 628/1224/238 629/1225/238 
f 629/1225/238 630/1226/237 627/1223/237 
f 631/1227/239 632/1228/14 633/1229/14 
f 633/1229/14 634/1230/239 631/1227/239 
s 2
f 635/1231/240 636/1232/241 637/1233/242 
f 637/1233/242 638/1234/243 635/1231/240 
f 639/1235/244 640/1236/244 641/1237/245 
f 641/1237/245 642/1238/246 639/1235/244 
s 1
f 643/1239/247 644/1240/248 645/1241/249 
f 645/1241/249 646/1242/250 643/1239/247 
f 647/1243/251 648/1244/252 649/1245/253 
f 649/1245/253 650/1246/254 647/1243/251 
s 2
f 644/1240/13 651/1247/13 652/1248/12 
f 652/1248/12 645/1241/12 644/1240/13 
f 653/1249/13 654/1250/12 655/1251/13 
f 655/1251/13 656/1252/13 653/1249/13 
s 1
f 651/1253/255 657/1254/255 658/1255/256 
f 658/1255/256 652/1256/256 651/1253/255 
f 654/1257/257 659/1258/258 660/1259/259 
f 660/1259/259 655/1260/259 654/1257/257 
s 2
f 643/1261/260 646/1262/261 661/1263/262 
f 661/1263/262 662/1264/263 643/1261/260 
s 1
f 636/1232/264 635/1231/265 663/1265/266 
f 663/1265/266 664/1266/267 636/1232/264 
f 665/1267/268 666/1268/269 667/1269/269 
f 667/1269/269 668/1270/268 665/1267/268 
s 2
f 648/1271/270 647/1272/14 669/1273/14 
f 669/1273/14 670/1274/271 648/1271/270 
s 1
f 639/1235/14 642/1238/272 671/1275/273 
f 671/1275/273 672/1276/14 639/1235/14 
s 4
f 627/1223/274 662/1264/275 661/1263/276 
f 661/1263/276 628/1224/277 627/1223/274 
s 2
f 664/1266/278 663/1265/279 630/1226/280 
f 630/1226/280 629/1225/281 664/1266/278 
f 668/1270/282 667/1269/283 673/1277/284 
f 673/1277/284 674/1278/285 668/1270/282 
s 4
f 670/1274/286 669/1273/287 632/1228/287 
f 632/1228/287 631/1227/288 670/1274/286 
s 2
f 671/1275/289 634/1230/290 633/1229/291 
f 633/1229/291 672/1276/291 671/1275/289 
s 1
f 627/1223/237 630/1226/237 674/1278/292 
f 674/1278/292 675/1279/292 627/1223/237 
f 629/1280/238 628/1281/238 631/1227/239 
f 631/1227/239 634/1230/239 629/1280/238 
s 2
f 637/1282/242 636/1283/241 642/1238/246 
f 642/1238/246 641/1237/245 637/1282/242 
f 676/1284/293 665/1267/294 635/1231/240 
f 635/1231/240 638/1234/243 676/1284/293 
s 1
f 644/1240/248 643/1239/247 677/1285/295 
f 677/1285/295 656/1252/296 644/1240/248 
f 649/1245/253 648/1244/252 646/1242/250 
f 646/1242/250 645/1241/249 649/1245/253 
s 2
f 651/1247/13 644/1240/13 656/1252/13 
f 656/1252/13 655/1251/13 651/1247/13 
f 678/1286/12 649/1245/12 645/1241/12 
f 645/1241/12 652/1248/12 678/1286/12 
s 1
f 657/1254/255 651/1253/255 655/1260/259 
f 655/1260/259 660/1259/259 657/1254/255 
f 679/1287/297 678/1288/297 652/1289/256 
f 652/1289/256 658/1290/256 679/1287/297 
s 2
f 643/1261/260 662/1264/263 680/1291/298 
f 680/1291/298 677/1292/299 643/1261/260 
f 661/1293/262 646/1294/261 648/1271/270 
f 648/1271/270 670/1274/271 661/1293/262 
s 1
f 636/1283/264 664/1295/267 671/1275/273 
f 671/1275/273 642/1238/272 636/1283/264 
f 663/1265/266 635/1231/265 665/1267/268 
f 665/1267/268 668/1270/268 663/1265/266 
s 4
f 662/1264/275 627/1223/274 675/1279/300 
f 675/1279/300 680/1291/301 662/1264/275 
f 628/1281/277 661/1293/276 670/1274/286 
f 670/1274/286 631/1227/288 628/1281/277 
s 2
f 664/1295/278 629/1280/281 634/1230/290 
f 634/1230/290 671/1275/289 664/1295/278 
f 630/1226/280 663/1265/279 668/1270/282 
f 668/1270/282 674/1278/285 630/1226/280 
s 1
f 678/1288/297 679/1287/297 681/1296/36 
f 681/1296/36 682/1297/36 678/1288/297 
s 2
f 679/1298/13 658/1299/13 657/1300/13 
f 657/1300/13 660/1301/13 659/1302/13 
f 679/1298/13 657/1300/13 659/1302/13 
f 681/1303/13 679/1298/13 659/1302/13 
f 683/1304/13 684/1305/13 685/1306/13 
f 659/1302/13 683/1304/13 685/1306/13 
f 681/1303/13 659/1302/13 685/1306/13 
f 681/1303/13 685/1306/13 686/1307/13 
s 1
f 676/1308/16 638/1309/16 637/1310/16 
f 637/1310/16 641/1311/15 640/1312/16 
f 676/1308/16 637/1310/16 640/1312/16 
f 687/1313/16 688/1314/15 689/1315/16 
f 640/1312/16 687/1313/16 689/1315/16 
f 689/1315/16 690/1316/16 691/1317/16 
f 640/1312/16 689/1315/16 691/1317/16 
f 676/1308/16 640/1312/16 691/1317/16 
f 675/1279/292 674/1278/292 673/1277/302 
f 673/1277/302 692/1318/302 675/1279/292 
s 2
f 676/1284/293 691/1319/303 666/1268/304 
f 666/1268/304 665/1267/294 676/1284/293 
f 677/1292/299 680/1291/298 693/1320/305 
f 693/1320/305 694/1321/306 677/1292/299 
s 4
f 680/1291/301 675/1279/300 692/1318/307 
f 692/1318/307 693/1320/308 680/1291/301 
s 1
f 695/1322/309 696/1323/309 697/1324/310 
f 697/1324/310 698/1325/310 695/1322/309 
f 699/1326/311 700/1327/311 701/1328/11 
f 701/1328/11 702/1329/11 699/1326/311 
s 2
f 703/1330/312 690/1331/313 689/1332/314 
f 689/1332/314 704/1333/315 703/1330/312 
f 705/1334/316 706/1335/317 688/1336/318 
f 688/1336/318 687/1337/319 705/1334/316 
s 1
f 707/1338/320 708/1339/321 709/1340/322 
f 709/1340/322 710/1341/323 707/1338/320 
f 653/1249/324 656/1252/296 677/1285/295 
f 677/1285/295 694/1342/325 653/1249/324 
f 711/1343/326 712/1344/327 713/1345/328 
f 713/1345/328 714/1346/329 711/1343/326 
s 2
f 710/1341/13 709/1340/13 715/1347/13 
f 715/1347/13 716/1348/13 710/1341/13 
s 1
f 716/1349/330 715/1350/331 684/1351/331 
f 684/1351/331 683/1352/332 716/1349/330 
s 2
f 707/1353/333 717/1354/334 718/1355/335 
f 718/1355/335 708/1356/336 707/1353/333 
s 1
f 704/1333/337 719/1357/338 720/1358/339 
f 720/1358/339 703/1330/340 704/1333/337 
s 2
f 714/1359/341 721/1360/342 722/1361/36 
f 722/1361/36 711/1362/11 714/1359/341 
s 1
f 705/1334/36 723/1363/36 724/1364/343 
f 724/1364/343 706/1335/344 705/1334/36 
s 4
f 695/1322/345 698/1325/346 718/1355/347 
f 718/1355/347 717/1354/348 695/1322/345 
s 2
f 719/1357/349 697/1324/350 696/1323/351 
f 696/1323/351 720/1358/352 719/1357/349 
s 4
f 721/1360/353 699/1326/354 702/1329/355 
f 702/1329/355 722/1361/355 721/1360/353 
s 2
f 724/1364/356 723/1363/357 701/1328/357 
f 701/1328/357 700/1327/358 724/1364/356 
s 1
f 695/1322/309 692/1318/302 673/1277/302 
f 673/1277/302 696/1323/309 695/1322/309 
f 697/1365/310 700/1327/311 699/1326/311 
f 699/1326/311 698/1366/310 697/1365/310 
s 2
f 689/1367/314 688/1336/318 706/1335/317 
f 706/1335/317 704/1368/315 689/1367/314 
f 691/1319/303 690/1331/313 703/1330/312 
f 703/1330/312 666/1268/304 691/1319/303 
s 1
f 710/1341/323 653/1249/324 694/1342/325 
f 694/1342/325 707/1338/320 710/1341/323 
f 713/1345/328 709/1340/322 708/1339/321 
f 708/1339/321 714/1346/329 713/1345/328 
s 2
f 716/1348/13 654/1250/12 653/1249/13 
f 653/1249/13 710/1341/13 716/1348/13 
f 725/1369/13 715/1347/13 709/1340/13 
f 709/1340/13 713/1345/13 725/1369/13 
s 1
f 683/1352/332 659/1258/258 654/1257/257 
f 654/1257/257 716/1349/330 683/1352/332 
f 685/1370/359 684/1371/331 715/1372/331 
f 715/1372/331 725/1373/359 685/1370/359 
s 2
f 707/1353/333 694/1321/306 693/1320/305 
f 693/1320/305 717/1354/334 707/1353/333 
f 718/1374/335 721/1360/342 714/1359/341 
f 714/1359/341 708/1375/336 718/1374/335 
s 1
f 704/1368/337 706/1335/344 724/1364/343 
f 724/1364/343 719/1376/338 704/1368/337 
f 720/1358/339 667/1269/269 666/1268/269 
f 666/1268/269 703/1330/340 720/1358/339 
s 4
f 717/1354/348 693/1320/308 692/1318/307 
f 692/1318/307 695/1322/345 717/1354/348 
f 698/1366/346 699/1326/354 721/1360/353 
f 721/1360/353 718/1374/347 698/1366/346 
s 2
f 719/1376/349 724/1364/356 700/1327/358 
f 700/1327/358 697/1365/350 719/1376/349 
f 696/1323/351 673/1277/284 667/1269/283 
f 667/1269/283 720/1358/352 696/1323/351 
s 1
f 725/1373/359 726/1377/14 686/1378/14 
f 686/1378/14 685/1370/359 725/1373/359 
s 2
f 725/1369/13 713/1345/13 712/1344/13 
f 712/1344/13 726/1379/13 725/1369/13 
f 650/1246/12 649/1245/12 678/1286/12 
f 678/1286/12 682/1380/12 650/1246/12 
s 1
f 727/1381/237 728/1382/238 729/1383/238 
f 729/1383/238 730/1384/237 727/1381/237 
f 731/1385/239 732/1386/14 733/1387/14 
f 733/1387/14 734/1388/239 731/1385/239 
s 2
f 735/1389/240 736/1390/241 737/1391/242 
f 737/1391/242 738/1392/243 735/1389/240 
f 739/1393/360 740/1394/244 741/1395/245 
f 741/1395/245 742/1396/246 739/1393/360 
s 1
f 743/1397/247 744/1398/248 745/1399/249 
f 745/1399/249 746/1400/250 743/1397/247 
f 747/1401/251 748/1402/252 749/1403/253 
f 749/1403/253 750/1404/254 747/1401/251 
s 2
f 744/1405/13 751/1406/13 752/1407/12 
f 752/1407/12 745/1408/12 744/1405/13 
f 753/1409/13 754/1410/12 755/1411/13 
f 755/1411/13 756/1412/13 753/1409/13 
s 1
f 751/1413/255 757/1414/255 758/1415/256 
f 758/1415/256 752/1416/256 751/1413/255 
f 754/1417/258 759/1418/258 760/1419/259 
f 760/1419/259 755/1420/259 754/1417/258 
s 2
f 743/1397/260 746/1400/261 761/1421/262 
f 761/1421/262 762/1422/263 743/1397/260 
s 1
f 736/1390/264 735/1389/265 763/1423/266 
f 763/1423/266 764/1424/267 736/1390/264 
f 765/1425/268 766/1426/269 767/1427/269 
f 767/1427/269 768/1428/268 765/1425/268 
s 2
f 748/1429/270 747/1430/14 769/1431/14 
f 769/1431/14 770/1432/271 748/1429/270 
s 1
f 739/1393/14 742/1396/272 771/1433/273 
f 771/1433/273 772/1434/14 739/1393/14 
s 4
f 727/1381/274 762/1422/275 761/1421/276 
f 761/1421/276 728/1382/277 727/1381/274 
s 2
f 764/1424/278 763/1423/279 730/1384/280 
f 730/1384/280 729/1383/281 764/1424/278 
f 768/1428/282 767/1427/283 773/1435/284 
f 773/1435/284 774/1436/285 768/1428/282 
s 4
f 770/1432/286 769/1431/287 732/1386/287 
f 732/1386/287 731/1385/288 770/1432/286 
s 2
f 771/1433/289 734/1388/290 733/1387/291 
f 733/1387/291 772/1434/291 771/1433/289 
s 1
f 727/1381/237 730/1384/237 774/1436/292 
f 774/1436/292 775/1437/292 727/1381/237 
f 729/1438/238 728/1439/238 731/1385/239 
f 731/1385/239 734/1388/239 729/1438/238 
s 2
f 737/1440/242 736/1441/241 742/1396/246 
f 742/1396/246 741/1395/245 737/1440/242 
f 776/1442/293 765/1425/294 735/1389/240 
f 735/1389/240 738/1392/243 776/1442/293 
s 1
f 744/1398/248 743/1397/247 777/1443/295 
f 777/1443/295 756/1444/296 744/1398/248 
f 749/1403/253 748/1402/252 746/1445/250 
f 746/1445/250 745/1408/249 749/1403/253 
s 2
f 751/1406/13 744/1405/13 756/1412/13 
f 756/1412/13 755/1411/13 751/1406/13 
f 778/1446/12 749/1403/12 745/1408/12 
f 745/1408/12 752/1407/12 778/1446/12 
s 1
f 757/1414/255 751/1413/255 755/1420/259 
f 755/1420/259 760/1419/259 757/1414/255 
f 779/1447/297 778/1448/297 752/1449/256 
f 752/1449/256 758/1450/256 779/1447/297 
s 2
f 743/1397/260 762/1422/263 780/1451/298 
f 780/1451/298 777/1443/299 743/1397/260 
f 761/1452/262 746/1453/261 748/1429/270 
f 748/1429/270 770/1432/271 761/1452/262 
s 1
f 736/1441/264 764/1454/267 771/1433/273 
f 771/1433/273 742/1396/272 736/1441/264 
f 763/1423/266 735/1389/265 765/1425/268 
f 765/1425/268 768/1428/268 763/1423/266 
s 4
f 762/1422/275 727/1381/274 775/1437/300 
f 775/1437/300 780/1451/301 762/1422/275 
f 728/1439/277 761/1452/276 770/1432/286 
f 770/1432/286 731/1385/288 728/1439/277 
s 2
f 764/1454/278 729/1438/281 734/1388/290 
f 734/1388/290 771/1433/289 764/1454/278 
f 730/1384/280 763/1423/279 768/1428/282 
f 768/1428/282 774/1436/285 730/1384/280 
s 1
f 778/1448/297 779/1447/297 781/1455/36 
f 781/1455/36 782/1456/36 778/1448/297 
s 2
f 779/1457/13 758/1458/13 757/1459/13 
f 757/1459/13 760/1460/12 759/1461/13 
f 779/1457/13 757/1459/13 759/1461/13 
f 781/1462/13 779/1457/13 759/1461/13 
f 783/1463/12 784/1464/13 785/1465/13 
f 759/1461/13 783/1463/12 785/1465/13 
f 781/1462/13 759/1461/13 785/1465/13 
f 781/1462/13 785/1465/13 786/1466/13 
s 1
f 776/1467/16 738/1468/16 737/1469/16 
f 737/1469/16 741/1470/15 740/1471/16 
f 776/1467/16 737/1469/16 740/1471/16 
f 787/1472/16 788/1473/15 789/1474/16 
f 740/1471/16 787/1472/16 789/1474/16 
f 789/1474/16 790/1475/16 791/1476/16 
f 740/1471/16 789/1474/16 791/1476/16 
f 776/1467/16 740/1471/16 791/1476/16 
f 775/1437/292 774/1436/292 773/1435/302 
f 773/1435/302 792/1477/302 775/1437/292 
s 2
f 776/1442/293 791/1478/303 766/1426/304 
f 766/1426/304 765/1425/294 776/1442/293 
f 777/1443/299 780/1451/298 793/1479/305 
f 793/1479/305 794/1480/306 777/1443/299 
s 4
f 780/1451/301 775/1437/300 792/1477/307 
f 792/1477/307 793/1479/308 780/1451/301 
s 1
f 795/1481/309 796/1482/309 797/1483/310 
f 797/1483/310 798/1484/310 795/1481/309 
f 799/1485/311 800/1486/311 801/1487/36 
f 801/1487/36 802/1488/36 799/1485/311 
s 2
f 803/1489/312 790/1490/313 789/1491/314 
f 789/1491/314 804/1492/315 803/1489/312 
f 805/1493/316 806/1494/317 788/1495/318 
f 788/1495/318 787/1496/319 805/1493/316 
s 1
f 807/1497/320 808/1498/321 809/1499/322 
f 809/1499/322 810/1500/323 807/1497/320 
f 753/1501/324 756/1444/296 777/1443/295 
f 777/1443/295 794/1480/325 753/1501/324 
f 811/1502/326 812/1503/327 813/1504/328 
f 813/1504/328 814/1505/329 811/1502/326 
s 2
f 810/1506/13 809/1507/13 815/1508/13 
f 815/1508/13 816/1509/13 810/1506/13 
s 1
f 816/1510/330 815/1511/331 784/1512/331 
f 784/1512/331 783/1513/332 816/1510/330 
s 2
f 807/1497/333 817/1514/334 818/1515/335 
f 818/1515/335 808/1498/336 807/1497/333 
s 1
f 804/1492/337 819/1516/338 820/1517/339 
f 820/1517/339 803/1489/340 804/1492/337 
s 2
f 814/1518/341 821/1519/342 822/1520/36 
f 822/1520/36 811/1521/11 814/1518/341 
s 1
f 805/1493/36 823/1522/36 824/1523/343 
f 824/1523/343 806/1494/344 805/1493/36 
s 4
f 795/1481/345 798/1484/346 818/1515/347 
f 818/1515/347 817/1514/348 795/1481/345 
s 2
f 819/1516/349 797/1483/350 796/1482/351 
f 796/1482/351 820/1517/352 819/1516/349 
s 4
f 821/1519/353 799/1485/354 802/1488/355 
f 802/1488/355 822/1520/355 821/1519/353 
s 2
f 824/1523/356 823/1522/357 801/1487/357 
f 801/1487/357 800/1486/358 824/1523/356 
s 1
f 795/1481/309 792/1477/302 773/1435/302 
f 773/1435/302 796/1482/309 795/1481/309 
f 797/1524/310 800/1486/311 799/1485/311 
f 799/1485/311 798/1525/310 797/1524/310 
s 2
f 789/1526/314 788/1495/318 806/1494/317 
f 806/1494/317 804/1527/315 789/1526/314 
f 791/1478/303 790/1490/313 803/1489/312 
f 803/1489/312 766/1426/304 791/1478/303 
s 1
f 810/1500/323 753/1501/324 794/1480/325 
f 794/1480/325 807/1497/320 810/1500/323 
f 813/1504/328 809/1507/322 808/1528/321 
f 808/1528/321 814/1505/329 813/1504/328 
s 2
f 816/1509/13 754/1410/12 753/1409/13 
f 753/1409/13 810/1506/13 816/1509/13 
f 825/1529/13 815/1508/13 809/1507/13 
f 809/1507/13 813/1504/13 825/1529/13 
s 1
f 783/1513/332 759/1418/258 754/1417/258 
f 754/1417/258 816/1510/330 783/1513/332 
f 785/1530/359 784/1531/331 815/1532/331 
f 815/1532/331 825/1533/359 785/1530/359 
s 2
f 807/1497/333 794/1480/306 793/1479/305 
f 793/1479/305 817/1514/334 807/1497/333 
f 818/1534/335 821/1519/342 814/1518/341 
f 814/1518/341 808/1535/336 818/1534/335 
s 1
f 804/1527/337 806/1494/344 824/1523/343 
f 824/1523/343 819/1536/338 804/1527/337 
f 820/1517/339 767/1427/269 766/1426/269 
f 766/1426/269 803/1489/340 820/1517/339 
s 4
f 817/1514/348 793/1479/308 792/1477/307 
f 792/1477/307 795/1481/345 817/1514/348 
f 798/1525/346 799/1485/354 821/1519/353 
f 821/1519/353 818/1534/347 798/1525/346 
s 2
f 819/1536/349 824/1523/356 800/1486/358 
f 800/1486/358 797/1524/350 819/1536/349 
f 796/1482/351 773/1435/284 767/1427/283 
f 767/1427/283 820/1517/352 796/1482/351 
s 1
f 825/1533/359 826/1537/14 786/1538/14 
f 786/1538/14 785/1530/359 825/1533/359 
s 2
f 825/1529/13 813/1504/13 812/1503/13 
f 812/1503/13 826/1539/12 825/1529/13 
f 750/1404/12 749/1403/12 778/1446/12 
f 778/1446/12 782/1540/12 750/1404/12 
s 1
f 827/1541/361 828/1542/361 829/1543/362 
f 829/1543/362 830/1544/362 827/1541/361 
f 831/1545/363 832/1546/363 833/1547/14 
f 833/1547/14 834/1548/14 831/1545/363 
s 2
f 835/1549/364 836/1550/365 837/1551/366 
f 837/1551/366 838/1552/367 835/1549/364 
f 839/1553/244 840/1554/368 841/1555/369 
f 841/1555/369 842/1556/360 839/1553/244 
s 1
f 843/1557/370 844/1558/371 845/1559/372 
f 845/1559/372 846/1560/373 843/1557/370 
f 847/1561/374 848/1562/375 849/1563/376 
f 849/1563/376 850/1564/377 847/1561/374 
s 2
f 846/1565/12 845/1566/12 851/1567/12 
f 851/1567/12 852/1568/12 846/1565/12 
f 853/1569/12 854/1570/12 855/1571/12 
f 855/1571/12 856/1572/12 853/1569/12 
s 1
f 852/1573/378 851/1574/379 857/1575/379 
f 857/1575/379 858/1576/378 852/1573/378 
f 856/1577/380 855/1578/381 859/1579/381 
f 859/1579/381 860/1580/380 856/1577/380 
s 2
f 843/1557/382 861/1581/383 862/1582/384 
f 862/1582/384 844/1558/385 843/1557/382 
s 1
f 838/1552/386 863/1583/387 864/1584/388 
f 864/1584/388 835/1549/389 838/1552/386 
f 865/1585/390 866/1586/390 867/1587/391 
f 867/1587/391 868/1588/391 865/1585/390 
s 2
f 850/1589/392 869/1590/393 870/1591/14 
f 870/1591/14 847/1592/14 850/1589/392 
s 1
f 839/1553/14 871/1593/14 872/1594/394 
f 872/1594/394 840/1554/359 839/1553/14 
s 4
f 827/1541/395 830/1544/396 862/1582/397 
f 862/1582/397 861/1581/398 827/1541/395 
s 2
f 863/1583/399 829/1543/400 828/1542/401 
f 828/1542/401 864/1584/402 863/1583/399 
f 866/1586/403 873/1595/404 874/1596/405 
f 874/1596/405 867/1587/406 866/1586/403 
s 4
f 869/1590/407 831/1545/408 834/1548/287 
f 834/1548/287 870/1591/287 869/1590/407 
s 2
f 872/1594/409 871/1593/291 833/1547/291 
f 833/1547/291 832/1546/410 872/1594/409 
s 1
f 827/1541/361 875/1597/411 873/1595/411 
f 873/1595/411 828/1542/361 827/1541/361 
f 829/1598/362 832/1546/363 831/1545/363 
f 831/1545/363 830/1599/362 829/1598/362 
s 2
f 837/1600/366 841/1555/369 840/1554/368 
f 840/1554/368 838/1601/367 837/1600/366 
f 876/1602/412 836/1550/365 835/1549/364 
f 835/1549/364 865/1585/413 876/1602/412 
s 1
f 846/1560/373 854/1603/414 877/1604/415 
f 877/1604/415 843/1557/370 846/1560/373 
f 849/1563/376 845/1566/372 844/1605/371 
f 844/1605/371 850/1564/377 849/1563/376 
s 2
f 852/1568/12 855/1571/12 854/1570/12 
f 854/1570/12 846/1565/12 852/1568/12 
f 878/1606/13 851/1567/12 845/1566/12 
f 845/1566/12 849/1563/13 878/1606/13 
s 1
f 858/1576/378 859/1579/381 855/1578/381 
f 855/1578/381 852/1573/378 858/1576/378 
f 879/1607/344 857/1608/379 851/1609/379 
f 851/1609/379 878/1610/344 879/1607/344 
s 2
f 843/1557/382 877/1604/416 880/1611/417 
f 880/1611/417 861/1581/383 843/1557/382 
f 862/1612/384 869/1590/393 850/1589/392 
f 850/1589/392 844/1613/385 862/1612/384 
s 1
f 838/1601/386 840/1554/359 872/1594/394 
f 872/1594/394 863/1614/387 838/1601/386 
f 864/1584/388 866/1586/390 865/1585/390 
f 865/1585/390 835/1549/389 864/1584/388 
s 4
f 861/1581/398 880/1611/418 875/1597/419 
f 875/1597/419 827/1541/395 861/1581/398 
f 830/1599/396 831/1545/408 869/1590/407 
f 869/1590/407 862/1612/397 830/1599/396 
s 2
f 863/1614/399 872/1594/409 832/1546/410 
f 832/1546/410 829/1598/400 863/1614/399 
f 828/1542/401 873/1595/404 866/1586/403 
f 866/1586/403 864/1584/402 828/1542/401 
s 1
f 878/1610/344 881/1615/36 882/1616/36 
f 882/1616/36 879/1607/344 878/1610/344 
s 2
f 882/1617/12 883/1618/12 884/1619/12 
f 884/1619/12 885/1620/13 886/1621/12 
f 884/1619/12 886/1621/12 860/1622/13 
f 882/1617/12 884/1619/12 860/1622/13 
f 860/1622/13 859/1623/13 858/1624/12 
f 858/1624/12 857/1625/12 879/1626/12 
f 860/1622/13 858/1624/12 879/1626/12 
f 882/1617/12 860/1622/13 879/1626/12 
s 1
f 887/1627/15 888/1628/15 889/1629/15 
f 889/1629/15 890/1630/15 891/1631/15 
f 889/1629/15 891/1631/15 842/1632/15 
f 887/1627/15 889/1629/15 842/1632/15 
f 876/1633/15 887/1627/15 842/1632/15 
f 842/1632/15 841/1634/61 837/1635/61 
f 876/1633/15 842/1632/15 837/1635/61 
f 876/1633/15 837/1635/61 836/1636/15 
f 875/1597/411 892/1637/420 874/1596/420 
f 874/1596/420 873/1595/411 875/1597/411 
s 2
f 876/1602/412 865/1585/413 868/1588/421 
f 868/1588/421 887/1638/422 876/1602/412 
f 877/1604/416 893/1639/423 894/1640/424 
f 894/1640/424 880/1611/417 877/1604/416 
s 4
f 880/1611/418 894/1640/425 892/1637/426 
f 892/1637/426 875/1597/419 880/1611/418 
s 1
f 895/1641/427 896/1642/428 897/1643/428 
f 897/1643/428 898/1644/427 895/1641/427 
f 899/1645/429 900/1646/11 901/1647/36 
f 901/1647/36 902/1648/429 899/1645/429 
s 2
f 903/1649/430 904/1650/431 889/1651/432 
f 889/1651/432 888/1652/433 903/1649/430 
f 905/1653/316 891/1654/316 890/1655/434 
f 890/1655/434 906/1656/435 905/1653/316 
s 1
f 907/1657/436 908/1658/437 909/1659/438 
f 909/1659/438 910/1660/439 907/1657/436 
f 853/1661/440 893/1639/441 877/1604/415 
f 877/1604/415 854/1603/414 853/1661/440 
f 911/1662/442 912/1663/443 913/1664/444 
f 913/1664/444 914/1665/445 911/1662/442 
s 2
f 908/1666/12 915/1667/12 916/1668/13 
f 916/1668/13 909/1669/13 908/1666/12 
s 1
f 915/1670/446 886/1671/446 885/1672/447 
f 885/1672/447 916/1673/447 915/1670/446 
s 2
f 907/1657/448 910/1660/449 917/1674/450 
f 917/1674/450 918/1675/451 907/1657/448 
s 1
f 904/1650/452 903/1649/453 919/1676/454 
f 919/1676/454 920/1677/455 904/1650/452 
s 2
f 912/1678/456 911/1679/36 921/1680/36 
f 921/1680/36 922/1681/457 912/1678/456 
s 1
f 905/1653/11 906/1656/458 923/1682/459 
f 923/1682/459 924/1683/11 905/1653/11 
s 4
f 895/1641/460 918/1675/461 917/1674/462 
f 917/1674/462 896/1642/463 895/1641/460 
s 2
f 920/1677/464 919/1676/465 898/1644/466 
f 898/1644/466 897/1643/467 920/1677/464 
s 4
f 922/1681/468 921/1680/469 900/1646/469 
f 900/1646/469 899/1645/470 922/1681/468 
s 2
f 923/1682/471 902/1648/472 901/1647/357 
f 901/1647/357 924/1683/473 923/1682/471 
s 1
f 895/1641/427 898/1644/427 874/1596/420 
f 874/1596/420 892/1637/420 895/1641/427 
f 897/1684/428 896/1685/428 899/1645/429 
f 899/1645/429 902/1648/429 897/1684/428 
s 2
f 889/1686/432 904/1687/431 906/1656/435 
f 906/1656/435 890/1655/434 889/1686/432 
f 887/1638/422 868/1588/421 903/1649/430 
f 903/1649/430 888/1652/433 887/1638/422 
s 1
f 908/1658/437 907/1657/436 893/1639/441 
f 893/1639/441 853/1661/440 908/1658/437 
f 913/1664/444 912/1663/443 910/1688/439 
f 910/1688/439 909/1669/438 913/1664/444 
s 2
f 915/1667/12 908/1666/12 853/1569/12 
f 853/1569/12 856/1572/12 915/1667/12 
f 925/1689/12 913/1664/12 909/1669/13 
f 909/1669/13 916/1668/13 925/1689/12 
s 1
f 886/1671/446 915/1670/446 856/1577/380 
f 856/1577/380 860/1580/380 886/1671/446 
f 884/1690/272 925/1691/272 916/1692/447 
f 916/1692/447 885/1693/447 884/1690/272 
s 2
f 907/1657/448 918/1675/451 894/1640/424 
f 894/1640/424 893/1639/423 907/1657/448 
f 917/1694/450 910/1695/449 912/1678/456 
f 912/1678/456 922/1681/457 917/1694/450 
s 1
f 904/1687/452 920/1696/455 923/1682/459 
f 923/1682/459 906/1656/458 904/1687/452 
f 919/1676/454 903/1649/453 868/1588/391 
f 868/1588/391 867/1587/391 919/1676/454 
s 4
f 918/1675/461 895/1641/460 892/1637/426 
f 892/1637/426 894/1640/425 918/1675/461 
f 896/1685/463 917/1694/462 922/1681/468 
f 922/1681/468 899/1645/470 896/1685/463 
s 2
f 920/1696/464 897/1684/467 902/1648/472 
f 902/1648/472 923/1682/471 920/1696/464 
f 898/1644/466 919/1676/465 867/1587/406 
f 867/1587/406 874/1596/405 898/1644/466 
s 1
f 925/1691/272 884/1690/272 883/1697/25 
f 883/1697/25 926/1698/14 925/1691/272 
s 2
f 925/1689/12 926/1699/13 914/1665/12 
f 914/1665/12 913/1664/12 925/1689/12 
f 848/1562/13 881/1700/12 878/1606/13 
f 878/1606/13 849/1563/13 848/1562/13 
s 1
f 927/1701/361 928/1702/361 929/1703/362 
f 929/1703/362 930/1704/362 927/1701/361 
f 931/1705/363 932/1706/363 933/1707/14 
f 933/1707/14 934/1708/14 931/1705/363 
s 2
f 935/1709/364 936/1710/365 937/1711/366 
f 937/1711/366 938/1712/367 935/1709/364 
f 939/1713/244 940/1714/368 941/1715/369 
f 941/1715/369 942/1716/244 939/1713/244 
s 1
f 943/1717/370 944/1718/371 945/1719/372 
f 945/1719/372 946/1720/373 943/1717/370 
f 947/1721/374 948/1722/375 949/1723/376 
f 949/1723/376 950/1724/377 947/1721/374 
s 2
f 946/1725/12 945/1726/12 951/1727/12 
f 951/1727/12 952/1728/12 946/1725/12 
f 953/1729/12 954/1730/12 955/1731/12 
f 955/1731/12 956/1732/12 953/1729/12 
s 1
f 952/1733/378 951/1734/379 957/1735/379 
f 957/1735/379 958/1736/378 952/1733/378 
f 956/1737/474 955/1738/381 959/1739/381 
f 959/1739/381 960/1740/474 956/1737/474 
s 2
f 943/1717/382 961/1741/383 962/1742/384 
f 962/1742/384 944/1718/385 943/1717/382 
s 1
f 938/1712/386 963/1743/387 964/1744/388 
f 964/1744/388 935/1709/389 938/1712/386 
f 965/1745/390 966/1746/390 967/1747/391 
f 967/1747/391 968/1748/391 965/1745/390 
s 2
f 950/1749/392 969/1750/475 970/1751/32 
f 970/1751/32 947/1752/32 950/1749/392 
s 1
f 939/1713/25 971/1753/14 972/1754/394 
f 972/1754/394 940/1714/359 939/1713/25 
s 4
f 927/1701/395 930/1704/396 962/1742/397 
f 962/1742/397 961/1741/398 927/1701/395 
s 2
f 963/1743/399 929/1703/400 928/1702/401 
f 928/1702/401 964/1744/402 963/1743/399 
f 966/1746/403 973/1755/404 974/1756/405 
f 974/1756/405 967/1747/406 966/1746/403 
s 4
f 969/1750/407 931/1705/408 934/1708/287 
f 934/1708/287 970/1751/287 969/1750/407 
s 2
f 972/1754/409 971/1753/291 933/1707/291 
f 933/1707/291 932/1706/410 972/1754/409 
s 1
f 927/1701/361 975/1757/411 973/1755/411 
f 973/1755/411 928/1702/361 927/1701/361 
f 929/1758/362 932/1706/363 931/1705/363 
f 931/1705/363 930/1759/362 929/1758/362 
s 2
f 937/1760/366 941/1715/369 940/1714/368 
f 940/1714/368 938/1761/367 937/1760/366 
f 976/1762/412 936/1710/365 935/1709/364 
f 935/1709/364 965/1745/413 976/1762/412 
s 1
f 946/1720/373 954/1763/414 977/1764/415 
f 977/1764/415 943/1717/370 946/1720/373 
f 949/1723/376 945/1726/372 944/1765/371 
f 944/1765/371 950/1724/377 949/1723/376 
s 2
f 952/1728/12 955/1731/12 954/1730/12 
f 954/1730/12 946/1725/12 952/1728/12 
f 978/1766/13 951/1727/12 945/1726/12 
f 945/1726/12 949/1723/13 978/1766/13 
s 1
f 958/1736/378 959/1739/381 955/1738/381 
f 955/1738/381 952/1733/378 958/1736/378 
f 979/1767/344 957/1768/379 951/1769/379 
f 951/1769/379 978/1770/344 979/1767/344 
s 2
f 943/1717/382 977/1764/416 980/1771/417 
f 980/1771/417 961/1741/383 943/1717/382 
f 962/1772/384 969/1750/475 950/1749/392 
f 950/1749/392 944/1773/385 962/1772/384 
s 1
f 938/1761/386 940/1714/359 972/1754/394 
f 972/1754/394 963/1774/387 938/1761/386 
f 964/1744/388 966/1746/390 965/1745/390 
f 965/1745/390 935/1709/389 964/1744/388 
s 4
f 961/1741/398 980/1771/418 975/1757/419 
f 975/1757/419 927/1701/395 961/1741/398 
f 930/1759/396 931/1705/408 969/1750/407 
f 969/1750/407 962/1772/397 930/1759/396 
s 2
f 963/1774/399 972/1754/409 932/1706/410 
f 932/1706/410 929/1758/400 963/1774/399 
f 928/1702/401 973/1755/404 966/1746/403 
f 966/1746/403 964/1744/402 928/1702/401 
s 1
f 978/1770/344 981/1775/36 982/1776/36 
f 982/1776/36 979/1767/344 978/1770/344 
s 2
f 982/1777/12 983/1778/12 984/1779/12 
f 984/1779/12 985/1780/13 986/1781/12 
f 984/1779/12 986/1781/12 960/1782/12 
f 982/1777/12 984/1779/12 960/1782/12 
f 960/1782/12 959/1783/13 958/1784/13 
f 958/1784/13 957/1785/12 979/1786/12 
f 960/1782/12 958/1784/13 979/1786/12 
f 982/1777/12 960/1782/12 979/1786/12 
s 1
f 987/1787/15 988/1788/15 989/1789/15 
f 989/1789/15 990/1790/15 991/1791/15 
f 989/1789/15 991/1791/15 942/1792/15 
f 987/1787/15 989/1789/15 942/1792/15 
f 976/1793/15 987/1787/15 942/1792/15 
f 942/1792/15 941/1794/61 937/1795/61 
f 976/1793/15 942/1792/15 937/1795/61 
f 976/1793/15 937/1795/61 936/1796/15 
f 975/1757/411 992/1797/476 974/1756/476 
f 974/1756/476 973/1755/411 975/1757/411 
s 2
f 976/1762/412 965/1745/413 968/1748/421 
f 968/1748/421 987/1798/422 976/1762/412 
f 977/1764/416 993/1799/423 994/1800/424 
f 994/1800/424 980/1771/417 977/1764/416 
s 4
f 980/1771/418 994/1800/425 992/1797/426 
f 992/1797/426 975/1757/419 980/1771/418 
s 1
f 995/1801/427 996/1802/428 997/1803/428 
f 997/1803/428 998/1804/427 995/1801/427 
f 999/1805/429 1000/1806/11 1001/1807/36 
f 1001/1807/36 1002/1808/429 999/1805/429 
s 2
f 1003/1809/430 1004/1810/431 989/1811/432 
f 989/1811/432 988/1812/433 1003/1809/430 
f 1005/1813/316 991/1814/316 990/1815/434 
f 990/1815/434 1006/1816/435 1005/1813/316 
s 1
f 1007/1817/436 1008/1818/437 1009/1819/438 
f 1009/1819/438 1010/1820/439 1007/1817/436 
f 953/1821/440 993/1799/441 977/1764/415 
f 977/1764/415 954/1763/414 953/1821/440 
f 1011/1822/442 1012/1823/443 1013/1824/444 
f 1013/1824/444 1014/1825/445 1011/1822/442 
s 2
f 1008/1826/12 1015/1827/12 1016/1828/13 
f 1016/1828/13 1009/1829/13 1008/1826/12 
s 1
f 1015/1830/446 986/1831/446 985/1832/447 
f 985/1832/447 1016/1833/447 1015/1830/446 
s 2
f 1007/1817/448 1010/1820/449 1017/1834/450 
f 1017/1834/450 1018/1835/451 1007/1817/448 
s 1
f 1004/1810/452 1003/1809/453 1019/1836/454 
f 1019/1836/454 1020/1837/455 1004/1810/452 
s 2
f 1012/1838/456 1011/1839/36 1021/1840/36 
f 1021/1840/36 1022/1841/457 1012/1838/456 
s 1
f 1005/1813/11 1006/1816/297 1023/1842/459 
f 1023/1842/459 1024/1843/11 1005/1813/11 
s 4
f 995/1801/460 1018/1835/461 1017/1834/462 
f 1017/1834/462 996/1802/463 995/1801/460 
s 2
f 1020/1837/464 1019/1836/465 998/1804/466 
f 998/1804/466 997/1803/467 1020/1837/464 
s 4
f 1022/1841/468 1021/1840/469 1000/1806/469 
f 1000/1806/469 999/1805/470 1022/1841/468 
s 2
f 1023/1842/471 1002/1808/472 1001/1807/357 
f 1001/1807/357 1024/1843/473 1023/1842/471 
s 1
f 995/1801/427 998/1804/427 974/1756/476 
f 974/1756/476 992/1797/476 995/1801/427 
f 997/1844/428 996/1845/428 999/1805/429 
f 999/1805/429 1002/1808/429 997/1844/428 
s 2
f 989/1846/432 1004/1847/431 1006/1816/435 
f 1006/1816/435 990/1815/434 989/1846/432 
f 987/1798/422 968/1748/421 1003/1809/430 
f 1003/1809/430 988/1812/433 987/1798/422 
s 1
f 1008/1818/437 1007/1817/436 993/1799/441 
f 993/1799/441 953/1821/440 1008/1818/437 
f 1013/1824/444 1012/1823/443 1010/1848/439 
f 1010/1848/439 1009/1829/438 1013/1824/444 
s 2
f 1015/1827/12 1008/1826/12 953/1729/12 
f 953/1729/12 956/1732/12 1015/1827/12 
f 1025/1849/12 1013/1824/12 1009/1829/13 
f 1009/1829/13 1016/1828/13 1025/1849/12 
s 1
f 986/1831/446 1015/1830/446 956/1737/474 
f 956/1737/474 960/1740/474 986/1831/446 
f 984/1850/272 1025/1851/272 1016/1852/447 
f 1016/1852/447 985/1853/447 984/1850/272 
s 2
f 1007/1817/448 1018/1835/451 994/1800/424 
f 994/1800/424 993/1799/423 1007/1817/448 
f 1017/1854/450 1010/1855/449 1012/1838/456 
f 1012/1838/456 1022/1841/457 1017/1854/450 
s 1
f 1004/1847/452 1020/1856/455 1023/1842/459 
f 1023/1842/459 1006/1816/297 1004/1847/452 
f 1019/1836/454 1003/1809/453 968/1748/391 
f 968/1748/391 967/1747/391 1019/1836/454 
s 4
f 1018/1835/461 995/1801/460 992/1797/426 
f 992/1797/426 994/1800/425 1018/1835/461 
f 996/1845/463 1017/1854/462 1022/1841/468 
f 1022/1841/468 999/1805/470 996/1845/463 
s 2
f 1020/1856/464 997/1844/467 1002/1808/472 
f 1002/1808/472 1023/1842/471 1020/1856/464 
f 998/1804/466 1019/1836/465 967/1747/406 
f 967/1747/406 974/1756/405 998/1804/466 
s 1
f 1025/1851/272 984/1850/272 983/1857/14 
f 983/1857/14 1026/1858/14 1025/1851/272 
s 2
f 1025/1849/12 1026/1859/12 1014/1825/12 
f 1014/1825/12 1013/1824/12 1025/1849/12 
f 948/1722/13 981/1860/12 978/1766/13 
f 978/1766/13 949/1723/13 948/1722/13 
s 1
f 1027/1861/13 1028/1862/13 1029/1863/13 
f 1029/1863/13 1030/1864/13 1027/1861/13 
f 1031/1865/477 1032/1866/478 1033/1867/479 
f 1033/1867/479 1034/1868/477 1031/1865/477 
f 1035/1869/16 1036/1870/480 1037/1871/481 
f 1037/1871/481 1038/1872/482 1035/1869/16 
f 1039/1873/483 1040/1874/484 1041/1875/485 
f 1041/1875/485 1042/1876/486 1039/1873/483 
s 2
f 1043/1877/487 1027/1861/487 1030/1864/487 
f 1030/1864/487 1044/1878/487 1043/1877/487 
s 1
f 1045/1879/488 1046/1880/489 1047/1881/490 
f 1047/1881/490 1048/1882/491 1045/1879/488 
s 4
f 1049/1883/492 1028/1862/493 1027/1861/494 
f 1027/1861/494 1043/1877/495 1049/1883/492 
s 2
f 1050/1884/16 1051/1885/15 1048/1886/15 
f 1052/1887/15 1050/1884/16 1048/1886/15 
f 1047/1888/15 1052/1887/15 1048/1886/15 
f 1053/1889/16 1042/1876/16 1041/1875/16 
f 1050/1884/16 1053/1889/16 1041/1875/16 
f 1051/1885/15 1050/1884/16 1041/1875/16 
s 1
f 1043/1877/13 1044/1878/13 1054/1890/12 
f 1054/1890/12 1055/1891/12 1043/1877/13 
f 1043/1877/13 1055/1891/12 1056/1892/13 
f 1056/1892/13 1049/1883/13 1043/1877/13 
f 1057/1893/496 1058/1894/497 1059/1895/498 
f 1059/1895/498 1060/1896/498 1057/1893/496 
s 2
f 1050/1884/16 1061/1897/16 1053/1889/16 
s 1
f 1054/1890/12 1062/1898/12 1055/1891/12 
f 1040/1874/484 1037/1871/481 1045/1899/488 
s 2
f 1041/1875/16 1048/1886/15 1051/1885/15 
f 1058/1894/499 1034/1868/500 1055/1900/501 
s 4
f 1031/1865/502 1050/1901/503 1052/1902/504 
f 1052/1902/504 1032/1866/504 1031/1865/502 
s 1
f 1034/1868/477 1058/1894/497 1057/1893/496 
f 1057/1893/496 1031/1865/477 1034/1868/477 
s 2
f 1033/1903/505 1056/1892/505 1055/1891/501 
f 1055/1891/501 1034/1904/500 1033/1903/505 
s 1
f 1037/1871/481 1040/1874/484 1039/1873/483 
f 1039/1873/483 1038/1872/482 1037/1871/481 
f 1036/1905/480 1046/1880/489 1045/1879/488 
f 1045/1879/488 1037/1906/481 1036/1905/480 
f 1040/1874/484 1045/1899/488 1048/1886/491 
f 1048/1886/491 1041/1875/485 1040/1874/484 
s 4
f 1060/1907/506 1061/1897/506 1050/1884/503 
f 1050/1884/503 1057/1908/507 1060/1907/506 
s 2
f 1058/1909/499 1055/1891/501 1062/1898/508 
f 1062/1898/508 1059/1910/508 1058/1909/499 
s 4
f 1050/1901/503 1031/1865/502 1057/1893/507 
s 1
f 1063/1911/12 1064/1912/12 1065/1913/12 
f 1065/1913/12 1066/1914/12 1063/1911/12 
f 1067/1915/509 1068/1916/509 1069/1917/510 
f 1069/1917/510 1070/1918/510 1067/1915/509 
f 1071/1919/15 1072/1920/511 1073/1921/512 
f 1073/1921/512 1074/1922/513 1071/1919/15 
f 1075/1923/514 1076/1924/515 1077/1925/516 
f 1077/1925/516 1078/1926/517 1075/1923/514 
s 2
f 1079/1927/518 1080/1928/518 1064/1912/518 
f 1064/1912/518 1063/1911/518 1079/1927/518 
s 1
f 1081/1929/519 1082/1930/520 1083/1931/521 
f 1083/1931/521 1084/1932/522 1081/1929/519 
s 4
f 1085/1933/523 1079/1927/524 1063/1911/525 
f 1063/1911/525 1066/1914/526 1085/1933/523 
s 2
f 1082/1934/16 1086/1935/16 1087/1936/16 
f 1082/1934/16 1087/1936/16 1088/1937/16 
f 1083/1938/15 1082/1934/16 1088/1937/16 
f 1077/1925/15 1076/1924/15 1089/1939/15 
f 1077/1925/15 1089/1939/15 1087/1936/16 
f 1086/1935/16 1077/1925/15 1087/1936/16 
s 1
f 1079/1927/13 1090/1940/13 1091/1941/13 
f 1091/1941/13 1080/1928/12 1079/1927/13 
f 1079/1927/13 1085/1933/12 1092/1942/13 
f 1092/1942/13 1090/1940/13 1079/1927/13 
f 1093/1943/527 1094/1944/528 1095/1945/528 
f 1095/1945/528 1096/1946/527 1093/1943/527 
s 2
f 1087/1936/16 1089/1939/15 1097/1947/15 
s 1
f 1091/1941/13 1090/1940/13 1098/1948/13 
f 1078/1926/517 1081/1949/519 1073/1921/512 
s 2
f 1077/1925/15 1086/1935/16 1082/1934/16 
f 1096/1946/529 1090/1950/530 1068/1916/531 
s 4
f 1067/1915/532 1070/1918/533 1088/1951/533 
f 1088/1951/533 1087/1952/534 1067/1915/532 
s 1
f 1068/1916/509 1067/1915/509 1093/1943/527 
f 1093/1943/527 1096/1946/527 1068/1916/509 
s 2
f 1069/1953/535 1068/1954/531 1090/1940/530 
f 1090/1940/530 1092/1942/535 1069/1953/535 
s 1
f 1073/1921/512 1072/1920/511 1075/1923/514 
f 1075/1923/514 1078/1926/517 1073/1921/512 
f 1074/1955/513 1073/1956/512 1081/1929/519 
f 1081/1929/519 1084/1932/522 1074/1955/513 
f 1078/1926/517 1077/1925/516 1082/1934/520 
f 1082/1934/520 1081/1949/519 1078/1926/517 
s 4
f 1094/1957/536 1093/1958/537 1087/1936/534 
f 1087/1936/534 1097/1947/536 1094/1957/536 
s 2
f 1096/1959/529 1095/1960/538 1098/1948/538 
f 1098/1948/538 1090/1940/530 1096/1959/529 
s 4
f 1087/1952/534 1093/1943/537 1067/1915/532 
s 1
f 1099/1961/539 1100/1962/540 1101/1963/541 
f 1101/1963/541 1102/1964/542 1099/1961/539 
f 1103/1965/543 1104/1966/544 1102/1964/542 
f 1102/1964/542 1101/1963/541 1103/1965/543 
f 1105/1967/13 1106/1968/13 1107/1969/13 
f 1107/1969/13 1108/1970/12 1105/1967/13 
f 1109/1971/16 1110/1972/16 1111/1973/16 
f 1111/1973/16 1112/1974/16 1109/1971/16 
s 2
f 1102/1975/545 1111/1973/546 1110/1972/547 
f 1110/1972/547 1099/1976/547 1102/1975/545 
f 1100/1977/548 1108/1970/548 1107/1969/549 
f 1107/1969/549 1101/1978/550 1100/1977/548 
f 1101/1978/550 1107/1969/549 1106/1968/551 
f 1106/1968/551 1103/1979/552 1101/1978/550 
f 1111/1973/546 1102/1975/545 1104/1980/553 
f 1104/1980/553 1112/1974/554 1111/1973/546 
s 1
f 1113/1981/555 1114/1982/556 1115/1983/557 
f 1115/1983/557 1116/1984/558 1113/1981/555 
f 1117/1985/559 1115/1983/557 1114/1982/556 
f 1114/1982/556 1118/1986/560 1117/1985/559 
f 1119/1987/12 1120/1988/13 1121/1989/12 
f 1121/1989/12 1122/1990/12 1119/1987/12 
f 1123/1991/15 1124/1992/15 1125/1993/15 
f 1125/1993/15 1126/1994/15 1123/1991/15 
s 2
f 1114/1995/561 1113/1996/562 1126/1994/562 
f 1126/1994/562 1125/1993/563 1114/1995/561 
f 1116/1997/564 1115/1998/565 1121/1989/566 
f 1121/1989/566 1120/1988/564 1116/1997/564 
f 1115/1998/565 1117/1999/567 1122/1990/568 
f 1122/1990/568 1121/1989/566 1115/1998/565 
f 1125/1993/563 1124/1992/569 1118/2000/570 
f 1118/2000/570 1114/1995/561 1125/1993/563 
s 1
f 1127/2001/571 1128/2002/572 1129/2003/573 
f 1129/2003/573 1130/2004/574 1127/2001/571 
f 1130/2004/574 1131/2005/575 1132/2006/576 
f 1132/2006/576 1133/2007/577 1127/2001/571 
f 1127/2001/571 1130/2004/574 1132/2006/576 
f 1130/2004/574 1129/2003/573 1134/2008/578 
f 1134/2008/578 1131/2005/575 1130/2004/574 
f 1135/2009/579 1133/2007/577 1132/2006/576 
f 1132/2006/576 1136/2010/580 1135/2009/579 
f 1131/2011/575 1134/2012/578 1137/2013/581 
f 1137/2013/581 1138/2014/582 1131/2011/575 
f 1132/2015/576 1131/2011/575 1138/2014/582 
f 1138/2014/582 1136/2016/580 1132/2015/576 
f 1139/2017/583 1140/2018/584 1141/2019/585 
f 1141/2019/585 1142/2020/586 1139/2017/583 
f 1143/2021/587 1144/2022/588 1145/2023/589 
f 1145/2023/589 1146/2024/590 1143/2021/587 
s 2
f 1129/2003/61 1128/2002/579 1147/2025/61 
f 1129/2003/61 1147/2025/61 1148/2026/61 
f 1149/2027/61 1129/2003/61 1148/2026/61 
f 1140/2018/591 1150/2028/592 1151/2029/592 
f 1140/2018/591 1151/2029/592 1152/2030/591 
f 1141/2019/592 1140/2018/591 1152/2030/591 
f 1146/2024/592 1145/2023/592 1153/2031/592 
f 1146/2024/592 1153/2031/592 1151/2029/592 
f 1150/2028/592 1146/2024/592 1151/2029/592 
f 1129/2003/61 1149/2027/61 1134/2008/579 
s 4
f 1154/2032/593 1155/2033/594 1156/2034/595 
f 1156/2034/595 1148/2035/596 1154/2032/593 
s 1
f 1157/2036/59 1158/2037/59 1159/2038/59 
f 1159/2038/59 1160/2039/59 1157/2036/59 
s 8
f 1148/2035/597 1151/2040/598 1161/2041/597 
f 1161/2041/597 1154/2032/597 1148/2035/597 
s 1
f 1162/2042/49 1163/2043/49 1164/2044/49 
f 1164/2044/49 1165/2045/49 1162/2042/49 
f 1147/2025/599 1166/2046/599 1167/2047/600 
f 1167/2047/600 1148/2026/600 1147/2025/599 
s 4
f 1152/2048/601 1168/2049/602 1166/2050/602 
f 1166/2050/602 1147/2051/601 1152/2048/601 
s 1
f 1151/2029/603 1169/2052/604 1168/2053/603 
f 1168/2053/603 1152/2030/603 1151/2029/603 
s 16
f 1148/2035/605 1167/2054/605 1169/2055/605 
f 1169/2055/605 1151/2040/605 1148/2035/605 
s 8
f 1147/2051/606 1128/2056/606 1164/2044/606 
f 1164/2044/606 1163/2043/606 1147/2051/606 
s 4
f 1128/2056/607 1141/2057/607 1165/2045/607 
f 1165/2045/607 1164/2044/607 1128/2056/607 
s 8
f 1141/2057/608 1152/2048/609 1162/2042/609 
f 1162/2042/609 1165/2045/608 1141/2057/608 
s 4
f 1152/2048/601 1147/2051/601 1163/2043/610 
f 1163/2043/610 1162/2042/610 1152/2048/601 
s 2
f 1170/2058/611 1159/2059/612 1158/2060/612 
f 1158/2060/612 1171/2061/613 1170/2058/611 
s 8
f 1172/2062/614 1160/2063/615 1159/2064/615 
f 1159/2064/615 1170/2065/614 1172/2062/614 
s 2
f 1173/2066/616 1157/2067/617 1160/2068/617 
f 1160/2068/617 1172/2069/618 1173/2066/616 
s 4
f 1171/2070/619 1158/2071/620 1157/2072/620 
f 1157/2072/620 1173/2073/619 1171/2070/619 
s 2
f 1170/2074/611 1171/2075/613 1167/2047/621 
f 1167/2047/621 1166/2046/621 1170/2074/611 
s 8
f 1172/2069/614 1170/2074/614 1166/2046/622 
f 1166/2046/622 1168/2076/622 1172/2069/614 
s 2
f 1173/2066/616 1172/2069/618 1168/2076/623 
f 1168/2076/623 1169/2077/623 1173/2066/616 
s 4
f 1171/2075/619 1173/2066/619 1169/2077/624 
f 1169/2077/624 1167/2047/624 1171/2075/619 
s 1
f 1143/2021/587 1139/2017/583 1174/2078/625 
s 2
f 1146/2024/592 1150/2028/592 1140/2018/591 
s 1
f 1174/2078/625 1175/2079/626 1144/2022/588 
f 1144/2022/588 1143/2021/587 1174/2078/625 
f 1176/2080/627 1174/2078/625 1139/2017/583 
f 1139/2017/583 1142/2020/586 1176/2080/627 
f 1140/2018/584 1139/2017/583 1143/2021/587 
f 1143/2021/587 1146/2024/590 1140/2018/584 
f 1174/2078/625 1176/2080/627 1177/2081/592 
f 1177/2081/592 1175/2079/626 1174/2078/625 
f 1154/2032/628 1161/2041/628 1178/2082/628 
f 1178/2082/628 1155/2033/629 1154/2032/628 
s 2
f 1149/2027/61 1148/2026/61 1156/2083/579 
f 1134/2008/579 1149/2027/61 1156/2083/579 
f 1137/2084/579 1134/2008/579 1156/2083/579 
s 4
f 1161/2041/630 1151/2040/631 1153/2085/632 
f 1153/2085/632 1178/2082/633 1161/2041/630 
s 1
f 1179/2086/634 1180/2087/635 1181/2088/636 
f 1179/2086/634 1182/2089/637 1183/2090/638 
f 1179/2086/634 1183/2090/638 1184/2091/639 
f 1184/2091/639 1180/2087/635 1179/2086/634 
f 1185/2092/579 1186/2093/640 1182/2089/637 
f 1183/2094/638 1187/2095/641 1188/2096/642 
f 1188/2096/642 1184/2097/639 1183/2094/638 
f 1182/2089/637 1186/2093/640 1187/2098/641 
f 1187/2098/641 1183/2090/638 1182/2089/637 
f 1189/2099/643 1190/2100/586 1191/2101/585 
f 1191/2101/585 1192/2102/644 1189/2099/643 
f 1193/2103/645 1194/2104/646 1195/2105/647 
f 1195/2105/647 1196/2106/648 1193/2103/645 
s 2
f 1197/2107/61 1181/2088/61 1180/2087/61 
f 1198/2108/61 1197/2107/61 1180/2087/61 
f 1199/2109/61 1198/2108/61 1180/2087/61 
f 1200/2110/592 1201/2111/592 1192/2102/592 
f 1202/2112/592 1200/2110/592 1192/2102/592 
f 1191/2101/592 1202/2112/592 1192/2102/592 
f 1203/2113/592 1195/2105/592 1194/2104/592 
f 1200/2110/592 1203/2113/592 1194/2104/592 
f 1201/2111/592 1200/2110/592 1194/2104/592 
f 1180/2087/61 1184/2091/579 1199/2109/61 
s 4
f 1204/2114/649 1198/2115/650 1205/2116/651 
f 1205/2116/651 1206/2117/652 1204/2114/649 
s 1
f 1207/2118/32 1208/2119/32 1209/2120/32 
f 1209/2120/32 1210/2121/59 1207/2118/32 
s 8
f 1198/2115/653 1204/2114/653 1211/2122/653 
f 1211/2122/653 1200/2123/653 1198/2115/653 
s 1
f 1212/2124/28 1213/2125/28 1214/2126/28 
f 1214/2126/28 1215/2127/28 1212/2124/28 
f 1197/2107/599 1198/2108/599 1216/2128/599 
f 1216/2128/599 1217/2129/599 1197/2107/599 
s 4
f 1202/2130/654 1197/2131/654 1217/2132/655 
f 1217/2132/655 1218/2133/655 1202/2130/654 
s 1
f 1200/2110/604 1202/2112/604 1218/2134/604 
f 1218/2134/604 1219/2135/604 1200/2110/604 
s 16
f 1198/2115/656 1200/2123/656 1219/2136/656 
f 1219/2136/656 1216/2137/656 1198/2115/656 
s 8
f 1197/2131/657 1215/2127/657 1214/2126/657 
f 1214/2126/657 1181/2138/657 1197/2131/657 
s 4
f 1181/2138/658 1214/2126/658 1213/2125/658 
f 1213/2125/658 1191/2139/658 1181/2138/658 
s 8
f 1191/2139/659 1213/2125/659 1212/2124/659 
f 1212/2124/659 1202/2130/659 1191/2139/659 
s 4
f 1202/2130/654 1212/2124/660 1215/2127/660 
f 1215/2127/660 1197/2131/654 1202/2130/654 
s 2
f 1220/2140/661 1221/2141/613 1210/2142/662 
f 1210/2142/662 1209/2143/662 1220/2140/661 
s 8
f 1222/2144/663 1220/2145/663 1209/2146/664 
f 1209/2146/664 1208/2147/664 1222/2144/663 
s 2
f 1223/2148/665 1222/2149/618 1208/2150/666 
f 1208/2150/666 1207/2151/666 1223/2148/665 
s 4
f 1221/2152/667 1223/2153/667 1207/2154/668 
f 1207/2154/668 1210/2155/668 1221/2152/667 
s 2
f 1220/2156/661 1217/2129/669 1216/2128/669 
f 1216/2128/669 1221/2157/613 1220/2156/661 
s 8
f 1222/2149/663 1218/2158/670 1217/2129/670 
f 1217/2129/670 1220/2156/663 1222/2149/663 
s 2
f 1223/2148/665 1219/2159/623 1218/2158/623 
f 1218/2158/623 1222/2149/618 1223/2148/665 
s 4
f 1221/2157/667 1216/2128/671 1219/2159/671 
f 1219/2159/671 1223/2148/667 1221/2157/667 
s 1
f 1193/2103/645 1224/2160/672 1189/2099/643 
s 2
f 1194/2104/592 1192/2102/592 1201/2111/592 
s 1
f 1224/2160/672 1193/2103/645 1196/2106/648 
f 1196/2106/648 1225/2161/673 1224/2160/672 
f 1226/2162/627 1190/2100/586 1189/2099/643 
f 1189/2099/643 1224/2160/672 1226/2162/627 
f 1192/2102/644 1194/2104/646 1193/2103/645 
f 1193/2103/645 1189/2099/643 1192/2102/644 
f 1224/2160/672 1225/2161/673 1227/2163/592 
f 1227/2163/592 1226/2162/627 1224/2160/672 
f 1204/2114/674 1206/2117/674 1228/2164/674 
f 1228/2164/674 1211/2122/674 1204/2114/674 
s 2
f 1205/2165/579 1198/2108/61 1199/2109/61 
f 1205/2165/579 1199/2109/61 1184/2091/579 
f 1188/2166/579 1205/2165/579 1184/2091/579 
s 4
f 1211/2122/675 1228/2164/676 1203/2167/677 
f 1203/2167/677 1200/2123/678 1211/2122/675 
# 2052 faces

