# 3ds Max Wavefront OBJ Exporter v0.99 - (c)2007 guruware
# File Created: 09.04.2026 00:25:02

mtllib DropShip_BetterPacked.mtl

#
# object Target
#

v  36.6063 79.4014 6.2233
v  37.0449 88.3805 12.9349
v  42.8571 51.3501 25.2073
v  37.0449 51.3501 -4.7767
v  37.0449 -18.8387 -4.7767
v  42.8571 -18.8387 25.2073
v  42.8571 -42.4036 25.2073
v  37.0449 -42.4036 -4.7767
v  37.0449 5.1167 -4.7767
v  42.8571 5.1167 25.2073
v  34.3003 -18.8387 -7.3516
v  34.3003 5.1167 -7.3516
v  31.8990 -18.8387 34.2233
v  31.8990 5.1167 34.2233
v  31.8990 5.1167 25.2073
v  31.8990 -18.8387 25.2073
v  31.8990 -68.3000 34.2233
v  31.8990 -42.4036 34.2233
v  31.8990 -42.4036 25.2073
v  31.8990 -68.3000 25.2072
v  31.8990 -18.8387 -4.7767
v  31.8990 5.1167 -4.7767
v  20.0000 -42.4036 46.3681
v  32.7349 -42.4036 46.3681
v  32.7349 -18.8387 46.3681
v  20.0000 -18.8387 46.3681
v  -36.6063 79.4014 6.2233
v  -37.0449 88.3805 12.9349
v  -31.8990 88.3805 12.9349
v  -20.0000 88.3805 12.9349
v  20.0000 88.3805 12.9349
v  31.8990 88.3805 12.9349
v  20.0000 51.3501 46.3681
v  32.7349 51.3501 46.3681
v  30.7476 88.3805 26.7181
v  20.0000 88.3805 26.7181
v  31.8990 -68.3000 -4.7767
v  31.8990 -68.3000 -6.2154
v  31.8990 -68.3000 -7.3516
v  34.3003 -68.3000 -7.3516
v  37.0449 -68.3000 -4.7767
v  20.0000 90.7942 12.9349
v  20.0000 90.7942 27.9041
v  20.0000 88.3805 20.2341
v  20.0000 51.3501 48.0431
v  20.0000 -42.4036 48.0431
v  20.0000 -18.8387 48.0431
v  20.0000 -71.6040 48.0431
v  20.0000 -71.6040 34.2233
v  20.0000 -68.3000 34.2233
v  20.0000 -68.3000 46.3681
v  42.8571 5.1167 32.3107
v  38.4303 5.1167 39.1105
v  38.4303 -18.8387 39.1105
v  42.8571 -18.8387 32.3107
v  9.2316 46.9508 -4.7767
v  20.0000 46.9508 -4.7767
v  20.0000 46.9508 25.2073
v  9.2316 46.9508 25.2073
v  9.2316 54.9483 -1.7767
v  9.2316 54.9483 22.2233
v  16.9854 90.7942 26.2233
v  16.9854 90.7942 14.2233
v  14.4352 88.6503 23.7233
v  14.4352 88.6503 16.2233
v  31.8990 88.3805 20.2341
v  33.6116 88.3805 24.8774
v  34.3612 88.3805 23.4334
v  33.2748 77.3562 2.2233
v  34.3003 51.3501 -7.3516
v  38.4303 51.3501 39.1105
v  35.5547 51.1015 44.6945
v  35.5235 5.1167 44.6782
v  35.5235 -18.8387 44.6782
v  42.8571 51.3501 32.3107
v  37.0449 88.3805 19.2607
v  31.8990 -62.6281 -4.7767
v  22.1694 86.4826 13.8636
v  22.1694 86.4826 19.3055
v  30.1813 86.4826 19.3055
v  30.1813 86.4826 13.8636
v  30.8292 88.3805 13.5135
v  21.5216 88.3805 13.5135
v  30.8292 88.3805 19.6556
v  21.5216 88.3805 19.6556
v  20.0000 77.3562 2.2233
v  -19.9155 77.3562 2.2233
v  -33.2749 77.3562 2.2233
v  15.7074 -68.4576 43.7505
v  -15.7074 -68.4576 43.7505
v  -15.7074 -68.4576 38.5159
v  15.7074 -68.4576 38.5159
v  20.0000 51.3501 -7.3516
v  -20.0000 51.3501 -7.3516
v  -20.0000 90.7942 12.9349
v  -16.9854 90.7942 14.2233
v  31.8990 -42.4036 -4.7767
v  33.1984 -70.6834 43.9872
v  22.3809 -70.6834 43.9872
v  22.3809 -70.6834 36.6042
v  34.2799 -70.6834 36.6042
v  36.3726 -70.6834 37.9072
v  31.8990 46.9508 34.2233
v  31.8990 46.9508 25.2073
v  31.8990 46.9508 -4.7767
v  20.0000 46.9508 34.2233
v  -20.0000 -71.6040 34.2233
v  -20.0000 -68.3000 34.2233
v  -14.4352 88.6503 23.7233
v  -16.9854 90.7942 26.2233
v  20.0000 -42.4036 34.2233
v  -20.0000 -42.4036 34.2233
v  -20.0000 -18.8387 34.2233
v  20.0000 -18.8387 34.2233
v  20.0000 5.1167 34.2233
v  -20.0000 5.1167 34.2233
v  -20.0000 46.9508 34.2233
v  20.0000 5.1167 -7.3516
v  20.0000 -18.8387 -7.3516
v  -20.0000 -18.8387 -7.3516
v  -20.0000 5.1167 -7.3516
v  34.3003 -42.4036 -7.3516
v  20.0000 5.1167 46.3681
v  32.7349 5.1167 46.3681
v  32.7349 -68.3000 46.3681
v  20.0000 5.1167 48.0431
v  42.8571 -42.4036 32.3107
v  38.4303 -42.4036 39.1105
v  38.4303 -68.3000 39.1105
v  42.8571 -68.3000 32.3107
v  35.5235 -42.4036 44.6782
v  35.5235 -68.3000 44.6782
v  -20.0000 5.1167 48.0431
v  -20.0000 51.3501 48.0431
v  -20.0000 -18.8387 48.0431
v  -20.0000 -42.4036 48.0431
v  -20.0000 -71.6040 48.0431
v  42.8571 -68.3000 25.2072
v  20.0000 -42.4036 -4.7767
v  20.0000 -18.8387 -4.7767
v  -20.0000 -18.8387 -4.7767
v  -20.0000 -42.4036 -4.7767
v  -37.0449 51.3501 -4.7767
v  -42.8571 51.3501 25.2073
v  -37.0449 -18.8387 -4.7767
v  -37.0449 -42.4036 -4.7767
v  -42.8571 -42.4036 25.2073
v  -42.8571 -18.8387 25.2073
v  -37.0449 5.1167 -4.7767
v  -42.8571 5.1167 25.2073
v  -34.3003 5.1167 -7.3516
v  -34.3003 -18.8387 -7.3516
v  -31.8990 -18.8387 34.2233
v  -31.8990 -18.8387 25.2073
v  -31.8990 5.1167 25.2073
v  -31.8990 5.1167 34.2233
v  -31.8989 -68.3000 34.2233
v  -31.8989 -68.3000 25.2072
v  -31.8990 -42.4036 25.2073
v  -31.8990 -42.4036 34.2233
v  -31.8990 -18.8387 -4.7767
v  -31.8990 5.1167 -4.7767
v  -20.0000 -42.4036 46.3681
v  -20.0000 -18.8387 46.3681
v  -32.7349 -18.8387 46.3681
v  -32.7349 -42.4036 46.3681
v  -20.0000 51.3501 46.3681
v  -20.0000 88.3805 26.7181
v  -30.7476 88.3805 26.7181
v  -32.7372 51.3160 46.3766
v  -34.2798 -70.6835 -3.4757
v  -34.2798 -70.6835 25.2072
v  -40.4762 -70.6835 25.2073
v  -35.0812 -70.6835 -3.4757
v  -20.0000 88.3805 20.2341
v  -20.0000 90.7942 27.9041
v  -20.0000 -68.3000 46.3681
v  -42.8571 5.1167 32.3107
v  -42.8571 -18.8387 32.3107
v  -38.4303 -18.8387 39.1105
v  -38.4303 5.1167 39.1105
v  -9.2316 46.9508 -4.7767
v  -9.2316 46.9508 25.2073
v  -20.0000 46.9508 25.2073
v  -20.0000 46.9508 -4.7767
v  -9.2316 54.9483 -1.7767
v  -9.2316 54.9483 22.2233
v  -14.4352 88.6503 16.2233
v  -31.8990 88.3805 20.2341
v  -34.3612 88.3805 23.4334
v  -33.6116 88.3805 24.8774
v  -34.3003 51.3501 -7.3516
v  -38.4303 51.3501 39.1105
v  -35.5547 51.1015 44.6945
v  -35.5235 -18.8387 44.6782
v  -35.5235 5.1167 44.6782
v  -42.8571 51.3501 32.3107
v  -37.0449 88.3805 19.2607
v  -22.1694 86.4826 13.8636
v  -30.1813 86.4826 13.8636
v  -30.1813 86.4826 19.3055
v  -22.1694 86.4826 19.3055
v  -30.8292 88.3805 13.5135
v  -21.5216 88.3805 13.5135
v  -30.8292 88.3805 19.6556
v  -21.5216 88.3805 19.6556
v  -20.0000 -62.5905 -4.7767
v  20.0000 -62.5904 -4.7767
v  -20.0000 5.1167 -4.7767
v  20.0000 5.1167 -4.7767
v  -31.8989 -68.3000 -4.7767
v  -31.8989 -62.6010 -4.7767
v  -31.8990 -42.4036 -4.7767
v  -33.1984 -70.6835 43.9872
v  -36.3726 -70.6835 37.9072
v  -34.2798 -70.6835 36.6042
v  -22.3809 -70.6834 36.6042
v  -22.3809 -70.6834 43.9872
v  -31.8990 46.9508 25.2073
v  -31.8990 46.9508 34.2233
v  -31.8990 46.9508 -4.7767
v  -20.0000 -42.4036 -7.3516
v  20.0000 -42.4036 -7.3516
v  -34.3003 -42.4036 -7.3516
v  -20.0000 5.1167 46.3681
v  -32.7349 5.1167 46.3681
v  -32.7349 -68.3000 46.3681
v  -42.8571 -42.4036 32.3107
v  -42.8571 -68.3000 32.3107
v  -38.4303 -68.3000 39.1105
v  -38.4303 -42.4036 39.1105
v  -35.5235 -68.3000 44.6782
v  -35.5235 -42.4036 44.6782
v  -37.0449 -68.3000 -4.7767
v  -42.8571 -68.3000 25.2072
v  -34.3003 -68.3000 -7.3516
v  20.0000 -68.3000 -7.3516
v  20.0000 -68.3000 -6.2154
v  -20.0000 -68.3000 -6.2154
v  -20.0000 -68.3000 -7.3516
v  -31.8989 -68.3000 -6.2154
v  -31.8989 -68.3000 -7.3516
v  34.2799 -70.6835 25.2072
v  40.4762 -70.6834 25.2073
v  40.4762 -70.6834 31.6039
v  -40.4762 -70.6835 31.6039
v  34.2799 -70.6834 -3.4760
v  35.0813 -70.6834 -3.4760
v  33.8907 -69.5398 45.1296
v  -33.8907 -69.5398 45.1296
v  19.1712 -72.4328 47.2142
v  18.0883 -72.4328 46.1314
v  18.0883 -72.4328 36.1350
v  19.1712 -72.4328 35.0521
v  -18.0882 -72.4328 36.1350
v  -19.1711 -72.4328 35.0521
v  -18.0882 -72.4328 46.1314
v  -19.1711 -72.4328 47.2142
v  -40.7368 -44.9019 30.8945
v  -36.5504 -42.1626 35.6563
v  -47.6839 -42.1626 35.6563
v  -52.1299 -44.9019 30.8945
v  -36.5504 -39.5334 35.6563
v  -47.6839 -39.5334 35.6563
v  -52.1299 -39.5333 30.8945
v  -36.5504 -39.5334 38.2720
v  -48.8393 -39.5334 38.2720
v  -54.6360 -39.5333 30.8945
v  -48.8393 -31.2885 38.2721
v  -36.5504 -31.2885 38.2721
v  -40.7368 -25.9200 30.8945
v  -52.1299 -25.9200 30.8945
v  -47.6839 -28.6593 35.6563
v  -36.5504 -28.6593 35.6563
v  -36.5504 -31.2885 35.6563
v  -47.6839 -31.2885 35.6563
v  -52.1299 -31.2885 30.8945
v  -54.6360 -31.2885 30.8945
v  40.7368 -44.9019 30.8945
v  52.1299 -44.9019 30.8945
v  47.6839 -42.1626 35.6563
v  36.5504 -42.1626 35.6563
v  36.5504 -39.5333 35.6563
v  47.6839 -39.5333 35.6563
v  52.1299 -39.5333 30.8945
v  48.8393 -39.5333 38.2720
v  36.5504 -39.5333 38.2720
v  54.6360 -39.5333 30.8945
v  48.8393 -31.2885 38.2721
v  36.5504 -31.2885 38.2721
v  40.7368 -25.9199 30.8946
v  36.5504 -28.6593 35.6563
v  47.6839 -28.6593 35.6563
v  52.1299 -25.9199 30.8946
v  36.5504 -31.2885 35.6563
v  47.6839 -31.2885 35.6563
v  52.1299 -31.2885 30.8945
v  54.6360 -31.2885 30.8945
v  51.5006 -52.9908 -7.2316
v  51.5006 -60.0949 -7.2316
v  46.4772 -65.1183 -7.2316
v  39.3731 -65.1183 -7.2316
v  34.3497 -60.0949 -7.2316
v  34.3497 -52.9908 -7.2316
v  39.3731 -47.9674 -7.2316
v  46.4772 -47.9674 -7.2316
v  53.3318 -60.8534 -6.6113
v  53.3318 -60.8534 -3.3344
v  47.2357 -66.9495 -3.3344
v  47.2357 -66.9495 -6.6114
v  38.6146 -66.9495 -3.3344
v  38.6146 -66.9495 -6.6114
v  32.5185 -60.8534 -3.3344
v  32.5185 -60.8534 -6.6113
v  32.5185 -52.2322 -6.6113
v  32.5185 -52.2322 -3.3343
v  38.6146 -46.1362 -3.3343
v  38.6146 -46.1362 -6.6113
v  47.2357 -46.1362 -3.3343
v  47.2357 -46.1362 -6.6113
v  53.3318 -52.2323 -3.3343
v  53.3318 -52.2323 -6.6113
v  51.5006 -53.0265 -2.7141
v  46.4772 -48.0031 -2.7140
v  39.3731 -48.0031 -2.7140
v  34.3497 -53.0265 -2.7141
v  34.3497 -60.1306 -2.7141
v  39.3731 -65.1540 -2.7141
v  46.4772 -65.1540 -2.7141
v  51.5006 -60.1306 -2.7141
v  -51.5006 -52.9908 -7.2374
v  -46.4772 -47.9674 -7.2373
v  -39.3731 -47.9674 -7.2373
v  -34.3497 -52.9908 -7.2374
v  -34.3497 -60.0949 -7.2374
v  -39.3731 -65.1183 -7.2374
v  -46.4772 -65.1183 -7.2374
v  -51.5006 -60.0949 -7.2374
v  -53.3318 -60.8534 -6.6171
v  -47.2357 -66.9495 -6.6171
v  -47.2357 -66.9495 -3.3401
v  -53.3318 -60.8534 -3.3401
v  -38.6145 -66.9495 -6.6171
v  -38.6145 -66.9495 -3.3401
v  -32.5185 -60.8534 -6.6171
v  -32.5185 -60.8534 -3.3401
v  -32.5185 -52.2323 -6.6171
v  -38.6146 -46.1362 -6.6171
v  -38.6146 -46.1362 -3.3401
v  -32.5185 -52.2323 -3.3401
v  -47.2357 -46.1362 -6.6171
v  -47.2357 -46.1362 -3.3401
v  -53.3318 -52.2323 -6.6171
v  -53.3318 -52.2323 -3.3401
v  -51.5006 -53.0265 -2.7198
v  -51.5006 -60.1306 -2.7198
v  -46.4772 -65.1540 -2.7198
v  -39.3731 -65.1540 -2.7198
v  -34.3497 -60.1306 -2.7198
v  -34.3497 -53.0265 -2.7198
v  -39.3731 -48.0031 -2.7198
v  -46.4772 -48.0031 -2.7198
v  -50.5311 -54.9098 -3.0438
v  -50.5310 -58.2987 -3.0438
v  -50.5310 -58.2987 -1.3335
v  -50.5311 -54.9098 -1.3335
v  -46.8987 -58.2987 -3.0438
v  -44.5024 -60.6951 -3.0438
v  -44.5024 -60.6951 0.3059
v  -46.8987 -58.2988 0.3059
v  -44.5024 -64.3274 -3.0439
v  -41.1134 -64.3274 -3.0439
v  -41.1134 -64.3274 -1.3335
v  -44.5024 -64.3274 -1.3335
v  -41.1134 -60.6951 -3.0438
v  -38.7170 -58.2987 -3.0438
v  -38.7170 -58.2988 0.3059
v  -41.1134 -60.6951 0.3059
v  -38.7170 -54.9098 -3.0438
v  -41.1134 -52.5134 -3.0438
v  -41.1134 -52.5134 0.3059
v  -38.7170 -54.9098 0.3059
v  -41.1134 -48.8811 -3.0438
v  -44.5024 -48.8811 -3.0438
v  -44.5024 -48.8811 -1.3335
v  -41.1134 -48.8811 -1.3335
v  -44.5024 -52.5134 -3.0438
v  -46.8987 -54.9098 -3.0438
v  -46.8987 -54.9098 0.3059
v  -44.5024 -52.5134 0.3059
v  -46.8987 -58.2988 12.9578
v  -46.8988 -54.9098 12.9579
v  -44.5024 -60.6952 12.9578
v  -41.1134 -60.6952 12.9578
v  -38.7170 -58.2988 12.9578
v  -38.7170 -54.9098 12.9579
v  -41.1134 -52.5134 12.9579
v  -44.5024 -52.5134 12.9579
v  -35.0847 -54.9098 -1.3335
v  -35.0847 -54.9098 -3.0438
v  -35.0847 -58.2988 -1.3335
v  -35.0847 -58.2987 -3.0438
v  50.5310 -54.9098 -3.0438
v  50.5310 -54.9098 -1.3335
v  50.5310 -58.2987 -1.3335
v  50.5310 -58.2987 -3.0438
v  46.8987 -58.2987 -3.0438
v  46.8987 -58.2988 0.3059
v  44.5024 -60.6951 0.3059
v  44.5023 -60.6951 -3.0438
v  44.5023 -64.3274 -3.0439
v  44.5023 -64.3274 -1.3335
v  41.1134 -64.3274 -1.3335
v  41.1134 -64.3274 -3.0439
v  41.1134 -60.6951 -3.0438
v  41.1134 -60.6951 0.3059
v  38.7170 -58.2988 0.3059
v  38.7170 -58.2987 -3.0438
v  38.7170 -54.9098 -3.0438
v  38.7170 -54.9098 0.3059
v  41.1134 -52.5134 0.3059
v  41.1134 -52.5134 -3.0438
v  41.1134 -48.8811 -3.0438
v  41.1134 -48.8811 -1.3335
v  44.5024 -48.8811 -1.3335
v  44.5024 -48.8811 -3.0438
v  44.5024 -52.5134 -3.0438
v  44.5024 -52.5134 0.3059
v  46.8987 -54.9098 0.3059
v  46.8987 -54.9098 -3.0438
v  46.8987 -54.9098 12.9579
v  46.8987 -58.2988 12.9578
v  44.5024 -60.6952 12.9578
v  41.1134 -60.6952 12.9578
v  38.7170 -58.2988 12.9578
v  38.7170 -54.9098 12.9579
v  41.1134 -52.5134 12.9579
v  44.5024 -52.5134 12.9579
v  35.0847 -54.9098 -3.0438
v  35.0847 -54.9098 -1.3335
v  35.0847 -58.2988 -1.3335
v  35.0847 -58.2987 -3.0438
v  -45.0463 32.2570 27.3962
v  -53.1768 32.2570 27.3962
v  -48.7308 29.5176 32.1580
v  -40.8599 29.5177 32.1580
v  -40.8599 26.8884 32.1580
v  -48.7308 26.8884 32.1579
v  -53.1768 26.8884 27.3962
v  -49.8863 26.8884 34.7737
v  -40.8599 26.8884 34.7737
v  -55.6829 26.8884 27.3962
v  -49.8863 18.6436 34.7737
v  -40.8599 18.6436 34.7737
v  -45.0463 13.2750 27.3962
v  -40.8599 16.0144 32.1579
v  -48.7308 16.0144 32.1579
v  -53.1768 13.2750 27.3962
v  -40.8599 18.6436 32.1579
v  -48.7308 18.6436 32.1579
v  -53.1768 18.6436 27.3962
v  -55.6829 18.6436 27.3962
v  45.0463 32.2570 27.3962
v  40.8599 29.5177 32.1580
v  48.7308 29.5177 32.1580
v  53.1768 32.2570 27.3962
v  40.8599 26.8884 32.1580
v  48.7308 26.8884 32.1580
v  53.1768 26.8884 27.3962
v  40.8599 26.8884 34.7737
v  49.8862 26.8884 34.7737
v  55.6829 26.8885 27.3962
v  49.8862 18.6436 34.7737
v  40.8599 18.6436 34.7737
v  45.0463 13.2751 27.3961
v  53.1768 13.2751 27.3961
v  48.7308 16.0144 32.1579
v  40.8599 16.0144 32.1579
v  40.8599 18.6436 32.1579
v  48.7308 18.6436 32.1579
v  53.1768 18.6436 27.3962
v  55.6829 18.6436 27.3962
v  51.4937 50.0826 -7.2316
v  51.4937 42.9784 -7.2316
v  46.4703 37.9551 -7.2316
v  39.3662 37.9551 -7.2316
v  34.3428 42.9785 -7.2316
v  34.3428 50.0826 -7.2316
v  39.3662 55.1060 -7.2316
v  46.4703 55.1059 -7.2316
v  53.3249 42.2199 -6.6113
v  53.3249 42.2199 -3.3343
v  47.2289 36.1239 -3.3343
v  47.2289 36.1239 -6.6113
v  38.6077 36.1239 -3.3343
v  38.6077 36.1239 -6.6113
v  32.5116 42.2199 -3.3343
v  32.5116 42.2199 -6.6113
v  32.5116 50.8411 -6.6113
v  32.5116 50.8411 -3.3343
v  38.6077 56.9372 -3.3343
v  38.6077 56.9372 -6.6113
v  47.2288 56.9372 -3.3343
v  47.2288 56.9372 -6.6113
v  53.3249 50.8411 -3.3343
v  53.3249 50.8411 -6.6113
v  51.4937 50.0469 -2.7140
v  46.4703 55.0702 -2.7140
v  39.3662 55.0702 -2.7140
v  34.3428 50.0469 -2.7140
v  34.3428 42.9427 -2.7141
v  39.3662 37.9194 -2.7141
v  46.4703 37.9193 -2.7141
v  51.4937 42.9427 -2.7140
v  -51.4937 50.0826 -7.2373
v  -46.4703 55.1059 -7.2373
v  -39.3662 55.1059 -7.2373
v  -34.3428 50.0826 -7.2373
v  -34.3428 42.9784 -7.2373
v  -39.3662 37.9551 -7.2373
v  -46.4704 37.9551 -7.2373
v  -51.4937 42.9784 -7.2373
v  -53.3249 42.2199 -6.6171
v  -47.2289 36.1238 -6.6171
v  -47.2289 36.1238 -3.3401
v  -53.3249 42.2199 -3.3401
v  -38.6077 36.1238 -6.6171
v  -38.6077 36.1238 -3.3401
v  -32.5116 42.2199 -6.6171
v  -32.5116 42.2199 -3.3401
v  -32.5116 50.8411 -6.6171
v  -38.6077 56.9372 -6.6170
v  -38.6077 56.9372 -3.3401
v  -32.5116 50.8411 -3.3401
v  -47.2289 56.9371 -6.6170
v  -47.2289 56.9371 -3.3401
v  -53.3249 50.8411 -6.6171
v  -53.3249 50.8411 -3.3401
v  -51.4937 50.0468 -2.7198
v  -51.4937 42.9427 -2.7198
v  -46.4704 37.9193 -2.7198
v  -39.3662 37.9193 -2.7198
v  -34.3428 42.9427 -2.7198
v  -34.3428 50.0469 -2.7198
v  -39.3662 55.0702 -2.7198
v  -46.4703 55.0702 -2.7198
v  -50.5242 47.9083 -3.0302
v  -50.5242 44.5193 -3.0302
v  -50.5242 44.5193 -1.3083
v  -50.5242 47.9083 -1.3083
v  -46.8919 44.5193 -3.0302
v  -44.4955 42.1229 -3.0302
v  -44.4955 42.1229 0.3054
v  -46.8919 44.5193 0.3054
v  -44.4955 38.4906 -3.0302
v  -41.1065 38.4906 -3.0302
v  -41.1065 38.4906 -1.3083
v  -44.4955 38.4906 -1.3083
v  -41.1065 42.1229 -3.0302
v  -38.7102 44.5193 -3.0302
v  -38.7102 44.5193 0.3054
v  -41.1065 42.1229 0.3054
v  -38.7102 47.9083 -3.0302
v  -41.1065 50.3046 -3.0302
v  -41.1065 50.3046 0.3055
v  -38.7102 47.9082 0.3055
v  -41.1065 53.9369 -3.0302
v  -44.4955 53.9369 -3.0302
v  -44.4955 53.9369 -1.3083
v  -41.1065 53.9369 -1.3083
v  -44.4955 50.3046 -3.0302
v  -46.8919 47.9083 -3.0302
v  -46.8919 47.9082 0.3055
v  -44.4955 50.3046 0.3055
v  -46.8919 44.5192 7.9345
v  -46.8919 47.9082 7.9345
v  -44.4955 42.1229 4.8473
v  -41.1065 42.1229 2.3458
v  -38.7102 44.5192 2.3459
v  -38.7102 47.9082 2.3459
v  -41.1065 50.3046 2.3459
v  -44.4955 50.3046 7.2761
v  -35.0779 47.9082 -1.3083
v  -35.0779 47.9083 -3.0302
v  -35.0779 44.5193 -1.3083
v  -35.0779 44.5193 -3.0302
v  50.5242 47.9083 -3.0302
v  50.5242 47.9083 -1.3083
v  50.5242 44.5193 -1.3083
v  50.5242 44.5193 -3.0302
v  46.8919 44.5193 -3.0302
v  46.8919 44.5193 0.3054
v  44.4955 42.1229 0.3054
v  44.4955 42.1229 -3.0302
v  44.4955 38.4906 -3.0302
v  44.4955 38.4906 -1.3083
v  41.1065 38.4906 -1.3083
v  41.1065 38.4906 -3.0302
v  41.1065 42.1229 -3.0302
v  41.1065 42.1229 0.3054
v  38.7102 44.5193 0.3054
v  38.7102 44.5193 -3.0302
v  38.7102 47.9083 -3.0302
v  38.7102 47.9082 0.3055
v  41.1065 50.3046 0.3055
v  41.1065 50.3046 -3.0302
v  41.1065 53.9369 -3.0302
v  41.1065 53.9369 -1.3082
v  44.4955 53.9369 -1.3082
v  44.4955 53.9369 -3.0302
v  44.4955 50.3046 -3.0302
v  44.4955 50.3046 0.3055
v  46.8919 47.9082 0.3055
v  46.8919 47.9083 -3.0302
v  46.8919 47.9082 7.9345
v  46.8919 44.5192 7.9345
v  44.4955 42.1229 4.8473
v  41.1065 42.1229 2.3458
v  38.7102 44.5192 2.3459
v  38.7102 47.9082 2.3459
v  41.1065 50.3046 2.3459
v  44.4955 50.3046 7.2761
v  35.0779 47.9083 -3.0302
v  35.0779 47.9082 -1.3083
v  35.0778 44.5193 -1.3083
v  35.0778 44.5193 -3.0302
v  -58.8221 14.2163 18.6531
v  -58.8221 14.2163 3.3669
v  -54.4144 9.1604 3.3669
v  -54.4144 9.1604 18.6531
v  -49.7429 7.0373 18.6531
v  -49.7429 7.0373 3.3669
v  -38.2401 7.0373 3.3669
v  -41.1267 7.0373 18.6531
v  -57.3203 14.8553 25.7950
v  -53.7737 10.7395 25.7950
v  -53.1485 13.0926 27.6792
v  -55.4093 15.7162 27.6792
v  -49.1161 8.6047 25.7950
v  -42.4754 8.6047 25.7950
v  -42.4845 10.7816 27.6792
v  -48.2383 10.7816 27.6792
v  -53.7737 10.7396 -2.8731
v  -57.3203 14.8554 -2.8731
v  -55.5011 15.7887 -4.7514
v  -52.8269 12.6426 -4.7514
v  -37.0618 8.6048 -2.8731
v  -49.1161 8.6048 -2.8731
v  -48.4864 10.7147 -4.7514
v  -36.6931 10.7789 -4.7514
v  -53.5682 16.6590 -4.7513
v  -52.2195 15.0940 -4.7514
v  -57.2840 20.4750 -4.7513
v  -57.2840 25.3642 -4.7513
v  -55.4077 24.2273 -4.7513
v  -55.4077 21.6119 -4.7513
v  -53.5682 16.6590 0.9825
v  -52.2195 15.0940 0.9824
v  -55.4077 24.2273 0.9825
v  -55.4077 21.6119 0.9825
v  -57.3210 14.8546 1.8120
v  -53.7748 10.7383 1.8120
v  -53.7748 10.7382 20.2080
v  -57.3210 14.8545 20.2080
v  -59.1628 19.8082 20.2080
v  -59.1604 19.8082 25.7937
v  -59.1604 26.0309 25.7937
v  -59.1628 26.0309 20.2080
v  -49.1161 8.6048 1.8120
v  -37.9465 8.6048 1.8120
v  -49.1161 8.6047 20.2080
v  -41.4203 8.6047 20.2080
v  -60.6761 19.1590 18.6531
v  -60.6761 26.6802 18.6531
v  -60.6761 19.1590 3.3669
v  -57.2841 20.8676 27.6792
v  -59.1604 19.8083 -2.8718
v  -47.5619 12.9591 -4.7514
v  -47.5619 12.9591 0.9824
v  -59.1628 19.8083 1.8120
v  -36.6931 12.9592 -4.7514
v  -37.7901 12.9591 0.9824
v  -53.5682 29.1802 0.9825
v  -52.2195 30.7453 0.9825
v  -47.5619 32.8801 0.9825
v  -37.7901 32.8801 0.9825
v  -42.4845 35.0575 27.6792
v  -48.2383 35.0575 27.6792
v  -53.1485 32.7465 27.6792
v  -55.4093 30.1229 27.6792
v  -57.2841 24.9715 27.6792
v  -60.6761 26.6802 3.3669
v  -59.1628 26.0309 1.8120
v  -59.1604 26.0309 -2.8717
v  -58.8221 31.6229 18.6531
v  -54.4144 36.6787 18.6531
v  -54.4144 36.6788 3.3669
v  -58.8221 31.6229 3.3669
v  -49.7429 38.8018 18.6531
v  -41.1267 38.8018 18.6531
v  -38.2401 38.8019 3.3669
v  -49.7429 38.8019 3.3669
v  -57.3203 30.9838 25.7950
v  -53.7737 35.0996 25.7950
v  -49.1161 37.2344 25.7950
v  -42.4754 37.2344 25.7950
v  -53.7737 35.0996 -2.8730
v  -52.8269 33.1966 -4.7513
v  -55.5011 30.0505 -4.7513
v  -57.3203 30.9838 -2.8730
v  -37.0618 37.2344 -2.8730
v  -36.6931 35.0603 -4.7513
v  -48.4864 35.1245 -4.7513
v  -49.1161 37.2344 -2.8730
v  -52.2195 30.7453 -4.7513
v  -53.5682 29.1802 -4.7513
v  -57.3210 30.9846 1.8120
v  -53.7748 35.1009 1.8120
v  -53.7748 35.1009 20.2080
v  -57.3210 30.9846 20.2080
v  -49.1161 37.2344 1.8120
v  -37.9465 37.2344 1.8120
v  -41.4203 37.2344 20.2080
v  -49.1161 37.2344 20.2080
v  -47.5619 32.8801 -4.7513
v  -36.6931 32.8801 -4.7513
v  -58.8221 -44.1801 22.4112
v  -58.8221 -44.1801 7.1250
v  -54.4144 -49.2359 7.1250
v  -54.4144 -49.2360 22.4112
v  -49.7429 -51.3591 22.4112
v  -49.7429 -51.3590 7.1250
v  -38.2401 -51.3590 7.1250
v  -41.1267 -51.3591 22.4112
v  -57.3203 -43.5410 29.5531
v  -53.7737 -47.6568 29.5531
v  -53.1485 -45.3038 31.4372
v  -55.4093 -42.6802 31.4372
v  -49.1161 -49.7916 29.5531
v  -42.4754 -49.7916 29.5531
v  -42.4845 -47.6147 31.4372
v  -48.2383 -47.6147 31.4372
v  -53.7737 -47.6568 0.8850
v  -57.3203 -43.5410 0.8850
v  -55.5011 -42.6076 -0.9933
v  -52.8269 -45.7537 -0.9933
v  -37.0618 -49.7916 0.8850
v  -49.1161 -49.7916 0.8850
v  -48.4864 -47.6816 -0.9933
v  -36.6931 -47.6174 -0.9933
v  -53.5682 -41.7373 -0.9933
v  -52.2195 -43.3024 -0.9933
v  -57.2840 -37.9214 -0.9932
v  -57.2840 -33.0321 -0.9932
v  -55.4077 -34.1691 -0.9932
v  -55.4077 -36.7845 -0.9932
v  -53.5682 -41.7374 4.7405
v  -52.2195 -43.3024 4.7405
v  -55.4077 -34.1691 4.7406
v  -55.4077 -36.7845 4.7406
v  -57.3210 -43.5418 5.5701
v  -53.7748 -47.6581 5.5701
v  -53.7748 -47.6581 23.9661
v  -57.3210 -43.5418 23.9661
v  -59.1628 -38.5882 23.9661
v  -59.1604 -38.5882 29.5518
v  -59.1604 -32.3655 29.5518
v  -59.1628 -32.3655 23.9661
v  -49.1161 -49.7916 5.5701
v  -37.9465 -49.7916 5.5701
v  -49.1161 -49.7916 23.9661
v  -41.4203 -49.7916 23.9661
v  -60.6761 -39.2374 22.4112
v  -60.6761 -31.7162 22.4112
v  -60.6761 -39.2374 7.1250
v  -57.2841 -37.5288 31.4373
v  -59.1604 -38.5881 0.8863
v  -47.5619 -45.4372 -0.9933
v  -47.5619 -45.4372 4.7405
v  -59.1628 -38.5881 5.5701
v  -36.6931 -45.4372 -0.9933
v  -37.7901 -45.4372 4.7405
v  -53.5682 -29.2162 4.7406
v  -52.2195 -27.6511 4.7406
v  -47.5619 -25.5163 4.7406
v  -37.7901 -25.5163 4.7406
v  -42.4845 -23.3389 31.4373
v  -48.2383 -23.3389 31.4373
v  -53.1485 -25.6499 31.4373
v  -55.4093 -28.2735 31.4373
v  -57.2841 -33.4249 31.4373
v  -60.6761 -31.7162 7.1250
v  -59.1628 -32.3654 5.5701
v  -59.1604 -32.3654 0.8863
v  -58.8221 -26.7735 22.4112
v  -54.4144 -21.7177 22.4112
v  -54.4144 -21.7176 7.1250
v  -58.8221 -26.7735 7.1250
v  -49.7429 -19.5945 22.4112
v  -41.1267 -19.5945 22.4112
v  -38.2401 -19.5945 7.1250
v  -49.7429 -19.5945 7.1250
v  -57.3203 -27.4126 29.5531
v  -53.7737 -23.2968 29.5531
v  -49.1161 -21.1620 29.5531
v  -42.4754 -21.1620 29.5531
v  -53.7737 -23.2967 0.8851
v  -52.8269 -25.1998 -0.9932
v  -55.5011 -28.3459 -0.9932
v  -57.3203 -27.4126 0.8851
v  -37.0618 -21.1619 0.8851
v  -36.6931 -23.3361 -0.9932
v  -48.4864 -23.2719 -0.9932
v  -49.1161 -21.1619 0.8851
v  -52.2195 -27.6511 -0.9932
v  -53.5682 -29.2162 -0.9932
v  -57.3210 -27.4118 5.5701
v  -53.7748 -23.2955 5.5701
v  -53.7748 -23.2955 23.9661
v  -57.3210 -27.4118 23.9661
v  -49.1161 -21.1619 5.5701
v  -37.9465 -21.1619 5.5701
v  -41.4203 -21.1620 23.9661
v  -49.1161 -21.1620 23.9661
v  -47.5619 -25.5163 -0.9932
v  -36.6931 -25.5163 -0.9932
v  58.8221 14.2163 18.6531
v  54.4144 9.1604 18.6531
v  54.4144 9.1605 3.3669
v  58.8221 14.2163 3.3669
v  49.7429 7.0373 18.6531
v  41.1267 7.0373 18.6531
v  38.2401 7.0373 3.3669
v  49.7429 7.0373 3.3669
v  57.3203 14.8554 25.7950
v  55.4093 15.7162 27.6792
v  53.1485 13.0926 27.6792
v  53.7737 10.7396 25.7950
v  49.1161 8.6048 25.7950
v  48.2383 10.7817 27.6792
v  42.4845 10.7817 27.6792
v  42.4754 8.6048 25.7950
v  53.7737 10.7396 -2.8731
v  52.8269 12.6426 -4.7513
v  55.5011 15.7887 -4.7513
v  57.3203 14.8554 -2.8731
v  37.0618 8.6048 -2.8731
v  36.6931 10.7789 -4.7514
v  48.4864 10.7147 -4.7514
v  49.1161 8.6048 -2.8731
v  52.2195 15.0940 -4.7513
v  53.5681 16.6590 -4.7513
v  57.2840 20.4750 -4.7513
v  55.4077 21.6119 -4.7513
v  55.4077 24.2273 -4.7513
v  57.2840 25.3643 -4.7513
v  52.2195 15.0940 0.9825
v  53.5681 16.6590 0.9825
v  55.4077 21.6119 0.9825
v  55.4077 24.2273 0.9825
v  57.3210 14.8546 1.8120
v  53.7748 10.7383 1.8120
v  53.7748 10.7383 20.2080
v  57.3210 14.8546 20.2080
v  59.1628 19.8083 20.2080
v  59.1628 26.0309 20.2080
v  59.1604 26.0309 25.7937
v  59.1604 19.8083 25.7937
v  49.1161 8.6048 1.8120
v  37.9465 8.6048 1.8120
v  41.4203 8.6048 20.2080
v  49.1161 8.6048 20.2080
v  60.6761 19.1590 18.6531
v  60.6761 26.6802 18.6531
v  60.6761 19.1590 3.3669
v  57.2840 20.8676 27.6792
v  59.1604 19.8083 -2.8718
v  47.5619 12.9592 -4.7513
v  47.5619 12.9591 0.9825
v  59.1628 19.8083 1.8120
v  36.6931 12.9591 -4.7513
v  37.7901 12.9591 0.9825
v  37.7901 32.8801 0.9825
v  47.5619 32.8801 0.9825
v  52.2195 30.7453 0.9825
v  53.5681 29.1802 0.9825
v  57.2840 24.9715 27.6792
v  55.4093 30.1229 27.6792
v  53.1485 32.7465 27.6792
v  48.2383 35.0575 27.6792
v  42.4845 35.0575 27.6792
v  60.6761 26.6802 3.3669
v  59.1604 26.0310 -2.8717
v  59.1628 26.0309 1.8120
v  58.8221 31.6229 18.6531
v  58.8221 31.6229 3.3669
v  54.4144 36.6788 3.3669
v  54.4144 36.6787 18.6531
v  49.7429 38.8019 18.6531
v  49.7429 38.8019 3.3669
v  38.2401 38.8019 3.3669
v  41.1267 38.8019 18.6531
v  57.3203 30.9838 25.7950
v  53.7737 35.0996 25.7950
v  49.1161 37.2344 25.7950
v  42.4754 37.2344 25.7950
v  53.7737 35.0996 -2.8730
v  57.3203 30.9838 -2.8730
v  55.5011 30.0505 -4.7513
v  52.8269 33.1966 -4.7513
v  37.0618 37.2344 -2.8730
v  49.1161 37.2345 -2.8730
v  48.4864 35.1245 -4.7513
v  36.6931 35.0603 -4.7513
v  53.5681 29.1802 -4.7513
v  52.2195 30.7453 -4.7513
v  57.3210 30.9846 1.8120
v  53.7748 35.1009 1.8120
v  53.7748 35.1009 20.2080
v  57.3210 30.9846 20.2080
v  49.1161 37.2344 1.8120
v  37.9465 37.2344 1.8120
v  49.1161 37.2344 20.2080
v  41.4203 37.2344 20.2080
v  47.5619 32.8801 -4.7513
v  36.6931 32.8801 -4.7513
v  58.8221 -44.1801 22.4112
v  54.4144 -49.2359 22.4112
v  54.4144 -49.2359 7.1250
v  58.8221 -44.1801 7.1250
v  49.7429 -51.3591 22.4112
v  41.1267 -51.3591 22.4112
v  38.2401 -51.3590 7.1250
v  49.7429 -51.3590 7.1250
v  57.3203 -43.5410 29.5531
v  55.4093 -42.6801 31.4373
v  53.1485 -45.3038 31.4373
v  53.7737 -47.6568 29.5531
v  49.1161 -49.7916 29.5531
v  48.2383 -47.6147 31.4373
v  42.4845 -47.6147 31.4373
v  42.4754 -49.7916 29.5531
v  53.7737 -47.6568 0.8850
v  52.8269 -45.7537 -0.9933
v  55.5011 -42.6076 -0.9932
v  57.3203 -43.5410 0.8850
v  37.0618 -49.7916 0.8850
v  36.6931 -47.6174 -0.9933
v  48.4864 -47.6816 -0.9933
v  49.1161 -49.7916 0.8850
v  52.2195 -43.3024 -0.9932
v  53.5682 -41.7373 -0.9932
v  57.2840 -37.9214 -0.9932
v  55.4077 -36.7845 -0.9932
v  55.4077 -34.1691 -0.9932
v  57.2840 -33.0321 -0.9932
v  52.2195 -43.3024 4.7405
v  53.5682 -41.7373 4.7406
v  55.4077 -36.7845 4.7406
v  55.4077 -34.1691 4.7406
v  57.3210 -43.5418 5.5701
v  53.7748 -47.6581 5.5701
v  53.7748 -47.6581 23.9661
v  57.3210 -43.5418 23.9661
v  59.1628 -38.5881 23.9661
v  59.1628 -32.3654 23.9661
v  59.1604 -32.3655 29.5518
v  59.1604 -38.5881 29.5518
v  49.1161 -49.7916 5.5701
v  37.9465 -49.7916 5.5701
v  41.4203 -49.7916 23.9661
v  49.1161 -49.7916 23.9661
v  60.6761 -39.2374 22.4112
v  60.6761 -31.7162 22.4112
v  60.6761 -39.2374 7.1250
v  57.2841 -37.5288 31.4373
v  59.1604 -38.5881 0.8863
v  47.5619 -45.4372 -0.9933
v  47.5619 -45.4372 4.7405
v  59.1628 -38.5881 5.5701
v  36.6931 -45.4372 -0.9933
v  37.7901 -45.4372 4.7405
v  37.7901 -25.5163 4.7406
v  47.5619 -25.5163 4.7406
v  52.2195 -27.6511 4.7406
v  53.5682 -29.2162 4.7406
v  57.2841 -33.4248 31.4373
v  55.4093 -28.2735 31.4373
v  53.1485 -25.6498 31.4373
v  48.2383 -23.3389 31.4373
v  42.4845 -23.3389 31.4373
v  60.6761 -31.7162 7.1250
v  59.1604 -32.3654 0.8863
v  59.1628 -32.3654 5.5701
v  58.8221 -26.7735 22.4112
v  58.8221 -26.7735 7.1250
v  54.4144 -21.7176 7.1250
v  54.4144 -21.7176 22.4112
v  49.7429 -19.5945 22.4112
v  49.7429 -19.5945 7.1250
v  38.2401 -19.5945 7.1250
v  41.1267 -19.5945 22.4112
v  57.3203 -27.4126 29.5531
v  53.7737 -23.2968 29.5531
v  49.1161 -21.1620 29.5531
v  42.4754 -21.1620 29.5531
v  53.7737 -23.2967 0.8851
v  57.3203 -27.4125 0.8851
v  55.5011 -28.3459 -0.9932
v  52.8269 -25.1998 -0.9932
v  37.0618 -21.1619 0.8851
v  49.1161 -21.1619 0.8851
v  48.4864 -23.2719 -0.9932
v  36.6931 -23.3361 -0.9932
v  53.5682 -29.2162 -0.9932
v  52.2195 -27.6511 -0.9932
v  57.3210 -27.4117 5.5701
v  53.7748 -23.2954 5.5701
v  53.7748 -23.2955 23.9661
v  57.3210 -27.4118 23.9661
v  49.1161 -21.1619 5.5701
v  37.9465 -21.1619 5.5701
v  49.1161 -21.1620 23.9661
v  41.4203 -21.1620 23.9661
v  47.5619 -25.5163 -0.9932
v  36.6931 -25.5163 -0.9932
v  38.1363 36.4890 2.1818
v  38.1363 52.0307 2.1819
v  43.6176 52.0307 2.1819
v  43.6104 36.4890 2.1819
v  53.1609 36.4890 14.8853
v  53.1609 36.4890 9.3343
v  48.5540 64.0764 9.3343
v  48.5540 64.0764 14.8853
v  46.0251 36.4890 22.0378
v  42.6893 50.8622 22.0378
v  41.3634 50.8622 22.0378
v  40.8970 36.4890 22.0377
v  42.8125 53.0005 21.0429
v  44.7701 57.2643 16.6692
v  38.1363 57.2644 16.6692
v  40.7963 53.0006 21.0429
v  38.1363 57.2644 7.5504
v  46.0205 57.2644 7.5504
v  48.0509 36.4890 20.7446
v  50.6548 36.4890 16.6692
v  46.3672 55.7099 16.6692
v  44.5267 51.7134 20.7576
v  50.6548 36.4890 7.5504
v  51.9762 36.4890 16.6692
v  47.2985 64.5008 16.6692
v  46.3500 58.3854 16.6692
v  38.1363 65.2289 16.6692
v  38.1363 65.2289 7.5504
v  47.2985 64.5008 7.5504
v  51.9762 36.4890 7.5504
v  47.3565 65.8249 9.3343
v  37.6120 71.6040 9.3343
v  37.6120 71.6040 14.8854
v  47.3565 65.8249 14.8853
v  37.7294 70.1758 16.6693
v  37.7294 70.1758 7.5504
v  -37.9985 36.4890 2.1818
v  -43.4726 36.4890 2.1818
v  -43.4798 52.0307 2.1819
v  -37.9985 52.0307 2.1818
v  -53.0230 36.4890 14.8853
v  -48.4162 64.0763 14.8853
v  -48.4162 64.0763 9.3343
v  -53.0230 36.4890 9.3342
v  -45.8873 36.4890 22.0377
v  -41.5902 36.4890 22.0377
v  -41.2256 50.8622 22.0377
v  -42.5515 50.8622 22.0377
v  -42.6747 53.0005 21.0429
v  -40.6585 53.0005 21.0429
v  -37.9985 57.2643 16.6692
v  -44.6323 57.2643 16.6692
v  -45.8827 57.2643 7.5504
v  -37.9985 57.2644 7.5504
v  -47.9131 36.4890 20.7445
v  -44.3889 51.7133 20.7576
v  -46.2294 55.7099 16.6692
v  -50.5170 36.4890 16.6691
v  -50.5170 36.4890 7.5504
v  -46.2122 58.3853 16.6692
v  -47.1607 64.5008 16.6692
v  -51.8384 36.4890 16.6691
v  -37.9985 65.2288 16.6692
v  -47.1607 64.5008 7.5504
v  -37.9985 65.2289 7.5504
v  -51.8384 36.4890 7.5504
v  -47.2187 65.8249 9.3343
v  -47.2187 65.8249 14.8853
v  -37.4742 71.6040 14.8854
v  -37.4742 71.6040 9.3343
v  -37.5916 70.1758 16.6693
v  -37.5916 70.1758 7.5504
v  49.8872 -26.8562 27.3336
v  49.8872 36.0467 27.3338
v  49.8872 36.0467 30.4006
v  49.8116 -26.8562 30.4005
v  42.0634 48.3709 30.4007
v  42.0634 48.3709 27.3338
v  42.8000 42.0441 25.4467
v  44.6106 35.8878 25.4467
v  44.6106 -26.8562 25.4465
v  42.8000 -26.8562 25.4465
v  42.8000 -26.8562 32.2876
v  44.5350 -26.8562 32.2876
v  44.6106 35.8878 32.2878
v  42.8000 42.0441 32.2878
v  -49.8872 -26.8563 27.3336
v  -49.8116 -26.8563 30.4005
v  -49.8872 36.0467 30.4006
v  -49.8872 36.0467 27.3338
v  -42.0634 48.3708 30.4006
v  -42.0634 48.3708 27.3338
v  -42.8000 42.0441 25.4467
v  -42.8000 -26.8562 25.4465
v  -44.6106 -26.8562 25.4465
v  -44.6106 35.8878 25.4467
v  -42.8000 -26.8563 32.2876
v  -42.8000 42.0441 32.2877
v  -44.6106 35.8878 32.2877
v  -44.5350 -26.8563 32.2876
v  43.1885 -61.7100 26.2281
v  38.4982 -61.7100 26.2281
v  38.5123 -66.0097 21.8544
v  45.1924 -66.0097 21.8544
v  44.9027 -60.4588 25.9428
v  43.0653 -59.6509 27.2229
v  38.5075 -59.6509 27.2229
v  46.7432 -64.4553 21.8544
v  38.5065 -49.1661 27.2229
v  44.7302 -49.1661 27.2229
v  46.6624 -49.1661 25.9363
v  48.7701 -49.1661 21.8544
v  38.4982 -61.7100 8.2605
v  43.2482 -61.7100 8.2605
v  45.1924 -66.0097 12.7356
v  38.5123 -66.0097 12.7356
v  44.8966 -60.4174 8.2605
v  44.9279 -49.1661 8.2605
v  48.7701 -49.1661 12.7356
v  46.7228 -64.5468 12.7356
v  46.6553 -67.1029 21.8544
v  38.5123 -73.2454 21.8544
v  47.6745 -73.2454 21.8544
v  46.6553 -67.1029 12.7356
v  47.6745 -73.2454 12.7356
v  38.5123 -73.2454 12.7356
v  50.6598 -49.1661 12.7356
v  48.9300 -72.0820 20.0705
v  51.8445 -49.1661 20.0705
v  50.6598 -49.1661 21.8544
v  40.4161 -72.1138 15.7890
v  45.5909 -72.1138 15.7890
v  45.5909 -72.1138 18.8009
v  40.4161 -72.1138 18.8009
v  48.9300 -72.0820 14.5195
v  36.8836 -67.0097 14.2623
v  36.8836 -72.2446 14.2623
v  36.8836 -72.2446 20.3277
v  36.8836 -67.0097 20.3277
v  39.3230 -74.4864 20.7550
v  47.0496 -74.4864 20.7550
v  39.3230 -74.4864 13.8349
v  47.0496 -74.4864 13.8349
v  46.5894 -74.5918 20.0548
v  39.7772 -74.5918 20.0548
v  39.7772 -74.5918 14.5351
v  46.5894 -74.5918 14.5351
v  42.9113 -59.6509 7.3670
v  42.9080 -49.1661 7.3670
v  38.5075 -59.6509 7.3670
v  38.5065 -49.1661 7.3670
v  51.8445 -49.1661 14.5194
v  -40.8433 -61.7100 26.2281
v  -45.1924 -66.0097 21.8544
v  -38.5123 -66.0097 21.8544
v  -40.7864 -59.6509 27.2229
v  -44.9027 -60.4588 25.9395
v  -46.7432 -64.4553 21.8544
v  -38.5065 -49.1660 27.2229
v  -44.7302 -49.1661 27.2229
v  -46.6624 -49.1661 25.9395
v  -48.7701 -49.1661 21.8543
v  -38.4982 -61.7100 8.2605
v  -38.5123 -66.0098 12.7356
v  -45.1924 -66.0098 12.7356
v  -43.2482 -61.7100 8.2605
v  -44.8966 -60.4175 8.2605
v  -46.7228 -64.5468 12.7356
v  -48.7701 -49.1661 12.7355
v  -44.9279 -49.1661 8.2605
v  -46.6553 -67.1029 21.8544
v  -47.6745 -73.2454 21.8544
v  -38.5123 -73.2454 21.8544
v  -38.5123 -73.2454 12.7356
v  -47.6745 -73.2454 12.7356
v  -46.6553 -67.1029 12.7356
v  -50.6598 -49.1661 12.7355
v  -48.9300 -72.0820 20.0705
v  -50.6598 -49.1661 21.8543
v  -51.8444 -49.1661 20.0705
v  -40.4161 -72.1138 15.7890
v  -40.4161 -72.1138 18.8010
v  -45.5908 -72.1138 18.8010
v  -45.5908 -72.1138 15.7890
v  -48.9300 -72.0820 14.5195
v  -36.8836 -67.0097 14.2623
v  -36.8836 -67.0097 20.3277
v  -36.8836 -72.2446 20.3277
v  -36.8836 -72.2447 14.2623
v  -47.0495 -74.4864 20.7550
v  -39.3230 -74.4864 20.7550
v  -39.3230 -74.4864 13.8349
v  -47.0495 -74.4864 13.8349
v  -46.5893 -74.5918 20.0548
v  -39.7772 -74.5918 20.0548
v  -39.7772 -74.5918 14.5351
v  -46.5893 -74.5918 14.5351
v  -42.9113 -59.6510 7.3670
v  -42.9080 -49.1661 7.3670
v  -38.5075 -59.6510 7.3670
v  -38.5065 -49.1661 7.3670
v  -51.8444 -49.1661 14.5194
# 1228 vertices

vn 0.6815 0.4575 -0.5712
vn 0.5767 0.7283 -0.3702
vn 0.9942 0.0650 -0.0856
vn 0.8564 0.1071 -0.5051
vn 0.8757 0.4180 -0.2418
vn 0.8958 0.2638 -0.3576
vn 0.9954 0.0000 -0.0956
vn 0.8755 0.0000 -0.4833
vn 0.8757 -0.4180 -0.2418
vn 0.8958 -0.2638 -0.3576
vn 0.3679 0.0000 -0.9299
vn -0.7071 -0.0000 -0.7071
vn -0.9045 -0.3015 -0.3015
vn -0.9045 0.3015 -0.3015
vn -0.5791 -0.5739 -0.5791
vn -0.7071 0.0000 -0.7071
vn -1.0000 -0.0000 0.0000
vn -0.9240 -0.3824 0.0000
vn -0.3015 0.3015 0.9045
vn -0.3015 -0.3015 0.9045
vn 0.7071 0.0000 0.7071
vn 0.2691 -0.0000 0.9631
vn 0.7071 -0.0000 0.7071
vn -0.6815 0.4575 -0.5712
vn -0.5767 0.7283 -0.3702
vn -0.0000 0.8941 -0.4479
vn -0.2817 0.6191 -0.7330
vn 0.2817 0.6191 -0.7330
vn 0.7657 0.1553 0.6241
vn 0.2594 0.2356 0.9366
vn 0.1734 0.8143 0.5539
vn 0.8433 0.4605 0.2770
vn -0.8066 -0.5714 -0.1509
vn -0.8742 -0.3832 0.2982
vn 0.0000 -0.7071 -0.7071
vn 0.2848 -0.6329 -0.7199
vn 0.7415 -0.4337 -0.5119
vn 0.5773 0.5774 -0.5773
vn 0.6063 0.6782 0.4152
vn 0.7071 0.7071 -0.0000
vn 0.6581 0.1761 0.7321
vn 0.6507 -0.3914 0.6507
vn 0.6507 -0.3914 -0.6507
vn 0.1590 -0.2400 -0.9577
vn 0.8386 -0.2806 0.4668
vn 0.9586 0.0000 0.2846
vn 0.8632 0.0000 0.5048
vn 0.8633 0.0000 0.5048
vn 0.9587 0.0000 0.2846
vn -0.2322 -0.4066 0.8836
vn 0.0000 -0.7071 0.7071
vn 0.0000 -1.0000 -0.0000
vn -0.2169 -0.9401 -0.2630
vn -0.5986 -0.6584 0.4563
vn -0.5985 -0.6581 -0.4569
vn -0.0967 0.9907 -0.0962
vn -0.1078 0.9890 0.1016
vn -0.2659 0.9252 -0.2708
vn -0.2606 0.9106 0.3208
vn -0.0000 1.0000 0.0000
vn 0.4868 0.7791 0.3950
vn 0.5008 0.8134 0.2959
vn 0.2713 0.5914 -0.7594
vn 0.3545 0.1650 -0.9204
vn 0.8553 0.1508 0.4956
vn 0.7045 0.1818 0.6861
vn 0.7293 -0.0004 0.6842
vn 0.7293 0.0000 0.6842
vn 0.9444 0.1260 0.3038
vn 0.6635 0.7315 0.1572
vn -0.7362 -0.0840 0.6715
vn 0.4699 0.7055 0.5305
vn 0.4699 0.7055 -0.5305
vn -0.4699 0.7055 -0.5305
vn -0.4699 0.7055 0.5305
vn -0.2328 0.9483 0.2157
vn 0.2328 0.9483 0.2157
vn -0.2328 0.9483 -0.2157
vn 0.2328 0.9483 -0.2157
vn -0.0000 0.6635 -0.7482
vn -0.2713 0.5914 -0.7594
vn -0.3959 -0.8286 -0.3959
vn 0.3959 -0.8286 -0.3959
vn 0.3959 -0.8286 0.3959
vn -0.3959 -0.8286 0.3959
vn -0.0000 0.1755 -0.9845
vn -0.5773 0.5774 -0.5773
vn 0.1078 0.9890 0.1016
vn -0.7071 -0.0000 0.7071
vn 0.2294 -0.8968 0.3785
vn -0.3004 -0.9053 0.3004
vn -0.3004 -0.9053 -0.3004
vn -0.1101 -0.9878 -0.1101
vn 0.3217 -0.9280 0.1881
vn -0.5774 -0.5774 -0.5774
vn -0.7071 -0.7071 -0.0000
vn -0.5774 -0.5774 0.5774
vn -0.0000 -0.7071 -0.7071
vn -0.6507 -0.3914 -0.6507
vn -0.1590 -0.2400 -0.9577
vn 0.2659 0.9252 -0.2708
vn 0.0967 0.9907 -0.0962
vn 0.0000 0.0000 -1.0000
vn -0.0000 0.0000 -1.0000
vn 0.2117 -0.3253 0.9216
vn 0.7960 -0.3869 0.4655
vn 0.8912 -0.3686 0.2645
vn 0.7293 -0.0000 0.6842
vn 0.7190 -0.3253 0.6142
vn -0.6581 0.1761 0.7321
vn -0.6507 -0.3914 0.6507
vn 0.9235 -0.3735 -0.0872
vn 0.0000 -0.0000 1.0000
vn -0.0000 -0.0000 1.0000
vn -0.8564 0.1071 -0.5051
vn -0.9942 0.0650 -0.0856
vn -0.8757 0.4180 -0.2418
vn -0.8755 0.0000 -0.4833
vn -0.9954 0.0000 -0.0956
vn -0.8958 0.2638 -0.3576
vn -0.8757 -0.4180 -0.2418
vn -0.8958 -0.2638 -0.3576
vn -0.3679 0.0000 -0.9299
vn 0.7071 0.0000 -0.7071
vn 0.9045 0.3015 -0.3015
vn 0.9045 -0.3015 -0.3015
vn 0.5791 -0.5739 -0.5791
vn 0.9240 -0.3824 0.0000
vn 1.0000 0.0000 0.0000
vn 0.3015 0.3015 0.9045
vn 0.3015 -0.3015 0.9045
vn -0.2690 -0.0000 0.9631
vn -0.2691 -0.0000 0.9631
vn -0.7657 0.1556 0.6241
vn -0.8433 0.4605 0.2770
vn -0.1734 0.8142 0.5540
vn -0.2595 0.2345 0.9368
vn 0.2910 -0.8565 -0.4264
vn 0.3829 -0.9238 0.0000
vn -0.4012 -0.9152 -0.0391
vn -0.2800 -0.8454 -0.4549
vn -0.7071 0.7071 0.0000
vn -0.6063 0.6782 0.4152
vn -0.8386 -0.2806 0.4668
vn -0.9587 -0.0000 0.2845
vn -0.9587 -0.0000 0.2846
vn -0.8633 -0.0000 0.5048
vn -0.8632 -0.0000 0.5048
vn 0.2322 -0.4066 0.8836
vn 0.2169 -0.9401 -0.2630
vn 0.5986 -0.6584 0.4562
vn 0.5985 -0.6581 -0.4569
vn 0.2606 0.9106 0.3208
vn -0.0000 1.0000 -0.0000
vn -0.5008 0.8134 0.2959
vn -0.4868 0.7792 0.3950
vn -0.3545 0.1650 -0.9204
vn -0.8553 0.1508 0.4956
vn -0.7045 0.1827 0.6858
vn -0.7293 -0.0000 0.6842
vn -0.7292 -0.0004 0.6843
vn -0.9444 0.1260 0.3038
vn -0.6635 0.7315 0.1572
vn 0.0001 -0.1231 0.9924
vn -0.0002 -0.1230 0.9924
vn 0.8066 -0.5714 -0.1509
vn 0.7360 -0.0835 0.6718
vn -0.2293 -0.8968 0.3785
vn -0.3217 -0.9280 0.1881
vn 0.1101 -0.9878 -0.1101
vn 0.3004 -0.9053 -0.3004
vn 0.3004 -0.9053 0.3004
vn 0.7071 -0.7071 -0.0000
vn 0.5774 -0.5773 -0.5774
vn 0.5774 -0.5774 0.5774
vn -0.2690 -0.0001 0.9631
vn -0.2117 -0.3253 0.9216
vn -0.8912 -0.3686 0.2645
vn -0.7960 -0.3869 0.4655
vn -0.7190 -0.3253 0.6142
vn -0.7415 -0.4337 -0.5119
vn -0.9235 -0.3735 -0.0872
vn -0.2848 -0.6329 -0.7199
vn 0.0000 -0.7888 0.6147
vn 0.8743 -0.3829 0.2982
vn -0.3829 -0.9238 0.0000
vn 0.4012 -0.9152 -0.0391
vn 0.4113 -0.9033 0.1221
vn -0.4113 -0.9033 0.1221
vn -0.2910 -0.8565 -0.4264
vn 0.2800 -0.8454 -0.4549
vn 0.3935 -0.6508 0.6493
vn -0.3935 -0.6508 0.6493
vn 0.3002 -0.9054 0.3002
vn -0.1570 -0.9750 -0.1570
vn -0.1570 -0.9750 0.1570
vn 0.3002 -0.9054 -0.3002
vn 0.1570 -0.9750 0.1570
vn -0.3002 -0.9054 -0.3002
vn 0.1570 -0.9750 -0.1570
vn -0.3002 -0.9054 0.3002
vn 0.0000 -0.8668 0.4987
vn -0.0000 -0.3656 0.9308
vn -0.3056 -0.4144 0.8573
vn -0.5052 -0.4549 0.7334
vn -0.2344 -0.8087 0.5395
vn -0.4096 -0.8283 0.3824
vn -0.0000 -0.7071 0.7071
vn -0.3427 -0.6207 0.7052
vn -0.6814 -0.4991 0.5354
vn -0.3427 0.6207 0.7052
vn -0.0000 0.7071 0.7071
vn -0.0000 0.8668 0.4987
vn -0.5052 0.4549 0.7334
vn -0.3056 0.4144 0.8573
vn -0.0000 0.3656 0.9308
vn -0.2344 0.8087 0.5395
vn -0.4096 0.8283 0.3824
vn -0.6814 0.4991 0.5354
vn 0.0000 -0.8668 0.4986
vn 0.5052 -0.4549 0.7334
vn 0.3056 -0.4144 0.8573
vn 0.0000 -0.3656 0.9308
vn 0.2344 -0.8087 0.5395
vn 0.4096 -0.8283 0.3824
vn 0.3427 -0.6207 0.7052
vn 0.6814 -0.4991 0.5354
vn 0.3427 0.6207 0.7052
vn 0.0000 0.7071 0.7071
vn 0.0000 0.8668 0.4987
vn 0.0000 0.3656 0.9308
vn 0.3056 0.4144 0.8573
vn 0.5052 0.4549 0.7334
vn 0.2344 0.8087 0.5395
vn 0.4096 0.8283 0.3824
vn 0.6814 0.4991 0.5354
vn 0.1732 0.0717 -0.9823
vn 0.1732 -0.0717 -0.9823
vn 0.0717 -0.1732 -0.9823
vn -0.0717 -0.1732 -0.9823
vn -0.1039 -0.1039 -0.9891
vn -0.1039 0.1039 -0.9891
vn -0.0717 0.1732 -0.9823
vn 0.0717 0.1732 -0.9823
vn 0.7825 -0.3242 -0.5316
vn 0.7831 -0.3238 0.5310
vn 0.3247 -0.7834 0.5300
vn 0.3241 -0.7825 -0.5317
vn -0.3247 -0.7834 0.5300
vn -0.3241 -0.7825 -0.5317
vn -0.6139 -0.6139 0.4963
vn -0.6117 -0.6117 -0.5017
vn -0.6117 0.6117 -0.5017
vn -0.6095 0.6095 0.5070
vn -0.3236 0.7816 0.5333
vn -0.3241 0.7825 -0.5317
vn 0.3236 0.7816 0.5333
vn 0.3241 0.7825 -0.5317
vn 0.7819 0.3244 0.5323
vn 0.7825 0.3241 -0.5317
vn 0.1725 0.0703 0.9825
vn 0.0711 0.1704 0.9828
vn -0.0711 0.1704 0.9828
vn -0.1022 0.1022 0.9895
vn -0.1057 -0.1057 0.9888
vn -0.0724 -0.1761 0.9817
vn 0.0724 -0.1761 0.9817
vn 0.1739 -0.0732 0.9820
vn -0.1732 0.0717 -0.9823
vn 0.1039 0.1039 -0.9891
vn 0.1039 -0.1039 -0.9891
vn -0.1732 -0.0717 -0.9823
vn -0.7825 -0.3241 -0.5317
vn -0.7831 -0.3238 0.5310
vn 0.6117 -0.6117 -0.5017
vn 0.6139 -0.6139 0.4963
vn 0.6117 0.6117 -0.5017
vn 0.6095 0.6095 0.5070
vn -0.3242 0.7825 -0.5316
vn -0.7825 0.3242 -0.5316
vn -0.7819 0.3244 0.5323
vn -0.1725 0.0703 0.9825
vn -0.1739 -0.0732 0.9820
vn 0.1057 -0.1057 0.9888
vn 0.1022 0.1022 0.9895
vn -0.6702 -0.6030 0.4328
vn -0.6702 0.6030 0.4328
vn -0.3827 -0.9239 -0.0000
vn -0.9239 -0.3826 -0.0000
vn -0.5855 -0.7715 0.2488
vn -0.7715 -0.5855 0.2489
vn 0.6030 -0.6702 0.4327
vn -0.6030 -0.6702 0.4327
vn 0.9239 -0.3826 -0.0000
vn 0.3827 -0.9239 -0.0000
vn 0.7715 -0.5855 0.2489
vn 0.5855 -0.7715 0.2489
vn 0.3826 0.9239 0.0000
vn 0.9239 0.3827 0.0000
vn 0.5855 0.7715 0.2489
vn 0.7715 0.5855 0.2489
vn 0.7071 0.7071 0.0000
vn -0.6030 0.6702 0.4328
vn 0.6030 0.6702 0.4328
vn -0.9239 0.3827 0.0000
vn -0.3827 0.9239 0.0000
vn -0.7715 0.5855 0.2489
vn -0.5855 0.7715 0.2489
vn 0.3826 -0.9239 -0.0000
vn 0.9239 -0.3827 -0.0000
vn 0.3827 0.9239 0.0000
vn 0.2545 0.7856 0.5639
vn 0.2545 -0.7857 0.5639
vn 0.6702 0.6030 0.4328
vn 0.6702 -0.6030 0.4328
vn 0.7071 -0.7071 0.0000
vn 0.5855 -0.7715 0.2488
vn 0.6029 -0.6702 0.4328
vn -0.6029 -0.6702 0.4328
vn -0.3826 -0.9239 -0.0000
vn 0.9239 0.3826 -0.0000
vn 0.9239 0.3826 0.0000
vn -0.3826 0.9239 0.0000
vn 0.0000 1.0000 0.0000
vn -0.2545 0.7857 0.5639
vn -0.2545 -0.7857 0.5639
vn -0.0000 -1.0000 -0.0000
vn -0.0000 -0.8668 0.4986
vn 0.3428 0.6206 0.7052
vn 0.6813 0.4992 0.5353
vn 0.7825 -0.3241 -0.5317
vn 0.7831 -0.3239 0.5309
vn -0.6095 0.6095 0.5071
vn -0.3235 0.7816 0.5333
vn 0.3235 0.7816 0.5333
vn 0.7819 0.3244 0.5324
vn 0.6117 -0.6117 -0.5016
vn 0.6117 0.6117 -0.5016
vn 0.3242 0.7825 -0.5316
vn -0.7825 0.3241 -0.5317
vn -0.7071 0.7071 -0.0000
vn -0.6691 -0.6026 0.4349
vn -0.6691 0.6026 0.4349
vn -0.9239 -0.3827 -0.0000
vn -0.5867 -0.7703 0.2496
vn -0.7703 -0.5868 0.2496
vn 0.6026 -0.6691 0.4349
vn -0.6026 -0.6691 0.4349
vn 0.7703 -0.5867 0.2496
vn 0.5867 -0.7703 0.2496
vn 0.5867 0.7703 0.2497
vn 0.7703 0.5868 0.2496
vn -0.6026 0.6691 0.4349
vn 0.6026 0.6691 0.4349
vn -0.7703 0.5867 0.2497
vn -0.5867 0.7703 0.2497
vn -0.9648 -0.2629 -0.0000
vn -0.9339 0.3577 0.0000
vn -0.5366 -0.8438 -0.0000
vn 0.3175 -0.9482 -0.0000
vn 0.2912 0.9567 0.0000
vn -0.5590 0.8291 0.0000
vn 0.2516 0.7848 0.5664
vn 0.2516 -0.7848 0.5664
vn 0.6691 0.6026 0.4349
vn 0.6691 -0.6026 0.4349
vn 0.7703 -0.5868 0.2496
vn 0.5868 -0.7703 0.2496
vn -0.7703 -0.5867 0.2496
vn -0.7703 0.5868 0.2496
vn 0.5867 0.7703 0.2496
vn 0.7703 0.5867 0.2496
vn 0.9339 0.3577 0.0000
vn 0.9648 -0.2629 -0.0000
vn 0.5366 -0.8438 -0.0000
vn -0.3175 -0.9483 -0.0000
vn -0.9239 0.3826 0.0000
vn -0.2912 0.9567 0.0000
vn 0.5590 0.8291 0.0000
vn -0.2516 0.7848 0.5664
vn -0.2516 -0.7848 0.5664
vn 0.0000 -1.0000 0.0000
vn -0.7973 -0.4715 0.3767
vn -0.7973 -0.4715 -0.3767
vn -0.5465 -0.7468 -0.3790
vn -0.5465 -0.7468 0.3790
vn -0.2008 -0.9027 0.3805
vn -0.2008 -0.9027 -0.3805
vn 0.0000 -0.9057 -0.4239
vn 0.0000 -0.9383 0.3459
vn -0.7944 -0.4657 0.3900
vn -0.5396 -0.7375 0.4060
vn -0.2476 -0.2956 0.9227
vn -0.3383 -0.2031 0.9189
vn -0.1996 -0.8906 0.4087
vn -0.0000 -0.9200 0.3918
vn 0.0000 -0.3496 0.9369
vn -0.0743 -0.3687 0.9266
vn -0.5492 -0.7398 -0.3887
vn -0.7951 -0.4677 -0.3862
vn -0.3404 -0.2038 -0.9179
vn -0.2478 -0.3162 -0.9157
vn 0.0000 -0.8889 -0.4580
vn -0.1978 -0.8957 -0.3982
vn -0.0754 -0.3792 -0.9222
vn 0.0018 -0.3331 -0.9429
vn 0.5704 0.3368 -0.7492
vn 0.3917 0.5210 -0.7584
vn -0.4031 -0.0678 -0.9126
vn -0.4031 0.0678 -0.9126
vn 0.6519 -0.1172 -0.7492
vn 0.6519 0.1172 -0.7492
vn 0.6397 0.3778 -0.6694
vn 0.4503 0.5990 -0.6621
vn 0.7312 -0.1314 -0.6694
vn 0.7312 0.1314 -0.6694
vn -0.7836 -0.4684 -0.4082
vn -0.5562 -0.7201 -0.4148
vn -0.5562 -0.7201 0.4148
vn -0.7836 -0.4684 0.4082
vn -0.9011 -0.1536 0.4056
vn -0.9061 -0.1719 0.3865
vn -0.9061 0.1719 0.3865
vn -0.9011 0.1536 0.4056
vn -0.1861 -0.8888 -0.4188
vn 0.0000 -0.9383 -0.3459
vn -0.1861 -0.8888 0.4188
vn 0.0000 -0.9057 0.4239
vn -0.9108 -0.1713 0.3757
vn -0.9108 0.1713 0.3757
vn -0.9108 -0.1713 -0.3757
vn -0.3983 -0.0573 0.9155
vn -0.9103 -0.1680 -0.3784
vn 0.1390 0.6368 -0.7584
vn 0.1598 0.7322 -0.6621
vn -0.9010 -0.1536 -0.4056
vn -0.0000 0.6605 -0.7508
vn 0.0000 0.7460 -0.6659
vn 0.6397 -0.3778 -0.6694
vn 0.4503 -0.5990 -0.6621
vn 0.1598 -0.7322 -0.6621
vn 0.0000 -0.7460 -0.6659
vn 0.0000 0.3495 0.9369
vn -0.0743 0.3687 0.9266
vn -0.2476 0.2956 0.9227
vn -0.3383 0.2031 0.9189
vn -0.3983 0.0573 0.9155
vn -0.9108 0.1713 -0.3757
vn -0.9010 0.1536 -0.4056
vn -0.9103 0.1680 -0.3784
vn -0.7974 0.4715 0.3767
vn -0.5465 0.7468 0.3790
vn -0.5465 0.7468 -0.3790
vn -0.7973 0.4715 -0.3767
vn -0.2008 0.9027 0.3805
vn 0.0000 0.9383 0.3459
vn 0.0000 0.9057 -0.4239
vn -0.2008 0.9027 -0.3805
vn -0.7944 0.4657 0.3900
vn -0.5396 0.7375 0.4061
vn -0.1996 0.8906 0.4087
vn -0.0000 0.9200 0.3918
vn -0.5492 0.7398 -0.3887
vn -0.2478 0.3162 -0.9157
vn -0.3404 0.2038 -0.9179
vn -0.7951 0.4677 -0.3862
vn 0.0000 0.8889 -0.4580
vn 0.0018 0.3331 -0.9429
vn -0.0754 0.3792 -0.9222
vn -0.1978 0.8957 -0.3982
vn 0.3917 -0.5210 -0.7584
vn 0.5704 -0.3368 -0.7492
vn -0.7836 0.4684 -0.4082
vn -0.5562 0.7201 -0.4148
vn -0.5562 0.7201 0.4148
vn -0.7836 0.4684 0.4082
vn -0.1861 0.8888 -0.4188
vn -0.0000 0.9383 -0.3459
vn -0.0000 0.9057 0.4239
vn -0.1861 0.8888 0.4188
vn 0.1390 -0.6368 -0.7584
vn 0.0000 -0.6605 -0.7508
vn -0.7943 -0.4657 0.3900
vn 0.5704 0.3369 -0.7491
vn 0.3916 0.5210 -0.7584
vn 0.4503 0.5990 -0.6622
vn -0.7973 0.4715 0.3767
vn -0.0000 0.9057 -0.4239
vn 0.7973 -0.4715 0.3767
vn 0.5465 -0.7468 0.3790
vn 0.5465 -0.7468 -0.3790
vn 0.7973 -0.4715 -0.3767
vn 0.2008 -0.9027 0.3805
vn -0.0000 -0.9383 0.3459
vn 0.2008 -0.9027 -0.3805
vn 0.7944 -0.4657 0.3900
vn 0.3383 -0.2031 0.9189
vn 0.2476 -0.2956 0.9227
vn 0.5396 -0.7375 0.4060
vn 0.1996 -0.8906 0.4087
vn 0.0743 -0.3687 0.9266
vn -0.0000 -0.3496 0.9369
vn 0.0000 -0.9200 0.3918
vn 0.5492 -0.7398 -0.3887
vn 0.2478 -0.3162 -0.9157
vn 0.3404 -0.2038 -0.9179
vn 0.7951 -0.4677 -0.3862
vn -0.0000 -0.8889 -0.4580
vn -0.0018 -0.3331 -0.9429
vn 0.0754 -0.3792 -0.9222
vn 0.1978 -0.8957 -0.3982
vn -0.3917 0.5210 -0.7584
vn -0.5704 0.3368 -0.7492
vn 0.4031 -0.0678 -0.9126
vn -0.6519 0.1172 -0.7492
vn -0.6519 -0.1172 -0.7492
vn 0.4031 0.0678 -0.9126
vn -0.4503 0.5990 -0.6621
vn -0.6397 0.3778 -0.6694
vn -0.7312 0.1314 -0.6694
vn -0.7312 -0.1314 -0.6694
vn 0.7836 -0.4684 -0.4082
vn 0.5562 -0.7201 -0.4148
vn 0.5562 -0.7201 0.4148
vn 0.7836 -0.4684 0.4082
vn 0.9011 -0.1536 0.4056
vn 0.9011 0.1536 0.4056
vn 0.9061 0.1719 0.3865
vn 0.9061 -0.1719 0.3865
vn 0.1861 -0.8888 -0.4188
vn 0.1861 -0.8888 0.4188
vn 0.9108 -0.1713 0.3757
vn 0.9108 0.1713 0.3757
vn 0.9108 -0.1713 -0.3757
vn 0.3983 -0.0573 0.9155
vn 0.9103 -0.1680 -0.3784
vn -0.1390 0.6368 -0.7584
vn -0.1598 0.7322 -0.6621
vn 0.9010 -0.1536 -0.4056
vn -0.0000 0.7460 -0.6659
vn -0.0000 -0.7460 -0.6659
vn -0.1598 -0.7322 -0.6621
vn -0.4503 -0.5990 -0.6622
vn -0.6397 -0.3778 -0.6693
vn 0.3983 0.0573 0.9155
vn 0.3383 0.2031 0.9189
vn 0.2476 0.2956 0.9227
vn 0.0743 0.3687 0.9266
vn -0.0000 0.3495 0.9369
vn 0.9108 0.1713 -0.3757
vn 0.9103 0.1680 -0.3783
vn 0.9010 0.1536 -0.4056
vn 0.7973 0.4715 0.3767
vn 0.7973 0.4715 -0.3767
vn 0.5464 0.7468 -0.3790
vn 0.5465 0.7468 0.3790
vn 0.2008 0.9027 0.3805
vn 0.2008 0.9027 -0.3805
vn -0.0000 0.9383 0.3459
vn 0.7943 0.4657 0.3900
vn 0.5396 0.7375 0.4061
vn 0.1996 0.8906 0.4087
vn 0.0000 0.9200 0.3918
vn 0.5492 0.7398 -0.3887
vn 0.7951 0.4677 -0.3862
vn 0.3404 0.2038 -0.9179
vn 0.2478 0.3162 -0.9157
vn -0.0000 0.8889 -0.4580
vn 0.1978 0.8957 -0.3982
vn 0.0754 0.3792 -0.9222
vn -0.0018 0.3331 -0.9429
vn -0.5704 -0.3368 -0.7492
vn -0.3917 -0.5210 -0.7584
vn 0.7836 0.4684 -0.4082
vn 0.5562 0.7201 -0.4148
vn 0.5562 0.7201 0.4148
vn 0.7836 0.4684 0.4082
vn 0.1861 0.8888 -0.4188
vn 0.0000 0.9383 -0.3459
vn 0.1861 0.8888 0.4188
vn 0.0000 0.9057 0.4239
vn -0.1390 -0.6368 -0.7584
vn 0.7943 -0.4657 0.3900
vn 0.5396 -0.7375 0.4061
vn -0.5704 0.3368 -0.7491
vn -0.6519 0.1171 -0.7492
vn -0.4504 0.5990 -0.6621
vn -0.6396 0.3777 -0.6695
vn -0.7312 0.1314 -0.6693
vn 0.9103 0.1680 -0.3784
vn 0.5465 0.7468 -0.3790
vn 0.7944 0.4657 0.3900
vn 0.0000 0.3886 -0.9214
vn 0.4598 0.2950 -0.8376
vn 0.3198 -0.0001 -0.9475
vn 0.9477 0.1582 0.2773
vn 0.9477 0.1582 -0.2773
vn 0.9050 0.3413 -0.2539
vn 0.9050 0.3414 0.2538
vn 0.3160 0.0733 0.9459
vn 0.2256 0.2138 0.9505
vn -0.0000 0.2289 0.9735
vn 0.2150 0.5448 0.8105
vn 0.1085 0.2625 0.9588
vn 0.0000 0.3295 0.9442
vn 0.0000 0.6072 0.7945
vn 0.1287 0.1782 -0.9755
vn 0.7121 0.1643 0.6826
vn 0.4237 0.0945 0.9009
vn 0.2832 0.1849 0.9411
vn 0.6209 0.2895 0.7285
vn 0.2782 0.0620 -0.9585
vn 0.5077 0.0848 0.8574
vn 0.4730 0.3239 0.8194
vn 0.4730 0.3239 -0.8194
vn 0.5077 0.0848 -0.8574
vn 0.6454 0.7204 -0.2538
vn 0.4942 0.8334 -0.2474
vn 0.4942 0.8334 0.2474
vn 0.6454 0.7204 0.2538
vn 0.3199 0.5394 0.7789
vn 0.3199 0.5394 -0.7789
vn -0.3198 -0.0001 -0.9475
vn -0.4598 0.2950 -0.8376
vn -0.0000 0.3886 -0.9214
vn -0.9477 0.1582 0.2773
vn -0.9050 0.3414 0.2538
vn -0.9050 0.3414 -0.2538
vn -0.9477 0.1582 -0.2773
vn -0.3160 0.0733 0.9459
vn 0.0000 0.2328 0.9725
vn -0.2256 0.2138 0.9505
vn -0.2150 0.5448 0.8105
vn -0.0000 0.6072 0.7945
vn -0.0000 0.3295 0.9442
vn -0.1085 0.2625 0.9588
vn -0.1287 0.1782 -0.9755
vn -0.7121 0.1643 0.6826
vn -0.6209 0.2895 0.7285
vn -0.2832 0.1849 0.9411
vn -0.4237 0.0945 0.9009
vn -0.2782 0.0620 -0.9585
vn -0.4730 0.3239 0.8194
vn -0.5077 0.0848 0.8574
vn -0.4730 0.3239 -0.8194
vn -0.5077 0.0848 -0.8574
vn -0.6454 0.7204 -0.2538
vn -0.6454 0.7204 0.2538
vn -0.4942 0.8334 0.2474
vn -0.4942 0.8334 -0.2474
vn -0.3199 0.5394 0.7789
vn -0.3199 0.5394 -0.7789
vn 0.8246 0.0000 -0.5657
vn 0.8165 0.2304 -0.5295
vn 0.8166 0.2299 0.5294
vn 0.8102 -0.0010 0.5861
vn 0.8221 0.5219 0.2277
vn 0.8221 0.5219 -0.2276
vn 0.7901 0.2324 -0.5673
vn 0.1849 0.0287 -0.9823
vn 0.1709 0.0000 -0.9853
vn 0.1708 -0.0002 0.9853
vn 0.1850 0.0286 0.9823
vn 0.7901 0.2324 0.5673
vn -0.8246 0.0000 -0.5657
vn -0.8102 -0.0010 0.5861
vn -0.8166 0.2299 0.5294
vn -0.8165 0.2304 -0.5294
vn -0.8221 0.5219 0.2277
vn -0.8221 0.5219 -0.2277
vn -0.7901 0.2324 -0.5673
vn -0.1709 0.0000 -0.9853
vn -0.1849 0.0287 -0.9823
vn -0.7901 0.2324 0.5673
vn -0.1850 0.0286 0.9823
vn -0.1708 -0.0002 0.9853
vn 0.2119 -0.5482 0.8090
vn -0.0000 -0.5827 0.8127
vn -0.3350 -0.0954 0.9374
vn 0.1090 -0.2582 0.9599
vn 0.6447 -0.2665 0.7165
vn 0.2364 -0.2113 0.9484
vn -0.0000 -0.2234 0.9747
vn 0.2869 -0.1720 0.9424
vn 0.3153 -0.0501 0.9477
vn 0.7506 -0.1166 0.6503
vn 0.4859 -0.0644 0.8716
vn 0.0000 -0.5708 -0.8211
vn 0.1774 -0.5491 -0.8167
vn 0.1089 -0.2669 -0.9575
vn -0.3360 -0.0991 -0.9366
vn 0.6510 -0.2155 -0.7279
vn 0.5966 -0.0017 -0.8026
vn 0.3871 -0.0515 -0.9206
vn 0.2932 -0.1809 -0.9388
vn 0.0000 0.0000 1.0000
vn -0.4705 -0.4654 0.7497
vn 0.5126 -0.4409 0.7367
vn 0.0000 -0.0000 -1.0000
vn 0.5126 -0.4409 -0.7367
vn -0.4705 -0.4654 -0.7497
vn 0.4995 -0.0619 -0.8641
vn 0.8977 -0.3918 0.2017
vn 0.9522 -0.1211 0.2806
vn 0.4995 -0.0619 0.8641
vn 0.5107 -0.7517 0.4173
vn -0.4581 -0.7833 0.4202
vn -0.4581 -0.7833 -0.4202
vn 0.5107 -0.7517 -0.4173
vn 0.8977 -0.3918 -0.2017
vn -0.8632 0.4020 -0.3054
vn -0.8633 -0.4019 -0.3054
vn -0.8633 -0.4019 0.3054
vn -0.8632 0.4020 0.3054
vn -0.4079 -0.8463 0.3426
vn 0.4557 -0.8224 0.3404
vn -0.4079 -0.8463 -0.3426
vn 0.4557 -0.8224 -0.3404
vn -0.0850 -0.9869 -0.1368
vn 0.0900 -0.9834 -0.1578
vn 0.0900 -0.9834 0.1578
vn -0.0850 -0.9869 0.1368
vn 0.1758 -0.1709 -0.9695
vn 0.2067 0.0001 -0.9784
vn 0.0000 -0.2035 -0.9791
vn 0.9521 -0.1211 -0.2807
vn -0.1534 -0.5605 0.8139
vn -0.1070 -0.2190 0.9698
vn 0.3596 -0.0278 0.9327
vn -0.1998 -0.2131 0.9564
vn -0.5243 -0.3073 0.7942
vn -0.2867 -0.1720 0.9425
vn -0.0000 0.0000 1.0000
vn -0.3442 -0.1295 0.9299
vn -0.7503 -0.1169 0.6506
vn -0.4861 -0.0644 0.8715
vn 0.3360 -0.0991 -0.9366
vn -0.1089 -0.2669 -0.9575
vn -0.1774 -0.5491 -0.8167
vn -0.6510 -0.2155 -0.7279
vn -0.2932 -0.1809 -0.9388
vn -0.3871 -0.0515 -0.9206
vn -0.5966 -0.0017 -0.8026
vn -0.5126 -0.4409 0.7367
vn 0.4705 -0.4654 0.7497
vn 0.4705 -0.4654 -0.7497
vn -0.5126 -0.4409 -0.7367
vn -0.4995 -0.0619 -0.8641
vn -0.8977 -0.3918 0.2017
vn -0.4995 -0.0619 0.8641
vn -0.9521 -0.1211 0.2806
vn -0.5107 -0.7517 0.4173
vn -0.5107 -0.7517 -0.4173
vn 0.4581 -0.7833 -0.4202
vn 0.4581 -0.7833 0.4202
vn -0.8977 -0.3918 -0.2017
vn 0.8632 0.4020 -0.3054
vn 0.8632 0.4020 0.3054
vn 0.8633 -0.4019 0.3054
vn 0.8633 -0.4019 -0.3054
vn -0.4557 -0.8224 0.3405
vn 0.4079 -0.8463 0.3426
vn 0.4079 -0.8463 -0.3426
vn -0.4557 -0.8224 -0.3404
vn 0.0850 -0.9869 -0.1368
vn -0.0900 -0.9834 -0.1578
vn -0.0900 -0.9834 0.1578
vn 0.0850 -0.9869 0.1368
vn -0.1758 -0.1710 -0.9695
vn -0.2067 0.0001 -0.9784
vn -0.9521 -0.1211 -0.2806
# 771 vertex normals

vt 0.5939 0.8396 0.0000
vt 0.6290 0.8659 0.0000
vt 0.4841 0.9139 0.0000
vt 0.4841 0.7966 0.0000
vt 0.2094 0.7966 0.0000
vt 0.2094 0.9139 0.0000
vt 0.1171 0.9139 0.0000
vt 0.1171 0.7966 0.0000
vt 0.3031 0.7966 0.0000
vt 0.3031 0.9139 0.0000
vt 0.2094 0.7865 0.0000
vt 0.3031 0.7865 0.0000
vt 0.5243 0.3331 0.0000
vt 0.4305 0.3331 0.0000
vt 0.4305 0.2978 0.0000
vt 0.5243 0.2978 0.0000
vt 0.7179 0.3331 0.0000
vt 0.6165 0.3331 0.0000
vt 0.6165 0.2978 0.0000
vt 0.7179 0.2978 0.0000
vt 0.2177 0.0111 0.0000
vt 0.2177 0.0540 0.0000
vt 0.3350 0.0313 0.0000
vt 0.3350 0.0111 0.0000
vt 0.1239 0.0111 0.0000
vt 0.1239 0.0540 0.0000
vt 0.0066 0.0111 0.0000
vt 0.0066 0.0313 0.0000
vt 0.1629 0.3248 0.0000
vt 0.1428 0.3248 0.0000
vt 0.1428 0.2310 0.0000
vt 0.1629 0.2310 0.0000
vt 0.1142 0.1652 0.0000
vt 0.1142 0.1154 0.0000
vt 0.2064 0.1154 0.0000
vt 0.2064 0.1652 0.0000
vt 0.9412 0.5243 0.0000
vt 0.6546 0.5243 0.0000
vt 0.6529 0.4980 0.0000
vt 0.6731 0.4980 0.0000
vt 0.7196 0.4980 0.0000
vt 0.8762 0.4980 0.0000
vt 0.9228 0.4980 0.0000
vt 0.9429 0.4980 0.0000
vt 0.4811 0.1652 0.0000
vt 0.4811 0.1154 0.0000
vt 0.6261 0.1231 0.0000
vt 0.6261 0.1652 0.0000
vt 0.0384 0.0909 0.0000
vt 0.0384 0.0965 0.0000
vt 0.0384 0.1009 0.0000
vt 0.0291 0.1009 0.0000
vt 0.0183 0.0909 0.0000
vt 0.8570 0.3514 0.0000
vt 0.9156 0.3514 0.0000
vt 0.9109 0.3609 0.0000
vt 0.8855 0.3609 0.0000
vt 0.8570 0.3609 0.0000
vt 0.9944 0.5058 0.0000
vt 0.9878 0.5058 0.0000
vt 0.9944 0.8728 0.0000
vt 0.9878 0.8728 0.0000
vt 0.9878 0.7805 0.0000
vt 0.9944 0.7805 0.0000
vt 0.9944 0.9871 0.0000
vt 0.9403 0.9871 0.0000
vt 0.9403 0.9741 0.0000
vt 0.9878 0.9741 0.0000
vt 0.3031 0.9417 0.0000
vt 0.3031 0.9683 0.0000
vt 0.2094 0.9683 0.0000
vt 0.2094 0.9417 0.0000
vt 0.0951 0.3330 0.0000
vt 0.0530 0.3330 0.0000
vt 0.0530 0.2156 0.0000
vt 0.0951 0.2156 0.0000
vt 0.1378 0.2297 0.0000
vt 0.1065 0.2180 0.0000
vt 0.1065 0.3353 0.0000
vt 0.1378 0.3236 0.0000
vt 0.8644 0.4366 0.0000
vt 0.8762 0.4300 0.0000
vt 0.8762 0.4886 0.0000
vt 0.8644 0.4835 0.0000
vt 0.8544 0.4464 0.0000
vt 0.8544 0.4757 0.0000
vt 0.9228 0.4695 0.0000
vt 0.8762 0.4695 0.0000
vt 0.8762 0.4441 0.0000
vt 0.9183 0.4441 0.0000
vt 0.9295 0.4513 0.0000
vt 0.9324 0.4569 0.0000
vt 0.5859 0.8240 0.0000
vt 0.4841 0.7865 0.0000
vt 0.4841 0.9683 0.0000
vt 0.6290 0.9070 0.0000
vt 0.6290 0.9126 0.0000
vt 0.4831 0.9902 0.0000
vt 0.3031 0.9901 0.0000
vt 0.2094 0.9901 0.0000
vt 0.4841 0.9417 0.0000
vt 0.6290 0.8907 0.0000
vt 0.6957 0.1804 0.0000
vt 0.7179 0.1748 0.0000
vt 0.7179 0.1804 0.0000
vt 0.9429 0.4733 0.0000
vt 0.6248 0.5210 0.0000
vt 0.6248 0.5423 0.0000
vt 0.5935 0.5423 0.0000
vt 0.5935 0.5210 0.0000
vt 0.9186 0.4958 0.0000
vt 0.8821 0.4958 0.0000
vt 0.9186 0.4717 0.0000
vt 0.8821 0.4717 0.0000
vt 0.5909 0.5134 0.0000
vt 0.6274 0.5134 0.0000
vt 0.5860 0.5436 0.0000
vt 0.5860 0.5196 0.0000
vt 0.6274 0.5497 0.0000
vt 0.5909 0.5497 0.0000
vt 0.6322 0.5196 0.0000
vt 0.6322 0.5436 0.0000
vt 0.9282 0.5400 0.0000
vt 0.8762 0.5400 0.0000
vt 0.7200 0.5400 0.0000
vt 0.6677 0.5400 0.0000
vt 0.9343 0.7790 0.0000
vt 0.9343 0.6560 0.0000
vt 0.9547 0.6560 0.0000
vt 0.9547 0.7790 0.0000
vt 0.5721 0.5680 0.0000
vt 0.4703 0.5680 0.0000
vt 0.4703 0.7246 0.0000
vt 0.5721 0.7243 0.0000
vt 0.7196 0.4886 0.0000
vt 0.7314 0.4835 0.0000
vt 0.6165 0.1804 0.0000
vt 0.9249 0.1444 0.0000
vt 0.8825 0.1444 0.0000
vt 0.8818 0.1733 0.0000
vt 0.9291 0.1733 0.0000
vt 0.9373 0.1682 0.0000
vt 0.2668 0.3331 0.0000
vt 0.2668 0.2978 0.0000
vt 0.4305 0.1804 0.0000
vt 0.2668 0.1804 0.0000
vt 0.0064 0.1803 0.0000
vt 0.0530 0.1803 0.0000
vt 0.0064 0.2156 0.0000
vt 0.0064 0.3330 0.0000
vt 0.2453 0.0808 0.0000
vt 0.0888 0.0808 0.0000
vt 0.0888 0.0679 0.0000
vt 0.2453 0.0679 0.0000
vt 0.7414 0.4464 0.0000
vt 0.7314 0.4366 0.0000
vt 0.8472 0.9194 0.0000
vt 0.6906 0.9194 0.0000
vt 0.6906 0.8272 0.0000
vt 0.8472 0.8272 0.0000
vt 0.5243 0.1804 0.0000
vt 0.8472 0.9985 0.0000
vt 0.8937 0.9194 0.0000
vt 0.8937 0.9985 0.0000
vt 0.8472 0.7334 0.0000
vt 0.6906 0.7334 0.0000
vt 0.6906 0.5474 0.0000
vt 0.8472 0.5474 0.0000
vt 0.8937 0.8272 0.0000
vt 0.8937 0.7334 0.0000
vt 0.8937 0.5474 0.0000
vt 0.2894 0.5680 0.0000
vt 0.1956 0.5680 0.0000
vt 0.1956 0.7246 0.0000
vt 0.2894 0.7246 0.0000
vt 0.1171 0.7865 0.0000
vt 0.3002 0.1652 0.0000
vt 0.3002 0.1154 0.0000
vt 0.0128 0.1652 0.0000
vt 0.0128 0.1154 0.0000
vt 0.9944 0.6868 0.0000
vt 0.9878 0.6868 0.0000
vt 0.1171 0.9417 0.0000
vt 0.1171 0.9683 0.0000
vt 0.0158 0.9683 0.0000
vt 0.0158 0.9417 0.0000
vt 0.1171 0.9901 0.0000
vt 0.0158 0.9901 0.0000
vt 0.3393 0.3449 0.0000
vt 0.3393 0.5014 0.0000
vt 0.1584 0.5014 0.0000
vt 0.1584 0.3449 0.0000
vt 0.4331 0.3449 0.0000
vt 0.4331 0.5014 0.0000
vt 0.5253 0.5014 0.0000
vt 0.5253 0.3449 0.0000
vt 0.6396 0.3449 0.0000
vt 0.6396 0.5014 0.0000
vt 0.0158 0.9139 0.0000
vt 0.0159 0.7965 0.0000
vt 0.0158 0.7865 0.0000
vt 0.5244 0.3331 0.0000
vt 0.5244 0.2978 0.0000
vt 0.4306 0.2978 0.0000
vt 0.4306 0.3331 0.0000
vt 0.7180 0.3331 0.0000
vt 0.7180 0.2978 0.0000
vt 0.6166 0.2978 0.0000
vt 0.6166 0.3331 0.0000
vt 0.4810 0.1154 0.0000
vt 0.9291 0.3302 0.0000
vt 0.9291 0.2179 0.0000
vt 0.9534 0.2179 0.0000
vt 0.9322 0.3302 0.0000
vt 0.1674 0.3330 0.0000
vt 0.1674 0.2156 0.0000
vt 0.2095 0.2156 0.0000
vt 0.2095 0.3330 0.0000
vt 0.7196 0.4300 0.0000
vt 0.7414 0.4757 0.0000
vt 0.6731 0.4695 0.0000
vt 0.6634 0.4569 0.0000
vt 0.6663 0.4513 0.0000
vt 0.6776 0.4441 0.0000
vt 0.7196 0.4441 0.0000
vt 0.7196 0.4695 0.0000
vt 0.6529 0.4733 0.0000
vt 0.6772 0.4958 0.0000
vt 0.7137 0.4958 0.0000
vt 0.6772 0.4717 0.0000
vt 0.7137 0.4717 0.0000
vt 0.9062 0.8402 0.0000
vt 0.9784 0.8402 0.0000
vt 0.9784 0.9342 0.0000
vt 0.9062 0.9342 0.0000
vt 0.9062 0.9655 0.0000
vt 0.9784 0.9655 0.0000
vt 0.6906 0.9985 0.0000
vt 0.7180 0.1804 0.0000
vt 0.6166 0.1804 0.0000
vt 0.2669 0.2978 0.0000
vt 0.2669 0.3331 0.0000
vt 0.4306 0.1804 0.0000
vt 0.2669 0.1804 0.0000
vt 0.2561 0.1803 0.0000
vt 0.2561 0.2156 0.0000
vt 0.2095 0.1803 0.0000
vt 0.2561 0.3330 0.0000
vt 0.0040 0.5014 0.0000
vt 0.0040 0.3449 0.0000
vt 0.1034 0.7246 0.0000
vt 0.1034 0.5680 0.0000
vt 0.9062 0.8089 0.0000
vt 0.9784 0.8089 0.0000
vt 0.5244 0.1804 0.0000
vt 0.6440 0.9985 0.0000
vt 0.6440 0.9194 0.0000
vt 0.6440 0.8272 0.0000
vt 0.6440 0.7334 0.0000
vt 0.6440 0.5474 0.0000
vt 0.0850 0.1009 0.0000
vt 0.0850 0.0965 0.0000
vt 0.2416 0.0965 0.0000
vt 0.2416 0.1009 0.0000
vt 0.7233 0.0331 0.0000
vt 0.7233 0.0107 0.0000
vt 0.8798 0.0107 0.0000
vt 0.8798 0.0331 0.0000
vt 0.7328 0.5696 0.0000
vt 0.8050 0.5696 0.0000
vt 0.8472 0.5696 0.0000
vt 0.6906 0.5696 0.0000
vt 0.0020 0.5680 0.0000
vt 0.0020 0.7246 0.0000
vt 0.4703 0.7806 0.0000
vt 0.5721 0.7765 0.0000
vt 0.5721 0.5161 0.0000
vt 0.4703 0.5120 0.0000
vt 0.1956 0.7806 0.0000
vt 0.2894 0.7806 0.0000
vt 0.2894 0.5120 0.0000
vt 0.1956 0.5120 0.0000
vt 0.1034 0.5120 0.0000
vt 0.1034 0.7806 0.0000
vt 0.2882 0.0965 0.0000
vt 0.2882 0.1009 0.0000
vt 0.9264 0.0107 0.0000
vt 0.9264 0.0331 0.0000
vt 0.6767 0.0331 0.0000
vt 0.6767 0.0108 0.0000
vt 0.0020 0.7712 0.0000
vt 0.0020 0.7806 0.0000
vt 0.0020 0.5120 0.0000
vt 0.0020 0.5214 0.0000
vt 0.8937 0.5696 0.0000
vt 0.6440 0.5696 0.0000
vt 0.7180 0.1748 0.0000
vt 0.9534 0.1929 0.0000
vt 0.2882 0.0909 0.0000
vt 0.3083 0.0909 0.0000
vt 0.2976 0.1009 0.0000
vt 0.0064 0.9139 0.0000
vt 0.0063 0.8017 0.0000
vt 0.0034 0.8007 0.0000
vt -0.0015 0.7893 0.0000
vt 0.7272 0.1855 0.0000
vt 0.7272 0.2978 0.0000
vt 0.7272 0.3424 0.0000
vt 0.2919 0.0679 0.0000
vt 0.3012 0.0772 0.0000
vt 0.2547 0.0772 0.0000
vt 0.8732 0.1827 0.0000
vt 0.8732 0.1351 0.0000
vt 0.0035 0.1559 0.0000
vt 0.0035 0.1136 0.0000
vt 0.0080 0.1108 0.0000
vt 0.0109 0.9919 0.0000
vt 0.0064 0.9874 0.0000
vt 0.0064 0.9636 0.0000
vt 0.0064 0.9390 0.0000
vt 0.7273 0.3424 0.0000
vt 0.7273 0.2978 0.0000
vt 0.7273 0.1855 0.0000
vt 0.0795 0.0772 0.0000
vt 0.0329 0.0772 0.0000
vt 0.0422 0.0679 0.0000
vt 0.9207 0.7925 0.0000
vt 0.9249 0.7883 0.0000
vt 0.9641 0.7883 0.0000
vt 0.9683 0.7925 0.0000
vt 0.9641 0.6467 0.0000
vt 0.9683 0.6424 0.0000
vt 0.9249 0.6467 0.0000
vt 0.9207 0.6424 0.0000
vt 0.9435 0.9903 0.0000
vt 0.9912 0.9903 0.0000
vt 0.0920 0.0840 0.0000
vt 0.2421 0.0840 0.0000
vt 0.6429 0.4982 0.0000
vt 0.6429 0.3481 0.0000
vt 0.0128 0.1045 0.0000
vt 0.2094 0.9968 0.0000
vt 0.1171 0.9968 0.0000
vt 0.4802 0.1043 0.0000
vt 0.6261 0.1119 0.0000
vt 0.3031 0.9968 0.0000
vt 0.4841 0.9968 0.0000
vt 0.0158 0.9968 0.0000
vt 0.4840 0.9968 0.0000
vt 0.6981 0.3444 0.0000
vt 0.7148 0.3632 0.0000
vt 0.6712 0.3632 0.0000
vt 0.6543 0.3444 0.0000
vt 0.7148 0.3735 0.0000
vt 0.6712 0.3735 0.0000
vt 0.6543 0.3735 0.0000
vt 0.7647 0.3355 0.0000
vt 0.7593 0.3442 0.0000
vt 0.7996 0.3691 0.0000
vt 0.8012 0.3580 0.0000
vt 0.8341 0.3564 0.0000
vt 0.8257 0.3513 0.0000
vt 0.6228 0.5971 0.0000
vt 0.5905 0.5971 0.0000
vt 0.5905 0.6333 0.0000
vt 0.6228 0.6333 0.0000
vt 0.6228 0.5682 0.0000
vt 0.5905 0.5682 0.0000
vt 0.9268 0.5572 0.0000
vt 0.9540 0.5572 0.0000
vt 0.9741 0.5767 0.0000
vt 0.9741 0.6046 0.0000
vt 0.9546 0.6243 0.0000
vt 0.9268 0.6243 0.0000
vt 0.9071 0.6046 0.0000
vt 0.9071 0.5768 0.0000
vt 0.4522 0.0082 0.0000
vt 0.4522 0.0210 0.0000
vt 0.4283 0.0210 0.0000
vt 0.4283 0.0082 0.0000
vt 0.3946 0.0210 0.0000
vt 0.3946 0.0082 0.0000
vt 0.3707 0.0210 0.0000
vt 0.3707 0.0082 0.0000
vt 0.5674 0.0082 0.0000
vt 0.5674 0.0210 0.0000
vt 0.5436 0.0210 0.0000
vt 0.5436 0.0082 0.0000
vt 0.5098 0.0210 0.0000
vt 0.5098 0.0082 0.0000
vt 0.4860 0.0210 0.0000
vt 0.4860 0.0082 0.0000
vt 0.9813 0.5736 0.0000
vt 0.9571 0.5500 0.0000
vt 0.9238 0.5500 0.0000
vt 0.9000 0.5739 0.0000
vt 0.9000 0.6076 0.0000
vt 0.9238 0.6315 0.0000
vt 0.9578 0.6314 0.0000
vt 0.9813 0.6074 0.0000
vt 0.6156 0.7870 0.0000
vt 0.6023 0.7870 0.0000
vt 0.6023 0.7803 0.0000
vt 0.6156 0.7803 0.0000
vt 0.2419 0.9090 0.0000
vt 0.2326 0.9090 0.0000
vt 0.2326 0.8959 0.0000
vt 0.2419 0.8959 0.0000
vt 0.9670 0.1812 0.0000
vt 0.9802 0.1812 0.0000
vt 0.9802 0.1879 0.0000
vt 0.9670 0.1879 0.0000
vt 0.2646 0.9090 0.0000
vt 0.2552 0.9090 0.0000
vt 0.2552 0.8959 0.0000
vt 0.2646 0.8959 0.0000
vt 0.9413 0.0564 0.0000
vt 0.9280 0.0564 0.0000
vt 0.9280 0.0631 0.0000
vt 0.9413 0.0631 0.0000
vt 0.2419 0.8463 0.0000
vt 0.2552 0.8463 0.0000
vt 0.2326 0.8463 0.0000
vt 0.5329 0.9733 0.0000
vt 0.5824 0.9733 0.0000
vt 0.5824 0.9866 0.0000
vt 0.5329 0.9866 0.0000
vt 0.2646 0.8463 0.0000
vt 0.9280 0.0787 0.0000
vt 0.9280 0.1282 0.0000
vt 0.9413 0.1282 0.0000
vt 0.9413 0.0787 0.0000
vt 0.5903 0.7701 0.0000
vt 0.6023 0.7647 0.0000
vt 0.5962 0.7830 0.0000
vt 0.6156 0.7647 0.0000
vt 0.6275 0.7701 0.0000
vt 0.6217 0.7830 0.0000
vt 0.2788 0.9023 0.0000
vt 0.2788 0.9090 0.0000
vt 0.9802 0.2041 0.0000
vt 0.9670 0.2041 0.0000
vt 0.2183 0.9090 0.0000
vt 0.2183 0.9023 0.0000
vt 0.6931 0.1677 0.0000
vt 0.6811 0.1731 0.0000
vt 0.6811 0.1575 0.0000
vt 0.6872 0.1547 0.0000
vt 0.6679 0.1731 0.0000
vt 0.6679 0.1575 0.0000
vt 0.6559 0.1677 0.0000
vt 0.6618 0.1547 0.0000
vt 0.9418 0.0564 0.0000
vt 0.9418 0.0631 0.0000
vt 0.9285 0.0631 0.0000
vt 0.9285 0.0564 0.0000
vt 0.9285 0.0787 0.0000
vt 0.9418 0.0787 0.0000
vt 0.9418 0.1282 0.0000
vt 0.9285 0.1282 0.0000
vt 0.6156 0.7871 0.0000
vt 0.6023 0.7871 0.0000
vt 0.9128 0.1123 0.0000
vt 0.9128 0.1256 0.0000
vt 0.9060 0.1256 0.0000
vt 0.9060 0.1123 0.0000
vt 0.6331 0.8110 0.0000
vt 0.6331 0.8204 0.0000
vt 0.6200 0.8204 0.0000
vt 0.6200 0.8110 0.0000
vt 0.6331 0.8337 0.0000
vt 0.6331 0.8430 0.0000
vt 0.6200 0.8430 0.0000
vt 0.6200 0.8337 0.0000
vt 0.2419 0.8660 0.0000
vt 0.2552 0.8660 0.0000
vt 0.2326 0.8781 0.0000
vt 0.8905 0.1256 0.0000
vt 0.8825 0.1256 0.0000
vt 0.8727 0.1123 0.0000
vt 0.8905 0.1123 0.0000
vt 0.6120 0.8204 0.0000
vt 0.6120 0.8110 0.0000
vt 0.6120 0.8337 0.0000
vt 0.6120 0.8430 0.0000
vt 0.2646 0.8686 0.0000
vt 0.5904 0.7701 0.0000
vt 0.6023 0.7648 0.0000
vt 0.5961 0.7831 0.0000
vt 0.6156 0.7648 0.0000
vt 0.6217 0.7831 0.0000
vt 0.6263 0.7968 0.0000
vt 0.6331 0.7968 0.0000
vt 0.2183 0.9022 0.0000
vt 0.6930 0.1677 0.0000
vt 0.6811 0.1730 0.0000
vt 0.6678 0.1730 0.0000
vt 0.6678 0.1575 0.0000
vt 0.6617 0.1547 0.0000
vt 0.2788 0.9022 0.0000
vt 0.6331 0.8572 0.0000
vt 0.6263 0.8572 0.0000
vt 0.8979 0.3007 0.0000
vt 0.8979 0.2409 0.0000
vt 0.9177 0.2409 0.0000
vt 0.9177 0.3007 0.0000
vt 0.8733 0.0645 0.0000
vt 0.8135 0.0645 0.0000
vt 0.8135 0.1096 0.0000
vt 0.8733 0.0983 0.0000
vt 0.8954 0.3287 0.0000
vt 0.9115 0.3287 0.0000
vt 0.9023 0.3361 0.0000
vt 0.8920 0.3361 0.0000
vt 0.9012 0.0670 0.0000
vt 0.9012 0.0930 0.0000
vt 0.9086 0.0929 0.0000
vt 0.9086 0.0704 0.0000
vt 0.7525 0.0745 0.0000
vt 0.7347 0.0606 0.0000
vt 0.7328 0.0678 0.0000
vt 0.7451 0.0782 0.0000
vt 0.7609 0.1399 0.0000
vt 0.7609 0.0927 0.0000
vt 0.7526 0.0952 0.0000
vt 0.7524 0.1414 0.0000
vt 0.7293 0.0753 0.0000
vt 0.7355 0.0806 0.0000
vt 0.7127 0.0608 0.0000
vt 0.6935 0.0608 0.0000
vt 0.6980 0.0681 0.0000
vt 0.7082 0.0681 0.0000
vt 0.9629 0.3579 0.0000
vt 0.9629 0.3517 0.0000
vt 0.9854 0.3517 0.0000
vt 0.9854 0.3579 0.0000
vt 0.9629 0.3324 0.0000
vt 0.9629 0.3221 0.0000
vt 0.9854 0.3221 0.0000
vt 0.9854 0.3324 0.0000
vt 0.8954 0.2348 0.0000
vt 0.8954 0.2165 0.0000
vt 0.9115 0.2165 0.0000
vt 0.9115 0.2348 0.0000
vt 0.9115 0.3068 0.0000
vt 0.8954 0.3068 0.0000
vt 0.8760 0.3068 0.0000
vt 0.8760 0.3287 0.0000
vt 0.8516 0.3287 0.0000
vt 0.8516 0.3068 0.0000
vt 0.8074 0.0670 0.0000
vt 0.7890 0.0670 0.0000
vt 0.7890 0.1142 0.0000
vt 0.8074 0.1107 0.0000
vt 0.8794 0.0670 0.0000
vt 0.8794 0.0971 0.0000
vt 0.8785 0.3007 0.0000
vt 0.8491 0.3007 0.0000
vt 0.8785 0.2409 0.0000
vt 0.8733 0.0462 0.0000
vt 0.8135 0.0462 0.0000
vt 0.9086 0.0512 0.0000
vt 0.9012 0.0487 0.0000
vt 0.8719 0.3361 0.0000
vt 0.7153 0.0534 0.0000
vt 0.7438 0.0988 0.0000
vt 0.9854 0.3761 0.0000
vt 0.9629 0.3761 0.0000
vt 0.8760 0.2348 0.0000
vt 0.8760 0.2165 0.0000
vt 0.8074 0.0487 0.0000
vt 0.7890 0.0487 0.0000
vt 0.8794 0.0487 0.0000
vt 0.9629 0.4186 0.0000
vt 0.9854 0.4144 0.0000
vt 0.6689 0.1387 0.0000
vt 0.6689 0.1032 0.0000
vt 0.6767 0.0862 0.0000
vt 0.6824 0.0813 0.0000
vt 0.7004 0.0746 0.0000
vt 0.7099 0.0746 0.0000
vt 0.7279 0.0813 0.0000
vt 0.7336 0.0862 0.0000
vt 0.7414 0.1032 0.0000
vt 0.7414 0.1387 0.0000
vt 0.8200 0.1255 0.0000
vt 0.8402 0.1328 0.0000
vt 0.8505 0.1417 0.0000
vt 0.8595 0.1609 0.0000
vt 0.8595 0.1840 0.0000
vt 0.7645 0.1840 0.0000
vt 0.7645 0.1609 0.0000
vt 0.7735 0.1417 0.0000
vt 0.7838 0.1328 0.0000
vt 0.8040 0.1255 0.0000
vt 0.8491 0.2409 0.0000
vt 0.8558 0.3361 0.0000
vt 0.8516 0.2348 0.0000
vt 0.8516 0.2165 0.0000
vt 0.8298 0.3007 0.0000
vt 0.8100 0.3007 0.0000
vt 0.8100 0.2409 0.0000
vt 0.8298 0.2409 0.0000
vt 0.8323 0.3287 0.0000
vt 0.8356 0.3361 0.0000
vt 0.8254 0.3361 0.0000
vt 0.8161 0.3287 0.0000
vt 0.6572 0.0745 0.0000
vt 0.6646 0.0782 0.0000
vt 0.6769 0.0678 0.0000
vt 0.6715 0.0606 0.0000
vt 0.6909 0.0534 0.0000
vt 0.6488 0.1399 0.0000
vt 0.6573 0.1414 0.0000
vt 0.6571 0.0952 0.0000
vt 0.6488 0.0927 0.0000
vt 0.6742 0.0806 0.0000
vt 0.6803 0.0753 0.0000
vt 0.9629 0.2966 0.0000
vt 0.9854 0.2966 0.0000
vt 0.9854 0.3027 0.0000
vt 0.9629 0.3027 0.0000
vt 0.8323 0.2348 0.0000
vt 0.8161 0.2348 0.0000
vt 0.8161 0.2165 0.0000
vt 0.8323 0.2165 0.0000
vt 0.8161 0.3068 0.0000
vt 0.8323 0.3068 0.0000
vt 0.6659 0.0988 0.0000
vt 0.9854 0.2784 0.0000
vt 0.9629 0.2784 0.0000
vt 0.9629 0.2358 0.0000
vt 0.9854 0.2401 0.0000
vt 0.6659 0.1414 0.0000
vt 0.7438 0.1414 0.0000
vt 0.8917 0.2091 0.0000
vt 0.9040 0.2091 0.0000
vt 0.8734 0.2091 0.0000
vt 0.8236 0.2091 0.0000
vt 0.8359 0.2091 0.0000
vt 0.8543 0.2091 0.0000
vt 0.7391 0.1982 0.0000
vt 0.7391 0.2591 0.0000
vt 0.7606 0.2591 0.0000
vt 0.7605 0.1982 0.0000
vt 0.9811 0.0303 0.0000
vt 0.9593 0.0303 0.0000
vt 0.9593 0.1383 0.0000
vt 0.9811 0.1383 0.0000
vt 0.7778 0.3944 0.0000
vt 0.7271 0.4098 0.0000
vt 0.7262 0.4168 0.0000
vt 0.7778 0.4186 0.0000
vt 0.7178 0.4111 0.0000
vt 0.7011 0.4034 0.0000
vt 0.7011 0.4294 0.0000
vt 0.7178 0.4190 0.0000
vt 0.7391 0.2796 0.0000
vt 0.7700 0.2796 0.0000
vt 0.7778 0.3861 0.0000
vt 0.7778 0.3797 0.0000
vt 0.7061 0.3966 0.0000
vt 0.7234 0.4047 0.0000
vt 0.7881 0.1982 0.0000
vt 0.7778 0.3752 0.0000
vt 0.6728 0.3935 0.0000
vt 0.6967 0.3973 0.0000
vt 0.6699 0.4294 0.0000
vt 0.7391 0.3107 0.0000
vt 0.7750 0.3079 0.0000
vt 0.7933 0.1982 0.0000
vt 0.9593 0.1451 0.0000
vt 0.9593 0.1677 0.0000
vt 0.9811 0.1677 0.0000
vt 0.9811 0.1451 0.0000
vt 0.6506 0.4310 0.0000
vt 0.7375 0.3301 0.0000
vt 0.9524 0.1399 0.0000
vt 0.9881 0.1399 0.0000
vt 0.9881 0.0303 0.0000
vt 0.7979 0.1982 0.0000
vt 0.7799 0.3062 0.0000
vt 0.6450 0.4315 0.0000
vt 0.6676 0.3933 0.0000
vt 0.7752 0.3131 0.0000
vt 0.7371 0.3357 0.0000
vt 0.3423 0.0697 0.0000
vt 0.5885 0.0697 0.0000
vt 0.5885 0.0577 0.0000
vt 0.3423 0.0577 0.0000
vt 0.6368 0.0577 0.0000
vt 0.6369 0.0697 0.0000
vt 0.6122 0.0975 0.0000
vt 0.5879 0.0904 0.0000
vt 0.3423 0.0904 0.0000
vt 0.3423 0.0975 0.0000
vt 0.3423 0.0303 0.0000
vt 0.3423 0.0371 0.0000
vt 0.5879 0.0371 0.0000
vt 0.6119 0.0300 0.0000
vt 0.6369 0.1004 0.0000
vt 0.6367 0.0270 0.0000
vt 0.6120 0.0975 0.0000
vt 0.8636 0.3874 0.0000
vt 0.8587 0.3698 0.0000
vt 0.8356 0.3762 0.0000
vt 0.8426 0.4014 0.0000
vt 0.8678 0.3933 0.0000
vt 0.8718 0.3869 0.0000
vt 0.8668 0.3675 0.0000
vt 0.8480 0.4058 0.0000
vt 0.9031 0.3689 0.0000
vt 0.9037 0.3908 0.0000
vt 0.9035 0.3991 0.0000
vt 0.8959 0.4089 0.0000
vt 0.5853 0.7008 0.0000
vt 0.6039 0.7008 0.0000
vt 0.6115 0.6839 0.0000
vt 0.5854 0.6839 0.0000
vt 0.6104 0.7058 0.0000
vt 0.6105 0.7499 0.0000
vt 0.6255 0.7499 0.0000
vt 0.6175 0.6897 0.0000
vt 0.8412 0.4077 0.0000
vt 0.8165 0.3815 0.0000
vt 0.8260 0.4161 0.0000
vt 0.6172 0.6797 0.0000
vt 0.6212 0.6556 0.0000
vt 0.5854 0.6556 0.0000
vt 0.6329 0.7499 0.0000
vt 0.4878 0.1963 0.0000
vt 0.4878 0.2860 0.0000
vt 0.4808 0.2860 0.0000
vt 0.4808 0.1917 0.0000
vt 0.2590 0.8264 0.0000
vt 0.2373 0.8264 0.0000
vt 0.2373 0.8146 0.0000
vt 0.2590 0.8146 0.0000
vt 0.5165 0.1917 0.0000
vt 0.5095 0.1963 0.0000
vt 0.6258 0.9460 0.0000
vt 0.6258 0.9665 0.0000
vt 0.6021 0.9665 0.0000
vt 0.6021 0.9460 0.0000
vt 0.8111 0.3863 0.0000
vt 0.8191 0.4154 0.0000
vt 0.5961 0.9704 0.0000
vt 0.6318 0.9704 0.0000
vt 0.6275 0.9753 0.0000
vt 0.6004 0.9753 0.0000
vt 0.6188 0.6508 0.0000
vt 0.5885 0.6508 0.0000
vt 0.4851 0.1868 0.0000
vt 0.5122 0.1868 0.0000
vt 0.5961 0.9421 0.0000
vt 0.6318 0.9421 0.0000
vt 0.2348 0.8049 0.0000
vt 0.2615 0.8049 0.0000
vt 0.2687 0.8097 0.0000
vt 0.2687 0.8313 0.0000
vt 0.2615 0.8367 0.0000
vt 0.2348 0.8367 0.0000
vt 0.2276 0.8313 0.0000
vt 0.2276 0.8097 0.0000
vt 0.8094 0.3886 0.0000
vt 0.8165 0.4143 0.0000
vt 0.7945 0.3927 0.0000
vt 0.7924 0.3914 0.0000
vt 0.8016 0.4184 0.0000
vt 0.8005 0.4206 0.0000
vt 0.6026 0.7088 0.0000
vt 0.6026 0.7499 0.0000
vt 0.5853 0.7088 0.0000
vt 0.5853 0.7499 0.0000
vt 0.5095 0.2860 0.0000
vt 0.8951 0.4231 0.0000
vt 0.5165 0.2860 0.0000
vt 0.4458 0.2766 0.0000
vt 0.4388 0.2812 0.0000
vt 0.4388 0.1869 0.0000
vt 0.4458 0.1869 0.0000
vt 0.4676 0.2766 0.0000
vt 0.4741 0.2812 0.0000
vt 0.4702 0.2860 0.0000
vt 0.4431 0.2860 0.0000
vt 0.4676 0.1869 0.0000
vt 0.4741 0.1869 0.0000
# 787 texture coords

o Target
g Target
usemtl Material__1060
s 1
f 1/1/1 2/2/2 3/3/3 4/4/4 
f 5/5/5 6/6/6 7/7/7 8/8/8 
f 9/9/9 4/4/4 3/3/3 10/10/10 
s 2
f 9/9/9 5/5/5 11/11/11 12/12/11 
s 1
f 13/13/12 14/14/12 15/15/13 16/16/14 
f 17/17/15 18/18/16 19/19/17 20/20/18 
s 4
f 16/21/14 6/22/6 5/23/5 21/24/19 
s 2
f 15/25/13 10/26/10 6/22/6 16/21/14 
s 4
f 15/25/13 22/27/20 9/28/9 10/26/10 
s 8
f 21/29/19 5/30/5 9/31/9 22/32/20 
s 2
f 23/33/21 24/34/22 25/35/22 26/36/23 
s 4
f 1/37/1 27/38/24 28/39/25 29/40/26 30/41/27 31/42/28 32/43/26 2/44/2 
s 2
f 33/45/29 34/46/30 35/47/31 36/48/32 
s 4
f 37/49/33 38/50/34 39/51/35 40/52/36 41/53/37 
s 1
f 42/54/38 43/55/39 36/56/32 44/57/40 31/58/28 
f 45/59/41 33/60/29 36/56/32 43/55/39 
f 46/61/21 23/62/21 26/63/23 47/64/23 
f 48/65/42 49/66/43 50/67/44 51/68/45 
s 2
f 52/69/46 53/70/47 54/71/48 55/72/49 
f 56/73/50 57/74/51 58/75/52 59/76/53 
s 1
f 60/77/54 56/78/50 59/79/53 61/80/55 
s 2
f 62/81/56 43/82/39 42/83/38 63/84/57 
s 1
f 64/85/58 62/81/56 63/84/57 65/86/59 
s 8
f 66/87/60 44/88/40 36/89/32 35/90/31 67/91/61 68/92/62 
s 2
f 69/93/63 1/1/1 4/4/4 70/94/64 
f 71/95/65 68/96/62 67/97/61 72/98/66 
f 53/70/47 73/99/67 74/100/68 54/71/48 
f 75/101/69 76/102/70 68/96/62 71/95/65 
s 1
f 77/103/71 38/104/34 37/105/33 
s 8
f 66/87/60 68/92/62 76/106/70 2/44/2 32/43/26 
s 1
f 3/3/3 2/2/2 76/102/70 75/101/69 
f 75/101/69 52/69/46 10/10/10 3/3/3 
f 78/107/72 79/108/73 80/109/74 81/110/75 
s 8
f 82/111/76 32/43/26 31/42/28 83/112/77 
f 84/113/78 66/87/60 32/43/26 82/111/76 
f 85/114/79 44/88/40 66/87/60 84/113/78 
f 83/112/77 31/42/28 44/88/40 85/114/79 
s 2
f 81/110/75 82/115/76 83/116/77 78/107/72 
s 4
f 80/109/74 84/117/78 82/118/76 81/110/75 
s 2
f 79/108/73 85/119/79 84/120/78 80/109/74 
s 4
f 78/107/72 83/121/77 85/122/79 79/108/73 
f 69/123/63 86/124/80 87/125/80 88/126/81 27/38/24 1/37/1 
s 1
f 89/127/82 90/128/83 91/129/84 92/130/85 
f 86/131/80 93/132/86 94/133/86 87/134/80 
s 2
f 63/84/57 42/83/38 95/135/87 96/136/88 
s 1
f 20/20/18 19/19/17 97/137/89 77/103/71 37/105/33 
f 98/138/90 99/139/91 100/140/92 101/141/93 102/142/94 
f 15/15/13 14/14/12 103/143/95 104/144/96 
f 22/145/20 15/15/13 104/144/96 105/146/97 
s 2
f 103/147/95 106/148/98 58/75/52 104/149/96 
f 104/149/96 58/75/52 57/74/51 105/150/97 
s 4
f 49/151/43 107/152/99 108/153/100 50/154/44 
f 64/85/58 109/155/101 110/156/102 62/81/56 
f 111/157/103 112/158/104 113/159/104 114/160/104 
s 1
f 19/19/17 18/18/16 13/13/12 16/16/14 
f 97/137/89 19/19/17 16/16/14 21/161/19 
s 4
f 50/162/44 111/157/103 18/163/16 17/164/15 
f 115/165/104 116/166/104 117/167/35 106/168/98 
f 18/163/16 111/157/103 114/160/104 13/169/12 
f 13/169/12 114/160/104 115/165/104 14/170/12 
f 14/170/12 115/165/104 106/168/98 103/171/95 
s 1
f 118/172/104 119/173/103 120/174/104 121/175/104 
s 2
f 9/9/9 12/12/11 70/94/64 4/4/4 
f 11/11/11 5/5/5 8/8/8 122/176/11 
f 123/177/23 124/178/22 34/46/30 33/45/29 
f 26/36/23 25/35/22 124/178/22 123/177/23 
f 24/34/22 23/33/21 51/179/45 125/180/105 
s 1
f 126/181/23 123/182/23 33/60/29 45/59/41 
f 47/64/23 26/63/23 123/182/23 126/181/23 
f 23/62/21 46/61/21 48/65/42 51/68/45 
s 2
f 127/183/49 128/184/47 129/185/106 130/186/107 
f 55/72/49 54/71/48 128/184/47 127/183/49 
f 53/70/47 52/69/46 75/101/69 71/95/65 
f 128/184/47 131/187/108 132/188/109 129/185/106 
f 54/71/48 74/100/68 131/187/108 128/184/47 
f 73/99/67 53/70/47 71/95/65 72/98/66 
s 4
f 133/189/89 126/190/23 45/191/41 134/192/110 
f 135/193/89 47/194/23 126/190/23 133/189/89 
f 46/195/21 136/196/89 137/197/111 48/198/42 
s 1
f 10/10/10 52/69/46 55/72/49 6/6/6 
f 6/6/6 55/72/49 127/183/49 7/7/7 
f 8/8/8 7/7/7 138/199/112 41/200/37 
s 2
f 122/176/11 8/8/8 41/200/37 40/201/36 
s 1
f 7/7/7 127/183/49 130/186/107 138/199/112 
s 8
f 139/158/113 140/159/114 141/160/113 142/157/113 
s 1
f 27/1/24 143/4/115 144/3/116 28/2/25 
f 145/5/117 146/8/118 147/7/119 148/6/120 
f 149/9/121 150/10/122 144/3/116 143/4/115 
s 2
f 149/9/121 151/12/123 152/11/123 145/5/117 
s 1
f 153/202/124 154/203/125 155/204/126 156/205/124 
f 157/206/127 158/207/128 159/208/129 160/209/124 
s 4
f 154/21/125 161/24/130 145/23/117 148/22/120 
s 2
f 155/25/126 154/21/125 148/22/120 150/26/122 
s 4
f 155/25/126 150/26/122 149/28/121 162/27/131 
s 8
f 161/30/130 162/31/131 149/32/121 145/29/117 
s 2
f 163/33/89 164/36/89 165/35/132 166/34/133 
f 167/45/134 168/48/135 169/47/136 170/210/137 
s 1
f 171/211/138 172/212/139 173/213/140 174/214/141 
f 95/54/87 30/58/27 175/57/142 168/56/135 176/55/143 
f 134/59/110 176/55/143 168/56/135 167/60/134 
f 136/61/89 135/64/89 164/63/89 163/62/89 
f 137/65/111 177/68/144 108/67/100 107/66/99 
s 2
f 178/69/145 179/72/146 180/71/147 181/70/148 
f 182/215/149 183/216/150 184/217/52 185/218/51 
s 1
f 186/77/151 187/80/152 183/79/150 182/78/149 
s 2
f 110/156/102 96/136/88 95/135/87 176/219/143 
s 1
f 109/155/101 188/220/153 96/136/88 110/156/102 
s 8
f 189/221/154 190/222/155 191/223/156 169/224/136 168/225/135 175/226/142 
s 2
f 88/93/81 192/94/157 143/4/115 27/1/24 
f 193/95/158 194/98/159 191/97/156 190/96/155 
f 181/70/148 180/71/147 195/100/160 196/99/161 
f 197/101/162 193/95/158 190/96/155 198/102/163 
s 8
f 189/221/154 29/40/26 28/39/25 198/227/163 190/222/155 
s 1
f 144/3/116 197/101/162 198/102/163 28/2/25 
f 197/101/162 144/3/116 150/10/122 178/69/145 
f 199/110/75 200/107/72 201/108/73 202/109/74 
s 8
f 203/228/77 204/229/76 30/41/27 29/40/26 
f 205/230/79 203/228/77 29/40/26 189/221/154 
f 206/231/78 205/230/79 189/221/154 175/226/142 
f 204/229/76 206/231/78 175/226/142 30/41/27 
s 2
f 200/107/72 199/110/75 204/115/76 203/116/77 
s 4
f 201/108/73 200/107/72 203/121/77 205/122/79 
s 2
f 202/109/74 201/108/73 205/119/79 206/120/78 
s 4
f 199/110/75 202/109/74 206/117/78 204/118/76 
f 136/196/89 46/195/21 47/194/23 135/193/89 
s 2
f 109/155/101 64/85/58 65/86/59 188/220/153 
f 176/219/143 43/82/39 62/81/56 110/156/102 
f 186/232/151 60/233/54 61/234/55 187/235/152 
s 16
f 30/41/27 95/135/87 42/83/38 31/42/28 
s 4
f 183/236/150 187/235/152 61/234/55 59/237/53 
f 188/220/153 65/86/59 63/84/57 96/136/88 
s 8
f 142/157/113 207/162/164 208/238/165 139/158/113 
f 209/165/113 141/160/113 140/159/114 210/166/113 
s 1
f 158/207/128 211/239/166 212/103/167 213/240/23 159/208/129 
f 214/138/168 215/142/169 216/141/170 217/140/171 218/139/172 
f 155/204/126 219/241/173 220/242/174 156/205/124 
f 162/243/131 221/244/175 219/241/173 155/204/126 
s 2
f 220/245/174 219/246/173 184/217/52 117/247/35 
f 219/246/173 221/248/175 185/218/51 184/217/52 
s 4
f 43/249/39 176/250/143 134/192/110 45/191/41 
s 2
f 106/148/98 117/247/35 184/217/52 183/216/150 59/76/53 58/75/52 
s 1
f 222/251/103 120/174/104 119/173/103 223/252/104 
s 8
f 60/233/54 186/232/151 182/253/149 56/254/50 
s 1
f 159/208/129 154/203/125 153/202/124 160/209/124 
f 213/240/23 161/255/130 154/203/125 159/208/129 
s 4
f 108/238/100 157/256/127 160/257/124 112/158/104 
f 113/159/104 116/166/104 115/165/104 114/160/104 
f 112/158/104 111/157/103 50/162/44 108/238/100 
f 160/257/124 153/258/124 113/159/104 112/158/104 
f 153/258/124 156/259/124 116/166/104 113/159/104 
f 156/259/124 220/260/174 117/167/35 116/166/104 
s 1
f 121/175/104 94/133/86 93/132/86 118/172/104 
s 2
f 149/9/121 143/4/115 192/94/157 151/12/123 
f 152/11/123 224/176/123 146/8/118 145/5/117 
f 225/177/89 167/45/134 170/210/137 226/178/176 
f 164/36/89 225/177/89 226/178/176 165/35/132 
f 166/34/133 227/180/177 177/179/144 163/33/89 
s 1
f 133/181/89 134/59/110 167/60/134 225/182/89 
f 135/64/89 133/181/89 225/182/89 164/63/89 
f 163/62/89 177/68/144 137/65/111 136/61/89 
s 2
f 228/183/146 229/186/178 230/185/179 231/184/148 
f 179/72/146 228/183/146 231/184/148 180/71/147 
f 181/70/148 193/95/158 197/101/162 178/69/145 
f 231/184/148 230/185/179 232/188/180 233/187/160 
f 180/71/147 231/184/148 233/187/160 195/100/160 
f 196/99/161 194/98/159 193/95/158 181/70/148 
s 1
f 150/10/122 148/6/120 179/72/146 178/69/145 
f 148/6/120 147/7/119 228/183/146 179/72/146 
f 146/8/118 234/200/181 235/199/182 147/7/119 
s 2
f 224/176/123 236/201/183 234/200/181 146/8/118 
s 1
f 147/7/119 235/199/182 229/186/178 228/183/146 
s 4
f 237/261/35 238/262/184 239/263/184 240/264/35 
s 8
f 238/265/184 208/266/165 207/267/164 239/268/184 
f 56/269/50 182/270/149 185/271/51 209/165/113 210/166/113 57/272/51 
s 1
f 223/252/104 237/273/35 240/274/35 222/251/103 
f 87/134/80 94/133/86 192/275/157 88/276/81 
f 93/132/86 86/131/80 69/277/63 70/278/64 
f 121/175/104 120/174/104 152/279/123 151/280/123 
f 119/173/103 118/172/104 12/281/11 11/282/11 
s 8
f 142/157/113 141/160/113 161/169/130 213/163/23 
f 140/159/114 139/158/113 97/257/89 21/258/19 
f 139/158/113 208/238/165 77/256/71 97/257/89 
f 207/162/164 142/157/113 213/163/23 212/164/167 
f 210/166/113 140/159/114 21/258/19 22/259/20 
f 141/160/113 209/165/113 162/170/131 161/169/130 
s 1
f 223/252/104 119/173/103 11/282/11 122/283/11 
f 120/174/104 222/251/103 224/284/123 152/279/123 
f 118/172/104 93/132/86 70/278/64 12/281/11 
f 94/133/86 121/175/104 151/280/123 192/275/157 
s 4
f 240/264/35 239/263/184 241/285/185 242/286/35 
f 238/262/184 237/261/35 39/51/35 38/50/34 
s 8
f 239/268/184 207/267/164 212/287/167 241/288/185 
f 208/266/165 238/265/184 38/289/34 77/290/71 
s 1
f 222/251/103 240/274/35 242/291/35 236/292/183 224/284/123 
f 237/273/35 223/252/104 122/283/11 40/293/36 39/294/35 
s 8
f 209/165/113 185/271/51 221/295/175 162/170/131 
f 57/272/51 210/166/113 22/259/20 105/296/97 
s 1
f 212/103/167 211/239/166 241/297/185 
f 102/142/94 101/141/93 243/212/186 244/213/187 245/298/188 
f 216/141/170 215/142/169 246/298/189 173/213/140 172/212/139 
f 247/211/190 248/214/191 244/213/187 243/212/186 
s 4
f 211/299/166 234/300/181 236/301/183 242/286/35 241/285/185 
s 8
f 138/199/112 244/302/187 248/303/191 41/200/37 
s 16
f 41/200/37 248/303/191 247/304/190 37/305/33 
s 2
f 37/105/33 247/306/190 243/307/186 20/20/18 
f 20/20/18 243/307/186 101/308/93 17/17/15 
s 8
f 17/309/15 101/310/93 100/311/92 50/154/44 
s 16
f 50/312/44 100/140/92 99/139/91 51/313/45 
s 4
f 51/179/45 99/314/91 98/315/90 249/316/192 125/180/105 
s 8
f 132/188/109 249/317/192 98/318/90 102/319/94 129/185/106 
f 129/185/106 102/319/94 245/320/188 130/186/107 
f 130/186/107 245/320/188 244/302/187 138/199/112 
s 2
f 157/206/127 216/321/170 172/322/139 158/207/128 
f 158/207/128 172/322/139 171/323/138 211/239/166 
s 8
f 211/305/166 171/304/138 174/303/141 234/200/181 
s 16
f 234/200/181 174/303/141 173/302/140 235/199/182 
f 235/199/182 173/302/140 246/320/189 229/186/178 
f 229/186/178 246/320/189 215/319/169 230/185/179 
f 230/185/179 215/319/169 214/318/168 250/317/193 232/188/180 
s 4
f 227/180/177 250/316/193 214/315/168 218/314/172 177/179/144 
s 8
f 177/313/144 218/139/172 217/140/171 108/312/100 
s 16
f 108/153/100 217/324/171 216/325/170 157/326/127 
s 1
f 251/327/194 252/328/195 253/329/196 254/330/197 
f 254/330/197 253/329/196 255/331/198 256/332/199 
f 256/332/199 255/331/198 257/333/200 258/334/201 
f 258/334/201 257/333/200 252/328/195 251/327/194 
s 2
f 252/328/195 89/127/82 92/130/85 253/329/196 
s 4
f 253/329/196 92/130/85 91/129/84 255/331/198 
s 2
f 255/331/198 91/129/84 90/128/83 257/333/200 
s 4
f 257/333/200 90/128/83 89/127/82 252/328/195 
s 2
f 254/335/197 49/66/43 48/65/42 251/336/194 
s 8
f 256/337/199 107/152/99 49/151/43 254/338/197 
s 2
f 258/336/201 137/65/111 107/66/99 256/335/199 
s 8
f 251/339/194 48/198/42 137/197/111 258/340/201 
s 2
f 125/180/105 249/316/192 132/341/109 
f 232/341/180 250/316/193 227/180/177 
f 25/342/22 24/343/22 131/187/108 74/100/68 
f 35/47/31 34/46/30 72/344/66 67/345/61 
f 74/100/68 73/99/67 124/346/22 25/342/22 
f 34/347/30 124/346/22 73/99/67 72/98/66 
f 24/343/22 125/348/105 132/188/109 131/187/108 
f 166/343/133 165/342/132 195/100/160 233/187/160 
f 170/210/137 169/47/136 191/345/156 194/344/159 
f 196/99/161 195/100/160 165/342/132 226/346/176 
f 226/346/176 170/349/137 194/98/159 196/99/161 
f 227/348/177 166/343/133 233/187/160 232/188/180 
s 8
f 259/350/202 260/351/203 261/352/204 262/353/205 
s 4
f 263/354/51 264/355/206 261/352/204 260/351/203 
s 16
f 264/355/206 265/356/207 262/353/205 261/352/204 
s off
f 263/357/51 266/358/208 267/359/209 264/360/206 
f 264/360/206 267/359/209 268/361/210 265/362/207 
s 4
f 269/363/211 267/364/209 266/365/208 270/366/212 
s 8
f 271/350/213 272/353/214 273/352/215 274/351/216 
s 4
f 275/354/212 274/351/216 273/352/215 276/355/217 
s 16
f 276/355/217 273/352/215 272/353/214 277/356/218 
s off
f 275/357/212 276/360/217 269/359/211 270/358/212 
f 276/360/217 277/362/218 278/361/219 269/359/211 
s 1
f 269/363/211 278/367/219 268/368/210 267/364/209 
s 8
f 279/350/220 280/353/221 281/352/222 282/351/223 
s 4
f 283/354/51 282/351/223 281/352/222 284/355/224 
s 16
f 284/355/224 281/352/222 280/353/221 285/356/225 
s off
f 283/357/51 284/360/224 286/359/226 287/358/51 
f 284/360/224 285/362/225 288/361/227 286/359/226 
s 4
f 289/363/228 290/366/229 287/365/51 286/364/226 
s 8
f 291/350/230 292/351/231 293/352/232 294/353/233 
s 4
f 295/354/229 296/355/234 293/352/232 292/351/231 
s 16
f 296/355/234 297/356/235 294/353/233 293/352/232 
s off
f 295/357/229 290/358/229 289/359/228 296/360/234 
f 296/360/234 289/359/228 298/361/236 297/362/235 
s 1
f 289/363/228 286/364/226 288/368/227 298/367/236 
f 299/369/237 300/370/238 301/371/239 302/372/240 303/373/241 304/374/242 305/375/243 306/376/244 
s 8
f 307/377/245 308/378/246 309/379/247 310/380/248 
f 310/380/248 309/379/247 311/381/249 312/382/250 
f 312/382/250 311/381/249 313/383/251 314/384/252 
f 315/385/253 316/386/254 317/387/255 318/388/256 
f 318/388/256 317/387/255 319/389/257 320/390/258 
f 320/390/258 319/389/257 321/391/259 322/392/260 
f 322/392/260 321/391/259 308/378/246 307/377/245 
s 1
f 323/370/261 324/371/262 325/372/263 326/373/264 327/374/265 328/375/266 329/376/267 330/369/268 
s off
f 310/393/248 301/371/239 300/370/238 307/394/245 
f 307/394/245 300/370/238 299/369/237 322/395/260 
f 322/395/260 299/369/237 306/376/244 320/396/258 
f 320/396/258 306/376/244 305/375/243 318/397/256 
f 318/397/256 305/375/243 304/374/242 315/398/253 
f 314/399/252 303/373/241 302/372/240 312/400/250 
f 312/400/250 302/372/240 301/371/239 310/393/248 
f 308/395/246 330/369/268 329/376/267 309/396/247 
f 309/396/247 329/376/267 328/375/266 311/397/249 
f 311/397/249 328/375/266 327/374/265 313/398/251 
f 316/399/254 326/373/264 325/372/263 317/400/255 
f 317/400/255 325/372/263 324/371/262 319/393/257 
f 319/393/257 324/371/262 323/370/261 321/394/259 
f 321/394/259 323/370/261 330/369/268 308/395/246 
s 1
f 331/370/269 332/371/243 333/372/244 334/373/270 335/374/271 336/375/239 337/376/240 338/369/272 
s 8
f 339/392/273 340/390/250 341/389/249 342/391/274 
f 340/390/250 343/388/248 344/387/247 341/389/249 
f 343/388/248 345/385/275 346/386/276 344/387/247 
f 347/384/277 348/382/258 349/381/257 350/383/278 
f 348/382/258 351/380/279 352/379/255 349/381/257 
f 351/380/279 353/377/280 354/378/281 352/379/255 
f 353/377/280 339/392/273 342/391/274 354/378/281 
s 1
f 355/369/282 356/370/283 357/371/266 358/372/267 359/373/284 360/374/285 361/375/262 362/376/263 
s off
f 340/396/250 339/395/273 338/369/272 337/376/240 
f 339/395/273 353/394/280 331/370/269 338/369/272 
f 353/394/280 351/393/279 332/371/243 331/370/269 
f 351/393/279 348/400/258 333/372/244 332/371/243 
f 348/400/258 347/399/277 334/373/270 333/372/244 
f 345/398/275 343/397/248 336/375/239 335/374/271 
f 343/397/248 340/396/250 337/376/240 336/375/239 
f 342/394/274 341/393/249 357/371/266 356/370/283 
f 341/393/249 344/400/247 358/372/267 357/371/266 
f 344/400/247 346/399/276 359/373/284 358/372/267 
f 350/398/278 349/397/257 361/375/262 360/374/285 
f 349/397/257 352/396/255 362/376/263 361/375/262 
f 352/396/255 354/395/281 355/369/282 362/376/263 
f 354/395/281 342/394/274 356/370/283 355/369/282 
s 8
f 363/401/142 364/402/96 365/403/286 366/404/287 
f 367/405/288 368/406/289 369/407/290 370/408/291 
f 371/409/96 372/410/173 373/411/292 374/412/293 
f 375/413/294 376/414/295 377/415/296 378/416/297 
f 379/405/298 380/406/299 381/407/300 382/408/301 
f 383/417/302 384/418/142 385/419/303 386/420/304 
f 387/413/305 388/414/306 389/415/307 390/416/308 
f 370/408/291 391/421/289 392/422/305 389/415/307 
f 369/407/290 393/423/288 391/421/289 370/408/291 
f 378/424/297 394/425/309 393/426/288 369/427/290 
f 377/415/296 395/422/310 394/428/309 378/416/297 
f 382/408/301 396/421/299 395/422/310 377/415/296 
f 381/407/300 397/423/311 396/421/299 382/408/301 
f 390/429/308 398/430/306 397/431/311 381/432/300 
f 389/415/307 392/422/305 398/428/306 390/416/308 
s off
f 367/433/288 370/434/291 365/403/286 364/435/96 
f 370/434/291 389/436/307 366/404/287 365/403/286 
f 389/436/307 388/437/306 363/438/142 366/404/287 
f 375/413/294 378/416/297 373/439/292 372/440/173 
f 378/441/297 369/442/290 374/412/293 373/411/292 
f 369/407/290 368/406/289 371/443/96 374/444/293 
f 379/445/298 382/446/301 399/447/312 400/448/60 
f 382/446/301 377/449/296 401/450/313 399/447/312 
f 377/449/296 376/451/295 402/452/52 401/450/313 
f 387/413/305 390/416/308 385/439/303 384/440/142 
f 390/429/308 381/432/300 386/420/304 385/419/303 
f 381/407/300 380/406/299 383/443/302 386/444/304 
s 8
f 403/402/302 404/403/314 405/404/315 406/401/316 
f 407/414/295 408/415/296 409/416/317 410/413/310 
f 411/410/173 412/411/318 413/412/319 414/409/96 
f 415/406/289 416/407/290 417/408/291 418/405/320 
f 419/414/306 420/415/307 421/416/308 422/413/305 
f 423/453/142 424/454/303 425/455/304 426/456/302 
f 427/406/321 428/407/300 429/408/301 430/405/298 
f 408/415/296 429/408/301 431/421/322 432/422/310 
f 409/416/317 408/415/296 432/422/310 433/428/295 
f 416/424/290 409/427/317 433/426/295 434/425/320 
f 417/408/291 416/407/290 434/423/320 435/421/289 
f 420/415/307 417/408/291 435/421/289 436/422/305 
f 421/416/308 420/415/307 436/422/305 437/428/323 
f 428/457/300 421/458/308 437/459/323 438/460/298 
f 429/408/301 428/407/300 438/423/298 431/421/322 
s off
f 407/437/295 406/438/316 405/404/315 408/436/296 
f 408/436/296 405/404/315 404/403/314 429/434/301 
f 429/434/301 404/403/314 403/435/302 430/433/298 
f 415/406/289 414/443/96 413/444/319 416/407/290 
f 416/442/290 413/412/319 412/411/318 409/441/317 
f 409/416/317 412/439/318 411/440/173 410/413/310 
f 419/451/306 439/452/324 440/450/325 420/449/307 
f 420/449/307 440/450/325 441/447/326 417/446/291 
f 417/446/291 441/447/326 442/448/327 418/445/320 
f 427/406/321 426/443/302 425/444/304 428/407/300 
f 428/457/300 425/455/304 424/454/303 421/458/308 
f 421/416/308 424/439/303 423/440/142 422/413/305 
s 8
f 443/350/213 444/353/214 445/352/215 446/351/216 
s 4
f 447/354/212 446/351/216 445/352/215 448/355/217 
s 16
f 448/355/217 445/352/215 444/353/214 449/356/218 
s off
f 447/357/212 448/360/217 450/359/211 451/358/212 
f 448/360/217 449/362/218 452/361/219 450/359/211 
s 4
f 453/364/209 454/365/208 451/366/212 450/363/211 
s 8
f 455/350/328 456/351/223 457/352/204 458/353/205 
s 4
f 459/354/51 460/355/206 457/352/204 456/351/223 
s 16
f 460/355/206 461/356/207 458/353/205 457/352/204 
s off
f 459/357/51 454/358/208 453/359/209 460/360/206 
f 460/360/206 453/359/209 462/361/210 461/362/207 
s 1
f 453/364/209 450/363/211 452/367/219 462/368/210 
s 8
f 463/350/213 464/351/231 465/352/232 466/353/233 
s 4
f 467/354/229 468/355/234 465/352/232 464/351/231 
s 16
f 468/355/234 469/356/235 466/353/233 465/352/232 
s off
f 467/357/229 470/358/229 471/359/329 468/360/234 
f 468/360/234 471/359/329 472/361/330 469/362/235 
s 4
f 473/364/226 471/363/329 470/366/229 474/365/51 
s 8
f 475/350/220 476/353/221 477/352/222 478/351/223 
s 4
f 479/354/51 478/351/223 477/352/222 480/355/224 
s 16
f 480/355/224 477/352/222 476/353/221 481/356/225 
s off
f 479/357/51 480/360/224 473/359/226 474/358/51 
f 480/360/224 481/362/225 482/361/227 473/359/226 
s 1
f 473/364/226 482/368/227 472/367/330 471/363/329 
f 483/369/237 484/370/238 485/371/239 486/372/240 487/373/241 488/374/242 489/375/243 490/376/244 
s 8
f 491/377/331 492/378/332 493/379/247 494/380/248 
f 494/380/248 493/379/247 495/381/249 496/382/250 
f 496/382/250 495/381/249 497/383/251 498/384/252 
f 499/385/253 500/386/333 501/387/334 502/388/256 
f 502/388/256 501/387/334 503/389/335 504/390/258 
f 504/390/258 503/389/335 505/391/336 506/392/260 
f 506/392/260 505/391/336 492/378/332 491/377/331 
s 1
f 507/370/261 508/371/262 509/372/263 510/373/264 511/374/265 512/375/266 513/376/267 514/369/268 
s off
f 494/393/248 485/371/239 484/370/238 491/394/331 
f 491/394/331 484/370/238 483/369/237 506/395/260 
f 506/395/260 483/369/237 490/376/244 504/396/258 
f 504/396/258 490/376/244 489/375/243 502/397/256 
f 502/397/256 489/375/243 488/374/242 499/398/253 
f 498/399/252 487/373/241 486/372/240 496/400/250 
f 496/400/250 486/372/240 485/371/239 494/393/248 
f 492/395/332 514/369/268 513/376/267 493/396/247 
f 493/396/247 513/376/267 512/375/266 495/397/249 
f 495/397/249 512/375/266 511/374/265 497/398/251 
f 500/399/333 510/373/264 509/372/263 501/400/334 
f 501/400/334 509/372/263 508/371/262 503/393/335 
f 503/393/335 508/371/262 507/370/261 505/394/336 
f 505/394/336 507/370/261 514/369/268 492/395/332 
s 1
f 515/370/269 516/371/243 517/372/244 518/373/270 519/374/271 520/375/239 521/376/240 522/369/272 
s 8
f 523/392/273 524/390/250 525/389/249 526/391/274 
f 524/390/250 527/388/248 528/387/247 525/389/249 
f 527/388/248 529/385/337 530/386/276 528/387/247 
f 531/384/338 532/382/339 533/381/335 534/383/278 
f 532/382/339 535/380/256 536/379/255 533/381/335 
f 535/380/256 537/377/340 538/378/281 536/379/255 
f 537/377/340 523/392/273 526/391/274 538/378/281 
s 1
f 539/369/282 540/370/283 541/371/266 542/372/267 543/373/284 544/374/285 545/375/262 546/376/263 
s off
f 524/396/250 523/395/273 522/369/272 521/376/240 
f 523/395/273 537/394/340 515/370/269 522/369/272 
f 537/394/340 535/393/256 516/371/243 515/370/269 
f 535/393/256 532/400/339 517/372/244 516/371/243 
f 532/400/339 531/399/338 518/373/270 517/372/244 
f 529/398/337 527/397/248 520/375/239 519/374/271 
f 527/397/248 524/396/250 521/376/240 520/375/239 
f 526/394/274 525/393/249 541/371/266 540/370/283 
f 525/393/249 528/400/247 542/372/267 541/371/266 
f 528/400/247 530/399/276 543/373/284 542/372/267 
f 534/398/278 533/397/335 545/375/262 544/374/285 
f 533/397/335 536/396/255 546/376/263 545/375/262 
f 536/396/255 538/395/281 539/369/282 546/376/263 
f 538/395/281 526/394/274 540/370/283 539/369/282 
s 8
f 547/461/341 548/462/96 549/403/342 550/404/343 
f 551/405/288 552/406/344 553/407/345 554/408/346 
f 555/463/96 556/464/173 557/465/347 558/466/348 
f 559/467/294 560/468/295 561/469/349 562/470/350 
f 563/471/298 564/472/299 565/473/351 566/474/352 
f 567/464/302 568/463/142 569/466/353 570/465/354 
f 571/413/305 572/414/306 573/415/355 574/416/356 
f 554/408/346 575/475/357 576/476/358 573/415/355 
f 553/407/345 577/477/359 575/475/357 554/408/346 
f 562/478/350 578/479/360 577/480/359 553/481/345 
f 561/469/349 579/482/294 578/483/360 562/470/350 
f 566/474/352 580/484/322 579/482/294 561/469/349 
f 565/473/351 581/485/361 580/484/322 566/474/352 
f 574/481/356 582/480/362 581/479/361 565/478/351 
f 573/415/355 576/476/358 582/486/362 574/416/356 
s off
f 551/487/288 554/488/346 549/403/342 548/489/96 
f 554/488/346 573/490/355 550/404/343 549/403/342 
f 573/490/355 572/437/306 547/491/341 550/404/343 
f 559/467/294 562/470/350 557/492/347 556/493/173 
f 562/478/350 553/481/345 558/466/348 557/465/347 
f 553/407/345 552/406/344 555/443/96 558/494/348 
f 563/495/298 566/496/352 583/447/363 584/448/60 
f 566/496/352 561/497/349 585/498/364 583/447/363 
f 561/497/349 560/451/295 586/499/52 585/498/364 
f 571/413/305 574/416/356 569/500/353 568/440/142 
f 574/481/356 565/478/351 570/465/354 569/466/353 
f 565/473/351 564/472/299 567/501/302 570/502/354 
s 8
f 587/462/302 588/403/365 589/404/366 590/461/173 
f 591/405/309 592/408/367 593/407/368 594/406/294 
f 595/463/173 596/466/347 597/465/348 598/464/96 
f 599/472/289 600/473/345 601/474/369 602/471/320 
f 603/468/323 604/469/370 605/470/356 606/467/305 
f 607/464/142 608/465/353 609/466/354 610/463/302 
f 611/413/321 612/416/371 613/415/372 614/414/298 
f 592/408/367 613/415/372 615/476/373 616/475/374 
f 593/407/368 592/408/367 616/475/374 617/477/375 
f 600/478/345 593/481/368 617/480/375 618/479/376 
f 601/474/369 600/473/345 618/485/376 619/484/289 
f 604/469/370 601/474/369 619/484/289 620/482/377 
f 605/470/356 604/469/370 620/482/377 621/483/378 
f 612/481/371 605/478/356 621/479/378 622/480/379 
f 613/415/372 612/416/371 622/486/379 615/476/373 
s off
f 591/437/309 590/491/173 589/404/366 592/490/367 
f 592/490/367 589/404/366 588/403/365 613/488/372 
f 613/488/372 588/403/365 587/489/302 614/487/298 
f 599/472/289 598/501/96 597/502/348 600/473/345 
f 600/478/345 597/465/348 596/466/347 593/481/368 
f 593/407/368 596/494/347 595/443/173 594/406/294 
f 603/451/323 623/499/324 624/498/380 604/497/370 
f 604/497/370 624/498/380 625/447/381 601/496/369 
f 601/496/369 625/447/381 626/448/382 602/495/320 
f 611/413/321 610/440/302 609/500/354 612/416/371 
f 612/481/371 609/466/354 608/465/353 605/478/356 
f 605/470/356 608/492/353 607/493/142 606/467/305 
s 1
f 627/503/383 628/504/384 629/505/385 630/506/386 
f 631/507/387 632/508/388 633/509/389 634/510/390 
s 2
f 635/511/391 636/512/392 637/513/393 638/514/394 
f 639/515/395 640/516/396 641/517/397 642/518/398 
s 1
f 643/519/399 644/520/400 645/521/401 646/522/402 
f 647/523/403 648/524/404 649/525/405 650/526/406 
s 2
f 646/522/402 645/521/401 651/527/407 652/528/408 
f 653/529/409 654/530/410 655/531/411 656/532/412 
s 1
f 652/533/408 651/534/407 657/535/413 658/536/414 
f 656/537/412 655/538/411 659/539/415 660/540/416 
s 2
f 661/541/417 644/542/400 643/543/399 662/544/418 
s 1
f 663/545/419 636/512/392 635/511/391 664/546/420 
f 665/547/421 666/548/422 667/549/423 668/550/424 
s 2
f 669/551/425 648/552/404 647/553/403 670/554/426 
s 1
f 640/516/396 639/515/395 671/555/427 672/556/428 
s 4
f 628/504/384 661/541/417 662/544/418 629/505/385 
s 2
f 630/506/386 663/545/419 664/546/420 627/503/383 
f 673/557/429 665/547/421 668/550/424 674/558/430 
s 4
f 632/508/388 669/551/425 670/554/426 633/509/389 
s 2
f 672/556/428 671/555/427 631/507/387 634/510/390 
s 1
f 628/504/384 627/503/383 673/557/429 675/559/431 
f 630/560/386 629/561/385 632/508/388 631/507/387 
s 2
f 637/562/393 636/563/392 639/515/395 642/518/398 
f 676/564/432 666/548/422 635/511/391 638/514/394 
s 1
f 645/521/401 644/520/400 677/565/433 653/529/409 
f 649/525/405 648/524/404 643/519/399 646/522/402 
s 2
f 651/527/407 645/521/401 653/529/409 656/532/412 
f 678/566/434 649/525/405 646/522/402 652/528/408 
s 1
f 657/535/413 651/534/407 656/537/412 660/540/416 
f 679/567/435 678/568/434 652/533/408 658/536/414 
s 2
f 644/542/400 661/541/417 680/569/436 677/570/433 
f 662/571/418 643/572/399 648/552/404 669/551/425 
s 1
f 636/563/392 663/573/419 671/555/427 639/515/395 
f 664/546/420 635/511/391 666/548/422 665/547/421 
s 4
f 661/541/417 628/504/384 675/559/431 680/569/436 
f 629/561/385 662/571/418 669/551/425 632/508/388 
s 2
f 663/573/419 630/560/386 631/507/387 671/555/427 
f 627/503/383 664/546/420 665/547/421 673/557/429 
s 1
f 681/574/437 678/568/434 679/567/435 682/575/438 
s 2
f 682/576/438 679/577/435 658/578/414 657/579/413 660/580/416 659/581/415 683/582/439 684/583/440 685/584/441 686/585/442 
s 1
f 676/586/432 638/587/394 637/588/393 642/589/398 641/590/397 687/591/443 688/592/444 689/593/445 690/594/446 691/595/447 
f 675/559/431 673/557/429 674/558/430 692/596/448 
s 2
f 666/548/422 676/564/432 691/597/447 667/549/423 
f 677/570/433 680/569/436 693/598/449 694/599/450 
s 4
f 680/569/436 675/559/431 692/596/448 693/598/449 
s 1
f 695/600/451 696/601/452 697/602/453 698/603/454 
f 699/507/455 700/510/456 701/509/457 702/508/458 
s 2
f 703/604/459 690/605/446 689/606/445 704/607/460 
f 705/515/461 688/518/444 687/517/443 706/516/462 
s 1
f 707/608/463 708/609/464 709/610/465 710/611/466 
f 694/612/450 654/530/410 653/529/409 677/565/433 
f 711/613/467 712/614/468 713/615/469 714/616/470 
s 2
f 708/609/464 715/617/471 716/618/472 709/610/465 
s 1
f 715/619/471 684/620/440 683/621/439 716/622/472 
s 2
f 717/623/473 718/624/474 707/625/463 710/626/466 
s 1
f 719/627/475 720/628/476 703/604/459 704/607/460 
s 2
f 721/551/477 722/554/478 711/553/467 714/552/470 
s 1
f 706/516/462 723/556/479 724/555/480 705/515/461 
s 4
f 698/603/454 697/602/453 718/624/474 717/623/473 
s 2
f 696/601/452 695/600/451 720/628/476 719/627/475 
s 4
f 702/508/458 701/509/457 722/554/478 721/551/477 
s 2
f 723/556/479 700/510/456 699/507/455 724/555/480 
s 1
f 698/603/454 692/596/448 674/558/430 695/600/451 
f 696/560/452 699/507/455 702/508/458 697/561/453 
s 2
f 689/562/445 688/518/444 705/515/461 704/563/460 
f 691/597/447 690/605/446 703/604/459 667/549/423 
s 1
f 709/610/465 654/530/410 694/612/450 710/611/466 
f 713/615/469 708/609/464 707/608/463 714/616/470 
s 2
f 716/618/472 655/531/411 654/530/410 709/610/465 
f 725/629/481 715/617/471 708/609/464 713/615/469 
s 1
f 683/621/439 659/539/415 655/538/411 716/622/472 
f 685/630/441 684/620/440 715/619/471 725/631/481 
s 2
f 710/626/466 694/599/450 693/598/449 717/623/473 
f 718/571/474 721/551/477 714/552/470 707/572/463 
s 1
f 704/563/460 705/515/461 724/555/480 719/573/475 
f 720/628/476 668/550/424 667/549/423 703/604/459 
s 4
f 717/623/473 693/598/449 692/596/448 698/603/454 
f 697/561/453 702/508/458 721/551/477 718/571/474 
s 2
f 719/573/475 724/555/480 699/507/455 696/560/452 
f 695/600/451 674/558/430 668/550/424 720/628/476 
s 1
f 726/632/482 686/633/442 685/630/441 725/631/481 
s 2
f 726/634/482 725/629/481 713/615/469 712/614/468 
f 650/526/406 649/525/405 678/566/434 681/635/437 
s 1
f 727/503/383 728/504/384 729/505/385 730/506/386 
f 731/507/387 732/508/388 733/509/389 734/510/390 
s 2
f 735/511/483 736/512/392 737/513/393 738/514/394 
f 739/515/395 740/516/396 741/517/397 742/518/398 
s 1
f 743/543/399 744/542/400 745/636/401 746/637/402 
f 747/613/403 748/616/404 749/615/405 750/614/406 
s 2
f 746/609/402 745/610/401 751/618/484 752/617/485 
f 753/530/409 754/529/410 755/532/411 756/531/412 
s 1
f 752/533/485 751/534/484 757/535/413 758/536/486 
f 756/537/412 755/538/411 759/539/415 760/540/416 
s 2
f 761/541/417 744/542/400 743/543/399 762/544/418 
s 1
f 763/545/419 736/512/392 735/511/483 764/546/420 
f 765/547/421 766/548/422 767/549/423 768/550/424 
s 2
f 769/551/425 748/552/404 747/553/403 770/554/426 
s 1
f 740/516/396 739/515/395 771/555/427 772/556/428 
s 4
f 728/504/384 761/541/417 762/544/418 729/505/385 
s 2
f 730/506/386 763/545/419 764/546/420 727/503/383 
f 773/557/429 765/547/421 768/550/424 774/558/430 
s 4
f 732/508/388 769/551/425 770/554/426 733/509/389 
s 2
f 772/556/428 771/555/427 731/507/387 734/510/390 
s 1
f 728/504/384 727/503/383 773/557/429 775/559/431 
f 730/560/386 729/561/385 732/508/388 731/507/387 
s 2
f 737/562/393 736/563/392 739/515/395 742/518/398 
f 776/564/432 766/548/422 735/511/483 738/514/394 
s 1
f 745/636/401 744/542/400 777/570/433 753/638/409 
f 749/615/405 748/616/404 743/608/399 746/609/402 
s 2
f 751/618/484 745/610/401 753/530/409 756/531/412 
f 778/629/434 749/615/405 746/609/402 752/617/485 
s 1
f 757/535/413 751/534/484 756/537/412 760/540/416 
f 779/567/435 778/568/434 752/533/485 758/536/486 
s 2
f 744/542/400 761/541/417 780/569/436 777/570/433 
f 762/571/418 743/572/399 748/552/404 769/551/425 
s 1
f 736/563/392 763/573/419 771/555/427 739/515/395 
f 764/546/420 735/511/483 766/548/422 765/547/421 
s 4
f 761/541/417 728/504/384 775/559/431 780/569/436 
f 729/561/385 762/571/418 769/551/425 732/508/388 
s 2
f 763/573/419 730/560/386 731/507/387 771/555/427 
f 727/503/383 764/546/420 765/547/421 773/557/429 
s 1
f 781/574/437 778/568/434 779/567/435 782/575/438 
s 2
f 782/576/438 779/577/435 758/578/486 757/579/413 760/580/416 759/581/415 783/582/439 784/583/440 785/584/441 786/585/442 
s 1
f 776/586/432 738/587/394 737/588/393 742/589/398 741/590/397 787/591/443 788/592/444 789/593/445 790/594/446 791/595/447 
f 775/559/431 773/557/429 774/558/430 792/596/448 
s 2
f 766/548/422 776/564/432 791/597/447 767/549/423 
f 777/570/433 780/569/436 793/598/449 794/599/450 
s 4
f 780/569/436 775/559/431 792/596/448 793/598/449 
s 1
f 795/600/487 796/601/452 797/602/453 798/603/454 
f 799/507/455 800/510/456 801/509/488 802/508/458 
s 2
f 803/604/459 790/605/446 789/606/445 804/607/460 
f 805/515/461 788/518/444 787/517/443 806/516/462 
s 1
f 807/625/463 808/639/464 809/640/465 810/626/466 
f 794/599/450 754/641/410 753/638/409 777/570/433 
f 811/523/467 812/526/468 813/525/469 814/524/470 
s 2
f 808/522/464 815/528/471 816/527/472 809/521/465 
s 1
f 815/619/471 784/620/440 783/621/439 816/622/472 
s 2
f 817/623/473 818/624/474 807/625/463 810/626/466 
s 1
f 819/627/475 820/628/476 803/604/459 804/607/460 
s 2
f 821/551/477 822/554/478 811/553/467 814/552/470 
s 1
f 806/516/462 823/556/479 824/555/480 805/515/461 
s 4
f 798/603/454 797/602/453 818/624/474 817/623/473 
s 2
f 796/601/452 795/600/487 820/628/476 819/627/475 
s 4
f 802/508/458 801/509/488 822/554/478 821/551/477 
s 2
f 823/556/479 800/510/456 799/507/455 824/555/480 
s 1
f 798/603/454 792/596/448 774/558/430 795/600/487 
f 796/560/452 799/507/455 802/508/458 797/561/453 
s 2
f 789/562/445 788/518/444 805/515/461 804/563/460 
f 791/597/447 790/605/446 803/604/459 767/549/423 
s 1
f 809/640/465 754/641/410 794/599/450 810/626/466 
f 813/525/469 808/522/464 807/519/463 814/524/470 
s 2
f 816/527/472 755/532/411 754/529/410 809/521/465 
f 825/566/481 815/528/471 808/522/464 813/525/469 
s 1
f 783/621/439 759/539/415 755/538/411 816/622/472 
f 785/630/441 784/620/440 815/619/471 825/631/481 
s 2
f 810/626/466 794/599/450 793/598/449 817/623/473 
f 818/571/474 821/551/477 814/552/470 807/572/463 
s 1
f 804/563/460 805/515/461 824/555/480 819/573/475 
f 820/628/476 768/550/424 767/549/423 803/604/459 
s 4
f 817/623/473 793/598/449 792/596/448 798/603/454 
f 797/561/453 802/508/458 821/551/477 818/571/474 
s 2
f 819/573/475 824/555/480 799/507/455 796/560/452 
f 795/600/487 774/558/430 768/550/424 820/628/476 
s 1
f 826/632/482 786/633/442 785/630/441 825/631/481 
s 2
f 826/635/482 825/566/481 813/525/469 812/526/468 
f 750/614/406 749/615/405 778/629/434 781/634/437 
s 1
f 827/600/489 828/601/490 829/602/491 830/603/492 
f 831/507/493 832/510/494 833/509/389 834/508/495 
s 2
f 835/604/496 836/605/497 837/606/498 838/607/499 
f 839/515/500 840/518/501 841/517/502 842/516/503 
s 1
f 843/625/504 844/639/505 845/640/506 846/626/507 
f 847/523/508 848/526/509 849/525/510 850/524/511 
s 2
f 844/522/505 851/528/512 852/527/513 845/521/506 
f 853/529/514 854/532/515 855/531/516 856/530/517 
s 1
f 851/619/512 857/620/518 858/621/519 852/622/513 
f 854/538/515 859/539/520 860/540/521 855/537/516 
s 2
f 861/623/522 862/624/523 843/625/504 846/626/507 
s 1
f 863/627/524 864/628/525 835/604/496 838/607/499 
f 865/550/526 866/547/527 867/548/528 868/549/529 
s 2
f 869/551/530 870/554/426 847/553/508 850/552/511 
s 1
f 842/516/503 871/556/428 872/555/531 839/515/500 
s 4
f 830/603/492 829/602/491 862/624/523 861/623/522 
s 2
f 828/601/490 827/600/489 864/628/525 863/627/524 
f 873/558/532 874/557/533 866/547/527 865/550/526 
s 4
f 834/508/495 833/509/389 870/554/426 869/551/530 
s 2
f 871/556/428 832/510/494 831/507/493 872/555/531 
s 1
f 830/603/492 875/596/534 873/558/532 827/600/489 
f 828/560/490 831/507/493 834/508/495 829/561/491 
s 2
f 837/562/498 840/518/501 839/515/500 838/563/499 
f 876/597/535 836/605/497 835/604/496 868/549/529 
s 1
f 845/640/506 853/641/514 877/599/536 846/626/507 
f 849/525/510 844/522/505 843/519/504 850/524/511 
s 2
f 852/527/513 854/532/515 853/529/514 845/521/506 
f 878/566/537 851/528/512 844/522/505 849/525/510 
s 1
f 858/621/519 859/539/520 854/538/515 852/622/513 
f 879/630/538 857/620/518 851/619/512 878/631/537 
s 2
f 846/626/507 877/599/536 880/598/539 861/623/522 
f 862/571/523 869/551/530 850/552/511 843/572/504 
s 1
f 838/563/499 839/515/500 872/555/531 863/573/524 
f 864/628/525 865/550/526 868/549/529 835/604/496 
s 4
f 861/623/522 880/598/539 875/596/534 830/603/492 
f 829/561/491 834/508/495 869/551/530 862/571/523 
s 2
f 863/573/524 872/555/531 831/507/493 828/560/490 
f 827/600/489 873/558/532 865/550/526 864/628/525 
s 1
f 881/632/437 882/633/540 879/630/538 878/631/537 
s 2
f 882/585/540 883/576/541 884/577/542 885/578/543 886/579/544 860/580/521 859/581/520 858/582/519 857/583/518 879/584/538 
s 1
f 876/595/535 887/586/545 888/587/546 889/588/547 890/589/548 891/590/549 841/591/502 840/592/501 837/593/498 836/594/497 
f 875/596/534 892/559/550 874/557/533 873/558/532 
s 2
f 868/549/529 867/548/528 887/564/545 876/597/535 
f 877/599/536 893/570/551 894/569/552 880/598/539 
s 4
f 880/598/539 894/569/552 892/559/550 875/596/534 
s 1
f 895/503/553 896/504/554 897/505/555 898/506/556 
f 899/507/557 900/508/558 901/509/457 902/510/559 
s 2
f 903/511/560 904/512/561 889/513/547 888/514/546 
f 905/515/562 906/516/563 891/517/549 890/518/548 
s 1
f 907/543/564 908/542/565 909/636/566 910/637/567 
f 893/570/551 877/599/536 853/641/514 856/638/517 
f 911/613/568 912/616/569 913/615/570 914/614/571 
s 2
f 910/609/567 909/610/566 915/618/572 916/617/573 
s 1
f 916/533/573 915/534/572 886/535/544 885/536/543 
s 2
f 917/541/574 908/542/565 907/543/564 918/544/575 
s 1
f 919/545/576 904/512/561 903/511/560 920/546/577 
s 2
f 921/551/578 912/552/569 911/553/568 922/554/579 
s 1
f 906/516/563 905/515/562 923/555/580 924/556/581 
s 4
f 896/504/554 917/541/574 918/544/575 897/505/555 
s 2
f 898/506/556 919/545/576 920/546/577 895/503/553 
s 4
f 900/508/558 921/551/578 922/554/579 901/509/457 
s 2
f 924/556/581 923/555/580 899/507/557 902/510/559 
s 1
f 896/504/554 895/503/553 874/557/533 892/559/550 
f 898/560/556 897/561/555 900/508/558 899/507/557 
s 2
f 889/562/547 904/563/561 905/515/562 890/518/548 
f 887/564/545 867/548/528 903/511/560 888/514/546 
s 1
f 909/636/566 908/542/565 893/570/551 856/638/517 
f 913/615/570 912/616/569 907/608/564 910/609/567 
s 2
f 915/618/572 909/610/566 856/530/517 855/531/516 
f 925/629/582 913/615/570 910/609/567 916/617/573 
s 1
f 886/535/544 915/534/572 855/537/516 860/540/521 
f 884/567/542 925/568/582 916/533/573 885/536/543 
s 2
f 908/542/565 917/541/574 894/569/552 893/570/551 
f 918/571/575 907/572/564 912/552/569 921/551/578 
s 1
f 904/563/561 919/573/576 923/555/580 905/515/562 
f 920/546/577 903/511/560 867/548/528 866/547/527 
s 4
f 917/541/574 896/504/554 892/559/550 894/569/552 
f 897/561/555 918/571/575 921/551/578 900/508/558 
s 2
f 919/573/576 898/560/556 899/507/557 923/555/580 
f 895/503/553 920/546/577 866/547/527 874/557/533 
s 1
f 926/574/482 925/568/582 884/567/542 883/575/541 
s 2
f 926/634/482 914/614/571 913/615/570 925/629/582 
f 848/526/509 881/635/437 878/566/537 849/525/510 
s 1
f 927/600/489 928/601/490 929/602/491 930/603/492 
f 931/507/493 932/510/390 933/509/389 934/508/495 
s 2
f 935/604/583 936/605/497 937/606/498 938/607/584 
f 939/515/500 940/518/501 941/517/397 942/516/503 
s 1
f 943/625/504 944/639/505 945/640/506 946/626/507 
f 947/523/508 948/526/509 949/525/510 950/524/511 
s 2
f 944/522/505 951/528/512 952/527/585 945/521/506 
f 953/529/514 954/532/586 955/531/516 956/530/517 
s 1
f 951/619/512 957/620/587 958/621/588 952/622/585 
f 954/538/586 959/539/589 960/540/521 955/537/516 
s 2
f 961/623/522 962/624/523 943/625/504 946/626/507 
s 1
f 963/627/524 964/628/525 935/604/583 938/607/584 
f 965/550/526 966/547/527 967/548/528 968/549/529 
s 2
f 969/551/530 970/554/426 947/553/508 950/552/511 
s 1
f 942/516/503 971/556/428 972/555/531 939/515/500 
s 4
f 930/603/492 929/602/491 962/624/523 961/623/522 
s 2
f 928/601/490 927/600/489 964/628/525 963/627/524 
f 973/558/532 974/557/533 966/547/527 965/550/526 
s 4
f 934/508/495 933/509/389 970/554/426 969/551/530 
s 2
f 971/556/428 932/510/390 931/507/493 972/555/531 
s 1
f 930/603/492 975/596/534 973/558/532 927/600/489 
f 928/560/490 931/507/493 934/508/495 929/561/491 
s 2
f 937/562/498 940/518/501 939/515/500 938/563/584 
f 976/597/535 936/605/497 935/604/583 968/549/529 
s 1
f 945/640/506 953/641/514 977/599/536 946/626/507 
f 949/525/510 944/522/505 943/519/504 950/524/511 
s 2
f 952/527/585 954/532/586 953/529/514 945/521/506 
f 978/566/537 951/528/512 944/522/505 949/525/510 
s 1
f 958/621/588 959/539/589 954/538/586 952/622/585 
f 979/630/538 957/620/587 951/619/512 978/631/537 
s 2
f 946/626/507 977/599/536 980/598/539 961/623/522 
f 962/571/523 969/551/530 950/552/511 943/572/504 
s 1
f 938/563/584 939/515/500 972/555/531 963/573/524 
f 964/628/525 965/550/526 968/549/529 935/604/583 
s 4
f 961/623/522 980/598/539 975/596/534 930/603/492 
f 929/561/491 934/508/495 969/551/530 962/571/523 
s 2
f 963/573/524 972/555/531 931/507/493 928/560/490 
f 927/600/489 973/558/532 965/550/526 964/628/525 
s 1
f 981/632/437 982/633/540 979/630/538 978/631/537 
s 2
f 982/585/540 983/576/541 984/577/542 985/578/543 986/579/544 960/580/521 959/581/589 958/582/588 957/583/587 979/584/538 
s 1
f 976/595/535 987/586/545 988/587/546 989/588/547 990/589/548 991/590/549 941/591/397 940/592/501 937/593/498 936/594/497 
f 975/596/534 992/559/550 974/557/533 973/558/532 
s 2
f 968/549/529 967/548/528 987/564/545 976/597/535 
f 977/599/536 993/570/590 994/569/552 980/598/539 
s 4
f 980/598/539 994/569/552 992/559/550 975/596/534 
s 1
f 995/503/553 996/504/554 997/505/591 998/506/556 
f 999/507/557 1000/508/558 1001/509/457 1002/510/559 
s 2
f 1003/511/592 1004/512/561 989/513/547 988/514/546 
f 1005/515/562 1006/516/563 991/517/549 990/518/548 
s 1
f 1007/543/564 1008/542/565 1009/636/566 1010/637/567 
f 993/570/590 977/599/536 953/641/514 956/638/517 
f 1011/613/568 1012/616/569 1013/615/570 1014/614/571 
s 2
f 1010/609/567 1009/610/566 1015/618/572 1016/617/573 
s 1
f 1016/533/573 1015/534/572 986/535/544 985/536/543 
s 2
f 1017/541/574 1008/542/565 1007/543/564 1018/544/575 
s 1
f 1019/545/576 1004/512/561 1003/511/592 1020/546/577 
s 2
f 1021/551/578 1012/552/569 1011/553/568 1022/554/579 
s 1
f 1006/516/563 1005/515/562 1023/555/580 1024/556/581 
s 4
f 996/504/554 1017/541/574 1018/544/575 997/505/591 
s 2
f 998/506/556 1019/545/576 1020/546/577 995/503/553 
s 4
f 1000/508/558 1021/551/578 1022/554/579 1001/509/457 
s 2
f 1024/556/581 1023/555/580 999/507/557 1002/510/559 
s 1
f 996/504/554 995/503/553 974/557/533 992/559/550 
f 998/560/556 997/561/591 1000/508/558 999/507/557 
s 2
f 989/562/547 1004/563/561 1005/515/562 990/518/548 
f 987/564/545 967/548/528 1003/511/592 988/514/546 
s 1
f 1009/636/566 1008/542/565 993/570/590 956/638/517 
f 1013/615/570 1012/616/569 1007/608/564 1010/609/567 
s 2
f 1015/618/572 1009/610/566 956/530/517 955/531/516 
f 1025/629/582 1013/615/570 1010/609/567 1016/617/573 
s 1
f 986/535/544 1015/534/572 955/537/516 960/540/521 
f 984/567/542 1025/568/582 1016/533/573 985/536/543 
s 2
f 1008/542/565 1017/541/574 994/569/552 993/570/590 
f 1018/571/575 1007/572/564 1012/552/569 1021/551/578 
s 1
f 1004/563/561 1019/573/576 1023/555/580 1005/515/562 
f 1020/546/577 1003/511/592 967/548/528 966/547/527 
s 4
f 1017/541/574 996/504/554 992/559/550 994/569/552 
f 997/561/591 1018/571/575 1021/551/578 1000/508/558 
s 2
f 1019/573/576 998/560/556 999/507/557 1023/555/580 
f 995/503/553 1020/546/577 966/547/527 974/557/533 
s 1
f 1026/574/482 1025/568/582 984/567/542 983/575/541 
s 2
f 1026/634/482 1014/614/571 1013/615/570 1025/629/582 
f 948/526/509 981/635/437 978/566/537 949/525/510 
s 1
f 1027/642/103 1028/643/593 1029/644/594 1030/645/595 
f 1031/646/596 1032/647/597 1033/648/598 1034/649/599 
f 1035/650/600 1036/651/601 1037/652/602 1038/653/114 
f 1039/654/603 1040/655/604 1041/656/605 1042/657/606 
s 2
f 1028/643/593 1043/658/593 1044/659/607 1029/644/594 
s 1
f 1045/660/608 1046/661/609 1047/662/610 1048/663/611 
s 4
f 1029/644/594 1044/659/607 1049/664/612 1030/645/595 
s 2
f 1046/661/609 1050/665/613 1051/666/614 1052/667/113 1047/662/610 
f 1052/667/113 1051/666/614 1053/668/114 1041/656/605 1040/655/604 
s 1
f 1043/658/593 1054/669/104 1055/670/615 1044/659/607 
f 1044/659/607 1055/670/615 1056/671/616 1049/664/612 
f 1057/672/617 1058/673/618 1059/674/619 1060/675/620 
s 2
f 1051/666/614 1061/676/621 1053/668/114 
s 1
f 1054/669/104 1062/677/622 1055/670/615 
f 1039/654/603 1036/651/601 1048/663/611 
s 2
f 1040/655/604 1047/662/610 1052/667/113 
f 1057/672/617 1033/648/598 1055/678/615 
s 4
f 1034/649/599 1051/679/614 1050/680/613 1031/646/596 
s 1
f 1033/648/598 1057/672/617 1060/675/620 1034/649/599 
s 2
f 1032/681/597 1056/671/616 1055/670/615 1033/682/598 
s 1
f 1036/651/601 1039/654/603 1042/657/606 1037/652/602 
f 1035/650/600 1045/660/608 1048/663/611 1036/651/601 
f 1039/654/603 1048/663/611 1047/662/610 1040/655/604 
s 4
f 1059/683/619 1061/676/621 1051/666/614 1060/684/620 
s 2
f 1057/685/617 1055/670/615 1062/677/622 1058/686/618 
s 4
f 1051/679/614 1034/649/599 1060/675/620 
s 1
f 1063/642/104 1064/645/623 1065/644/624 1066/643/625 
f 1067/646/626 1068/649/627 1069/648/628 1070/647/629 
f 1071/650/630 1072/653/113 1073/652/631 1074/651/632 
f 1075/654/633 1076/657/634 1077/656/635 1078/655/636 
s 2
f 1066/643/625 1065/644/624 1079/659/637 1080/658/625 
s 1
f 1081/660/638 1082/663/639 1083/662/640 1084/661/641 
s 4
f 1065/644/624 1064/645/623 1085/664/642 1079/659/637 
s 2
f 1084/661/641 1083/662/640 1086/667/114 1087/666/643 1088/665/644 
f 1086/667/114 1078/655/636 1077/656/635 1089/668/113 1087/666/643 
s 1
f 1080/658/625 1079/659/637 1090/670/645 1091/669/103 
f 1079/659/637 1085/664/642 1092/671/646 1090/670/645 
f 1093/672/647 1094/675/648 1095/674/649 1096/673/650 
s 2
f 1087/666/643 1089/668/113 1097/676/651 
s 1
f 1091/669/103 1090/670/645 1098/677/652 
f 1075/654/633 1082/663/639 1074/651/632 
s 2
f 1078/655/636 1086/667/114 1083/662/640 
f 1093/672/647 1090/678/645 1069/648/628 
s 4
f 1068/649/627 1067/646/626 1088/680/644 1087/679/643 
s 1
f 1069/648/628 1068/649/627 1094/675/648 1093/672/647 
s 2
f 1070/681/629 1069/682/628 1090/670/645 1092/671/646 
s 1
f 1074/651/632 1073/652/631 1076/657/634 1075/654/633 
f 1071/650/630 1074/651/632 1082/663/639 1081/660/638 
f 1075/654/633 1078/655/636 1083/662/640 1082/663/639 
s 4
f 1095/683/649 1094/684/648 1087/666/643 1097/676/651 
s 2
f 1093/685/647 1096/686/650 1098/677/652 1090/670/645 
s 4
f 1087/679/643 1094/675/648 1068/649/627 
s 1
f 1099/687/653 1100/688/654 1101/689/655 1102/690/656 
f 1103/691/657 1101/689/655 1100/688/654 1104/692/658 
f 1105/693/659 1106/694/660 1107/695/661 1108/696/104 
f 1109/697/114 1110/698/662 1111/699/663 1112/700/664 
s 2
f 1101/689/655 1111/699/663 1110/698/662 1102/690/656 
f 1099/687/653 1107/695/661 1106/694/660 1100/688/654 
f 1100/688/654 1106/694/660 1105/693/659 1104/701/658 
f 1111/699/663 1101/689/655 1103/702/657 1112/700/664 
s 1
f 1113/687/665 1114/690/666 1115/689/667 1116/688/668 
f 1117/691/669 1118/692/670 1116/688/668 1115/689/667 
f 1119/703/671 1120/696/103 1121/695/672 1122/694/673 
f 1123/697/113 1124/700/674 1125/699/675 1126/698/676 
s 2
f 1115/689/667 1114/690/666 1126/698/676 1125/699/675 
f 1113/687/665 1116/688/668 1122/694/673 1121/695/672 
f 1116/688/668 1118/701/670 1119/703/671 1122/694/673 
f 1125/699/675 1124/700/674 1117/702/669 1115/689/667 
s 1
f 1127/704/677 1128/705/678 1129/706/679 1130/707/680 
f 1127/704/677 1131/708/681 1132/709/682 
f 1132/709/682 1133/710/683 1128/705/678 1127/704/677 
f 1127/704/677 1130/707/680 1134/711/684 1131/708/681 
f 1135/712/114 1133/710/683 1132/709/682 1136/713/685 
f 1137/714/686 1131/708/681 1134/711/684 1138/715/687 
f 1136/713/685 1132/709/682 1131/708/681 1137/714/686 
f 1139/716/688 1140/717/689 1141/718/690 1142/719/691 
f 1143/720/692 1144/721/693 1145/722/694 1146/723/695 
s 2
f 1147/724/696 1130/707/680 1129/706/679 1148/725/697 1149/726/698 
f 1142/719/691 1141/718/690 1150/727/699 1151/728/700 1152/729/701 
f 1150/727/699 1146/723/695 1145/722/694 1153/730/702 1151/728/700 
f 1130/707/680 1147/724/696 1134/711/684 
s 4
f 1154/731/703 1155/732/704 1156/733/705 1149/734/698 
s 1
f 1157/735/706 1158/736/707 1159/737/708 1160/738/709 
s 8
f 1154/731/703 1149/734/698 1151/739/700 1161/740/710 
s 1
f 1162/741/711 1163/742/712 1164/743/713 1165/744/714 
f 1149/726/698 1148/725/697 1166/745/715 1167/746/716 
s 4
f 1148/747/697 1152/748/701 1168/749/717 1166/750/715 
s 1
f 1152/729/701 1151/728/700 1169/751/718 1168/752/717 
s 16
f 1151/739/700 1149/734/698 1167/753/716 1169/754/718 
s 8
f 1148/747/697 1129/755/679 1165/744/714 1164/743/713 
s 4
f 1129/755/679 1142/756/691 1162/741/711 1165/744/714 
s 8
f 1142/756/691 1152/748/701 1163/742/712 1162/741/711 
s 4
f 1152/748/701 1148/747/697 1164/743/713 1163/742/712 
s 2
f 1170/757/719 1171/758/720 1160/738/709 1159/737/708 
s 8
f 1171/759/720 1172/760/721 1157/735/706 1160/738/709 
s 2
f 1172/761/721 1173/762/722 1158/736/707 1157/735/706 
s 4
f 1173/763/722 1170/764/719 1159/737/708 1158/736/707 
s 2
f 1171/765/720 1170/766/719 1167/746/716 1166/745/715 
s 8
f 1172/767/721 1171/765/720 1166/745/715 1168/768/717 
s 2
f 1173/769/722 1172/767/721 1168/768/717 1169/770/718 
s 4
f 1170/766/719 1173/769/722 1169/770/718 1167/746/716 
s 1
f 1143/720/692 1140/717/689 1174/771/723 
s 2
f 1146/723/695 1150/727/699 1141/718/690 
s 1
f 1174/771/723 1175/772/724 1144/721/693 1143/720/692 
f 1176/773/725 1174/771/723 1140/717/689 1139/716/688 
f 1141/718/690 1140/717/689 1143/720/692 1146/723/695 
f 1175/772/724 1174/771/723 1176/773/725 1177/774/699 
f 1155/732/704 1154/731/703 1161/740/710 1178/775/726 
s 2
f 1138/715/687 1134/711/684 1147/724/696 1149/726/698 1156/776/705 
s 4
f 1178/775/726 1161/740/710 1151/739/700 1153/777/702 
s 1
f 1179/704/727 1180/707/728 1181/706/729 
f 1179/704/727 1182/709/730 1183/708/731 
f 1179/704/727 1183/708/731 1184/711/732 1180/707/728 
f 1185/712/733 1186/713/734 1182/709/730 
f 1187/714/735 1188/715/736 1184/711/732 1183/708/731 
f 1186/713/734 1187/714/735 1183/708/731 1182/709/730 
f 1189/716/688 1190/719/737 1191/718/738 1192/717/739 
f 1193/720/740 1194/723/741 1195/722/742 1196/721/743 
s 2
f 1197/724/696 1198/726/744 1199/725/745 1181/706/729 1180/707/728 
f 1190/719/737 1200/729/746 1201/728/747 1202/727/699 1191/718/738 
f 1202/727/699 1201/728/747 1203/730/748 1195/722/742 1194/723/741 
f 1180/707/728 1184/711/732 1197/724/696 
s 4
f 1204/778/749 1198/779/744 1205/780/750 1206/781/751 
s 1
f 1207/736/752 1208/737/753 1209/738/754 1210/735/755 
s 8
f 1204/778/749 1211/782/756 1201/783/747 1198/779/744 
s 1
f 1212/744/757 1213/741/758 1214/742/759 1215/743/760 
f 1198/726/744 1216/746/761 1217/745/762 1199/725/745 
s 4
f 1199/748/745 1217/749/762 1218/750/763 1200/747/746 
s 1
f 1200/729/746 1218/752/763 1219/751/764 1201/728/747 
s 16
f 1201/783/747 1219/784/764 1216/785/761 1198/779/744 
s 8
f 1199/748/745 1214/742/759 1213/741/758 1181/756/729 
s 4
f 1181/756/729 1213/741/758 1212/744/757 1190/755/737 
s 8
f 1190/755/737 1212/744/757 1215/743/760 1200/747/746 
s 4
f 1200/747/746 1215/743/760 1214/742/759 1199/748/745 
s 2
f 1220/758/765 1209/738/754 1208/737/753 1221/757/766 
s 8
f 1221/764/766 1208/737/753 1207/736/752 1222/763/767 
s 2
f 1222/762/767 1207/736/752 1210/735/755 1223/761/768 
s 4
f 1223/760/768 1210/735/755 1209/738/754 1220/759/765 
s 2
f 1221/765/766 1217/745/762 1216/746/761 1220/766/765 
s 8
f 1222/767/767 1218/768/763 1217/745/762 1221/765/766 
s 2
f 1223/769/768 1219/770/764 1218/768/763 1222/767/767 
s 4
f 1220/766/765 1216/746/761 1219/770/764 1223/769/768 
s 1
f 1193/720/740 1224/771/769 1192/717/739 
s 2
f 1194/723/741 1191/718/738 1202/727/699 
s 1
f 1224/771/769 1193/720/740 1196/721/743 1225/772/770 
f 1226/773/725 1189/716/688 1192/717/739 1224/771/769 
f 1191/718/738 1194/723/741 1193/720/740 1192/717/739 
f 1225/772/770 1227/774/699 1226/773/725 1224/771/769 
f 1206/781/751 1228/786/771 1211/782/756 1204/778/749 
s 2
f 1188/715/736 1205/776/750 1198/726/744 1197/724/696 1184/711/732 
s 4
f 1228/786/771 1203/787/748 1201/783/747 1211/782/756 
# 951 polygons - 26 triangles

