# 3ds Max Wavefront OBJ Exporter v0.99 - (c)2007 guruware
# File Created: 10.04.2026 20:42:24

mtllib dropship new.mtl

#
# object Front_Cabin
#

v  675.4591 242.8661 -19.5481
v  675.4538 242.3661 -19.5538
v  675.4356 242.3720 -20.0535
v  675.4409 242.8720 -20.0478
v  637.9100 245.5321 -20.9008
v  637.8567 240.5327 -20.9580
v  638.0920 245.4730 -15.9044
v  638.0387 240.4736 -15.9617
v  635.4761 243.0285 -18.3399
# 9 vertices

o Front_Cabin
g Front_Cabin
usemtl wire_174186203
s 1
f 1 2 3 4 
s 2
f 5 4 3 6 
s 4
f 7 1 4 5 
s 8
f 2 8 6 3 
s 16
f 1 7 8 2 
s 32
f 9 7 5 
s 64
f 9 5 6 
s 128
f 9 6 8 
s 256
f 9 8 7 
# 5 polygons - 4 triangles

#
# object Object001
#

v  736.3265 -5.7936 366.0627
v  826.1169 61.3229 370.4493
v  513.5013 252.0671 428.5710
v  513.5013 -47.7671 370.4492
v  -188.3870 -47.7672 370.4492
v  -188.3870 252.0671 428.5709
v  -238.5180 252.0671 428.5709
v  -248.7956 241.8326 427.1040
v  -248.7956 -47.7672 370.4492
v  51.1674 -47.7671 370.4492
v  119.0425 -47.7671 370.4492
v  119.0425 241.8326 427.1041
v  108.7649 252.0671 428.5710
v  51.1673 252.0671 428.5710
v  -188.3870 -73.5162 343.0027
v  51.1674 -73.5161 343.0028
v  -188.3870 342.2328 318.9897
v  51.1673 342.2328 318.9897
v  51.1673 252.0671 318.9897
v  -188.3870 252.0671 318.9897
v  -682.9999 342.2327 318.9897
v  -493.0171 342.2327 318.9897
v  -493.0171 252.0671 318.9897
v  -683.0000 252.0671 318.9897
v  -188.3869 -47.7672 318.9897
v  51.1674 -47.7671 318.9897
v  -493.0171 406.3636 199.8436
v  -493.0171 406.3636 250.0874
v  -468.8169 406.3636 274.2876
v  -248.7957 406.3636 274.2876
v  -248.7957 406.3636 199.8437
v  736.3265 -5.7936 199.8438
v  826.1168 61.3229 199.8438
v  508.3466 432.1749 216.4164
v  508.3465 432.1749 310.1167
v  638.0275 322.4424 301.8728
v  638.0274 322.4424 216.4164
v  -682.9999 -47.7673 318.9897
v  -682.9998 -73.5163 343.0027
v  -682.9999 -47.7673 370.4493
v  843.7061 61.3229 199.8438
v  843.7061 207.8672 199.8438
v  826.1168 199.1540 199.8438
v  515.8906 472.7160 199.8438
v  513.5013 463.6810 199.8438
v  668.2460 332.7402 199.8438
v  -709.0121 473.8830 199.8436
v  -716.0397 473.8830 199.8436
v  -716.0396 342.2327 199.8436
v  -682.9999 342.2327 199.8436
v  -683.0000 463.6809 199.8436
v  51.1686 321.7646 403.2206
v  51.1674 425.1825 341.8943
v  -188.3858 425.1830 341.8952
v  -188.3857 321.7640 403.2198
v  850.2540 194.2064 169.8537
v  850.2540 211.0141 193.2960
v  850.2540 67.8708 193.2960
v  850.2540 74.2064 169.8537
v  828.8152 169.2064 144.3517
v  828.8152 94.2064 144.3517
v  715.8740 -32.7792 332.7486
v  513.5013 -73.5161 343.0028
v  -626.2815 -47.7673 318.9897
v  -682.9998 -62.1536 318.9897
v  826.1169 124.5800 370.4493
v  513.5013 323.1069 428.5710
v  346.7951 323.1425 428.5619
v  346.7957 252.0671 428.5710
v  715.8738 -32.7792 199.8438
v  -684.5757 437.5046 157.0737
v  -684.5757 437.5046 -157.0736
v  -684.5757 385.1589 -157.0736
v  -684.5757 385.1589 157.0738
v  513.5013 -73.5161 199.8438
v  513.5013 -73.5161 -199.9048
v  715.8741 -32.7792 -199.9048
v  850.2541 67.8708 -193.3569
v  850.2540 74.2064 -169.8534
v  -493.0171 -47.7672 318.9897
v  -706.8345 439.8719 331.9841
v  -706.8345 366.0416 342.7987
v  -706.8345 381.0916 362.6718
v  469.5081 342.2328 318.9897
v  469.5081 252.0671 318.9897
v  469.5081 -47.7671 318.9897
v  469.5082 342.2328 199.8438
v  469.5082 252.0727 199.8438
v  469.5083 -47.7671 199.8438
v  -716.0395 342.2327 -199.9050
v  -682.9998 342.2327 -199.9050
v  828.8152 169.2064 -144.3516
v  850.2540 194.2064 -169.8534
v  -493.0170 342.2327 199.8436
v  -493.0170 342.2327 -199.9050
v  -188.3870 342.2328 -199.9049
v  -188.3870 342.2328 199.8437
v  51.1673 342.2328 199.8437
v  51.1673 342.2328 -199.9049
v  469.5081 342.2328 -199.9048
v  51.1674 -73.5161 199.8437
v  -188.3870 -73.5162 199.8437
v  -188.3870 -73.5162 -199.9049
v  51.1674 -73.5161 -199.9049
v  119.0425 -73.5161 343.0028
v  -248.7956 -73.5162 343.0028
v  51.1673 463.6810 199.8437
v  51.1673 463.6810 327.3490
v  108.7655 463.6904 327.3134
v  108.7648 463.6810 199.8437
v  -188.3870 463.6809 199.8437
v  -188.3870 463.6810 327.3491
v  -503.2948 463.6809 327.3491
v  -503.2947 463.6809 199.8436
v  -682.9999 463.6809 327.3491
v  51.1673 473.8831 199.8437
v  106.3407 473.8831 199.8437
v  -188.3870 473.8830 199.8437
v  -505.5166 473.8830 199.8436
v  -226.7419 425.1830 341.8952
v  -226.7418 321.7640 403.2198
v  96.9613 321.7626 403.2166
v  96.6561 425.1954 341.9354
v  51.1673 480.4309 -193.3570
v  51.1673 480.4309 193.2959
v  108.1375 480.4309 193.2959
v  108.1375 480.4309 -193.3570
v  -188.3871 475.9423 -199.9049
v  -188.3871 480.4309 -193.3571
v  51.1673 473.8831 -199.9049
v  -503.6857 480.4308 193.2958
v  -503.6856 480.4308 -193.3571
v  -716.0396 480.4308 -193.3571
v  -716.0397 480.4308 193.2957
v  51.1673 323.1068 428.5709
v  -188.3871 323.1068 428.5710
v  -238.5180 323.1068 428.5710
v  -493.0170 -47.7672 370.4492
v  -493.0170 241.8326 427.1040
v  -503.2947 252.0671 428.5710
v  -682.9999 252.0671 428.5710
v  -493.0170 -73.5162 343.0028
v  -502.9203 323.1068 428.5710
v  -682.6255 323.1067 428.5710
v  -493.0171 -47.7672 199.8436
v  -188.3869 -47.7672 199.8437
v  -188.3870 -47.7672 -199.9049
v  -493.0171 -47.7672 -199.9050
v  736.3265 -5.7936 -366.0625
v  513.5013 -47.7671 -370.4491
v  513.5013 252.1063 -428.5708
v  826.1169 61.3229 -370.4490
v  -188.3870 -47.7672 -370.4490
v  -248.7956 -47.7672 -370.4490
v  -248.7956 241.9827 -426.6150
v  -238.5179 252.1063 -428.5708
v  -188.3869 252.1063 -428.5708
v  51.1674 -47.7671 -370.4492
v  51.1674 252.1063 -428.5709
v  108.7649 252.1063 -428.5708
v  119.0425 241.9828 -426.6150
v  119.0426 -47.7671 -370.4491
v  51.1674 -73.5161 -343.0026
v  -188.3870 -73.5162 -343.0027
v  -188.3870 342.2328 -318.9896
v  -188.3870 254.5535 -318.9896
v  -185.9398 252.1063 -318.9896
v  51.1674 252.1063 -318.8216
v  51.1673 342.2328 -318.9896
v  -682.9999 342.2327 -318.9896
v  -683.0001 252.1063 -318.9896
v  -493.0171 252.1063 -318.9896
v  -493.0171 342.2327 -318.9896
v  -188.3870 252.1063 -321.4368
v  -188.3870 -47.7672 -321.4368
v  51.1674 -47.7671 -318.9896
v  -185.9397 -47.7672 -318.9896
v  -493.0170 406.3636 -199.9050
v  -248.7956 406.3636 -199.9049
v  -248.7957 406.3636 -274.2971
v  -493.0171 406.3636 -274.2972
v  513.5013 463.6810 -199.9048
v  668.2460 332.7402 -199.9048
v  668.0735 332.7831 -317.5231
v  513.1597 463.7660 -327.3716
v  -706.8345 -34.7573 -342.7986
v  -706.8347 252.1063 -342.7986
v  -706.8345 252.1063 -404.7619
v  -706.8346 -34.7573 -350.8123
v  843.7062 61.3229 -199.9047
v  826.1169 61.3229 -199.9047
v  826.1169 199.1541 -199.9047
v  843.7062 207.8672 -199.9047
v  515.8907 472.7160 -199.9048
v  -716.0396 473.8830 -199.9050
v  -709.7546 473.8830 -199.9050
v  -682.9999 463.6809 -199.9050
v  51.1691 321.7644 -403.2204
v  -188.3861 321.7639 -403.2197
v  -188.3861 425.1829 -341.8950
v  51.1717 425.1825 -341.8943
v  469.5081 252.0727 -93.0656
v  469.5081 252.0727 -199.9048
v  469.5082 -47.7670 -199.9048
v  469.5082 -47.7671 -93.0656
v  549.4832 -14.5630 -93.0656
v  549.4833 222.2329 -93.0656
v  850.2541 211.0142 -193.3569
v  828.8152 94.2064 -144.3516
v  715.8740 -32.7792 -332.7484
v  513.5013 -73.5161 -343.0026
v  513.5013 323.1069 -428.5708
v  826.1169 124.5800 -370.4490
v  346.7957 252.1063 -428.5708
v  346.7957 323.1069 -428.5715
v  549.4832 -15.1585 91.9950
v  549.4833 222.2329 91.9950
v  469.5081 252.0727 91.9949
v  -625.9045 -47.7673 -199.9050
v  -625.9045 -47.7673 199.8436
v  51.1674 -47.7671 -199.9049
v  51.1674 -47.7671 199.8437
v  -682.9999 -47.7673 -318.9896
v  -626.0100 -47.7673 -318.9896
v  -493.0171 -47.7672 -318.9896
v  -706.8345 439.8719 -331.9840
v  -706.8345 366.0416 -342.7986
v  -706.8344 366.0416 -223.8089
v  -706.8344 439.8719 -223.8089
v  469.5082 252.1063 -318.9896
v  469.5081 342.2328 -318.9896
v  469.5082 -47.7671 -318.9896
v  806.4539 206.9574 168.3328
v  806.4539 206.9574 -168.3326
v  519.1558 436.8083 -168.3327
v  519.1559 436.8083 168.3329
v  -493.0171 -73.5162 -199.9050
v  -248.7956 -73.5162 -199.9049
v  -248.7956 -73.5162 199.8437
v  -493.0170 -73.5162 199.8436
v  -190.8342 252.1063 -318.9896
v  -190.8342 -47.7672 -318.9896
v  119.0426 -73.5161 -199.9049
v  119.0426 -73.5161 199.8437
v  336.5181 -73.5161 -343.0026
v  336.5181 -73.5161 -199.9048
v  119.0426 -73.5161 -343.0026
v  -248.7956 -73.5162 -343.0026
v  51.1673 463.6810 -199.9049
v  108.7649 463.6810 -199.9049
v  108.7147 463.6917 -327.3506
v  51.1673 463.6810 -327.3489
v  -188.3871 463.6809 -199.9049
v  -188.3871 463.6810 -327.3489
v  -503.2947 463.6809 -327.3489
v  -682.9999 463.6809 -327.3489
v  -503.2947 463.6809 -199.9050
v  106.3407 473.8831 -199.9049
v  -497.0886 468.7700 -199.9050
v  -505.5165 473.8830 -199.9050
v  -226.7422 321.7639 -403.2197
v  -226.7422 425.1829 -341.8950
v  96.6562 425.2218 -341.9080
v  96.9610 321.7559 -403.2189
v  -188.3870 323.1068 -428.5708
v  51.1673 323.1068 -428.5709
v  -238.5180 323.1068 -428.5708
v  -493.0170 -47.7672 -370.4491
v  -682.9999 -47.7673 -370.4493
v  -682.9999 252.1063 -428.5709
v  -503.2947 252.1063 -428.5709
v  -493.0171 241.9827 -426.6150
v  -493.0170 -73.5162 -343.0026
v  -682.9998 -73.5163 -343.0027
v  -682.9998 323.1067 -428.5709
v  -503.2947 323.1068 -428.5709
v  -682.9999 -73.5163 199.8436
v  -682.9999 -62.1536 199.8436
v  -682.9998 -62.1536 -199.9050
v  -682.9998 -73.5163 -199.9050
v  -188.3870 -47.7672 -316.5424
v  -682.9998 -62.1536 -318.9896
v  -682.9998 -73.5163 -318.9896
v  -682.9998 -73.5163 318.9897
v  -706.8347 252.0671 342.7987
v  -706.8345 252.0671 404.7621
v  -706.8345 316.0394 404.7621
v  -706.8345 379.0724 -363.7259
v  -706.8345 316.0394 -404.7619
v  -706.8345 -34.7602 342.7987
v  -706.8345 -34.7602 350.8124
v  -706.8345 366.0416 223.8089
v  -706.8345 439.8719 223.8089
v  -682.6256 446.7819 355.2349
v  -682.9999 446.7819 -355.2348
v  -724.3281 472.1424 191.7115
v  -724.3281 461.3135 180.8827
v  -724.3280 361.3499 180.8827
v  -724.3281 350.5211 191.7116
v  -724.3280 361.3499 -180.8826
v  -724.3279 350.5211 -191.7115
v  -724.3281 461.3135 -180.8826
v  -724.3280 472.1424 -191.7115
v  -719.8344 476.6360 -196.1536
v  -719.8439 476.6266 196.1112
v  -695.3978 451.2963 338.9073
v  -695.3978 451.2963 -338.9072
v  -214.3178 463.6810 327.3491
v  -238.5180 451.1388 348.0456
v  -238.5180 446.7820 355.2350
v  -188.3871 446.7820 355.2350
v  826.1169 199.1540 307.4760
v  668.2460 332.7402 317.5119
v  513.5012 463.6810 327.3490
v  511.0147 446.9450 355.5474
v  826.1169 180.7476 336.1160
v  51.1673 446.7820 355.2349
v  346.7957 463.6816 327.3490
v  345.2491 446.7583 355.5602
v  -502.9204 446.7819 355.2349
v  -248.7957 389.4932 -302.2383
v  -493.0170 389.4932 -302.2384
v  826.1169 199.1541 -307.4758
v  826.1169 180.7476 -336.1157
v  511.0148 446.9450 -355.5472
v  51.1673 446.7820 -355.2347
v  -188.3871 446.7820 -355.2348
v  108.4003 446.8294 -355.2484
v  -503.2947 446.7819 -355.2348
v  -238.5180 463.6810 303.1489
v  -238.5180 463.6809 199.8437
v  -244.7241 468.7700 199.8437
v  -236.2962 473.8830 199.8436
v  -248.7957 389.4670 302.1734
v  -493.0171 389.4670 302.1734
v  -493.0170 282.2546 365.7476
v  -248.7956 282.2546 365.7475
v  -493.0170 252.0671 375.5094
v  -248.7956 252.0671 375.5094
v  -238.5180 463.6809 -199.9049
v  -238.5180 463.6810 -327.3489
v  -237.3792 475.9423 -199.9049
v  -244.7241 468.7701 -199.9049
v  -238.1271 480.4308 -193.3571
v  -248.7956 282.2546 -365.7473
v  -493.0170 282.2546 -365.7474
v  -248.7956 252.1063 -375.5093
v  -493.0170 252.1063 -375.5094
v  -493.0171 393.8227 294.9849
v  -238.5180 446.7820 -355.2348
v  336.5181 -47.7671 370.4492
v  336.5181 241.8326 427.1041
v  108.7649 323.1068 428.5703
v  336.5181 -73.5161 343.0028
v  119.0589 406.3636 274.3046
v  336.5345 406.3636 274.3046
v  336.5345 406.3636 199.8438
v  119.0589 406.3636 199.8437
v  119.0103 282.2389 365.7725
v  336.3304 282.2389 365.7981
v  334.9998 389.5519 302.3833
v  118.6939 389.4752 302.2364
v  336.5181 241.9828 -426.6150
v  336.5181 -47.7671 -370.4491
v  108.7649 323.0982 -428.5725
v  336.5181 -73.5161 199.8438
v  119.0626 406.3636 -199.9049
v  336.5382 406.3636 -199.9048
v  336.3273 406.3636 -274.2970
v  119.0124 406.3636 -274.2971
v  118.6975 389.4932 -302.2383
v  335.0035 389.4932 -302.2382
v  336.3340 282.2448 -365.7916
v  119.0140 282.2448 -365.7661
v  108.3998 446.7957 355.2823
v  119.0589 252.0671 375.5265
v  336.5345 252.0671 375.5265
v  336.5382 252.1063 -375.5200
v  119.0626 252.1063 -375.5201
v  346.7957 463.6810 199.8438
v  340.5669 468.7474 199.8438
v  349.2198 473.8831 199.8438
v  361.9521 354.4518 391.0516
v  378.5363 347.9930 394.8657
v  417.3540 376.7510 377.8798
v  377.6915 405.4031 360.9587
v  361.3978 398.7685 364.8777
v  347.4231 480.4309 193.2959
v  518.1876 479.2639 193.2959
v  518.1877 479.2639 -193.3569
v  347.4230 480.4309 -193.3570
v  346.7957 463.6810 -199.9048
v  346.5758 463.6996 -327.4935
v  349.2198 473.8831 -199.9048
v  340.5669 468.7474 -199.9048
v  345.2604 446.9151 -355.4042
v  -493.0171 453.4032 199.8436
v  -493.0171 453.4032 324.4780
v  -493.0171 422.9126 291.9450
v  -493.0171 439.3261 347.7073
v  -493.0170 320.2887 418.2934
v  -493.0170 252.0671 418.2933
v  -248.7956 252.0671 418.2932
v  -248.7956 320.2887 418.2934
v  -248.7957 418.5104 360.0505
v  -248.7957 421.4565 331.3878
v  -248.7957 446.3647 336.0927
v  -248.7957 436.8544 306.8206
v  -248.7957 453.4033 300.2777
v  -248.7957 453.4033 199.8437
v  -256.3611 457.1331 199.8437
v  -485.4517 457.1330 199.8436
v  -248.7956 252.1063 -418.2932
v  -493.0170 252.1063 -418.2932
v  -493.0171 320.2887 -418.2932
v  -493.0171 439.3261 -347.7072
v  -493.0171 453.4032 -324.4778
v  -493.0171 453.4032 -199.9050
v  -485.4517 457.1330 -199.9050
v  -256.3611 457.1331 -199.9049
v  -248.7957 453.4033 -199.9049
v  -248.7957 453.4033 -324.4778
v  -248.7957 439.3262 -347.7072
v  -248.7956 320.2887 -418.2932
v  119.0353 320.2907 418.2933
v  119.0457 252.0671 418.2934
v  336.5212 252.0671 418.2933
v  336.4795 320.2970 418.2934
v  334.9937 439.4052 347.9081
v  336.4034 453.4039 324.5081
v  336.5210 453.4034 199.8438
v  328.9526 457.1332 199.8438
v  126.6079 457.1331 199.8437
v  119.0454 453.4034 199.8437
v  119.0172 453.4034 324.4854
v  118.6817 439.3448 347.7553
v  336.5219 252.1063 -418.2932
v  119.0465 252.1063 -418.2932
v  119.0359 320.2907 -418.2932
v  118.6818 439.3466 -347.7540
v  118.9710 453.4156 -324.4869
v  119.0461 453.4034 -199.9049
v  126.6079 457.1331 -199.9049
v  328.9526 457.1332 -199.9048
v  336.5217 453.4034 -199.9048
v  336.2074 453.4551 -324.5154
v  334.9929 439.4125 -347.9037
v  336.4801 320.2970 -418.2932
v  114.9937 468.7474 -199.9049
v  -497.0886 468.7700 199.8436
v  114.9937 468.7474 199.8437
v  -243.6568 458.5421 325.9135
v  736.3265 -5.7936 -199.9048
v  833.5520 224.3765 178.6104
v  530.2034 467.0686 178.6105
v  833.5520 224.3765 -178.6102
v  530.2033 467.0686 -178.6104
v  531.8081 452.6227 168.3329
v  819.1061 222.7718 168.3328
v  819.1061 222.7718 -168.3326
v  531.8080 452.6227 -168.3327
v  663.0764 301.2431 -216.4066
v  795.8965 188.8465 -216.4066
v  795.9037 188.8550 -291.8274
v  662.9463 301.2656 -300.2797
v  521.0347 457.3064 316.9900
v  521.0347 457.3064 209.8686
v  660.7126 339.1148 308.1107
v  660.7125 339.1148 209.8685
v  818.5857 205.5313 -298.0747
v  818.5788 205.5232 -209.8683
v  675.6200 326.4021 -307.1632
v  675.7694 326.3744 -209.8684
v  521.8036 448.0783 216.4164
v  521.8035 448.0783 310.1167
v  651.4845 338.3459 301.8728
v  651.4844 338.3459 216.4164
v  809.3506 204.7523 -216.4139
v  809.3578 204.7609 -291.8347
v  676.4005 317.1714 -300.2870
v  676.5305 317.1490 -216.4139
v  -188.3871 436.6538 361.2407
v  51.1661 436.6533 361.2398
v  -226.7431 436.6538 361.2407
v  -226.7431 333.2349 422.5653
v  -188.3871 333.2349 422.5653
v  51.1673 333.2355 422.5661
v  96.9600 333.2335 422.5621
v  96.6548 436.6663 361.2809
v  -188.3870 333.2349 -422.5651
v  51.1682 333.2354 -422.5658
v  -226.7431 333.2349 -422.5651
v  -226.7431 436.6538 -361.2405
v  -188.3871 436.6538 -361.2405
v  51.1708 436.6534 -361.2398
v  96.6552 436.6927 -361.2534
v  96.9601 333.2269 -422.5644
v  469.5083 -47.7671 91.9949
v  326.2404 463.6810 -193.3570
v  131.1626 463.6810 -193.3570
v  131.1626 463.6810 193.2959
v  326.2404 463.6810 193.2959
v  119.0425 473.9586 -193.3570
v  119.0425 473.9586 172.1773
v  336.5181 473.9587 -193.3570
v  336.5181 473.9587 193.2959
v  -259.0733 463.6809 -193.3571
v  -482.7394 463.6809 -193.3571
v  -482.7394 463.6809 193.2958
v  -259.0733 463.6809 193.2958
v  -493.0171 473.9585 -193.3571
v  -493.0171 473.9585 193.2958
v  -248.7957 473.9586 -193.3571
v  -248.7957 473.9586 193.2958
v  -238.1271 480.4308 193.2958
v  838.4088 103.6100 -242.1918
v  838.4088 103.6100 -328.1620
v  838.4088 112.6793 -328.1620
v  838.4088 150.4176 -305.0938
v  838.4088 156.8670 -295.0588
v  838.4088 156.8670 -248.8996
v  838.4088 150.1592 -242.1918
v  838.4088 103.6100 242.1309
v  838.4088 156.8669 242.1309
v  838.4088 156.8669 295.0591
v  838.4088 150.4176 305.0941
v  838.4088 112.6792 328.1622
v  838.4088 103.6100 328.1622
v  826.1169 75.3357 -213.9176
v  826.1169 185.1412 -213.9176
v  826.1169 75.3357 -356.4362
v  826.1169 120.6364 -356.4362
v  826.1169 170.6971 -325.8359
v  826.1169 185.1412 -303.3611
v  826.1168 75.3357 213.8567
v  826.1169 75.3357 356.4365
v  826.1168 185.1412 213.8567
v  826.1169 185.1412 303.3614
v  826.1169 170.6971 325.8361
v  826.1169 120.6364 356.4365
v  819.6523 176.6061 -222.4527
v  819.6523 83.8709 -222.4527
v  790.7794 92.7468 -231.3286
v  790.7794 161.0224 -231.3286
v  796.7843 169.5762 -229.4826
v  819.6523 83.8709 -347.9011
v  790.7793 92.7468 -339.0251
v  819.8566 118.2520 -347.9639
v  790.7793 115.7365 -339.0251
v  819.8574 164.6206 -319.6207
v  790.7793 158.2092 -313.0630
v  819.8563 176.6688 -300.8733
v  790.7793 167.7302 -298.2486
v  790.7794 167.7302 -238.0364
v  819.6523 83.8709 347.9014
v  819.6522 83.8709 222.3918
v  790.7792 92.7468 231.2677
v  790.7794 92.7468 339.0255
v  819.6522 176.6061 222.3918
v  790.7792 167.7301 231.2677
v  819.8563 176.6688 300.8736
v  790.7794 167.7301 298.2489
v  819.8575 164.6205 319.6210
v  790.7794 158.2092 313.0634
v  819.8566 118.2520 347.9642
v  790.7794 115.7365 339.0255
v  -188.3870 480.4309 193.2958
v  466.2433 412.9899 356.5322
v  461.0253 425.0872 349.3951
v  395.8262 425.0127 349.3983
v  390.7805 413.0498 356.4499
v  429.0384 385.4124 372.7717
v  391.5909 340.4015 399.3480
v  396.8107 328.2823 406.5039
v  462.8584 328.2671 406.5057
v  467.9088 340.2063 399.4550
v  429.1501 368.2271 382.9128
v  440.8341 376.8878 377.8051
v  480.9076 347.9165 394.9084
v  497.0559 354.5518 391.0051
v  496.1626 399.0433 364.7724
v  479.4358 405.5008 360.9559
v  505.3080 330.0401 424.4716
v  354.7616 330.0746 424.4675
v  503.1002 439.9995 359.6383
v  353.3889 439.8285 359.6458
v  429.0911 385.1414 391.9423
v  377.6919 413.7307 375.0587
v  417.3545 385.0786 391.9798
v  361.9525 362.7793 405.1516
v  361.3982 407.0960 378.9777
v  378.5367 356.3206 408.9657
v  429.0296 393.7305 386.8772
v  390.7717 421.3679 370.5554
v  466.2345 421.3080 370.6377
v  395.8174 433.3309 363.5039
v  461.0165 433.4054 363.5006
v  480.8999 356.2335 409.0146
v  440.8264 385.2048 391.9113
v  496.1549 407.3603 378.8786
v  497.0482 362.8688 405.1113
v  479.4281 413.8178 375.0621
v  429.1516 376.5535 397.0135
v  467.9103 348.5328 413.5556
v  391.5924 348.7280 413.4486
v  462.8599 336.5936 420.6063
v  396.8122 336.6088 420.6045
v  438.3649 376.9402 -377.8171
v  483.3935 410.4726 -358.0478
v  499.7351 404.1809 -361.7581
v  500.8349 349.4041 -394.0551
v  485.0677 342.9546 -397.8572
v  383.8307 416.5609 -354.3589
v  388.8134 428.2876 -347.4345
v  467.9582 428.3031 -347.5049
v  473.1003 416.4098 -354.5379
v  429.1205 383.6584 -373.8468
v  474.9199 336.8393 -401.4632
v  469.9337 325.1001 -408.3862
v  389.9034 325.1014 -408.3888
v  384.7573 337.0019 -401.3710
v  429.1974 370.1116 -381.8437
v  419.9529 376.8293 -377.8737
v  374.5497 343.0019 -397.8243
v  358.3518 349.2812 -394.0981
v  357.6725 404.0596 -361.7224
v  373.5829 410.5165 -357.9210
v  352.7172 328.2649 -425.5357
v  507.4118 328.2624 -425.5308
v  351.3097 441.7636 -358.4545
v  505.1323 441.7938 -358.5913
v  429.1520 385.2121 -391.9496
v  429.1063 391.9891 -387.9449
v  473.0862 424.7405 -368.6360
v  383.8166 424.8916 -368.4570
v  467.9440 436.6338 -361.6030
v  388.7992 436.6183 -361.5326
v  429.1979 378.4299 -395.9492
v  384.7579 345.3202 -415.4765
v  474.9204 345.1576 -415.5686
v  389.9039 333.4196 -422.4942
v  469.9343 333.4183 -422.4917
v  483.3930 418.7897 -372.1539
v  438.3643 385.2574 -391.9233
v  500.8344 357.7212 -408.1612
v  499.7345 412.4980 -375.8642
v  485.0671 351.2717 -411.9633
v  374.5366 351.3337 -411.9217
v  419.9399 385.1611 -391.9712
v  357.6594 412.3914 -375.8198
v  358.3387 357.6131 -408.1955
v  373.5699 418.8484 -372.0184
v  -545.5949 418.3542 360.4299
v  -550.7651 431.2136 352.8047
v  -634.7809 431.2136 352.8047
v  -639.9511 418.3542 360.4300
v  -592.7729 386.4740 379.3340
v  -658.0279 341.8694 -405.7833
v  -676.9241 349.6806 -401.1515
v  -676.9242 409.9756 -365.3981
v  -658.0280 417.7868 -360.7663
v  -602.8724 379.8281 -383.2748
v  -539.5096 336.2211 -409.1326
v  -544.8137 323.2166 -416.8439
v  -641.4808 323.2165 -416.8439
v  -645.9263 334.1162 -410.3807
v  -591.1887 371.7873 -388.0428
v  -646.7850 423.4351 -357.4170
v  -641.4809 436.4397 -349.7056
v  -544.8137 436.4397 -349.7057
v  -539.5096 423.4351 -357.4170
v  -593.1473 386.5210 -379.3061
v  -583.4222 379.8281 -383.2748
v  -528.2667 417.7868 -360.7663
v  -509.3705 409.9756 -365.3981
v  -509.3705 349.6806 -401.1514
v  -528.2667 341.8694 -405.7833
v  -534.1019 346.8275 402.8434
v  -515.0718 354.7838 398.1255
v  -515.0719 404.8724 368.4243
v  -534.1019 412.8288 363.7064
v  -582.9380 379.8281 383.2749
v  -651.4441 412.8288 363.7064
v  -670.4741 404.8724 368.4243
v  -670.4741 354.7838 398.1255
v  -651.4440 346.8274 402.8434
v  -602.6078 379.8281 383.2749
v  -592.7729 373.1823 387.2157
v  -639.9510 341.3020 406.1199
v  -634.7808 328.4426 413.7451
v  -550.7650 328.4426 413.7451
v  -545.5948 341.3020 406.1199
v  -508.9962 441.5559 358.3338
v  -508.9961 328.3328 425.4721
v  -676.5499 441.5559 358.3338
v  -676.5498 328.3327 425.4721
v  -506.9232 353.4730 -410.5645
v  -506.9232 416.4156 -373.2412
v  -593.1473 384.9443 -391.9029
v  -587.3393 384.9443 -391.9029
v  -528.5938 344.5150 -415.8763
v  -528.5938 425.3737 -367.9293
v  -679.3714 416.4156 -373.2412
v  -679.3713 353.4730 -410.5645
v  -598.9553 384.9443 -391.9029
v  -657.7009 425.3737 -367.9293
v  -657.7007 344.5150 -415.8764
v  -643.2157 326.2278 -426.7202
v  -543.0787 326.2278 -426.7202
v  -593.1473 380.9472 -394.2730
v  -649.6684 342.0486 -417.3388
v  -536.6261 342.0486 -417.3388
v  -543.0787 443.6609 -357.0855
v  -643.2158 443.6609 -357.0855
v  -593.1473 388.9414 -389.5327
v  -536.6261 427.8400 -366.4669
v  -649.6685 427.8400 -366.4668
v  -592.7729 384.9443 391.9029
v  -586.8994 384.9443 391.9029
v  -534.4095 420.4140 370.8704
v  -538.5609 421.5777 370.1803
v  -538.5609 348.3109 413.6256
v  -534.4094 349.4746 412.9355
v  -512.6247 411.3059 376.2712
v  -512.6246 358.5828 407.5347
v  -672.9213 358.5827 407.5346
v  -672.9213 411.3059 376.2712
v  -542.7124 422.7414 369.4903
v  -592.7729 388.9134 389.5494
v  -636.5240 438.4348 360.1845
v  -549.0220 438.4348 360.1845
v  -549.0219 331.4539 423.6214
v  -636.5239 331.4538 423.6214
v  -592.7729 380.9753 394.2564
v  -542.7123 347.1472 414.3156
v  -651.1365 349.4746 412.9355
v  -651.1365 420.4141 370.8704
v  -642.8336 422.7415 369.4903
v  -642.8344 347.1467 414.3159
v  -592.7729 390.3420 385.8571
v  -545.5949 422.2222 366.9530
v  -550.7651 435.0816 359.3277
v  -634.7809 435.0816 359.3278
v  -639.9511 422.2223 366.9530
v  -676.9241 353.5486 -407.6746
v  -676.9242 413.8436 -371.9212
v  -658.0280 421.6548 -367.2894
v  -602.8724 383.6961 -389.7979
v  -658.0279 345.7374 -412.3064
v  -544.8137 327.0846 -423.3670
v  -641.4808 327.0845 -423.3670
v  -646.7849 340.0891 -415.6557
v  -646.7849 337.4693 -411.2375
v  -593.1473 377.0032 -393.7666
v  -593.1473 374.3834 -389.3485
v  -539.5096 340.0891 -415.6557
v  -641.4809 440.3077 -356.2287
v  -544.8137 440.3077 -356.2287
v  -539.5096 427.3031 -363.9401
v  -593.1473 390.3890 -385.8291
v  -646.7850 427.3031 -363.9401
v  -509.3705 413.8436 -371.9212
v  -509.3705 353.5486 -407.6745
v  -528.2667 345.7375 -412.3064
v  -583.4222 383.6961 -389.7979
v  -528.2667 421.6548 -367.2894
v  -534.1019 416.6968 370.2295
v  -582.9380 383.6961 389.7980
v  -534.1019 350.6955 409.3665
v  -515.0718 358.6519 404.6486
v  -515.0719 408.7404 374.9474
v  -651.4440 350.6954 409.3665
v  -602.6078 383.6961 389.7979
v  -651.4441 416.6968 370.2295
v  -670.4741 408.7404 374.9474
v  -670.4741 358.6518 404.6486
v  -592.7729 377.0503 393.7388
v  -639.9518 345.1705 412.6434
v  -634.7808 332.3106 420.2682
v  -550.7650 332.3106 420.2682
v  -545.5948 345.1700 412.6430
v  -598.6465 384.9443 391.9029
v  -646.9854 348.3107 413.6257
v  -646.9851 421.5778 370.1803
# 784 vertices

vt 0.5939 0.8396 0.0000
vt 0.6290 0.8659 0.0000
vt 0.4841 0.9139 0.0000
vt 0.4841 0.7966 0.0000
vt 0.2094 0.7966 0.0000
vt 0.2094 0.9139 0.0000
vt 0.1930 0.9139 0.0000
vt 0.1896 0.9100 0.0000
vt 0.1896 0.7966 0.0000
vt 0.3031 0.7966 0.0000
vt 0.3337 0.7966 0.0000
vt 0.3337 0.9139 0.0000
vt 0.3257 0.9139 0.0000
vt 0.3031 0.9139 0.0000
vt 0.2094 0.7865 0.0000
vt 0.3031 0.7865 0.0000
vt 0.5243 0.3331 0.0000
vt 0.4305 0.3331 0.0000
vt 0.4305 0.2978 0.0000
vt 0.5243 0.2978 0.0000
vt 0.7179 0.3331 0.0000
vt 0.6165 0.3331 0.0000
vt 0.6165 0.2978 0.0000
vt 0.7179 0.2978 0.0000
vt 0.2177 0.0111 0.0000
vt 0.2177 0.0540 0.0000
vt 0.3350 0.0313 0.0000
vt 0.3350 0.0111 0.0000
vt 0.1239 0.0111 0.0000
vt 0.1239 0.0540 0.0000
vt 0.0066 0.0111 0.0000
vt 0.0066 0.0313 0.0000
vt 0.1629 0.3248 0.0000
vt 0.1428 0.3248 0.0000
vt 0.1428 0.2310 0.0000
vt 0.1629 0.2310 0.0000
vt 0.1142 0.1652 0.0000
vt 0.1142 0.1316 0.0000
vt 0.1214 0.1154 0.0000
vt 0.1866 0.1154 0.0000
vt 0.1866 0.1652 0.0000
vt 0.9412 0.5243 0.0000
vt 0.8726 0.5243 0.0000
vt 0.8762 0.4980 0.0000
vt 0.9429 0.4980 0.0000
vt 0.4811 0.1652 0.0000
vt 0.4811 0.1154 0.0000
vt 0.5529 0.1192 0.0000
vt 0.5529 0.1652 0.0000
vt 0.0384 0.0909 0.0000
vt 0.0291 0.1009 0.0000
vt 0.0183 0.0909 0.0000
vt 0.8570 0.3540 0.0000
vt 0.9143 0.3540 0.0000
vt 0.9109 0.3609 0.0000
vt 0.8570 0.3609 0.0000
vt 0.9918 0.5058 0.0000
vt 0.9878 0.5058 0.0000
vt 0.9498 0.4340 0.0000
vt 0.9918 0.9820 0.0000
vt 0.9918 0.9871 0.0000
vt 0.9403 0.9871 0.0000
vt 0.9403 0.9741 0.0000
vt 0.9878 0.9741 0.0000
vt 0.3031 0.9417 0.0000
vt 0.3031 0.9901 0.0000
vt 0.2094 0.9901 0.0000
vt 0.2094 0.9417 0.0000
vt 0.8644 0.4366 0.0000
vt 0.8736 0.4300 0.0000
vt 0.8736 0.4875 0.0000
vt 0.8644 0.4835 0.0000
vt 0.8544 0.4464 0.0000
vt 0.8544 0.4757 0.0000
vt 0.5859 0.8240 0.0000
vt 0.4841 0.7865 0.0000
vt 0.6957 0.1804 0.0000
vt 0.7179 0.1748 0.0000
vt 0.7179 0.1804 0.0000
vt 0.6290 0.8907 0.0000
vt 0.4841 0.9417 0.0000
vt 0.4188 0.9417 0.0000
vt 0.4188 0.9139 0.0000
vt 0.9282 0.5400 0.0000
vt 0.8762 0.5400 0.0000
vt 0.9343 0.7790 0.0000
vt 0.9343 0.6560 0.0000
vt 0.9547 0.6560 0.0000
vt 0.9547 0.7790 0.0000
vt 0.5721 0.5680 0.0000
vt 0.4703 0.5680 0.0000
vt 0.4703 0.7246 0.0000
vt 0.5721 0.7243 0.0000
vt 0.7222 0.4875 0.0000
vt 0.7314 0.4835 0.0000
vt 0.6165 0.1804 0.0000
vt 0.9249 0.1444 0.0000
vt 0.9291 0.1733 0.0000
vt 0.9373 0.1682 0.0000
vt 0.2668 0.3331 0.0000
vt 0.2668 0.2978 0.0000
vt 0.4305 0.1804 0.0000
vt 0.2668 0.1804 0.0000
vt 0.0064 0.1803 0.0000
vt 0.0530 0.1803 0.0000
vt 0.0530 0.2156 0.0000
vt 0.0064 0.2156 0.0000
vt 0.0530 0.3330 0.0000
vt 0.0064 0.3330 0.0000
vt 0.2453 0.0808 0.0000
vt 0.0888 0.0808 0.0000
vt 0.0888 0.0679 0.0000
vt 0.2453 0.0679 0.0000
vt 0.7414 0.4464 0.0000
vt 0.7314 0.4366 0.0000
vt 0.8472 0.9194 0.0000
vt 0.6906 0.9194 0.0000
vt 0.6906 0.8272 0.0000
vt 0.8472 0.8272 0.0000
vt 0.5243 0.1804 0.0000
vt 0.8472 0.9985 0.0000
vt 0.8937 0.9194 0.0000
vt 0.8937 0.9985 0.0000
vt 0.8472 0.7334 0.0000
vt 0.6906 0.7334 0.0000
vt 0.6906 0.5474 0.0000
vt 0.8472 0.5474 0.0000
vt 0.8937 0.8272 0.0000
vt 0.8937 0.7334 0.0000
vt 0.8937 0.5474 0.0000
vt 0.2894 0.5680 0.0000
vt 0.1956 0.5680 0.0000
vt 0.1956 0.7246 0.0000
vt 0.2894 0.7246 0.0000
vt 0.3297 0.7865 0.0000
vt 0.1896 0.7865 0.0000
vt 0.3002 0.1652 0.0000
vt 0.3002 0.1154 0.0000
vt 0.3227 0.1154 0.0000
vt 0.3227 0.1652 0.0000
vt 0.2064 0.1652 0.0000
vt 0.2064 0.1154 0.0000
vt 0.1093 0.1154 0.0000
vt 0.1093 0.1652 0.0000
vt 0.0128 0.1652 0.0000
vt 0.0128 0.1154 0.0000
vt 0.9918 0.6868 0.0000
vt 0.9878 0.6868 0.0000
vt 0.9878 0.6642 0.0000
vt 0.9918 0.6615 0.0000
vt 0.9918 0.7805 0.0000
vt 0.9878 0.7805 0.0000
vt 0.9878 0.8777 0.0000
vt 0.9918 0.8766 0.0000
vt 0.1930 0.9901 0.0000
vt 0.1930 0.9417 0.0000
vt 0.3257 0.9417 0.0000
vt 0.3255 0.9901 0.0000
vt 0.3393 0.3474 0.0000
vt 0.3393 0.4989 0.0000
vt 0.3128 0.4989 0.0000
vt 0.3128 0.3474 0.0000
vt 0.4331 0.3449 0.0000
vt 0.4331 0.3474 0.0000
vt 0.3393 0.3445 0.0000
vt 0.5253 0.4989 0.0000
vt 0.5253 0.3474 0.0000
vt 0.6396 0.3474 0.0000
vt 0.6396 0.4989 0.0000
vt 0.1171 0.7966 0.0000
vt 0.1171 0.9100 0.0000
vt 0.1122 0.9139 0.0000
vt 0.0158 0.9139 0.0000
vt 0.0159 0.7965 0.0000
vt 0.1171 0.7865 0.0000
vt 0.0158 0.7865 0.0000
vt 0.1122 0.9417 0.0000
vt 0.0158 0.9417 0.0000
vt 0.3297 0.9100 0.0000
vt 0.3297 0.7966 0.0000
vt 0.5244 0.3331 0.0000
vt 0.5244 0.2988 0.0000
vt 0.5234 0.2978 0.0000
vt 0.4391 0.2978 0.0000
vt 0.4306 0.3331 0.0000
vt 0.7180 0.3331 0.0000
vt 0.7180 0.2978 0.0000
vt 0.6166 0.2978 0.0000
vt 0.6166 0.3331 0.0000
vt 0.2177 0.0121 0.0000
vt 0.3350 0.0121 0.0000
vt 0.1239 0.0196 0.0000
vt 0.2167 0.0111 0.0000
vt 0.1437 0.3248 0.0000
vt 0.1428 0.3238 0.0000
vt 0.1867 0.1652 0.0000
vt 0.1867 0.1154 0.0000
vt 0.1142 0.1154 0.0000
vt 0.5528 0.1192 0.0000
vt 0.4810 0.1154 0.0000
vt 0.9291 0.3302 0.0000
vt 0.9291 0.2179 0.0000
vt 0.9534 0.2179 0.0000
vt 0.9322 0.3302 0.0000
vt 0.1674 0.2156 0.0000
vt 0.2095 0.2156 0.0000
vt 0.2095 0.3330 0.0000
vt 0.1685 0.3330 0.0000
vt 0.1378 0.2309 0.0000
vt 0.1378 0.3236 0.0000
vt 0.1065 0.3353 0.0000
vt 0.1065 0.2192 0.0000
vt 0.7222 0.4300 0.0000
vt 0.7414 0.4757 0.0000
vt 0.9784 0.8402 0.0000
vt 0.9784 0.9342 0.0000
vt 0.9062 0.9342 0.0000
vt 0.9062 0.8415 0.0000
vt 0.7196 0.4980 0.0000
vt 0.7196 0.4911 0.0000
vt 0.8762 0.4911 0.0000
vt 0.9062 0.9655 0.0000
vt 0.9784 0.9655 0.0000
vt 0.6906 0.9985 0.0000
vt 0.7180 0.1804 0.0000
vt 0.6166 0.1804 0.0000
vt 0.8818 0.1733 0.0000
vt 0.8825 0.1444 0.0000
vt 0.2669 0.2978 0.0000
vt 0.2669 0.3331 0.0000
vt 0.4306 0.1804 0.0000
vt 0.2669 0.1804 0.0000
vt 0.2561 0.1803 0.0000
vt 0.2561 0.2156 0.0000
vt 0.2095 0.1803 0.0000
vt 0.2561 0.3330 0.0000
vt 0.0040 0.5014 0.0000
vt 0.0040 0.3449 0.0000
vt 0.1584 0.3449 0.0000
vt 0.1584 0.5014 0.0000
vt 0.0951 0.2156 0.0000
vt 0.1034 0.7246 0.0000
vt 0.1759 0.7246 0.0000
vt 0.1759 0.5680 0.0000
vt 0.1034 0.5680 0.0000
vt 0.5251 0.2978 0.0000
vt 0.5251 0.1804 0.0000
vt 0.6440 0.9985 0.0000
vt 0.6440 0.9194 0.0000
vt 0.6440 0.8272 0.0000
vt 0.6440 0.7334 0.0000
vt 0.6440 0.5474 0.0000
vt 0.3159 0.7246 0.0000
vt 0.3159 0.5680 0.0000
vt 0.4011 0.7806 0.0000
vt 0.4011 0.7246 0.0000
vt 0.3227 0.7600 0.0000
vt 0.9944 0.7805 0.0000
vt 0.9901 0.8750 0.0000
vt 0.9918 0.8750 0.0000
vt 0.0850 0.1009 0.0000
vt 0.0850 0.0965 0.0000
vt 0.2416 0.0965 0.0000
vt 0.2416 0.1009 0.0000
vt 0.7233 0.0331 0.0000
vt 0.7233 0.0107 0.0000
vt 0.8798 0.0107 0.0000
vt 0.8798 0.0331 0.0000
vt 0.0020 0.5680 0.0000
vt 0.0020 0.7246 0.0000
vt 0.4703 0.7806 0.0000
vt 0.5721 0.7765 0.0000
vt 0.5721 0.5161 0.0000
vt 0.4703 0.5120 0.0000
vt 0.1956 0.7806 0.0000
vt 0.2894 0.7806 0.0000
vt 0.2894 0.5120 0.0000
vt 0.1956 0.5120 0.0000
vt 0.8928 0.8272 0.0000
vt 0.8937 0.8279 0.0000
vt 0.8937 0.8262 0.0000
vt 0.1759 0.5120 0.0000
vt 0.1034 0.5120 0.0000
vt 0.1759 0.7806 0.0000
vt 0.3159 0.5120 0.0000
vt 0.2882 0.0965 0.0000
vt 0.2882 0.1009 0.0000
vt 0.0384 0.1009 0.0000
vt 0.0384 0.0965 0.0000
vt 0.9264 0.0107 0.0000
vt 0.9264 0.0331 0.0000
vt 0.6767 0.0331 0.0000
vt 0.6767 0.0108 0.0000
vt 0.0020 0.7712 0.0000
vt 0.0020 0.7806 0.0000
vt 0.1034 0.7806 0.0000
vt 0.0020 0.5120 0.0000
vt 0.0020 0.5214 0.0000
vt 0.8472 0.5696 0.0000
vt 0.8937 0.5696 0.0000
vt 0.6906 0.5696 0.0000
vt 0.6440 0.5696 0.0000
vt 0.7180 0.1748 0.0000
vt 0.9534 0.1929 0.0000
vt 0.2882 0.0909 0.0000
vt 0.2976 0.1009 0.0000
vt 0.0064 0.9139 0.0000
vt 0.0063 0.8017 0.0000
vt 0.0034 0.8007 0.0000
vt -0.0015 0.7893 0.0000
vt 0.7272 0.1855 0.0000
vt 0.7272 0.2978 0.0000
vt 0.7272 0.3424 0.0000
vt 0.2919 0.0679 0.0000
vt 0.3012 0.0772 0.0000
vt 0.2547 0.0772 0.0000
vt 0.8732 0.1827 0.0000
vt 0.8732 0.1351 0.0000
vt 0.0035 0.1559 0.0000
vt 0.0158 0.9901 0.0000
vt 0.0064 0.9636 0.0000
vt 0.0064 0.9390 0.0000
vt 0.7273 0.3424 0.0000
vt 0.7273 0.2978 0.0000
vt 0.7273 0.1855 0.0000
vt 0.0795 0.0772 0.0000
vt 0.0329 0.0772 0.0000
vt 0.0422 0.0679 0.0000
vt 0.9207 0.7925 0.0000
vt 0.9249 0.7883 0.0000
vt 0.9641 0.7883 0.0000
vt 0.9683 0.7925 0.0000
vt 0.9641 0.6467 0.0000
vt 0.9683 0.6424 0.0000
vt 0.9249 0.6467 0.0000
vt 0.9207 0.6424 0.0000
vt 0.9435 0.9903 0.0000
vt 0.9912 0.9903 0.0000
vt 0.0920 0.0840 0.0000
vt 0.2421 0.0840 0.0000
vt 0.9929 0.9885 0.0000
vt 0.6429 0.4982 0.0000
vt 0.6411 0.5000 0.0000
vt 0.6411 0.3464 0.0000
vt 0.6429 0.3481 0.0000
vt 0.0080 0.1108 0.0000
vt 0.0128 0.1045 0.0000
vt 0.2094 0.9968 0.0000
vt 0.2009 0.9968 0.0000
vt 0.1930 0.9918 0.0000
vt 0.6261 0.1231 0.0000
vt 0.4802 0.1043 0.0000
vt 0.6261 0.1119 0.0000
vt 0.3031 0.9968 0.0000
vt 0.4841 0.9968 0.0000
vt 0.4188 0.9968 0.0000
vt 0.4182 0.9902 0.0000
vt 0.4831 0.9902 0.0000
vt 0.1122 0.9968 0.0000
vt 0.0158 0.9968 0.0000
vt 0.1122 0.9901 0.0000
vt 0.1171 0.9968 0.0000
vt 0.1896 0.9968 0.0000
vt 0.1896 0.9901 0.0000
vt 0.1171 0.9901 0.0000
vt 0.3256 0.9968 0.0000
vt 0.1900 0.1248 0.0000
vt 0.1979 0.1154 0.0000
vt 0.1900 0.1652 0.0000
vt 0.9901 0.7988 0.0000
vt 0.9878 0.7969 0.0000
vt 0.9918 0.7985 0.0000
vt 0.1171 0.9417 0.0000
vt 0.1896 0.9417 0.0000
vt 0.1171 0.9139 0.0000
vt 0.1896 0.9139 0.0000
vt 0.1900 0.1154 0.0000
vt 0.9944 0.7953 0.0000
vt 0.4478 0.3449 0.0000
vt 0.4529 0.3474 0.0000
vt 0.1243 0.9968 0.0000
vt 0.1171 0.9918 0.0000
vt 0.1930 0.9968 0.0000
vt 0.4148 0.7966 0.0000
vt 0.4148 0.9100 0.0000
vt 0.4148 0.7865 0.0000
vt 0.3267 0.1154 0.0000
vt 0.4119 0.1154 0.0000
vt 0.4119 0.1652 0.0000
vt 0.3267 0.1652 0.0000
vt 0.3297 0.9417 0.0000
vt 0.4148 0.9417 0.0000
vt 0.4142 0.9902 0.0000
vt 0.3295 0.9901 0.0000
vt 0.4011 0.5680 0.0000
vt 0.4118 0.1154 0.0000
vt 0.4011 0.5120 0.0000
vt 0.3257 0.9968 0.0000
vt 0.3297 0.9968 0.0000
vt 0.4147 0.9968 0.0000
vt 0.3297 0.9139 0.0000
vt 0.4148 0.9139 0.0000
vt 0.4148 0.9968 0.0000
vt 0.4159 0.1154 0.0000
vt 0.4159 0.1652 0.0000
vt 0.9901 0.5733 0.0000
vt 0.9878 0.5710 0.0000
vt 0.9918 0.5729 0.0000
vt 0.4187 0.9528 0.0000
vt 0.4284 0.9489 0.0000
vt 0.4511 0.9660 0.0000
vt 0.4279 0.9831 0.0000
vt 0.4184 0.9791 0.0000
vt 0.2276 0.4989 0.0000
vt 0.1595 0.5001 0.0000
vt 0.1584 0.3474 0.0000
vt 0.2276 0.3474 0.0000
vt 0.4158 0.1154 0.0000
vt 0.9918 0.5697 0.0000
vt 0.4840 0.9968 0.0000
vt 0.1896 0.9817 0.0000
vt 0.1896 0.9934 0.0000
vt 0.1866 0.1250 0.0000
vt 0.1848 0.1652 0.0000
vt 0.1160 0.1652 0.0000
vt 0.4097 0.1652 0.0000
vt 0.3297 0.1652 0.0000
vt 0.9901 0.6620 0.0000
vt 0.9871 0.6571 0.0000
vt 0.9878 0.6599 0.0000
vt 0.4110 0.1652 0.0000
vt 0.9878 0.8708 0.0000
vt 0.9878 0.8725 0.0000
vt 0.1859 0.1652 0.0000
vt 0.9878 0.8023 0.0000
vt 0.9878 0.8005 0.0000
vt 0.9878 0.5774 0.0000
vt 0.9878 0.5754 0.0000
vt 0.1149 0.1652 0.0000
vt 0.3276 0.1652 0.0000
vt 0.1913 0.9968 0.0000
vt 0.1883 0.1154 0.0000
vt 0.7200 0.5400 0.0000
vt 0.7216 0.5243 0.0000
vt 0.6677 0.5400 0.0000
vt 0.6546 0.5243 0.0000
vt 0.6529 0.4980 0.0000
vt 0.0040 0.4989 0.0000
vt 0.0028 0.3462 0.0000
vt 0.6261 0.1652 0.0000
vt 0.9295 0.4513 0.0000
vt 0.6529 0.4733 0.0000
vt 0.8599 0.8016 0.0000
vt 0.8814 0.7582 0.0000
vt 0.1065 0.2180 0.0000
vt 0.1378 0.2297 0.0000
vt 0.0127 0.1063 0.0000
vt 0.4672 0.1658 0.0000
vt 0.2616 0.1814 0.0000
vt 0.0065 0.2138 0.0000
vt 0.4803 0.1164 0.0000
vt 0.4340 0.1759 0.0000
vt 0.0064 0.9121 0.0000
vt 0.0063 0.8036 0.0000
vt 0.0079 0.1145 0.0000
vt 0.0064 0.3293 0.0000
vt 0.0066 0.0309 0.0000
vt 0.0066 0.0114 0.0000
vt 0.6846 0.1938 0.0000
vt 0.9435 0.6507 0.0000
vt 0.2781 0.3384 0.0000
vt 0.0269 0.9834 0.0000
vt 0.9435 0.7711 0.0000
vt 0.2781 0.3057 0.0000
vt 0.8772 0.4965 0.0000
vt 0.9393 0.9662 0.0000
vt 0.7070 0.2984 0.0000
vt 0.0638 0.3324 0.0000
vt 0.0174 0.9392 0.0000
vt 0.1155 0.7890 0.0000
vt 0.0064 0.9874 0.0000
vt 0.0109 0.9919 0.0000
vt 0.3083 0.0909 0.0000
vt 0.0035 0.1136 0.0000
vt 0.6261 0.1599 0.0000
vt 0.6552 0.1899 0.0000
vt 0.6467 0.1827 0.0000
vt 0.6261 0.1610 0.0000
vt 0.9936 0.9878 0.0000
vt 0.6404 0.5007 0.0000
vt 0.6396 0.5014 0.0000
vt 0.3315 0.1652 0.0000
vt 0.8570 0.3514 0.0000
vt 0.9156 0.3514 0.0000
vt 0.9944 0.5058 0.0000
vt 0.9944 0.6602 0.0000
vt 0.9944 0.6868 0.0000
vt 0.9919 0.8728 0.0000
vt 0.9944 0.8728 0.0000
vt 0.9944 0.9871 0.0000
vt 0.3128 0.3449 0.0000
vt 0.3393 0.3449 0.0000
vt 0.5253 0.3449 0.0000
vt 0.6396 0.3449 0.0000
vt 0.9919 0.6602 0.0000
vt 0.9944 0.8003 0.0000
vt 0.9919 0.8003 0.0000
vt 0.9944 0.5751 0.0000
vt 0.9919 0.5751 0.0000
vt 0.2276 0.3449 0.0000
vt 0.1833 0.1652 0.0000
vt 0.1175 0.1652 0.0000
vt 0.4078 0.1652 0.0000
vt 0.3333 0.1652 0.0000
vt 0.9866 0.6543 0.0000
vt 0.4103 0.1652 0.0000
vt 0.9878 0.8694 0.0000
vt 0.1854 0.1652 0.0000
vt 0.9878 0.8036 0.0000
vt 0.9878 0.5791 0.0000
vt 0.1155 0.1652 0.0000
vt 0.4529 0.4989 0.0000
vt 0.4331 0.4989 0.0000
vt 0.4733 0.9828 0.0000
vt 0.4702 0.9902 0.0000
vt 0.4312 0.9902 0.0000
vt 0.4281 0.9829 0.0000
vt 0.4286 0.9491 0.0000
vt 0.4317 0.9417 0.0000
vt 0.4712 0.9417 0.0000
vt 0.4742 0.9490 0.0000
vt 0.4744 0.9488 0.0000
vt 0.4839 0.9528 0.0000
vt 0.4833 0.9792 0.0000
vt 0.4736 0.9830 0.0000
vt 0.4747 0.9839 0.0000
vt 0.4833 0.9805 0.0000
vt 0.4839 0.9514 0.0000
vt 0.4756 0.9480 0.0000
vt 0.4269 0.9838 0.0000
vt 0.4295 0.9902 0.0000
vt 0.4718 0.9902 0.0000
vt 0.4746 0.9838 0.0000
vt 0.4755 0.9481 0.0000
vt 0.4728 0.9417 0.0000
vt 0.4301 0.9417 0.0000
vt 0.4274 0.9482 0.0000
vt 0.4272 0.9481 0.0000
vt 0.4187 0.9514 0.0000
vt 0.4184 0.9805 0.0000
vt 0.4267 0.9839 0.0000
vt 0.3290 1.1652 0.0000
vt -0.6713 0.1356 0.0000
vt 0.3316 0.1107 0.0000
vt 1.3283 0.1652 0.0000
vt 0.0984 0.9832 0.0000
vt 0.0946 0.9901 0.0000
vt 0.0334 0.9901 0.0000
vt 0.0296 0.9832 0.0000
vt 0.0640 0.9659 0.0000
vt 0.0281 0.9479 0.0000
vt 0.0158 0.9516 0.0000
vt 0.0158 0.9803 0.0000
vt 0.0281 0.9840 0.0000
vt 0.0997 0.9480 0.0000
vt 0.0961 0.9417 0.0000
vt 0.0318 0.9417 0.0000
vt 0.0289 0.9470 0.0000
vt 0.0653 0.9653 0.0000
vt 0.0283 0.9838 0.0000
vt 0.0318 0.9901 0.0000
vt 0.0961 0.9901 0.0000
vt 0.0997 0.9838 0.0000
vt 0.0999 0.9840 0.0000
vt 0.1122 0.9803 0.0000
vt 0.1122 0.9516 0.0000
vt 0.0999 0.9479 0.0000
vt 0.0987 0.9485 0.0000
vt 0.1122 0.9527 0.0000
vt 0.1122 0.9792 0.0000
vt 0.0987 0.9834 0.0000
vt 0.0293 0.9834 0.0000
vt 0.0158 0.9792 0.0000
vt 0.0158 0.9527 0.0000
vt 0.0293 0.9485 0.0000
vt 0.0296 0.9487 0.0000
vt 0.0334 0.9417 0.0000
vt 0.0946 0.9417 0.0000
vt 0.0984 0.9487 0.0000
vt 0.1122 0.9509 0.0000
vt 0.1122 0.9809 0.0000
vt 0.1008 0.9475 0.0000
vt 0.1008 0.9844 0.0000
vt 0.0158 0.9809 0.0000
vt 0.0158 0.9509 0.0000
vt 0.0272 0.9844 0.0000
vt 0.0272 0.9475 0.0000
vt 0.0309 0.9417 0.0000
vt 0.0971 0.9417 0.0000
vt 0.0276 0.9477 0.0000
vt 0.1004 0.9477 0.0000
vt 0.0971 0.9901 0.0000
vt 0.0309 0.9901 0.0000
vt 0.1004 0.9842 0.0000
vt 0.0276 0.9842 0.0000
vt 0.0996 0.9838 0.0000
vt 0.0952 0.9816 0.0000
vt 0.0952 0.9503 0.0000
vt 0.0996 0.9481 0.0000
vt 0.1122 0.9799 0.0000
vt 0.1122 0.9520 0.0000
vt 0.0158 0.9520 0.0000
vt 0.0158 0.9799 0.0000
vt 0.0992 0.9836 0.0000
vt 0.0323 0.9901 0.0000
vt 0.0956 0.9901 0.0000
vt 0.0956 0.9417 0.0000
vt 0.0323 0.9417 0.0000
vt 0.0992 0.9483 0.0000
vt -0.0766 0.3786 0.0000
vt -0.2266 0.0281 0.0000
vt 0.2069 -0.6210 0.0000
vt 0.2133 0.1154 0.0000
vt 0.0791 1.3308 0.0000
vt -0.2343 0.7315 0.0000
vt 0.5478 0.6480 0.0000
vt 0.3838 0.9968 0.0000
vt 0.1399 0.5955 0.0000
vt 0.0002 0.1154 0.0000
vt 0.1381 -0.3819 0.0000
vt 0.9322 0.1154 0.0000
vt 0.0284 0.9481 0.0000
vt 0.0284 0.9838 0.0000
vt 0.0288 0.9836 0.0000
vt 0.0288 0.9483 0.0000
vt 0.0283 0.9480 0.0000
vt 0.2175 0.0111 0.0000
vt 0.8937 0.8271 0.0000
vt 0.0328 0.9503 0.0000
vt 0.0328 0.9816 0.0000
# 640 texture coords

o Object001
g Object001
usemtl Material__1076
s 1
f 10/1 11/2 12/3 13/4 
f 14/5 15/6 16/7 17/8 18/9 
f 19/10 20/11 21/12 22/13 23/14 
s 2
f 19/10 14/5 24/15 25/16 
s 1
f 26/17 27/18 28/19 29/20 
f 30/21 31/22 32/23 33/24 
s 4
f 29/25 15/26 14/27 34/28 
s 2
f 28/29 23/30 15/26 29/25 
s 4
f 28/29 35/31 19/32 23/30 
s 8
f 34/33 14/34 19/35 35/36 
s 1
f 36/37 37/38 38/39 39/40 40/41 
s 4
f 10/42 41/43 42/44 11/45 
s 1
f 43/46 44/47 45/48 46/49 
s 4
f 47/50 48/51 49/52 
s 2
f 50/53 51/54 52/55 42/56 
f 53/57 54/58 55/59 52/55 51/54 
f 56/60 57/61 58/62 59/63 60/64 
s 1
f 61/65 62/66 63/67 64/68 
f 65/69 66/70 67/71 68/72 
s 2
f 69/73 65/69 68/72 70/74 
f 71/75 10/1 13/4 72/76 
s 1
f 73/77 74/78 47/79 
f 12/3 11/2 75/80 76/81 
f 76/81 77/82 78/83 12/3 
s 4
f 71/84 79/85 41/43 10/42 
s 1
f 80/86 81/87 82/88 83/89 
f 79/90 84/91 85/92 86/93 
f 68/72 67/71 87/94 88/95 
f 33/24 32/23 89/96 73/77 47/79 
f 90/97 91/98 92/99 
f 28/19 27/18 93/100 94/101 
f 35/102 28/19 94/101 95/103 
s 2
f 93/104 96/105 97/106 94/107 
f 94/107 97/106 98/108 95/109 
s 4
f 58/110 99/111 100/112 59/113 
f 69/73 101/114 102/115 65/69 
f 103/116 104/117 105/118 106/119 
s 1
f 32/23 31/22 26/17 29/20 
f 89/96 32/23 29/20 34/120 
s 4
f 59/121 103/116 31/122 30/123 
f 107/124 108/125 109/126 96/127 
f 31/122 103/116 106/119 26/128 
f 26/128 106/119 107/124 27/129 
f 27/129 107/124 96/127 93/130 
s 1
f 110/131 111/132 112/133 113/134 
s 2
f 19/10 25/16 114/135 20/11 
f 24/15 14/5 18/9 115/136 
s 4
f 116/137 117/138 118/139 119/140 
f 120/141 121/142 117/138 116/137 
s 1
f 122/143 123/144 60/145 124/146 
s 2
f 125/147 116/148 119/149 126/150 
f 127/151 120/152 116/148 125/147 
f 123/153 128/154 56/60 60/64 
s 1
f 64/68 63/67 129/155 130/156 
f 61/65 131/157 132/158 62/66 
f 133/159 134/160 135/161 136/162 
s 2
f 137/163 138/164 133/159 139/165 
s 1
f 140/166 141/167 142/168 143/169 
f 23/14 144/65 145/68 15/6 
f 15/6 145/68 146/156 16/7 
f 147/170 148/171 149/172 150/173 49/174 
s 2
f 151/175 147/170 49/174 48/176 
s 1
f 149/172 152/177 153/178 150/173 
s 8
f 154/117 155/118 156/119 157/116 
s 1
f 158/1 159/4 160/3 161/2 
f 162/5 163/9 164/8 165/7 166/6 
f 167/10 168/14 169/13 170/179 171/180 
s 2
f 167/10 172/16 173/15 162/5 
s 1
f 174/181 175/182 176/183 177/184 178/185 
f 179/186 180/187 181/188 182/189 
s 4
f 183/190 184/191 162/27 166/26 
s 2
f 177/192 176/193 183/190 166/26 168/30 
s 4
f 177/192 168/30 167/32 185/31 
s 8
f 184/194 186/195 185/35 167/36 162/33 
s 1
f 187/37 188/196 189/197 190/198 
s 2
f 191/46 192/49 193/199 194/200 
s 1
f 195/201 196/202 197/203 198/204 
s 8
f 199/53 200/56 201/55 202/54 
f 203/57 202/54 201/55 192/59 191/58 
f 204/61 205/60 206/64 100/63 99/62 
s 1
f 207/65 208/68 209/67 210/66 
s 2
f 211/205 212/206 213/207 214/208 
s 1
f 215/209 216/210 211/211 214/212 
f 102/115 88/95 87/94 217/213 
s 2
f 101/114 218/214 88/95 102/115 
f 219/75 220/76 159/4 158/1 
s 1
f 160/3 221/81 222/80 161/2 
f 221/81 160/3 223/83 224/82 
f 101/114 69/73 70/74 218/214 
f 217/213 66/70 65/69 102/115 
s 2
f 225/215 226/216 216/217 215/218 
s 1
f 200/219 199/220 50/221 42/44 
s 4
f 211/222 216/217 226/216 227/223 
f 218/214 70/74 68/72 88/95 
s 8
f 157/116 228/121 229/224 154/117 
f 230/124 156/119 155/118 231/125 
s 1
f 180/187 232/225 233/77 234/226 181/188 
f 235/97 236/98 237/227 238/228 
f 177/184 239/229 240/230 178/185 
f 185/231 241/232 239/229 177/184 
s 2
f 240/233 239/234 212/206 109/235 
f 239/234 241/236 213/207 212/206 
s 1
f 242/237 243/238 244/239 245/240 
s 2
f 96/105 227/241 97/106 
s 1
f 246/242 247/243 248/244 249/245 
f 181/188 250/246 175/182 174/181 182/189 
f 234/226 251/247 250/246 181/188 
s 4
f 100/224 179/248 182/249 104/117 
f 105/118 108/125 107/124 106/119 
f 104/117 103/116 59/121 100/224 
f 182/249 174/250 105/118 104/117 
f 174/250 178/251 108/125 105/118 
f 178/251 240/252 109/126 108/125 
s 1
f 113/134 252/253 253/254 110/131 
f 254/255 255/256 252/253 256/257 
s 2
f 173/15 257/136 163/9 162/5 
s 1
f 258/137 259/140 260/139 261/138 
f 262/141 258/137 261/138 263/142 
f 264/143 265/146 206/145 266/144 
s 8
f 139/147 267/150 259/149 258/148 
f 137/258 139/147 258/148 262/152 
f 268/259 266/153 269/260 
s 1
f 208/68 270/156 271/155 209/67 
f 210/66 272/158 273/157 207/65 
f 168/14 166/6 274/68 275/65 
f 166/6 165/7 276/156 274/68 
f 277/170 278/174 279/173 280/172 281/171 
s 2
f 282/175 283/176 278/174 277/170 
s 1
f 280/172 279/173 284/178 285/177 
s 4
f 286/261 287/262 288/263 289/264 
s 8
f 287/265 229/266 228/267 288/268 
s 1
f 249/245 286/269 289/270 246/242 
f 86/93 85/92 220/271 219/272 
f 84/91 79/90 71/273 72/274 
f 113/134 112/133 173/275 172/276 
f 111/132 110/131 25/277 24/278 
s 8
f 157/116 156/119 290/279 251/280 234/122 
f 155/118 154/117 89/249 34/250 
f 154/117 229/224 73/248 89/249 
f 228/121 157/116 234/122 233/123 
f 231/125 155/118 34/250 35/251 
f 156/119 230/124 185/129 186/281 290/279 
s 1
f 249/245 248/244 115/282 151/283 
f 112/133 247/243 257/284 173/275 
f 110/131 253/254 114/285 25/277 
f 85/92 255/256 254/255 220/271 
s 4
f 289/264 288/263 291/286 292/287 
f 287/262 286/261 293/288 74/289 
s 8
f 288/268 228/267 233/290 291/291 
f 229/266 287/265 74/292 73/293 
s 1
f 246/242 289/270 292/294 283/295 282/296 
f 286/269 249/245 151/283 48/297 293/298 
s 8
f 230/124 213/299 241/300 185/129 
f 98/301 231/125 35/251 95/302 
s 1
f 233/77 232/225 291/303 
f 92/99 91/98 294/202 295/203 296/304 
f 236/98 297/99 298/304 197/203 196/202 
f 299/201 300/204 295/203 294/202 
s 4
f 232/305 283/306 292/287 291/286 
s 8
f 150/173 295/307 300/308 49/174 
s 16
f 49/174 300/308 299/309 47/310 
s 2
f 47/79 299/311 294/312 33/24 
f 33/24 294/312 91/313 30/21 
s 8
f 30/314 91/315 301/316 59/113 
s 16
f 59/317 301/227 302/228 60/318 
s 4
f 60/145 302/319 124/146 
s 8
f 303/320 92/321 153/178 
f 153/178 296/322 295/307 150/173 
s 2
f 179/186 236/323 196/324 180/187 
f 180/187 196/324 195/325 232/225 
s 8
f 232/310 195/309 198/308 278/174 
s 16
f 278/174 198/308 197/307 279/173 
f 279/173 197/307 298/322 284/178 
f 284/178 297/321 304/320 
s 2
f 265/146 238/319 206/145 
s 16
f 206/318 238/228 237/227 100/317 
s 32
f 100/112 237/326 236/327 179/328 
s 1
f 305/329 306/330 307/331 308/332 
f 308/332 307/331 309/333 310/334 
f 310/334 309/333 311/335 312/336 
f 312/336 311/335 306/330 305/329 
s 2
f 306/330 80/86 83/89 307/331 
s 4
f 307/331 83/89 82/88 309/333 
s 2
f 309/333 82/88 81/87 311/335 
s 4
f 311/335 81/87 80/86 306/330 
s 8
f 308/337 58/62 57/61 305/338 
s 16
f 310/339 99/111 58/110 308/340 
s 2
f 312/338 313/341 204/61 99/62 310/337 
s 4
f 305/342 314/343 143/169 142/168 313/344 312/345 
s 2
f 124/146 315/346 303/347 
s 4
f 304/347 316/346 265/146 
f 121/348 317/349 318/350 319/155 320/67 
f 321/351 322/48 323/47 324/352 325/353 
f 320/67 326/66 117/354 121/348 
f 323/355 327/356 328/357 324/358 
s 2
f 122/359 124/360 303/320 329/361 
f 190/362 189/363 330/364 331/365 
f 194/200 193/199 332/351 333/353 334/352 
f 335/66 336/67 263/348 261/354 
f 261/354 260/366 337/158 335/66 
s 4
f 265/360 264/359 338/361 304/320 
s 1
f 17/8 148/171 147/170 18/9 
s 4
f 339/367 317/368 121/142 120/141 340/369 
s 2
f 341/370 340/371 342/372 
f 18/9 147/170 151/175 115/136 
f 343/364 344/365 345/373 346/374 
f 346/374 345/373 347/375 348/376 
s 1
f 163/9 277/170 281/171 164/8 
f 349/369 262/141 263/142 350/377 
s 8
f 351/378 349/371 352/370 
s 2
f 138/164 137/163 351/379 353/380 
s 1
f 247/243 112/133 111/132 248/244 
s 2
f 257/136 282/175 277/170 163/9 
f 354/374 355/373 331/365 330/364 
f 356/376 357/375 355/373 354/374 
s 1
f 248/244 111/132 24/278 115/282 
f 247/243 246/242 282/296 257/284 
s 2
f 39/363 38/381 358/382 344/365 343/364 
f 350/383 263/348 336/67 359/155 
s 1
f 20/11 360/384 361/385 21/12 
f 362/157 144/65 23/14 22/13 
s 2
f 114/135 363/386 360/384 20/11 
s 1
f 364/387 365/388 366/389 367/390 
s 2
f 368/391 369/392 370/393 371/394 
s 1
f 170/179 372/385 373/384 171/180 
f 169/13 168/14 275/65 374/157 
f 252/253 255/256 375/395 253/254 
f 376/390 377/389 378/396 379/387 
s 2
f 380/394 381/393 382/392 383/391 
s 1
f 253/254 375/395 363/397 114/285 
s 4
f 118/398 117/354 326/66 384/158 
s 2
f 379/399 378/400 381/393 380/394 
f 369/392 368/391 385/401 386/402 
f 387/402 388/401 383/391 382/392 
f 365/403 364/399 371/394 370/393 
s 1
f 360/384 13/4 12/3 78/83 361/385 
s 2
f 363/386 72/76 13/4 360/384 
s 1
f 327/404 323/47 54/46 389/405 
s 2
f 390/406 389/407 391/408 
s 1
f 392/409 393/410 394/411 395/412 396/413 
f 397/414 398/415 399/416 400/417 
f 372/385 223/83 160/3 159/4 373/384 
f 255/256 85/92 84/91 375/395 
s 2
f 373/384 159/4 220/76 254/386 
s 1
f 401/405 191/46 194/200 402/418 
s 8
f 403/419 401/407 404/406 
s 1
f 375/395 84/91 72/274 363/397 
s 2
f 402/356 194/420 334/358 405/357 
s 4
f 406/37 407/198 408/198 37/38 36/37 
f 407/362 409/365 344/365 358/382 408/362 
f 409/365 410/373 345/373 344/365 
f 410/373 411/375 347/375 345/373 
s 1
f 411/375 412/376 348/376 347/375 
s 8
f 412/376 413/374 346/374 348/376 
f 413/374 414/421 415/364 343/364 346/374 
f 415/364 416/422 416/422 417/363 39/363 343/364 
f 417/40 418/423 419/41 40/41 39/40 
s 2
f 419/41 420/424 421/425 406/37 36/37 40/41 
s 1
f 422/376 423/375 357/375 356/376 
s 4
f 423/375 424/373 355/373 357/375 
f 424/373 425/365 331/365 355/373 
f 425/365 426/362 190/362 331/365 
f 426/198 427/37 187/37 190/198 
s 8
f 427/37 428/425 429/424 430/196 188/196 187/37 
s 4
f 430/196 431/197 189/197 188/196 
f 431/363 432/364 330/364 189/363 
f 432/364 433/374 354/374 330/364 
f 433/374 422/376 356/376 354/374 
f 434/391 435/401 385/401 368/391 
s 1
f 435/401 436/402 386/402 385/401 
s 4
f 436/402 437/392 369/392 386/402 
f 437/392 438/393 370/393 369/392 
f 438/393 439/403 365/403 370/393 
f 439/388 440/389 366/389 365/388 
s 2
f 440/389 441/426 442/427 443/390 367/390 366/389 
s 4
f 443/390 444/387 364/387 367/390 
f 444/399 445/394 371/394 364/399 
f 445/394 434/391 368/391 371/394 
s 1
f 446/402 447/401 388/401 387/402 
s 4
f 447/401 448/391 383/391 388/401 
f 448/391 449/394 380/394 383/391 
f 449/394 450/399 379/399 380/394 
f 450/387 451/390 376/390 379/387 
s 8
f 451/390 452/427 453/426 454/389 377/389 376/390 
s 4
f 454/389 455/396 378/396 377/389 
f 455/400 456/393 381/393 378/400 
f 456/393 457/392 382/392 381/393 
f 457/392 446/402 387/402 382/392 
s 8
f 259/149 458/428 452/429 451/430 
s 2
f 223/83 372/385 446/402 
f 447/401 170/179 169/13 
s 8
f 454/389 453/426 404/431 401/389 
s 16
f 448/391 447/401 169/13 374/157 
f 449/394 448/391 374/157 337/158 
f 450/399 449/394 337/158 260/366 
f 451/390 450/387 260/139 259/140 
f 455/396 454/389 401/405 402/418 
f 456/393 455/400 402/356 405/357 
f 457/392 456/393 405/357 224/82 
f 446/402 457/392 224/82 223/83 
s 2
f 165/7 164/8 422/376 
s 8
f 266/153 268/259 428/432 427/433 
s 2
f 423/375 281/171 280/172 
s 8
f 430/196 429/424 352/434 349/196 
s 16
f 264/143 266/144 427/37 426/198 
f 285/177 338/361 425/365 424/373 
f 359/155 276/156 433/374 432/364 
f 276/156 165/7 422/376 433/374 
f 280/172 285/177 424/373 423/375 
f 338/361 264/359 426/362 425/365 
f 349/369 350/377 431/197 430/196 
f 350/383 359/155 432/364 431/363 
s 2
f 22/13 21/12 435/401 
f 149/172 148/171 411/375 
f 340/371 341/370 420/435 419/436 
f 389/407 390/406 441/437 440/438 
f 412/376 17/8 16/7 
f 406/37 421/425 459/439 123/37 
f 436/402 361/385 78/83 
f 443/390 442/427 460/440 119/390 
s 8
f 78/83 77/82 437/392 436/402 
f 119/140 118/139 444/387 443/390 
f 123/144 122/143 407/198 406/37 
f 329/361 152/177 410/373 409/365 
f 146/156 319/155 319/155 414/421 413/374 
f 384/158 362/157 434/391 445/394 
f 16/7 146/156 413/374 412/376 
f 152/177 149/172 411/375 410/373 
f 319/155 318/350 461/441 461/441 416/422 416/422 319/155 
f 328/357 327/356 439/403 438/393 
f 122/359 329/361 409/365 407/362 
f 461/442 339/367 340/369 419/41 418/423 461/442 
f 362/157 22/13 435/401 434/391 
f 118/398 384/158 445/394 444/399 
f 327/404 389/405 440/389 439/388 
f 77/82 328/357 438/393 437/392 
s 4
f 79/85 86/443 462/444 41/43 
f 41/43 462/444 200/219 42/44 
f 86/443 219/445 158/446 462/444 
f 462/444 158/446 161/447 200/219 
s 2
f 398/415 66/448 463/237 464/240 
f 66/448 217/449 465/238 463/237 
f 217/449 399/416 466/239 465/238 
f 399/416 398/415 464/240 466/239 
f 467/240 468/237 242/237 245/240 
s 4
f 468/237 469/238 243/238 242/237 
s 2
f 469/238 470/239 244/239 243/238 
s 4
f 470/239 467/240 245/240 244/239 
s 1
f 468/237 467/240 464/240 463/237 
s 8
f 469/238 468/237 463/237 465/238 
s 1
f 470/239 469/238 465/238 466/239 
s 8
f 467/240 470/239 466/239 464/240 
s 4
f 322/48 321/351 52/450 55/49 
s 1
f 471/49 472/450 473/351 474/199 
s 4
f 54/46 323/47 475/47 476/46 
f 323/47 322/48 477/48 475/47 
f 322/48 55/49 478/49 477/48 
f 55/49 54/46 476/46 478/49 
s 2
f 201/450 332/351 479/351 480/450 
f 332/351 193/199 481/199 479/351 
f 193/199 192/49 482/49 481/199 
f 192/49 201/450 480/450 482/49 
f 483/46 484/47 44/47 43/46 
s 4
f 484/47 485/48 45/48 44/47 
s 2
f 485/48 486/49 46/49 45/48 
s 4
f 486/49 483/46 43/46 46/49 
s 2
f 487/450 488/351 473/351 472/450 
s 4
f 488/351 489/199 474/199 473/351 
s 2
f 489/199 490/49 471/49 474/199 
s 4
f 490/49 487/450 472/450 471/49 
f 326/66 320/67 491/67 492/66 
f 320/67 319/155 493/155 491/67 
f 319/155 146/156 494/156 493/155 
f 146/156 145/68 495/68 494/156 
f 145/68 144/65 496/65 495/68 
f 144/65 362/157 497/157 496/65 
f 362/157 384/158 498/158 497/157 
f 384/158 326/66 492/66 498/158 
s 2
f 275/65 274/68 499/68 500/65 
f 274/68 276/156 501/156 499/68 
f 276/156 359/155 502/155 501/156 
f 359/155 336/67 503/67 502/155 
f 336/67 335/66 504/66 503/67 
f 335/66 337/158 505/158 504/66 
f 337/158 374/157 506/157 505/158 
f 374/157 275/65 500/65 506/157 
f 492/66 491/67 63/67 62/66 
f 491/67 493/155 129/155 63/67 
s 8
f 493/155 494/156 130/156 129/155 
s 2
f 494/156 495/68 64/68 130/156 
f 495/68 496/65 61/65 64/68 
f 496/65 497/157 131/157 61/65 
s 8
f 497/157 498/158 132/158 131/157 
s 2
f 498/158 492/66 62/66 132/158 
s 4
f 500/65 499/68 208/68 207/65 
f 499/68 501/156 270/156 208/68 
s 8
f 501/156 502/155 271/155 270/156 
s 4
f 502/155 503/67 209/67 271/155 
f 503/67 504/66 210/66 209/67 
f 504/66 505/158 272/158 210/66 
s 8
f 505/158 506/157 273/157 272/158 
s 4
f 506/157 500/65 207/65 273/157 
s 8
f 164/8 281/171 423/375 422/376 
f 372/385 170/179 447/401 446/402 
s 4
f 325/451 324/352 76/81 75/80 
s 2
f 222/452 221/81 334/358 333/353 
s 16
f 148/171 17/8 412/376 411/375 
f 21/12 361/385 436/402 435/401 
s 8
f 231/299 507/453 214/454 230/301 
f 214/212 507/455 225/456 215/209 
s 1
f 507/455 227/455 226/456 225/456 
s 2
f 97/106 227/241 507/455 98/119 
s 1
f 252/253 113/134 172/16 256/257 
s 2
f 172/16 167/10 171/180 256/257 
f 256/257 171/180 373/384 254/255 
s 1
f 508/457 509/458 510/459 511/460 
s 4
f 512/461 513/462 510/459 509/458 
f 512/461 136/463 135/464 513/462 
f 514/465 508/457 511/460 515/466 
f 400/467 514/465 515/466 397/468 
s 1
f 516/469 517/470 518/471 519/472 
s 2
f 517/470 520/473 521/474 518/471 
f 520/473 141/475 140/476 521/474 
s 4
f 522/477 516/469 519/472 523/478 
f 353/479 522/477 523/478 524/480 
s 16
f 297/321 235/481 316/482 304/320 
f 284/178 298/322 297/321 
s 8
f 303/320 315/482 90/481 92/321 
s 4
f 232/305 278/483 283/306 
f 47/50 74/289 293/288 48/51 
s 8
f 92/321 296/322 153/178 
s 4
f 302/319 90/484 315/346 124/146 
s 2
f 265/146 316/346 235/484 238/319 
s 1
f 235/97 297/99 236/98 
f 90/97 302/228 301/227 91/98 
f 525/56 526/447 527/80 528/353 529/351 530/485 531/486 
f 532/44 533/55 534/351 535/353 536/80 537/2 
s 16
f 201/450 200/56 538/56 539/450 
f 200/56 161/447 540/447 538/56 
f 161/447 222/80 541/80 540/447 
f 222/80 333/353 542/353 541/80 
f 333/353 332/351 543/351 542/353 
f 332/351 201/450 539/450 543/351 
s 8
f 11/2 42/44 544/44 545/2 
f 42/44 52/55 546/55 544/44 
f 52/55 321/351 547/351 546/55 
f 321/351 325/353 548/353 547/351 
f 325/353 75/80 549/80 548/353 
f 75/80 11/2 545/2 549/80 
s 1
f 550/450 551/56 552/56 553/487 554/450 
s 2
f 551/56 555/447 556/447 552/56 
s 1
f 555/447 557/80 558/80 556/447 
s 2
f 557/80 559/353 560/353 558/80 
f 559/353 561/351 562/351 560/353 
s 4
f 561/351 550/450 554/450 563/488 562/351 
s 1
f 564/2 565/44 566/44 567/2 
s 2
f 565/44 568/55 569/55 566/44 
s 1
f 568/55 570/351 571/351 569/55 
s 2
f 570/351 572/353 573/353 571/351 
f 572/353 574/80 575/80 573/353 
s 4
f 574/80 564/2 567/2 575/80 
f 553/487 552/56 525/56 531/486 
s 8
f 552/56 556/447 526/447 525/56 
s 4
f 556/447 558/80 527/80 526/447 
s 8
f 558/80 560/353 528/353 527/80 
f 560/353 562/351 529/351 528/353 
s 16
f 562/351 563/488 530/485 529/351 
s 8
f 567/2 566/44 532/44 537/2 
s 4
f 566/44 569/55 533/55 532/44 
s 8
f 569/55 571/351 534/351 533/55 
s 16
f 571/351 573/353 535/353 534/351 
f 573/353 575/80 536/80 535/353 
s 32
f 575/80 567/2 537/2 536/80 
s 1
f 476/46 475/47 484/47 483/46 
s 8
f 475/47 477/48 485/48 484/47 
s 1
f 477/48 478/49 486/49 485/48 
s 8
f 478/49 476/46 483/46 486/49 
s 1
f 480/450 479/351 488/351 487/450 
s 8
f 479/351 481/199 489/199 488/351 
s 1
f 481/199 482/49 490/49 489/199 
s 8
f 482/49 480/450 487/450 490/49 
f 551/56 550/450 539/450 538/56 
s 4
f 555/447 551/56 538/56 540/447 
s 32
f 557/80 555/447 540/447 541/80 
f 559/353 557/80 541/80 542/353 
f 561/351 559/353 542/353 543/351 
f 550/450 561/351 543/351 539/450 
s 16
f 565/44 564/2 545/2 544/44 
s 4
f 568/55 565/44 544/44 546/55 
s 32
f 570/351 568/55 546/55 547/351 
f 572/353 570/351 547/351 548/353 
f 574/80 572/353 548/353 549/80 
f 564/2 574/80 549/80 545/2 
s 16
f 205/60 204/61 313/341 142/489 
f 143/169 314/343 57/490 56/491 
s 8
f 510/492 460/440 442/427 
s 2
f 563/488 554/450 553/487 
s 4
f 51/54 50/53 67/493 66/494 
s 8
f 53/57 51/54 66/494 398/495 
s 16
f 87/94 67/71 50/221 199/220 
f 126/150 460/428 135/496 
f 125/147 126/150 135/496 134/497 
f 127/151 125/147 134/497 576/258 
f 128/154 459/259 521/498 140/499 
f 56/60 128/154 140/499 143/500 
s 2
f 133/159 136/162 267/501 139/502 
s 16
f 142/168 141/167 269/503 205/504 
s 4
f 199/53 202/54 217/494 87/493 
s 16
f 202/54 203/57 399/495 217/494 
s 2
f 458/428 267/150 136/496 512/505 
s 16
f 268/259 269/260 141/499 520/498 
f 342/372 127/151 576/258 524/506 
f 341/370 342/372 524/506 523/507 
s 2
f 351/378 352/370 522/507 353/506 
s 8
f 391/408 53/57 398/495 397/508 
f 390/406 391/408 397/508 515/509 
s 16
f 400/417 399/416 203/239 403/510 
f 403/419 404/406 514/509 400/508 
s 8
f 421/425 420/424 519/511 518/512 
s 32
f 429/424 428/425 517/512 516/511 
s 16
f 442/427 441/426 511/513 510/514 
s 2
f 453/426 452/427 509/514 508/513 
f 452/429 458/428 512/505 509/515 
s 16
f 404/431 453/426 508/513 514/516 
f 428/432 268/259 520/498 517/517 
s 2
f 352/434 429/424 516/511 522/518 
s 16
f 420/435 341/370 523/507 519/519 
s 8
f 441/437 390/406 515/509 511/520 
s 16
f 459/439 421/425 518/512 521/521 
s 8
f 553/487 531/486 530/485 563/488 
f 266/153 206/64 205/60 269/260 
s 1
f 353/380 524/522 576/523 138/164 
f 138/164 576/523 134/160 133/159 
s 8
f 351/378 137/258 262/152 349/371 
f 267/150 458/428 259/149 
f 403/419 203/57 191/58 401/407 
f 57/61 314/341 305/338 
s 2
f 123/153 459/259 128/154 
f 340/371 120/152 127/151 342/372 
f 119/149 460/428 126/150 
f 389/407 54/58 53/57 391/408 
f 96/105 109/235 211/205 227/241 
f 109/235 212/206 211/205 
s 8
f 231/299 98/119 507/453 
f 214/454 213/129 230/301 
s 1
f 577/524 578/525 579/526 580/527 581/411 
f 582/528 583/529 584/530 585/531 586/411 
f 587/411 588/532 589/533 590/534 591/535 
s 4
f 77/82 76/81 592/81 593/82 
f 76/81 324/358 594/358 592/81 
f 324/358 328/357 595/357 594/358 
f 328/357 77/82 593/82 595/357 
f 596/411 595/357 597/412 598/411 
f 595/357 593/82 599/409 600/413 
f 593/82 596/411 598/411 601/410 
f 595/357 596/411 602/411 603/527 
f 596/411 594/358 604/524 602/411 
f 594/358 595/357 605/526 606/525 
f 596/411 592/81 607/532 608/411 
f 592/81 594/358 609/534 610/533 
f 594/358 596/411 608/411 611/535 
f 592/81 596/411 612/411 613/531 
f 596/411 593/82 614/528 612/411 
f 593/82 592/81 615/530 616/529 
f 595/357 600/413 597/412 
f 593/82 601/410 599/409 
f 595/357 603/527 605/526 
f 594/358 606/525 604/524 
f 592/81 610/533 607/532 
f 594/358 611/535 609/534 
f 592/81 613/531 615/530 
f 593/82 616/529 614/528 
s 1
f 617/411 618/536 619/537 620/538 621/539 
f 622/540 623/541 624/542 625/543 626/411 
f 627/544 628/545 629/546 630/547 631/411 
f 632/411 633/548 634/549 635/550 636/551 
s 2
f 221/81 224/82 637/82 638/81 
f 224/82 405/357 639/357 637/82 
f 405/357 334/358 640/358 639/357 
f 334/358 221/81 638/81 640/358 
f 640/358 641/411 642/411 643/543 
f 641/411 639/357 644/540 642/411 
f 639/357 640/358 645/542 646/541 
f 637/82 641/411 647/411 648/547 
f 641/411 638/81 649/544 647/411 
f 638/81 637/82 650/546 651/545 
f 641/411 640/358 652/536 653/411 
f 640/358 638/81 654/538 655/537 
f 638/81 641/411 653/411 656/539 
f 641/411 637/82 657/548 658/411 
f 637/82 639/357 659/550 660/549 
f 639/357 641/411 658/411 661/551 
s 4
f 460/552 510/553 513/554 135/555 
s 2
f 640/358 643/543 645/542 
f 639/357 646/541 644/540 
f 637/82 648/547 650/546 
f 638/81 651/545 649/544 
f 640/358 655/537 652/536 
f 638/81 656/539 654/538 
f 637/82 660/549 657/548 
f 639/357 661/551 659/550 
f 598/411 597/412 395/412 394/411 
s 8
f 597/412 600/413 396/413 395/412 
s 2
f 600/413 599/409 392/409 396/413 
s 8
f 599/409 601/410 393/410 392/409 
s 16
f 601/410 598/411 394/411 393/410 
s 2
f 603/527 602/411 581/411 580/527 
s 8
f 602/411 604/524 577/524 581/411 
s 2
f 604/524 606/525 578/525 577/524 
s 8
f 606/525 605/526 579/526 578/525 
s 16
f 605/526 603/527 580/527 579/526 
s 2
f 613/531 612/411 586/411 585/531 
s 8
f 612/411 614/528 582/528 586/411 
s 2
f 614/528 616/529 583/529 582/528 
s 8
f 616/529 615/530 584/530 583/529 
s 16
f 615/530 613/531 585/531 584/530 
s 2
f 608/411 607/532 588/532 587/411 
s 8
f 607/532 610/533 589/533 588/532 
s 2
f 610/533 609/534 590/534 589/533 
s 8
f 609/534 611/535 591/535 590/534 
s 16
f 611/535 608/411 587/411 591/535 
s 4
f 653/411 652/536 618/536 617/411 
s 8
f 652/536 655/537 619/537 618/536 
s 4
f 655/537 654/538 620/538 619/537 
s 8
f 654/538 656/539 621/539 620/538 
s 16
f 656/539 653/411 617/411 621/539 
s 4
f 643/543 642/411 626/411 625/543 
s 8
f 642/411 644/540 622/540 626/411 
s 4
f 644/540 646/541 623/541 622/540 
s 8
f 646/541 645/542 624/542 623/541 
s 16
f 645/542 643/543 625/543 624/542 
s 4
f 648/547 647/411 631/411 630/547 
s 8
f 647/411 649/544 627/544 631/411 
s 4
f 649/544 651/545 628/545 627/544 
s 8
f 651/545 650/546 629/546 628/545 
s 16
f 650/546 648/547 630/547 629/546 
s 4
f 658/411 657/548 633/548 632/411 
s 8
f 657/548 660/549 634/549 633/548 
s 4
f 660/549 659/550 635/550 634/549 
s 8
f 659/550 661/551 636/551 635/550 
s 16
f 661/551 658/411 632/411 636/551 
s 1
f 662/556 663/557 664/558 665/559 666/560 
f 667/561 668/562 669/563 670/564 671/560 
f 672/565 673/566 674/567 675/568 676/569 
f 677/570 678/571 679/572 680/573 681/560 
f 682/560 683/574 684/575 685/576 686/577 
f 687/578 688/579 689/580 690/581 691/560 
f 692/582 693/583 694/584 695/585 696/560 
f 697/560 698/586 699/587 700/588 701/589 
s 2
f 152/177 329/361 702/361 703/177 
f 329/361 303/320 704/320 702/361 
f 303/320 153/178 705/178 704/320 
f 153/178 152/177 703/177 705/178 
s 4
f 338/361 285/177 285/177 706/590 707/591 338/361 
f 285/177 708/560 709/560 710/592 285/177 
f 708/560 338/361 338/361 711/593 709/560 
f 284/178 304/320 304/320 712/594 713/595 284/178 
f 304/320 708/560 714/560 715/596 304/320 
f 708/560 284/178 284/178 716/597 714/560 
f 285/177 284/178 284/178 717/598 718/599 285/177 
f 284/178 708/560 719/560 720/600 284/178 
f 708/560 285/177 285/177 721/601 719/560 
f 304/320 338/361 338/361 722/602 723/603 304/320 
f 338/361 708/560 724/560 725/604 338/361 
f 708/560 304/320 304/320 726/605 724/560 
s 2
f 727/560 728/560 729/606 730/607 
f 727/560 731/608 732/609 728/560 
f 703/177 702/361 702/361 733/610 734/611 703/177 
f 704/320 705/178 705/178 735/612 736/613 704/320 
f 727/560 730/607 737/614 738/560 
f 702/361 704/320 704/320 739/615 740/616 702/361 
f 705/178 703/177 703/177 741/617 742/618 705/178 
f 727/560 743/560 744/619 731/608 
s 8
f 37/620 408/621 358/622 38/623 
f 415/364 414/421 319/155 416/422 
f 417/624 416/625 461/626 418/627 
s 4
f 317/628 339/629 461/630 318/631 
f 338/361 707/591 711/593 
f 285/177 710/592 706/590 
f 284/178 713/595 716/597 
f 304/320 715/596 712/594 
f 285/177 718/599 721/601 
f 284/178 720/600 717/598 
f 304/320 723/603 726/605 
f 338/361 725/604 722/602 
s 2
f 702/361 729/606 733/610 
f 703/177 734/611 732/609 
f 705/178 745/632 735/612 
f 704/320 736/613 746/633 
f 702/361 740/616 737/614 
f 704/320 747/634 739/615 
f 705/178 742/618 748/635 
f 703/177 744/619 741/617 
f 749/560 750/556 662/556 666/560 
s 4
f 750/556 751/557 663/557 662/556 
s 2
f 751/557 752/558 664/558 663/557 
s 4
f 752/558 753/559 665/559 664/558 
s 8
f 753/559 749/560 666/560 665/559 
s 2
f 754/562 755/563 669/563 668/562 
s 4
f 755/563 756/564 670/564 669/563 
s 2
f 756/564 757/560 671/560 670/564 
s 4
f 757/560 758/561 667/561 671/560 
s 8
f 758/561 754/562 668/562 667/561 
s 2
f 759/566 760/567 674/567 673/566 
s 4
f 760/567 761/636 762/636 675/568 674/567 
s 1
f 761/636 763/560 764/560 762/636 
s 2
f 763/560 765/565 672/565 676/569 764/560 
s 4
f 765/565 759/566 673/566 672/565 
s 2
f 766/571 767/572 679/572 678/571 
s 4
f 767/572 768/573 680/573 679/572 
s 2
f 768/573 769/560 681/560 680/573 
s 4
f 769/560 770/570 677/570 681/560 
s 8
f 770/570 766/571 678/571 677/570 
s 2
f 771/575 772/576 685/576 684/575 
s 4
f 772/576 773/577 686/577 685/576 
s 2
f 773/577 774/560 682/560 686/577 
s 4
f 774/560 775/574 683/574 682/560 
s 8
f 775/574 771/575 684/575 683/574 
s 2
f 776/581 777/560 691/560 690/581 
s 4
f 777/560 778/578 687/578 691/560 
s 2
f 778/578 779/579 688/579 687/578 
s 4
f 779/579 780/580 689/580 688/579 
s 8
f 780/580 776/581 690/581 689/580 
s 2
f 781/585 782/560 696/560 695/585 
s 4
f 782/560 783/582 692/582 696/560 
s 2
f 783/582 784/583 693/583 692/582 
s 4
f 784/583 785/584 694/584 693/583 
s 8
f 785/584 781/585 695/585 694/584 
s 2
f 786/560 787/586 698/586 697/560 
s 4
f 787/586 788/587 699/587 698/586 
s 2
f 788/587 789/588 700/588 699/587 
s 4
f 789/588 790/589 701/589 700/588 
s 8
f 790/589 786/560 697/560 701/589 
f 183/190 176/193 175/637 250/25 
f 251/280 290/279 186/281 184/638 
s 16
f 184/191 183/190 250/25 251/28 
s 8
f 676/569 675/568 762/636 764/560 
s 1
f 750/556 749/560 738/560 737/614 
s 8
f 751/557 750/556 737/614 740/616 
s 1
f 752/558 751/557 740/616 739/615 
s 16
f 753/559 752/558 739/615 747/634 
s 32
f 749/560 753/559 747/634 738/560 
s 1
f 755/563 754/562 713/595 712/594 
s 8
f 756/564 755/563 712/594 715/596 
s 1
f 757/560 756/564 715/596 714/560 
s 16
f 758/561 757/560 714/560 716/597 
s 32
f 754/562 758/561 716/597 713/595 
s 1
f 760/567 759/566 718/599 717/598 
s 8
f 761/636 760/567 717/598 720/600 
s 16
f 763/560 761/636 720/600 719/560 
s 8
f 765/565 763/560 719/560 721/601 
s 16
f 759/566 765/565 721/601 718/599 
s 1
f 767/572 766/571 723/603 722/602 
s 8
f 768/573 767/572 722/602 725/604 
s 1
f 769/560 768/573 725/604 724/560 
s 16
f 770/570 769/560 724/560 726/605 
s 32
f 766/571 770/570 726/605 723/603 
s 1
f 772/576 771/575 707/591 706/590 
s 8
f 773/577 772/576 706/590 710/592 
s 1
f 774/560 773/577 710/592 709/560 
s 16
f 775/574 774/560 709/560 711/593 
s 32
f 771/575 775/574 711/593 707/591 
s 1
f 777/560 776/581 729/606 728/560 
s 8
f 778/578 777/560 728/560 732/609 
s 1
f 779/579 778/578 732/609 734/611 
s 16
f 780/580 779/579 734/611 733/610 
s 32
f 776/581 780/580 733/610 729/606 
s 1
f 782/560 781/585 745/632 791/560 
s 8
f 783/582 782/560 791/560 746/633 
s 1
f 784/583 783/582 746/633 736/613 
s 16
f 785/584 784/583 736/613 735/612 
s 32
f 781/585 785/584 735/612 745/632 
s 1
f 787/586 786/560 743/560 748/635 
s 8
f 788/587 787/586 748/635 742/618 
s 1
f 789/588 788/587 742/618 741/617 
s 16
f 790/589 789/588 741/617 744/619 
s 32
f 786/560 790/589 744/619 743/560 
s 2
f 743/560 727/560 792/639 748/635 
f 727/560 791/560 745/632 792/639 
f 793/640 704/320 704/320 746/633 
f 747/634 704/320 704/320 793/640 
f 744/619 703/177 703/177 731/608 
f 731/608 703/177 703/177 732/609 
f 745/632 705/178 705/178 792/639 
f 792/639 705/178 705/178 748/635 
f 729/606 702/361 702/361 730/607 
f 730/607 702/361 702/361 737/614 
f 746/633 791/560 727/560 793/640 
f 793/640 727/560 738/560 747/634 
# 719 polygons - 70 triangles

#
# object Sphere001
#

v  -225.6133 375.3062 -372.9486
v  -221.7574 391.8960 -363.3882
v  -221.7574 394.4012 -371.5330
v  -221.7574 393.1244 -379.9581
v  -221.7574 388.3185 -386.9950
v  -221.7574 380.9354 -391.2498
v  -221.7574 372.4373 -391.8798
v  -221.7574 364.5075 -388.7602
v  -221.7574 358.7165 -382.5090
v  -210.9534 405.1999 -355.7213
v  -210.9534 409.7141 -370.3977
v  -210.9534 407.4135 -385.5794
v  -210.9534 398.7535 -398.2593
v  -210.9534 385.4496 -405.9262
v  -210.9534 370.1366 -407.0614
v  -210.9534 355.8476 -401.4402
v  -210.9534 345.4125 -390.1759
v  -195.3411 412.5830 -351.4665
v  -195.3411 418.2122 -369.7677
v  -195.3411 415.3433 -388.6989
v  -195.3411 404.5446 -404.5106
v  -195.3411 387.9548 -414.0710
v  -195.3411 368.8599 -415.4866
v  -195.3411 351.0417 -408.4771
v  -195.3411 338.0294 -394.4307
v  66.6087 412.5831 -351.4665
v  66.6087 418.2122 -369.7677
v  66.6087 415.3434 -388.6989
v  66.6087 404.5446 -404.5106
v  66.6087 387.9549 -414.0710
v  66.6087 368.8599 -415.4866
v  66.6088 351.0417 -408.4771
v  66.6088 338.0295 -394.4307
v  82.2210 405.2000 -355.7213
v  82.2210 409.7142 -370.3977
v  82.2210 407.4135 -385.5794
v  82.2210 398.7536 -398.2594
v  82.2210 385.4496 -405.9262
v  82.2210 370.1367 -407.0615
v  82.2210 355.8476 -401.4402
v  82.2211 345.4126 -390.1759
v  93.0251 391.8960 -363.3882
v  93.0250 394.4012 -371.5330
v  93.0250 393.1245 -379.9582
v  93.0250 388.3186 -386.9950
v  93.0250 380.9354 -391.2498
v  93.0251 372.4374 -391.8798
v  93.0251 364.5075 -388.7603
v  93.0251 358.7166 -382.5090
v  96.8810 375.3063 -372.9486
# 50 vertices

vt 0.5000 1.0000 0.0000
vt 0.5000 0.8571 0.0000
vt 0.5714 0.8571 0.0000
vt 0.5714 1.0000 0.0000
vt 0.6429 0.8571 0.0000
vt 0.6429 1.0000 0.0000
vt 0.7143 0.8571 0.0000
vt 0.7143 1.0000 0.0000
vt 0.7857 0.8571 0.0000
vt 0.7857 1.0000 0.0000
vt 0.8571 0.8571 0.0000
vt 0.8571 1.0000 0.0000
vt 0.9286 0.8571 0.0000
vt 0.9286 1.0000 0.0000
vt 1.0000 0.8571 0.0000
vt 0.5000 0.7143 0.0000
vt 0.5714 0.7143 0.0000
vt 0.6429 0.7143 0.0000
vt 0.7143 0.7143 0.0000
vt 0.7857 0.7143 0.0000
vt 0.8571 0.7143 0.0000
vt 0.9286 0.7143 0.0000
vt 1.0000 0.7143 0.0000
vt 0.5000 0.5714 0.0000
vt 0.5714 0.5714 0.0000
vt 0.6429 0.5714 0.0000
vt 0.7143 0.5714 0.0000
vt 0.7857 0.5714 0.0000
vt 0.8571 0.5714 0.0000
vt 0.9286 0.5714 0.0000
vt 1.0000 0.5714 0.0000
vt 0.5000 0.4286 0.0000
vt 0.5714 0.4286 0.0000
vt 0.6429 0.4286 0.0000
vt 0.7143 0.4286 0.0000
vt 0.7857 0.4286 0.0000
vt 0.8571 0.4286 0.0000
vt 0.9286 0.4286 0.0000
vt 1.0000 0.4286 0.0000
vt 0.5000 0.2857 0.0000
vt 0.5714 0.2857 0.0000
vt 0.6429 0.2857 0.0000
vt 0.7143 0.2857 0.0000
vt 0.7857 0.2857 0.0000
vt 0.8571 0.2857 0.0000
vt 0.9286 0.2857 0.0000
vt 1.0000 0.2857 0.0000
vt 0.5000 0.1429 0.0000
vt 0.5714 0.1429 0.0000
vt 0.6429 0.1429 0.0000
vt 0.7143 0.1429 0.0000
vt 0.7857 0.1429 0.0000
vt 0.8571 0.1429 0.0000
vt 0.9286 0.1429 0.0000
vt 1.0000 0.1429 0.0000
vt 0.5000 0.0000 0.0000
vt 0.5714 0.0000 0.0000
vt 0.6429 0.0000 0.0000
vt 0.7143 0.0000 0.0000
vt 0.7857 0.0000 0.0000
vt 0.8571 0.0000 0.0000
vt 0.9286 0.0000 0.0000
# 62 texture coords

o Sphere001
g Sphere001
usemtl wire_225198087
s 1
f 794/641 795/642 796/643 
f 794/644 796/643 797/645 
f 794/646 797/645 798/647 
f 794/648 798/647 799/649 
f 794/650 799/649 800/651 
f 794/652 800/651 801/653 
f 794/654 801/653 802/655 
f 795/642 803/656 804/657 796/643 
f 796/643 804/657 805/658 797/645 
f 797/645 805/658 806/659 798/647 
f 798/647 806/659 807/660 799/649 
f 799/649 807/660 808/661 800/651 
f 800/651 808/661 809/662 801/653 
f 801/653 809/662 810/663 802/655 
f 803/656 811/664 812/665 804/657 
f 804/657 812/665 813/666 805/658 
f 805/658 813/666 814/667 806/659 
f 806/659 814/667 815/668 807/660 
f 807/660 815/668 816/669 808/661 
f 808/661 816/669 817/670 809/662 
f 809/662 817/670 818/671 810/663 
f 811/664 819/672 820/673 812/665 
f 812/665 820/673 821/674 813/666 
f 813/666 821/674 822/675 814/667 
f 814/667 822/675 823/676 815/668 
f 815/668 823/676 824/677 816/669 
f 816/669 824/677 825/678 817/670 
f 817/670 825/678 826/679 818/671 
f 819/672 827/680 828/681 820/673 
f 820/673 828/681 829/682 821/674 
f 821/674 829/682 830/683 822/675 
f 822/675 830/683 831/684 823/676 
f 823/676 831/684 832/685 824/677 
f 824/677 832/685 833/686 825/678 
f 825/678 833/686 834/687 826/679 
f 827/680 835/688 836/689 828/681 
f 828/681 836/689 837/690 829/682 
f 829/682 837/690 838/691 830/683 
f 830/683 838/691 839/692 831/684 
f 831/684 839/692 840/693 832/685 
f 832/685 840/693 841/694 833/686 
f 833/686 841/694 842/695 834/687 
f 843/696 836/689 835/688 
f 843/697 837/690 836/689 
f 843/698 838/691 837/690 
f 843/699 839/692 838/691 
f 843/700 840/693 839/692 
f 843/701 841/694 840/693 
f 843/702 842/695 841/694 
# 35 polygons - 14 triangles

#
# object Cylinder003
#

v  53.3028 419.4909 -400.1226
v  52.7386 377.4996 -424.5864
v  53.0207 401.2874 -417.1470
v  36.6829 377.7065 -424.4658
v  36.9650 401.4943 -417.0265
v  52.5124 352.8391 -420.9672
v  36.4567 353.0460 -420.8466
v  52.3813 331.7782 -407.2463
v  36.3256 331.9851 -407.1258
v  52.3846 326.4294 -398.0653
v  36.3288 326.6363 -397.9448
v  53.6523 420.7831 -343.0956
v  53.6491 426.1319 -352.2766
v  37.5933 426.3388 -352.1561
v  37.5966 420.9900 -342.9751
v  53.5290 428.5049 -376.8849
v  37.4733 428.7118 -376.7644
v  37.2471 419.6978 -400.0020
# 18 vertices

vt 0.3395 0.0000 -0.0000
vt 0.8214 0.0000 1.0000
vt 0.7500 0.0000 1.0000
vt 0.8214 1.0000 1.0000
vt 0.7500 1.0000 1.0000
vt 0.8929 0.0000 1.0000
vt 0.8929 1.0000 1.0000
vt 0.9643 0.0000 1.0000
vt 0.9643 1.0000 1.0000
vt -0.0357 0.0000 1.0000
vt 0.0357 0.0000 1.0000
vt 0.0357 1.0000 1.0000
vt -0.0357 1.0000 1.0000
vt 0.4643 0.0000 1.0000
vt 0.5357 0.0000 1.0000
vt 0.5357 1.0000 1.0000
vt 0.4643 1.0000 1.0000
vt 0.6071 0.0000 1.0000
vt 0.6071 1.0000 1.0000
vt 0.6786 0.0000 1.0000
vt 0.6786 1.0000 1.0000
vt 0.1647 1.0000 -0.4450
vt 0.0562 0.0000 -0.8019
vt 0.0357 0.0000 -1.0000
vt 0.9438 0.0000 0.8019
vt 0.1647 0.0000 -0.4450
vt 0.9438 1.0000 0.8019
vt 0.0357 1.0000 -1.0000
vt 0.0562 1.0000 -0.8019
# 29 texture coords

o Cylinder003
g Cylinder003
usemtl wire_088144225
s 1
f 844/703 845/704 846/705 
s 8
f 846/705 845/704 847/706 848/707 
f 845/704 849/708 850/709 847/706 
f 849/708 851/710 852/711 850/709 
f 851/712 853/713 854/714 852/715 
f 855/716 856/717 857/718 858/719 
f 856/717 859/720 860/721 857/718 
f 859/720 844/722 861/723 860/721 
f 844/722 846/705 848/707 861/723 
s 1
f 861/723 847/706 850/709 860/724 
f 856/725 855/726 853/727 851/710 
f 859/728 856/725 851/710 849/708 
f 844/703 859/728 849/708 845/704 
f 852/711 854/729 858/730 857/731 
f 850/709 852/711 857/731 860/724 
f 861/723 848/707 847/706 
# 14 polygons - 2 triangles

#
# object Sphere002
#

v  93.6898 373.3633 372.3566
v  89.8338 389.9531 362.7961
v  89.8338 392.4583 370.9409
v  89.8338 391.1815 379.3661
v  89.8338 386.3756 386.4030
v  89.8338 378.9925 390.6577
v  89.8338 370.4944 391.2878
v  89.8338 362.5646 388.1682
v  89.8338 356.7736 381.9170
v  79.0298 403.2570 355.1293
v  79.0298 407.7713 369.8057
v  79.0298 405.4706 384.9874
v  79.0298 396.8107 397.6673
v  79.0298 383.5067 405.3342
v  79.0298 368.1938 406.4694
v  79.0298 353.9047 400.8482
v  79.0298 343.4697 389.5838
v  63.4175 410.6402 350.8745
v  63.4175 416.2693 369.1757
v  63.4175 413.4004 388.1069
v  63.4175 402.6017 403.9186
v  63.4175 386.0119 413.4790
v  63.4175 366.9170 414.8946
v  63.4175 349.0988 407.8850
v  63.4175 336.0865 393.8386
v  -198.5323 410.6402 350.8745
v  -198.5323 416.2694 369.1757
v  -198.5323 413.4005 388.1069
v  -198.5323 402.6017 403.9186
v  -198.5323 386.0120 413.4790
v  -198.5323 366.9170 414.8946
v  -198.5323 349.0988 407.8851
v  -198.5323 336.0866 393.8387
v  -214.1446 403.2571 355.1293
v  -214.1446 407.7713 369.8058
v  -214.1446 405.4706 384.9874
v  -214.1446 396.8107 397.6674
v  -214.1446 383.5068 405.3342
v  -214.1446 368.1938 406.4695
v  -214.1446 353.9048 400.8482
v  -214.1446 343.4697 389.5839
v  -224.9486 389.9532 362.7962
v  -224.9486 392.4584 370.9410
v  -224.9486 391.1816 379.3662
v  -224.9486 386.3757 386.4030
v  -224.9486 378.9926 390.6578
v  -224.9486 370.4945 391.2878
v  -224.9486 362.5647 388.1683
v  -224.9486 356.7737 381.9171
v  -228.8045 373.3634 372.3566
# 50 vertices

vt 0.5000 1.0000 0.0000
vt 0.5000 0.8571 0.0000
vt 0.5714 0.8571 0.0000
vt 0.5714 1.0000 0.0000
vt 0.6429 0.8571 0.0000
vt 0.6429 1.0000 0.0000
vt 0.7143 0.8571 0.0000
vt 0.7143 1.0000 0.0000
vt 0.7857 0.8571 0.0000
vt 0.7857 1.0000 0.0000
vt 0.8571 0.8571 0.0000
vt 0.8571 1.0000 0.0000
vt 0.9286 0.8571 0.0000
vt 0.9286 1.0000 0.0000
vt 1.0000 0.8571 0.0000
vt 0.5000 0.7143 0.0000
vt 0.5714 0.7143 0.0000
vt 0.6429 0.7143 0.0000
vt 0.7143 0.7143 0.0000
vt 0.7857 0.7143 0.0000
vt 0.8571 0.7143 0.0000
vt 0.9286 0.7143 0.0000
vt 1.0000 0.7143 0.0000
vt 0.5000 0.5714 0.0000
vt 0.5714 0.5714 0.0000
vt 0.6429 0.5714 0.0000
vt 0.7143 0.5714 0.0000
vt 0.7857 0.5714 0.0000
vt 0.8571 0.5714 0.0000
vt 0.9286 0.5714 0.0000
vt 1.0000 0.5714 0.0000
vt 0.5000 0.4286 0.0000
vt 0.5714 0.4286 0.0000
vt 0.6429 0.4286 0.0000
vt 0.7143 0.4286 0.0000
vt 0.7857 0.4286 0.0000
vt 0.8571 0.4286 0.0000
vt 0.9286 0.4286 0.0000
vt 1.0000 0.4286 0.0000
vt 0.5000 0.2857 0.0000
vt 0.5714 0.2857 0.0000
vt 0.6429 0.2857 0.0000
vt 0.7143 0.2857 0.0000
vt 0.7857 0.2857 0.0000
vt 0.8571 0.2857 0.0000
vt 0.9286 0.2857 0.0000
vt 1.0000 0.2857 0.0000
vt 0.5000 0.1429 0.0000
vt 0.5714 0.1429 0.0000
vt 0.6429 0.1429 0.0000
vt 0.7143 0.1429 0.0000
vt 0.7857 0.1429 0.0000
vt 0.8571 0.1429 0.0000
vt 0.9286 0.1429 0.0000
vt 1.0000 0.1429 0.0000
vt 0.5000 0.0000 0.0000
vt 0.5714 0.0000 0.0000
vt 0.6429 0.0000 0.0000
vt 0.7143 0.0000 0.0000
vt 0.7857 0.0000 0.0000
vt 0.8571 0.0000 0.0000
vt 0.9286 0.0000 0.0000
# 62 texture coords

o Sphere002
g Sphere002
usemtl wire_225198087
s 1
f 862/732 863/733 864/734 
f 862/735 864/734 865/736 
f 862/737 865/736 866/738 
f 862/739 866/738 867/740 
f 862/741 867/740 868/742 
f 862/743 868/742 869/744 
f 862/745 869/744 870/746 
f 863/733 871/747 872/748 864/734 
f 864/734 872/748 873/749 865/736 
f 865/736 873/749 874/750 866/738 
f 866/738 874/750 875/751 867/740 
f 867/740 875/751 876/752 868/742 
f 868/742 876/752 877/753 869/744 
f 869/744 877/753 878/754 870/746 
f 871/747 879/755 880/756 872/748 
f 872/748 880/756 881/757 873/749 
f 873/749 881/757 882/758 874/750 
f 874/750 882/758 883/759 875/751 
f 875/751 883/759 884/760 876/752 
f 876/752 884/760 885/761 877/753 
f 877/753 885/761 886/762 878/754 
f 879/755 887/763 888/764 880/756 
f 880/756 888/764 889/765 881/757 
f 881/757 889/765 890/766 882/758 
f 882/758 890/766 891/767 883/759 
f 883/759 891/767 892/768 884/760 
f 884/760 892/768 893/769 885/761 
f 885/761 893/769 894/770 886/762 
f 887/763 895/771 896/772 888/764 
f 888/764 896/772 897/773 889/765 
f 889/765 897/773 898/774 890/766 
f 890/766 898/774 899/775 891/767 
f 891/767 899/775 900/776 892/768 
f 892/768 900/776 901/777 893/769 
f 893/769 901/777 902/778 894/770 
f 895/771 903/779 904/780 896/772 
f 896/772 904/780 905/781 897/773 
f 897/773 905/781 906/782 898/774 
f 898/774 906/782 907/783 899/775 
f 899/775 907/783 908/784 900/776 
f 900/776 908/784 909/785 901/777 
f 901/777 909/785 910/786 902/778 
f 911/787 904/780 903/779 
f 911/788 905/781 904/780 
f 911/789 906/782 905/781 
f 911/790 907/783 906/782 
f 911/791 908/784 907/783 
f 911/792 909/785 908/784 
f 911/793 910/786 909/785 
# 35 polygons - 14 triangles

#
# object Object018
#

v  -243.0098 419.7853 -284.4616
v  -472.4206 419.7854 -284.4617
v  -472.4207 404.5835 -249.8220
v  -243.0098 404.5835 -249.8219
v  -472.4206 418.4484 -297.8294
v  -243.0098 418.4484 -297.8294
v  -243.0098 405.7216 -315.9250
v  -472.4207 405.7214 -315.9254
v  -472.4207 393.6083 -321.5142
v  -243.0098 393.6086 -321.5138
v  -243.0098 355.9442 -317.9902
v  -472.4207 355.9440 -317.9906
# 12 vertices

vt 0.4081 0.0542 0.0000
vt 0.3489 0.0542 0.0000
vt 0.3489 0.0371 0.0000
vt 0.4079 0.0371 0.0000
vt 0.3489 0.0602 0.0000
vt 0.4081 0.0602 0.0000
vt 0.4081 0.0673 0.0000
vt 0.3489 0.0673 0.0000
vt 0.3489 0.0732 0.0000
vt 0.4081 0.0732 0.0000
vt 0.4079 0.0904 0.0000
vt 0.3489 0.0904 0.0000
# 12 texture coords

o Object018
g Object018
usemtl wire_087225087
s 1
f 912/794 913/795 914/796 915/797 
f 916/798 917/799 918/800 919/801 
f 920/802 921/803 922/804 923/805 
f 917/799 916/798 913/795 912/794 
s 2
f 919/801 918/800 921/803 920/802 
# 5 polygons

#
# object Cylinder013
#

#
# object Box009
#

v  257.9484 196.4359 508.5612
v  188.9725 196.4359 508.5612
v  188.9725 327.2459 416.0530
v  257.9484 327.2459 416.0530
v  182.8454 196.4359 498.2367
v  182.8454 196.4359 383.2338
v  182.8455 339.3461 323.3560
v  182.8454 325.9315 407.4740
v  264.0755 325.9315 407.4741
v  257.9484 333.8055 403.8234
v  188.9725 333.8055 403.8234
v  257.9484 347.7477 319.0205
v  264.0755 339.3461 323.3560
v  264.0755 196.4359 498.2367
v  188.9725 347.7477 319.0205
v  264.0755 196.4359 383.2338
# 16 vertices

vt 0.0609 0.0707 0.0000
vt 0.9391 0.0707 0.0000
vt 0.9391 0.9293 0.0000
vt 0.0609 0.9293 0.0000
vt 0.0686 0.0849 0.0000
vt 0.5622 0.0849 0.0000
vt 0.8224 0.9151 0.0000
vt 0.0657 0.9151 0.0000
vt 0.9623 0.9151 0.0000
vt 1.0000 0.9293 0.0000
vt 0.9453 1.0000 0.0000
vt 1.0000 0.9679 0.0000
vt 0.9443 1.0000 0.0000
vt 0.9391 0.9453 0.0000
vt 0.9391 0.1722 0.0000
vt 1.0000 0.2014 0.0000
vt 1.0000 0.9453 0.0000
vt 0.0609 0.9453 0.0000
vt 0.9391 1.0000 0.0000
vt 0.0609 1.0000 0.0000
vt 0.9540 0.0849 0.0000
vt 1.0000 0.0707 0.0000
vt 0.0609 0.1722 0.0000
vt 0.4595 0.0849 0.0000
vt 0.2042 0.9151 0.0000
vt 0.0000 0.9453 0.0000
vt 0.0000 0.2014 0.0000
# 27 texture coords

o Box009
g Box009
usemtl wire_228153184
s 1
f 927/809 926/808 925/807 924/806 
f 931/813 930/812 929/811 928/810 
s 4
f 933/816 927/815 932/814 
f 934/818 931/817 926/808 
f 932/822 936/821 935/820 933/819 
s 1
f 926/825 927/824 933/819 934/823 
s 4
f 927/815 924/827 937/826 932/814 
f 931/815 928/827 925/807 926/808 
s 1
f 938/828 934/823 933/819 935/820 
f 936/830 932/814 937/826 939/829 
s 4
f 930/832 931/831 934/823 938/828 
# 9 polygons - 2 triangles

#
# object Cylinder017
#

v  -719.5070 153.6717 481.9644
v  -719.5070 95.1062 481.9644
v  -719.5070 45.7452 443.9860
v  -719.5070 45.7452 387.1110
v  -719.5070 95.1063 349.1326
v  -719.5071 153.6717 349.1325
v  -719.5071 189.4824 387.1110
v  -719.5070 189.4824 443.9860
v  -729.7269 208.8447 452.6154
v  -729.7269 208.8447 378.4815
v  -517.8610 208.8495 378.4814
v  -517.8609 208.8495 452.6154
v  -729.7269 205.7419 372.1792
v  -729.7812 162.4759 328.4799
v  -517.7875 162.4725 328.4843
v  -517.7762 205.7286 372.1964
v  -729.7813 155.4762 326.0988
v  -729.7812 93.3018 326.0988
v  -517.7515 93.3018 326.1171
v  -517.7515 155.4762 326.1170
v  -729.7812 86.3020 328.4799
v  -729.7269 29.4857 372.1792
v  -517.7762 29.4991 372.1964
v  -517.7875 86.3055 328.4843
v  -729.7269 26.3829 378.4815
v  -729.7268 26.3828 452.6155
v  -517.8610 26.3781 452.6154
v  -517.8610 26.3781 378.4815
v  -729.7268 29.4857 458.9179
v  -729.7811 86.3020 502.6170
v  -517.7874 86.3055 502.6124
v  -517.7762 29.4990 458.9005
v  -729.7811 93.3018 504.9982
v  -729.7811 155.4761 504.9982
v  -517.7513 155.4762 504.9797
v  -517.7513 93.3018 504.9797
v  -729.7811 162.4759 502.6170
v  -729.7269 205.7418 458.9178
v  -517.7762 205.7285 458.9005
v  -517.7874 162.4724 502.6125
v  -738.2399 201.7586 378.7944
v  -738.2399 204.9096 380.4832
v  -738.2399 204.9097 450.6138
v  -738.2398 201.7587 452.3026
v  -738.2399 197.1960 448.9860
v  -738.2399 197.1960 382.1110
v  -738.2398 201.7559 457.0197
v  -738.2398 161.1658 498.6752
v  -738.2398 157.2404 497.2639
v  -738.2398 155.9471 491.1485
v  -738.2398 154.1107 501.0752
v  -738.2398 94.6672 501.0752
v  -738.2398 91.5375 497.2640
v  -738.2398 92.8308 491.1486
v  -738.2398 87.6121 498.6752
v  -738.2398 33.4718 457.0197
v  -738.2398 33.4689 452.3026
v  -738.2398 38.0315 448.9861
v  -738.2398 30.3179 450.6138
v  -738.2399 30.3179 380.4832
v  -738.2399 33.4689 378.7944
v  -738.2399 38.0316 382.1110
v  -738.2399 33.4718 374.0774
v  -738.2399 87.6121 332.4218
v  -738.2399 91.5375 333.8330
v  -738.2399 92.8308 339.9485
v  -738.2399 94.6672 330.0218
v  -738.2399 154.1108 330.0218
v  -738.2399 157.2405 333.8330
v  -738.2399 155.9471 339.9485
v  -738.2399 161.1658 332.4218
v  -738.2399 201.7558 374.0774
# 72 vertices

vt 0.6250 0.0000 1.0000
vt 0.5000 0.0000 1.0000
vt 0.3750 0.0000 1.0000
vt 0.2500 0.0000 1.0000
vt 0.1250 0.0000 1.0000
vt 0.0000 0.0000 1.0000
vt -0.1250 0.0000 1.0000
vt 0.1161 0.0000 0.4142
vt 0.7547 0.0180 1.0000
vt 0.8703 0.0180 1.0000
vt 0.8703 1.0000 1.0000
vt 0.7547 1.0000 1.0000
vt -0.1189 0.0180 1.0000
vt -0.0061 0.0180 1.0000
vt -0.0061 1.0000 1.0000
vt -0.1189 1.0000 1.0000
vt 0.0028 0.0180 1.0000
vt 0.1222 0.0180 1.0000
vt 0.1222 1.0000 1.0000
vt 0.0028 1.0000 1.0000
vt 0.1311 0.0180 1.0000
vt 0.2439 0.0180 1.0000
vt 0.2439 1.0000 1.0000
vt 0.1311 1.0000 1.0000
vt 0.2547 0.0180 1.0000
vt 0.3703 0.0180 1.0000
vt 0.3703 1.0000 1.0000
vt 0.2547 1.0000 1.0000
vt 0.3811 0.0180 1.0000
vt 0.4939 0.0180 1.0000
vt 0.4939 1.0000 1.0000
vt 0.3811 1.0000 1.0000
vt 0.5028 0.0180 1.0000
vt 0.6222 0.0180 1.0000
vt 0.6222 1.0000 1.0000
vt 0.5028 1.0000 1.0000
vt 0.6311 0.0180 1.0000
vt 0.7439 0.0180 1.0000
vt 0.7439 1.0000 1.0000
vt 0.6311 1.0000 1.0000
vt -0.1154 0.0000 0.9768
vt 0.1066 0.0000 0.4374
vt 0.1427 0.0000 0.4448
vt 0.5987 0.0000 0.9698
vt 0.6222 0.0000 1.0000
vt 0.5028 0.0000 1.0000
vt 0.4935 0.0000 1.0000
vt 0.3815 0.0000 1.0000
vt 0.3700 0.0000 1.0000
vt 0.2550 0.0000 1.0000
vt 0.2435 0.0000 1.0000
vt 0.1315 0.0000 1.0000
vt 0.1222 0.0000 1.0000
vt 0.0028 0.0000 1.0000
vt -0.0065 0.0000 1.0000
vt -0.1185 0.0000 1.0000
vt -0.1160 0.0000 0.9781
vt 0.1071 0.0000 0.4361
vt 0.1411 0.0000 0.4429
vt 0.6001 0.0000 0.9713
vt -0.0061 0.0000 1.0000
vt -0.1189 0.0000 1.0000
vt 0.8750 0.0180 1.0000
vt 0.8750 1.0000 1.0000
vt 0.0000 0.0180 1.0000
# 65 texture coords

o Cylinder017
g Cylinder017
usemtl wire_154154229
s 1
f 947/840 946/839 945/838 944/837 943/836 942/835 941/834 940/833 
f 951/844 950/843 949/842 948/841 
f 955/848 954/847 953/846 952/845 
f 959/852 958/851 957/850 956/849 
f 963/856 962/855 961/854 960/853 
f 967/860 966/859 965/858 964/857 
f 971/864 970/863 969/862 968/861 
f 975/868 974/867 973/866 972/865 
f 979/872 978/871 977/870 976/869 
s 2
f 985/839 984/840 983/840 982/874 981/873 980/839 
f 984/840 989/833 988/833 987/876 986/875 983/840 
f 989/833 993/834 992/834 991/878 990/877 988/833 
f 993/834 997/835 996/835 995/880 994/879 992/834 
f 997/835 1001/836 1000/836 999/882 998/881 996/835 
f 1001/836 1005/837 1004/837 1003/884 1002/883 1000/836 
f 1005/837 1009/838 1008/838 1007/886 1006/885 1004/837 
f 1009/838 985/839 980/839 1011/888 1010/887 1008/838 
s 4
f 946/839 947/840 984/840 985/839 
s 8
f 947/840 940/833 989/833 984/840 
s 4
f 940/833 941/834 993/834 989/833 
s 8
f 941/834 942/835 997/835 993/834 
s 4
f 942/835 943/836 1001/836 997/835 
s 8
f 943/836 944/837 1005/837 1001/836 
s 4
f 944/837 945/838 1009/838 1005/837 
s 8
f 945/838 946/839 985/839 1009/838 
s 1
f 948/890 949/889 981/873 982/874 
f 976/892 977/891 986/875 987/876 
f 972/865 973/866 990/877 991/878 
f 968/861 969/862 994/879 995/880 
f 964/857 965/858 998/881 999/882 
f 960/853 961/854 1002/883 1003/884 
f 956/849 957/850 1006/885 1007/886 
f 952/894 953/893 1010/887 1011/888 
s 2
f 1011/888 980/839 981/873 
f 982/874 983/840 986/875 
f 987/876 988/833 990/877 
f 991/878 992/834 994/879 
f 995/880 996/835 998/881 
f 999/882 1000/836 1002/883 
f 1003/884 1004/837 1006/885 
f 1007/886 1008/838 1010/887 
s 1
f 955/896 952/895 949/842 950/843 
f 977/870 978/871 951/844 948/841 
f 959/852 956/849 953/846 954/847 
f 963/856 960/853 957/850 958/851 
f 967/860 964/857 961/854 962/855 
f 971/864 968/861 965/858 966/859 
f 975/868 972/865 969/862 970/863 
f 979/872 976/869 973/866 974/867 
f 952/894 1011/888 981/873 949/889 
f 986/875 977/891 948/890 982/874 
f 990/833 973/833 976/892 987/876 
f 994/879 969/862 972/865 991/878 
f 998/881 965/858 968/861 995/880 
f 1002/883 961/854 964/857 999/882 
f 1006/885 957/850 960/853 1003/884 
f 1010/838 953/897 956/849 1007/886 
# 49 polygons - 8 triangles

#
# object Torus004
#

v  -561.0968 333.8999 398.6800
v  -550.0352 331.1616 397.5458
v  -550.0352 309.8979 434.3755
v  -561.0968 312.2494 436.1798
v  -541.9376 323.6804 394.4470
v  -541.9376 303.4737 429.4459
v  -538.9737 313.4608 390.2139
v  -538.9736 294.6979 422.7121
v  -541.9376 303.2412 385.9808
v  -541.9376 285.9222 415.9782
v  -550.0352 295.7600 382.8820
v  -550.0352 279.4979 411.0487
v  -561.0968 293.0217 381.7477
v  -561.0968 277.1465 409.2444
v  -572.1584 295.7600 382.8820
v  -572.1584 279.4979 411.0487
v  -580.2560 303.2412 385.9808
v  -580.2560 285.9222 415.9782
v  -583.2200 313.4608 390.2139
v  -583.2200 294.6979 422.7121
v  -580.2560 323.6803 394.4470
v  -580.2560 303.4737 429.4459
v  -572.1584 331.1616 397.5458
v  -572.1584 309.8979 434.3755
v  -550.0352 279.8266 464.4468
v  -561.0968 281.6310 466.7982
v  -541.9376 274.8971 458.0225
v  -538.9736 268.1632 449.2468
v  -541.9376 261.4294 440.4711
v  -550.0352 256.4998 434.0468
v  -561.0968 254.6955 431.6953
v  -572.1584 256.4998 434.0468
v  -580.2560 261.4294 440.4711
v  -583.2200 268.1632 449.2468
v  -580.2560 274.8971 458.0225
v  -572.1584 279.8266 464.4468
v  -550.0352 242.9969 485.7104
v  -561.0968 244.1311 488.4488
v  -541.9376 239.8980 478.2292
v  -538.9736 235.6649 468.0096
v  -541.9376 231.4319 457.7901
v  -550.0353 228.3330 450.3088
v  -561.0968 227.1988 447.5705
v  -572.1584 228.3330 450.3088
v  -580.2560 231.4319 457.7901
v  -583.2200 235.6650 468.0096
v  -580.2560 239.8980 478.2292
v  -572.1584 242.9969 485.7104
v  -550.0352 201.9187 496.7173
v  -561.0968 202.3055 499.6559
v  -541.9376 200.8617 488.6889
v  -538.9736 199.4179 477.7220
v  -541.9376 197.9740 466.7551
v  -550.0352 196.9171 458.7267
v  -561.0968 196.5302 455.7881
v  -572.1584 196.9171 458.7267
v  -580.2560 197.9741 466.7551
v  -583.2200 199.4179 477.7220
v  -580.2560 200.8617 488.6890
v  -572.1584 201.9186 496.7173
v  -550.0352 159.3913 496.7173
v  -561.0968 159.0045 499.6559
v  -541.9376 160.4483 488.6890
v  -538.9736 161.8922 477.7220
v  -541.9376 163.3360 466.7551
v  -550.0352 164.3929 458.7267
v  -561.0968 164.7798 455.7881
v  -572.1583 164.3929 458.7267
v  -580.2560 163.3360 466.7551
v  -583.2199 161.8922 477.7220
v  -580.2560 160.4483 488.6890
v  -572.1584 159.3914 496.7173
v  -550.0352 118.3131 485.7104
v  -561.0968 117.1789 488.4487
v  -541.9376 121.4120 478.2292
v  -538.9736 125.6451 468.0096
v  -541.9376 129.8782 457.7901
v  -550.0352 132.9770 450.3088
v  -561.0968 134.1112 447.5705
v  -572.1583 132.9770 450.3088
v  -580.2560 129.8782 457.7901
v  -583.2199 125.6451 468.0096
v  -580.2560 121.4120 478.2292
v  -572.1584 118.3132 485.7104
# 84 vertices

vt 0.0000 0.2500 0.0000
vt 0.0833 0.2500 0.0000
vt 0.0833 0.2917 0.0000
vt 0.0000 0.2917 0.0000
vt 0.1667 0.2500 0.0000
vt 0.1667 0.2917 0.0000
vt 0.2500 0.2500 0.0000
vt 0.2500 0.2917 0.0000
vt 0.3333 0.2500 0.0000
vt 0.3333 0.2917 0.0000
vt 0.4167 0.2500 0.0000
vt 0.4167 0.2917 0.0000
vt 0.5000 0.2500 0.0000
vt 0.5000 0.2917 0.0000
vt 0.5833 0.2500 0.0000
vt 0.5833 0.2917 0.0000
vt 0.6667 0.2500 0.0000
vt 0.6667 0.2917 0.0000
vt 0.7500 0.2500 0.0000
vt 0.7500 0.2917 0.0000
vt 0.8333 0.2500 0.0000
vt 0.8333 0.2917 0.0000
vt 0.9167 0.2500 0.0000
vt 0.9167 0.2917 0.0000
vt 1.0000 0.2500 0.0000
vt 1.0000 0.2917 0.0000
vt 0.0833 0.3333 0.0000
vt 0.0000 0.3333 0.0000
vt 0.1667 0.3333 0.0000
vt 0.2500 0.3333 0.0000
vt 0.3333 0.3333 0.0000
vt 0.4167 0.3333 0.0000
vt 0.5000 0.3333 0.0000
vt 0.5833 0.3333 0.0000
vt 0.6667 0.3333 0.0000
vt 0.7500 0.3333 0.0000
vt 0.8333 0.3333 0.0000
vt 0.9167 0.3333 0.0000
vt 1.0000 0.3333 0.0000
vt 0.0833 0.3750 0.0000
vt 0.0000 0.3750 0.0000
vt 0.1667 0.3750 0.0000
vt 0.2500 0.3750 0.0000
vt 0.3333 0.3750 0.0000
vt 0.4167 0.3750 0.0000
vt 0.5000 0.3750 0.0000
vt 0.5833 0.3750 0.0000
vt 0.6667 0.3750 0.0000
vt 0.7500 0.3750 0.0000
vt 0.8333 0.3750 0.0000
vt 0.9167 0.3750 0.0000
vt 1.0000 0.3750 0.0000
vt 0.0833 0.4167 0.0000
vt 0.0000 0.4167 0.0000
vt 0.1667 0.4167 0.0000
vt 0.2500 0.4167 0.0000
vt 0.3333 0.4167 0.0000
vt 0.4167 0.4167 0.0000
vt 0.5000 0.4167 0.0000
vt 0.5833 0.4167 0.0000
vt 0.6667 0.4167 0.0000
vt 0.7500 0.4167 0.0000
vt 0.8333 0.4167 0.0000
vt 0.9167 0.4167 0.0000
vt 1.0000 0.4167 0.0000
vt 0.0833 0.4583 0.0000
vt 0.0000 0.4583 0.0000
vt 0.1667 0.4583 0.0000
vt 0.2500 0.4583 0.0000
vt 0.3333 0.4583 0.0000
vt 0.4167 0.4583 0.0000
vt 0.5000 0.4583 0.0000
vt 0.5833 0.4583 0.0000
vt 0.6667 0.4583 0.0000
vt 0.7500 0.4583 0.0000
vt 0.8333 0.4583 0.0000
vt 0.9167 0.4583 0.0000
vt 1.0000 0.4583 0.0000
vt 0.0833 0.5000 0.0000
vt 0.0000 0.5000 0.0000
vt 0.1667 0.5000 0.0000
vt 0.2500 0.5000 0.0000
vt 0.3333 0.5000 0.0000
vt 0.4167 0.5000 0.0000
vt 0.5000 0.5000 0.0000
vt 0.5833 0.5000 0.0000
vt 0.6667 0.5000 0.0000
vt 0.7500 0.5000 0.0000
vt 0.8333 0.5000 0.0000
vt 0.9167 0.5000 0.0000
vt 1.0000 0.5000 0.0000
# 91 texture coords

o Torus004
g Torus004
usemtl wire_184155229
s 1
f 1015/901 1014/900 1013/899 1012/898 
f 1014/900 1017/903 1016/902 1013/899 
f 1017/903 1019/905 1018/904 1016/902 
f 1019/905 1021/907 1020/906 1018/904 
f 1021/907 1023/909 1022/908 1020/906 
f 1023/909 1025/911 1024/910 1022/908 
f 1025/911 1027/913 1026/912 1024/910 
f 1027/913 1029/915 1028/914 1026/912 
f 1029/915 1031/917 1030/916 1028/914 
f 1031/917 1033/919 1032/918 1030/916 
f 1033/919 1035/921 1034/920 1032/918 
f 1035/921 1015/923 1012/922 1034/920 
f 1037/925 1036/924 1014/900 1015/901 
f 1036/924 1038/926 1017/903 1014/900 
f 1038/926 1039/927 1019/905 1017/903 
f 1039/927 1040/928 1021/907 1019/905 
f 1040/928 1041/929 1023/909 1021/907 
f 1041/929 1042/930 1025/911 1023/909 
f 1042/930 1043/931 1027/913 1025/911 
f 1043/931 1044/932 1029/915 1027/913 
f 1044/932 1045/933 1031/917 1029/915 
f 1045/933 1046/934 1033/919 1031/917 
f 1046/934 1047/935 1035/921 1033/919 
f 1047/935 1037/936 1015/923 1035/921 
f 1049/938 1048/937 1036/924 1037/925 
f 1048/937 1050/939 1038/926 1036/924 
f 1050/939 1051/940 1039/927 1038/926 
f 1051/940 1052/941 1040/928 1039/927 
f 1052/941 1053/942 1041/929 1040/928 
f 1053/942 1054/943 1042/930 1041/929 
f 1054/943 1055/944 1043/931 1042/930 
f 1055/944 1056/945 1044/932 1043/931 
f 1056/945 1057/946 1045/933 1044/932 
f 1057/946 1058/947 1046/934 1045/933 
f 1058/947 1059/948 1047/935 1046/934 
f 1059/948 1049/949 1037/936 1047/935 
f 1061/951 1060/950 1048/937 1049/938 
f 1060/950 1062/952 1050/939 1048/937 
f 1062/952 1063/953 1051/940 1050/939 
f 1063/953 1064/954 1052/941 1051/940 
f 1064/954 1065/955 1053/942 1052/941 
f 1065/955 1066/956 1054/943 1053/942 
f 1066/956 1067/957 1055/944 1054/943 
f 1067/957 1068/958 1056/945 1055/944 
f 1068/958 1069/959 1057/946 1056/945 
f 1069/959 1070/960 1058/947 1057/946 
f 1070/960 1071/961 1059/948 1058/947 
f 1071/961 1061/962 1049/949 1059/948 
f 1073/964 1072/963 1060/950 1061/951 
f 1072/963 1074/965 1062/952 1060/950 
f 1074/965 1075/966 1063/953 1062/952 
f 1075/966 1076/967 1064/954 1063/953 
f 1076/967 1077/968 1065/955 1064/954 
f 1077/968 1078/969 1066/956 1065/955 
f 1078/969 1079/970 1067/957 1066/956 
f 1079/970 1080/971 1068/958 1067/957 
f 1080/971 1081/972 1069/959 1068/958 
f 1081/972 1082/973 1070/960 1069/959 
f 1082/973 1083/974 1071/961 1070/960 
f 1083/974 1073/975 1061/962 1071/961 
f 1085/977 1084/976 1072/963 1073/964 
f 1084/976 1086/978 1074/965 1072/963 
f 1086/978 1087/979 1075/966 1074/965 
f 1087/979 1088/980 1076/967 1075/966 
f 1088/980 1089/981 1077/968 1076/967 
f 1089/981 1090/982 1078/969 1077/968 
f 1090/982 1091/983 1079/970 1078/969 
f 1091/983 1092/984 1080/971 1079/970 
f 1092/984 1093/985 1081/972 1080/971 
f 1093/985 1094/986 1082/973 1081/972 
f 1094/986 1095/987 1083/974 1082/973 
f 1095/987 1085/988 1073/975 1083/974 
# 72 polygons

#
# object Box004
#

v  257.9484 212.2099 -508.8144
v  188.9725 212.2099 -508.8144
v  188.9725 343.0199 -416.3062
v  257.9484 343.0199 -416.3062
v  182.8454 212.2099 -498.4899
v  182.8454 212.2099 -380.6600
v  182.8455 355.5011 -315.7696
v  182.8454 341.7055 -407.7272
v  264.0755 341.7055 -407.7272
v  257.9484 349.5795 -404.0766
v  188.9725 349.5795 -404.0766
v  257.9484 363.9138 -311.4425
v  264.0755 355.5011 -315.7696
v  264.0755 212.2099 -498.4899
v  188.9725 363.9138 -311.4425
v  264.0755 212.2099 -380.6600
# 16 vertices

vt 0.0609 0.0707 0.0000
vt 0.9391 0.0707 0.0000
vt 0.9391 0.9293 0.0000
vt 0.0609 0.9293 0.0000
vt 0.0686 0.0849 0.0000
vt 0.5743 0.0849 0.0000
vt 0.8439 0.9151 0.0000
vt 0.0657 0.9151 0.0000
vt 0.9623 0.9151 0.0000
vt 1.0000 0.9293 0.0000
vt 0.9453 1.0000 0.0000
vt 1.0000 0.9679 0.0000
vt 0.9443 1.0000 0.0000
vt 0.9391 0.9453 0.0000
vt 0.9391 0.1504 0.0000
vt 1.0000 0.1803 0.0000
vt 1.0000 0.9453 0.0000
vt 0.0609 0.9453 0.0000
vt 0.9391 1.0000 0.0000
vt 0.0609 1.0000 0.0000
vt 0.9540 0.0849 0.0000
vt 1.0000 0.0707 0.0000
vt 0.0609 0.1504 0.0000
vt 0.4473 0.0849 0.0000
vt 0.1827 0.9151 0.0000
vt 0.0000 0.9453 0.0000
vt 0.0000 0.1803 0.0000
# 27 texture coords

o Box004
g Box004
usemtl wire_228153184
s 1
f 1096/989 1097/990 1098/991 1099/992 
f 1100/993 1101/994 1102/995 1103/996 
s 4
f 1104/997 1099/998 1105/999 
f 1098/991 1103/1000 1106/1001 
f 1105/1002 1107/1003 1108/1004 1104/1005 
s 1
f 1106/1006 1105/1002 1099/1007 1098/1008 
s 4
f 1104/997 1109/1009 1096/1010 1099/998 
f 1098/991 1097/990 1100/1010 1103/998 
s 1
f 1107/1003 1105/1002 1106/1006 1110/1011 
f 1111/1012 1109/1009 1104/997 1108/1013 
s 4
f 1110/1011 1106/1006 1103/1014 1102/1015 
# 9 polygons - 2 triangles

#
# object Torus002
#

v  -561.0969 321.0839 -426.1425
v  -550.0353 318.7324 -424.3382
v  -550.0353 288.6611 -454.4095
v  -561.0968 290.4655 -456.7609
v  -541.9376 312.3082 -419.4086
v  -541.9376 283.7316 -447.9852
v  -538.9737 303.5324 -412.6748
v  -538.9737 276.9977 -439.2095
v  -541.9376 294.7567 -405.9409
v  -541.9376 270.2639 -430.4337
v  -550.0353 288.3324 -401.0114
v  -550.0353 265.3344 -424.0095
v  -561.0969 285.9810 -399.2071
v  -561.0968 263.5300 -421.6580
v  -572.1584 288.3324 -401.0114
v  -572.1584 265.3344 -424.0095
v  -580.2560 294.7567 -405.9409
v  -580.2560 270.2639 -430.4337
v  -583.2200 303.5324 -412.6748
v  -583.2200 276.9977 -439.2095
v  -580.2560 312.3082 -419.4086
v  -580.2560 283.7316 -447.9852
v  -572.1584 318.7324 -424.3382
v  -572.1584 288.6611 -454.4095
v  -550.0353 251.8313 -475.6732
v  -561.0968 252.9657 -478.4115
v  -541.9376 248.7326 -468.1919
v  -538.9737 244.4995 -457.9724
v  -541.9376 240.2664 -447.7528
v  -550.0353 237.1676 -440.2715
v  -561.0968 236.0333 -437.5332
v  -572.1584 237.1676 -440.2715
v  -580.2560 240.2664 -447.7528
v  -583.2200 244.4995 -457.9723
v  -580.2560 248.7325 -468.1919
v  -572.1584 251.8314 -475.6731
v  -550.0352 210.7532 -486.6800
v  -561.0968 211.1401 -489.6186
v  -541.9376 209.6962 -478.6516
v  -538.9737 208.2524 -467.6847
v  -541.9376 206.8085 -456.7178
v  -550.0353 205.7516 -448.6894
v  -561.0968 205.3647 -445.7508
v  -572.1584 205.7516 -448.6894
v  -580.2560 206.8086 -456.7177
v  -583.2200 208.2524 -467.6847
v  -580.2560 209.6962 -478.6517
v  -572.1584 210.7532 -486.6800
v  -550.0352 168.2259 -486.6800
v  -561.0968 167.8390 -489.6186
v  -541.9376 169.2828 -478.6516
v  -538.9737 170.7267 -467.6847
v  -541.9376 172.1705 -456.7177
v  -550.0353 173.2274 -448.6894
v  -561.0968 173.6143 -445.7509
v  -572.1584 173.2274 -448.6894
v  -580.2560 172.1705 -456.7178
v  -583.2200 170.7267 -467.6847
v  -580.2560 169.2828 -478.6516
v  -572.1584 168.2259 -486.6800
# 60 vertices

vt 0.0000 0.2917 0.0000
vt 0.0833 0.2917 0.0000
vt 0.0833 0.3333 0.0000
vt 0.0000 0.3333 0.0000
vt 0.1667 0.2917 0.0000
vt 0.1667 0.3333 0.0000
vt 0.2500 0.2917 0.0000
vt 0.2500 0.3333 0.0000
vt 0.3333 0.2917 0.0000
vt 0.3333 0.3333 0.0000
vt 0.4167 0.2917 0.0000
vt 0.4167 0.3333 0.0000
vt 0.5000 0.2917 0.0000
vt 0.5000 0.3333 0.0000
vt 0.5833 0.2917 0.0000
vt 0.5833 0.3333 0.0000
vt 0.6667 0.2917 0.0000
vt 0.6667 0.3333 0.0000
vt 0.7500 0.2917 0.0000
vt 0.7500 0.3333 0.0000
vt 0.8333 0.2917 0.0000
vt 0.8333 0.3333 0.0000
vt 0.9167 0.2917 0.0000
vt 0.9167 0.3333 0.0000
vt 1.0000 0.2917 0.0000
vt 1.0000 0.3333 0.0000
vt 0.0833 0.3750 0.0000
vt 0.0000 0.3750 0.0000
vt 0.1667 0.3750 0.0000
vt 0.2500 0.3750 0.0000
vt 0.3333 0.3750 0.0000
vt 0.4167 0.3750 0.0000
vt 0.5000 0.3750 0.0000
vt 0.5833 0.3750 0.0000
vt 0.6667 0.3750 0.0000
vt 0.7500 0.3750 0.0000
vt 0.8333 0.3750 0.0000
vt 0.9167 0.3750 0.0000
vt 1.0000 0.3750 0.0000
vt 0.0833 0.4167 0.0000
vt 0.0000 0.4167 0.0000
vt 0.1667 0.4167 0.0000
vt 0.2500 0.4167 0.0000
vt 0.3333 0.4167 0.0000
vt 0.4167 0.4167 0.0000
vt 0.5000 0.4167 0.0000
vt 0.5833 0.4167 0.0000
vt 0.6667 0.4167 0.0000
vt 0.7500 0.4167 0.0000
vt 0.8333 0.4167 0.0000
vt 0.9167 0.4167 0.0000
vt 1.0000 0.4167 0.0000
vt 0.0833 0.4583 0.0000
vt 0.0000 0.4583 0.0000
vt 0.1667 0.4583 0.0000
vt 0.2500 0.4583 0.0000
vt 0.3333 0.4583 0.0000
vt 0.4167 0.4583 0.0000
vt 0.5000 0.4583 0.0000
vt 0.5833 0.4583 0.0000
vt 0.6667 0.4583 0.0000
vt 0.7500 0.4583 0.0000
vt 0.8333 0.4583 0.0000
vt 0.9167 0.4583 0.0000
vt 1.0000 0.4583 0.0000
# 65 texture coords

o Torus002
g Torus002
usemtl wire_184155229
s 1
f 1112/1016 1113/1017 1114/1018 1115/1019 
f 1113/1017 1116/1020 1117/1021 1114/1018 
f 1116/1020 1118/1022 1119/1023 1117/1021 
f 1118/1022 1120/1024 1121/1025 1119/1023 
f 1120/1024 1122/1026 1123/1027 1121/1025 
f 1122/1026 1124/1028 1125/1029 1123/1027 
f 1124/1028 1126/1030 1127/1031 1125/1029 
f 1126/1030 1128/1032 1129/1033 1127/1031 
f 1128/1032 1130/1034 1131/1035 1129/1033 
f 1130/1034 1132/1036 1133/1037 1131/1035 
f 1132/1036 1134/1038 1135/1039 1133/1037 
f 1134/1038 1112/1040 1115/1041 1135/1039 
f 1115/1019 1114/1018 1136/1042 1137/1043 
f 1114/1018 1117/1021 1138/1044 1136/1042 
f 1117/1021 1119/1023 1139/1045 1138/1044 
f 1119/1023 1121/1025 1140/1046 1139/1045 
f 1121/1025 1123/1027 1141/1047 1140/1046 
f 1123/1027 1125/1029 1142/1048 1141/1047 
f 1125/1029 1127/1031 1143/1049 1142/1048 
f 1127/1031 1129/1033 1144/1050 1143/1049 
f 1129/1033 1131/1035 1145/1051 1144/1050 
f 1131/1035 1133/1037 1146/1052 1145/1051 
f 1133/1037 1135/1039 1147/1053 1146/1052 
f 1135/1039 1115/1041 1137/1054 1147/1053 
f 1137/1043 1136/1042 1148/1055 1149/1056 
f 1136/1042 1138/1044 1150/1057 1148/1055 
f 1138/1044 1139/1045 1151/1058 1150/1057 
f 1139/1045 1140/1046 1152/1059 1151/1058 
f 1140/1046 1141/1047 1153/1060 1152/1059 
f 1141/1047 1142/1048 1154/1061 1153/1060 
f 1142/1048 1143/1049 1155/1062 1154/1061 
f 1143/1049 1144/1050 1156/1063 1155/1062 
f 1144/1050 1145/1051 1157/1064 1156/1063 
f 1145/1051 1146/1052 1158/1065 1157/1064 
f 1146/1052 1147/1053 1159/1066 1158/1065 
f 1147/1053 1137/1054 1149/1067 1159/1066 
f 1149/1056 1148/1055 1160/1068 1161/1069 
f 1148/1055 1150/1057 1162/1070 1160/1068 
f 1150/1057 1151/1058 1163/1071 1162/1070 
f 1151/1058 1152/1059 1164/1072 1163/1071 
f 1152/1059 1153/1060 1165/1073 1164/1072 
f 1153/1060 1154/1061 1166/1074 1165/1073 
f 1154/1061 1155/1062 1167/1075 1166/1074 
f 1155/1062 1156/1063 1168/1076 1167/1075 
f 1156/1063 1157/1064 1169/1077 1168/1076 
f 1157/1064 1158/1065 1170/1078 1169/1077 
f 1158/1065 1159/1066 1171/1079 1170/1078 
f 1159/1066 1149/1067 1161/1080 1171/1079 
# 48 polygons

#
# object Cylinder014
#

v  -721.3848 153.6716 -481.9644
v  -721.3849 153.6717 -349.1325
v  -721.3849 189.4824 -387.1110
v  -721.3848 189.4824 -443.9860
v  -731.6046 208.8447 -452.6154
v  -731.6047 208.8447 -378.4815
v  -519.7388 208.8495 -378.4814
v  -519.7387 208.8495 -452.6153
v  -731.6047 205.7418 -372.1792
v  -731.6591 162.4759 -328.4799
v  -519.6653 162.4725 -328.4843
v  -519.6541 205.7286 -372.1963
v  -731.6591 155.4762 -326.0988
v  -731.6590 93.3018 -326.0988
v  -519.6293 93.3018 -326.1170
v  -519.6293 155.4762 -326.1170
v  -731.6590 86.3020 -328.4799
v  -731.6047 29.4857 -372.1792
v  -519.6541 29.4990 -372.1964
v  -519.6653 86.3055 -328.4843
v  -731.6047 26.3829 -378.4816
v  -731.6046 26.3828 -452.6155
v  -519.7387 26.3781 -452.6154
v  -519.7388 26.3781 -378.4814
v  -731.6046 29.4857 -458.9179
v  -731.6589 86.3020 -502.6170
v  -519.6652 86.3055 -502.6124
v  -519.6540 29.4990 -458.9005
v  -731.6589 93.3018 -504.9982
v  -731.6589 155.4761 -504.9982
v  -519.6292 155.4762 -504.9797
v  -519.6292 93.3018 -504.9797
v  -731.6589 162.4759 -502.6170
v  -731.6047 205.7418 -458.9178
v  -519.6540 205.7285 -458.9004
v  -519.6652 162.4724 -502.6124
v  -740.1177 201.7586 -378.7944
v  -740.1177 204.9096 -380.4832
v  -740.1177 204.9097 -450.6138
v  -740.1176 201.7587 -452.3026
v  -740.1177 197.1960 -448.9860
v  -740.1177 197.1960 -382.1110
v  -740.1176 201.7559 -457.0197
v  -740.1176 161.1658 -498.6752
v  -740.1176 157.2404 -497.2639
v  -740.1176 155.9471 -491.1485
v  -740.1176 154.1107 -501.0752
v  -740.1176 94.6671 -501.0752
v  -740.1176 91.5374 -497.2640
v  -740.1176 92.8308 -491.1486
v  -740.1176 87.6121 -498.6752
v  -740.1176 33.4718 -457.0197
v  -740.1176 33.4689 -452.3026
v  -740.1176 38.0315 -448.9861
v  -740.1176 30.3179 -450.6138
v  -740.1177 30.3179 -380.4832
v  -740.1177 33.4689 -378.7944
v  -740.1177 38.0316 -382.1110
v  -740.1177 33.4717 -374.0774
v  -740.1177 87.6121 -332.4218
v  -740.1177 91.5375 -333.8330
v  -740.1177 92.8308 -339.9485
v  -740.1177 94.6672 -330.0218
v  -740.1177 154.1107 -330.0218
v  -740.1177 157.2405 -333.8331
v  -740.1177 155.9471 -339.9485
v  -740.1177 161.1658 -332.4218
v  -740.1177 201.7558 -374.0774
v  -721.3848 95.1062 -481.9644
v  -721.3848 45.7451 -443.9860
v  -721.3848 45.7452 -387.1110
v  -721.3848 95.1063 -349.1326
# 72 vertices

vt 0.6250 0.0000 1.0000
vt 0.0000 0.0000 1.0000
vt -0.1250 0.0000 1.0000
vt 0.1161 0.0000 0.4142
vt 0.7547 0.0180 1.0000
vt 0.8703 0.0180 1.0000
vt 0.8703 1.0000 1.0000
vt 0.7547 1.0000 1.0000
vt -0.1189 0.0180 1.0000
vt -0.0061 0.0180 1.0000
vt -0.0061 1.0000 1.0000
vt -0.1189 1.0000 1.0000
vt 0.0028 0.0180 1.0000
vt 0.1222 0.0180 1.0000
vt 0.1222 1.0000 1.0000
vt 0.0028 1.0000 1.0000
vt 0.1311 0.0180 1.0000
vt 0.2439 0.0180 1.0000
vt 0.2439 1.0000 1.0000
vt 0.1311 1.0000 1.0000
vt 0.2547 0.0180 1.0000
vt 0.3703 0.0180 1.0000
vt 0.3703 1.0000 1.0000
vt 0.2547 1.0000 1.0000
vt 0.3811 0.0180 1.0000
vt 0.4939 0.0180 1.0000
vt 0.4939 1.0000 1.0000
vt 0.3811 1.0000 1.0000
vt 0.5028 0.0180 1.0000
vt 0.6222 0.0180 1.0000
vt 0.6222 1.0000 1.0000
vt 0.5028 1.0000 1.0000
vt 0.6311 0.0180 1.0000
vt 0.7439 0.0180 1.0000
vt 0.7439 1.0000 1.0000
vt 0.6311 1.0000 1.0000
vt -0.1154 0.0000 0.9768
vt 0.1066 0.0000 0.4374
vt 0.1427 0.0000 0.4448
vt 0.5987 0.0000 0.9698
vt 0.6222 0.0000 1.0000
vt 0.5028 0.0000 1.0000
vt 0.5000 0.0000 1.0000
vt 0.4935 0.0000 1.0000
vt 0.3815 0.0000 1.0000
vt 0.3750 0.0000 1.0000
vt 0.3700 0.0000 1.0000
vt 0.2550 0.0000 1.0000
vt 0.2500 0.0000 1.0000
vt 0.2435 0.0000 1.0000
vt 0.1315 0.0000 1.0000
vt 0.1250 0.0000 1.0000
vt 0.1222 0.0000 1.0000
vt 0.0028 0.0000 1.0000
vt -0.0065 0.0000 1.0000
vt -0.1185 0.0000 1.0000
vt -0.1160 0.0000 0.9781
vt 0.1071 0.0000 0.4361
vt 0.1411 0.0000 0.4429
vt 0.6001 0.0000 0.9713
vt -0.0061 0.0000 1.0000
vt -0.1189 0.0000 1.0000
vt 0.8750 0.0180 1.0000
vt 0.8750 1.0000 1.0000
vt 0.0000 0.0180 1.0000
# 65 texture coords

o Cylinder014
g Cylinder014
usemtl wire_154154229
s 1
f 1172/1081 1173/1082 1174/1083 1175/1084 
f 1176/1085 1177/1086 1178/1087 1179/1088 
f 1180/1089 1181/1090 1182/1091 1183/1092 
f 1184/1093 1185/1094 1186/1095 1187/1096 
f 1188/1097 1189/1098 1190/1099 1191/1100 
f 1192/1101 1193/1102 1194/1103 1195/1104 
f 1196/1105 1197/1106 1198/1107 1199/1108 
f 1200/1109 1201/1110 1202/1111 1203/1112 
f 1204/1113 1205/1114 1206/1115 1207/1116 
s 2
f 1208/1083 1209/1117 1210/1118 1211/1084 1212/1084 1213/1083 
f 1211/1084 1214/1119 1215/1120 1216/1081 1217/1081 1212/1084 
f 1216/1081 1218/1121 1219/1122 1220/1123 1221/1123 1217/1081 
f 1220/1123 1222/1124 1223/1125 1224/1126 1225/1126 1221/1123 
f 1224/1126 1226/1127 1227/1128 1228/1129 1229/1129 1225/1126 
f 1228/1129 1230/1130 1231/1131 1232/1132 1233/1132 1229/1129 
f 1232/1132 1234/1133 1235/1134 1236/1082 1237/1082 1233/1132 
f 1236/1082 1238/1135 1239/1136 1208/1083 1213/1083 1237/1082 
s 4
f 1213/1083 1212/1084 1175/1084 1174/1083 
s 8
f 1212/1084 1217/1081 1172/1081 1175/1084 
s 4
f 1217/1081 1221/1123 1240/1123 1172/1081 
s 8
f 1221/1123 1225/1126 1241/1126 1240/1123 
s 4
f 1225/1126 1229/1129 1242/1129 1241/1126 
s 8
f 1229/1129 1233/1132 1243/1132 1242/1129 
s 4
f 1233/1132 1237/1082 1173/1082 1243/1132 
s 8
f 1237/1082 1213/1083 1174/1083 1173/1082 
s 1
f 1210/1118 1209/1117 1177/1137 1176/1138 
f 1215/1120 1214/1119 1205/1139 1204/1140 
f 1219/1122 1218/1121 1201/1110 1200/1109 
f 1223/1125 1222/1124 1197/1106 1196/1105 
f 1227/1128 1226/1127 1193/1102 1192/1101 
f 1231/1131 1230/1130 1189/1098 1188/1097 
f 1235/1134 1234/1133 1185/1094 1184/1093 
f 1239/1136 1238/1135 1181/1141 1180/1142 
s 2
f 1209/1117 1208/1083 1239/1136 
f 1214/1119 1211/1084 1210/1118 
f 1218/1121 1216/1081 1215/1120 
f 1222/1124 1220/1123 1219/1122 
f 1226/1127 1224/1126 1223/1125 
f 1230/1130 1228/1129 1227/1128 
f 1234/1133 1232/1132 1231/1131 
f 1238/1135 1236/1082 1235/1134 
s 1
f 1178/1087 1177/1086 1180/1143 1183/1144 
f 1176/1085 1179/1088 1206/1115 1205/1114 
f 1182/1091 1181/1090 1184/1093 1187/1096 
f 1186/1095 1185/1094 1188/1097 1191/1100 
f 1190/1099 1189/1098 1192/1101 1195/1104 
f 1194/1103 1193/1102 1196/1105 1199/1108 
f 1198/1107 1197/1106 1200/1109 1203/1112 
f 1202/1111 1201/1110 1204/1113 1207/1116 
f 1177/1137 1209/1117 1239/1136 1180/1142 
f 1210/1118 1176/1138 1205/1139 1214/1119 
f 1215/1120 1204/1140 1201/1081 1218/1081 
f 1219/1122 1200/1109 1197/1106 1222/1124 
f 1223/1125 1196/1105 1193/1102 1226/1127 
f 1227/1128 1192/1101 1189/1098 1230/1130 
f 1231/1131 1188/1097 1185/1094 1234/1133 
f 1235/1134 1184/1093 1181/1145 1238/1082 
f 1172/1081 1240/1123 1243/1132 1173/1082 
f 1240/1123 1241/1126 1242/1129 1243/1132 
# 51 polygons - 8 triangles

#
# object Object024
#

v  -549.0974 -30.4382 456.5216
v  -582.9872 -30.4383 456.5215
v  -582.9872 -13.3349 456.5215
v  -549.0974 -13.3347 456.5216
v  -582.9873 -30.4383 420.1985
v  -606.9511 -30.4384 396.2347
v  -606.9512 3.0592 396.2347
v  -582.9874 3.0593 420.1985
v  -643.2742 -30.4385 396.2347
v  -643.2742 -30.4385 366.4138
v  -643.2743 -13.3350 366.4138
v  -643.2743 -13.3350 396.2347
v  -488.8105 -30.4380 366.4139
v  -488.8104 -30.4380 396.2347
v  -488.8105 -13.3345 396.2347
v  -488.8105 -13.3345 366.4139
v  -525.1336 -30.4381 396.2347
v  -549.0974 -30.4382 420.1985
v  -549.0975 3.0594 420.1985
v  -525.1337 3.0595 396.2347
v  -582.9877 47.7484 420.1985
v  -549.0978 47.7486 420.1986
v  -606.9515 47.7484 396.2348
v  -606.9512 3.0592 366.4138
v  -606.9515 47.7484 366.4139
v  -525.1340 47.7486 396.2348
v  -525.1340 47.7486 366.4139
v  -525.1337 3.0595 366.4139
v  -606.9511 -30.4384 366.4138
v  -525.1336 -30.4381 366.4138
# 30 vertices

vt 0.6156 0.7870 0.0000
vt 0.6023 0.7870 0.0000
vt 0.6023 0.7803 0.0000
vt 0.6156 0.7803 0.0000
vt 0.2419 0.9090 0.0000
vt 0.2326 0.9090 0.0000
vt 0.2326 0.8959 0.0000
vt 0.2419 0.8959 0.0000
vt 0.9670 0.1812 0.0000
vt 0.9802 0.1812 0.0000
vt 0.9802 0.1879 0.0000
vt 0.9670 0.1879 0.0000
vt 0.9413 0.0564 0.0000
vt 0.9280 0.0564 0.0000
vt 0.9280 0.0631 0.0000
vt 0.9413 0.0631 0.0000
vt 0.2646 0.9090 0.0000
vt 0.2552 0.9090 0.0000
vt 0.2552 0.8959 0.0000
vt 0.2646 0.8959 0.0000
vt 0.2419 0.8463 0.0000
vt 0.2552 0.8463 0.0000
vt 0.2326 0.8463 0.0000
vt 0.5329 0.9733 0.0000
vt 0.5824 0.9733 0.0000
vt 0.5824 0.9866 0.0000
vt 0.5329 0.9866 0.0000
vt 0.9280 0.0787 0.0000
vt 0.9280 0.1282 0.0000
vt 0.9413 0.1282 0.0000
vt 0.9413 0.0787 0.0000
vt 0.2646 0.8463 0.0000
vt 0.5903 0.7701 0.0000
vt 0.6023 0.7647 0.0000
vt 0.5962 0.7830 0.0000
vt 0.6156 0.7647 0.0000
vt 0.6275 0.7701 0.0000
vt 0.6217 0.7830 0.0000
vt 0.2788 0.9023 0.0000
vt 0.2788 0.9090 0.0000
vt 0.9802 0.2041 0.0000
vt 0.9670 0.2041 0.0000
vt 0.2183 0.9090 0.0000
vt 0.2183 0.9023 0.0000
# 44 texture coords

o Object024
g Object024
usemtl wire_087225087
s 8
f 1247/1149 1246/1148 1245/1147 1244/1146 
f 1251/1153 1250/1152 1249/1151 1248/1150 
f 1255/1157 1254/1156 1253/1155 1252/1154 
f 1259/1161 1258/1160 1257/1159 1256/1158 
f 1263/1165 1262/1164 1261/1163 1260/1162 
f 1262/1164 1265/1167 1264/1166 1251/1153 
f 1251/1153 1264/1166 1266/1168 1250/1152 
f 1250/1172 1266/1171 1268/1170 1267/1169 
f 1271/1176 1270/1175 1269/1174 1263/1173 
f 1263/1165 1269/1177 1265/1167 1262/1164 
s off
f 1245/1180 1246/1148 1251/1179 1248/1178 
f 1246/1148 1247/1149 1262/1181 1251/1179 
f 1247/1149 1244/1183 1261/1182 1262/1181 
f 1253/1185 1254/1184 1267/1165 1272/1162 
f 1254/1156 1255/1157 1250/1187 1267/1186 
f 1255/1189 1252/1188 1249/1151 1250/1152 
f 1257/1185 1258/1184 1263/1165 1260/1162 
f 1258/1160 1259/1161 1271/1176 1263/1173 
f 1259/1189 1256/1188 1273/1151 1271/1152 
# 19 polygons

#
# object Object025
#

v  -529.9077 -72.3735 466.2169
v  -479.6740 -72.3734 415.9832
v  -651.1827 -72.3737 415.9831
v  -600.9490 -72.3736 466.2169
v  -608.5342 -66.1708 484.5291
v  -669.4950 -66.1709 423.5683
v  -669.4950 -33.4011 423.5682
v  -608.5342 -33.4010 484.5291
v  -669.4948 -66.1709 335.3097
v  -669.4949 -33.4011 335.3097
v  -461.3617 -66.1707 335.3096
v  -461.3618 -66.1707 423.5683
v  -461.3618 -33.4008 423.5683
v  -461.3618 -33.4008 335.3096
v  -522.3226 -66.1707 484.5291
v  -522.3227 -33.4009 484.5291
v  -530.2650 -27.1981 466.2169
v  -601.3062 -27.1982 466.2169
v  -651.5399 -27.1983 415.9830
v  -480.0312 -27.1981 415.9832
v  -479.6739 -72.3735 335.3096
v  -651.1827 -72.3737 335.3097
v  -651.5399 -27.1983 335.3097
v  -480.0311 -27.1981 335.3096
# 24 vertices

vt 0.9540 0.5572 0.0000
vt 0.9741 0.5767 0.0000
vt 0.9071 0.5768 0.0000
vt 0.9268 0.5572 0.0000
vt 0.4860 0.0082 0.0000
vt 0.5098 0.0082 0.0000
vt 0.5098 0.0210 0.0000
vt 0.4860 0.0210 0.0000
vt 0.5436 0.0082 0.0000
vt 0.5436 0.0210 0.0000
vt 0.3946 0.0082 0.0000
vt 0.4283 0.0082 0.0000
vt 0.4283 0.0210 0.0000
vt 0.3946 0.0210 0.0000
vt 0.4522 0.0082 0.0000
vt 0.4522 0.0210 0.0000
vt 0.9000 0.5739 0.0000
vt 0.9238 0.5500 0.0000
vt 0.9571 0.5500 0.0000
vt 0.9813 0.5736 0.0000
vt 0.9813 0.6074 0.0000
vt 0.9741 0.6046 0.0000
vt 0.9000 0.6076 0.0000
vt 0.9071 0.6046 0.0000
# 24 texture coords

o Object025
g Object025
usemtl wire_087225087
s 1
f 1277/1193 1276/1192 1275/1191 1274/1190 
s 8
f 1281/1197 1280/1196 1279/1195 1278/1194 
f 1280/1196 1283/1199 1282/1198 1279/1195 
f 1287/1203 1286/1202 1285/1201 1284/1200 
f 1286/1202 1289/1205 1288/1204 1285/1201 
f 1289/1205 1281/1197 1278/1194 1288/1204 
s 1
f 1293/1192 1292/1191 1291/1190 1290/1193 
s off
f 1276/1192 1277/1193 1278/1207 1279/1206 
f 1277/1193 1274/1190 1288/1208 1278/1207 
f 1274/1190 1275/1191 1285/1209 1288/1208 
f 1275/1191 1294/1211 1284/1210 1285/1209 
f 1295/1213 1276/1192 1279/1206 1282/1212 
f 1291/1190 1292/1191 1280/1209 1281/1208 
f 1292/1191 1296/1211 1283/1210 1280/1209 
f 1297/1213 1293/1192 1286/1206 1287/1212 
f 1293/1192 1290/1193 1289/1207 1286/1206 
f 1290/1193 1291/1190 1281/1208 1289/1207 
s 1
f 1276/1192 1295/1213 1294/1211 1275/1191 
f 1293/1192 1297/1213 1296/1211 1292/1191 
# 19 polygons

#
# object Object021
#

v  -549.0975 -30.4383 -456.5215
v  -582.9873 -30.4384 -456.5215
v  -582.9874 -13.3349 -456.5215
v  -549.0975 -13.3348 -456.5215
v  -582.9874 -30.4384 -420.1984
v  -606.9512 -30.4384 -396.2346
v  -606.9512 3.0592 -396.2346
v  -582.9875 3.0593 -420.1985
v  -643.2742 -30.4386 -396.2346
v  -643.2742 -30.4386 -366.4137
v  -643.2744 -13.3351 -366.4137
v  -643.2744 -13.3351 -396.2346
v  -488.8106 -30.4380 -366.4138
v  -488.8105 -30.4380 -396.2347
v  -488.8106 -13.3346 -396.2347
v  -488.8106 -13.3346 -366.4138
v  -525.1337 -30.4382 -396.2347
v  -549.0975 -30.4383 -420.1984
v  -549.0975 3.0594 -420.1985
v  -525.1337 3.0595 -396.2347
v  -582.9877 47.7484 -420.1985
v  -549.0979 47.7485 -420.1985
v  -606.9515 47.7483 -396.2347
v  -606.9512 3.0592 -366.4138
v  -606.9516 47.7483 -366.4138
v  -525.1341 47.7486 -396.2348
v  -525.1341 47.7486 -366.4138
v  -525.1337 3.0595 -366.4138
v  -606.9512 -30.4384 -366.4138
v  -525.1337 -30.4382 -366.4138
# 30 vertices

vt 0.6156 0.7870 0.0000
vt 0.6023 0.7870 0.0000
vt 0.6023 0.7803 0.0000
vt 0.6156 0.7803 0.0000
vt 0.2419 0.9090 0.0000
vt 0.2326 0.9090 0.0000
vt 0.2326 0.8959 0.0000
vt 0.2419 0.8959 0.0000
vt 0.9670 0.1812 0.0000
vt 0.9802 0.1812 0.0000
vt 0.9802 0.1879 0.0000
vt 0.9670 0.1879 0.0000
vt 0.9413 0.0564 0.0000
vt 0.9280 0.0564 0.0000
vt 0.9280 0.0631 0.0000
vt 0.9413 0.0631 0.0000
vt 0.2646 0.9090 0.0000
vt 0.2552 0.9090 0.0000
vt 0.2552 0.8959 0.0000
vt 0.2646 0.8959 0.0000
vt 0.2419 0.8463 0.0000
vt 0.2552 0.8463 0.0000
vt 0.2326 0.8463 0.0000
vt 0.5329 0.9733 0.0000
vt 0.5824 0.9733 0.0000
vt 0.5824 0.9866 0.0000
vt 0.5329 0.9866 0.0000
vt 0.9280 0.0787 0.0000
vt 0.9280 0.1282 0.0000
vt 0.9413 0.1282 0.0000
vt 0.9413 0.0787 0.0000
vt 0.2646 0.8463 0.0000
vt 0.5903 0.7701 0.0000
vt 0.6023 0.7647 0.0000
vt 0.5962 0.7830 0.0000
vt 0.6156 0.7647 0.0000
vt 0.6275 0.7701 0.0000
vt 0.6217 0.7830 0.0000
vt 0.2788 0.9023 0.0000
vt 0.2788 0.9090 0.0000
vt 0.9802 0.2041 0.0000
vt 0.9670 0.2041 0.0000
vt 0.2183 0.9090 0.0000
vt 0.2183 0.9023 0.0000
# 44 texture coords

o Object021
g Object021
usemtl wire_087225087
s 8
f 1298/1214 1299/1215 1300/1216 1301/1217 
f 1302/1218 1303/1219 1304/1220 1305/1221 
f 1306/1222 1307/1223 1308/1224 1309/1225 
f 1310/1226 1311/1227 1312/1228 1313/1229 
f 1314/1230 1315/1231 1316/1232 1317/1233 
f 1305/1221 1318/1234 1319/1235 1316/1232 
f 1304/1220 1320/1236 1318/1234 1305/1221 
f 1321/1237 1322/1238 1320/1239 1304/1240 
f 1317/1241 1323/1242 1324/1243 1325/1244 
f 1316/1232 1319/1235 1323/1245 1317/1233 
s off
f 1302/1246 1305/1247 1300/1216 1299/1248 
f 1305/1247 1316/1249 1301/1217 1300/1216 
f 1316/1249 1315/1250 1298/1251 1301/1217 
f 1326/1230 1321/1233 1308/1252 1307/1253 
f 1321/1254 1304/1255 1309/1225 1308/1224 
f 1304/1220 1303/1219 1306/1256 1309/1257 
f 1314/1230 1317/1233 1312/1252 1311/1253 
f 1317/1241 1325/1244 1313/1229 1312/1228 
f 1325/1220 1327/1219 1310/1256 1313/1257 
# 19 polygons

#
# object Object023
#

v  -529.9078 -72.3735 -466.2168
v  -479.6741 -72.3735 -415.9831
v  -479.6740 -72.3735 -335.3095
v  -651.1827 -72.3737 -335.3095
v  -651.1828 -72.3737 -415.9830
v  -600.9491 -72.3736 -466.2168
v  -608.5344 -66.1709 -484.5290
v  -669.4951 -66.1710 -423.5682
v  -669.4951 -33.4011 -423.5681
v  -608.5344 -33.4010 -484.5290
v  -669.4949 -66.1710 -335.3096
v  -669.4949 -33.4011 -335.3096
v  -461.3618 -66.1707 -335.3095
v  -461.3619 -66.1707 -423.5682
v  -461.3619 -33.4008 -423.5682
v  -461.3619 -33.4008 -335.3095
v  -522.3227 -66.1708 -484.5290
v  -522.3228 -33.4009 -484.5290
v  -530.2651 -27.1982 -466.2168
v  -601.3063 -27.1983 -466.2168
v  -651.5400 -27.1984 -415.9829
v  -651.5399 -27.1984 -335.3095
v  -480.0311 -27.1981 -335.3095
v  -480.0313 -27.1981 -415.9831
# 24 vertices

vt 0.9540 0.5572 0.0000
vt 0.9741 0.5767 0.0000
vt 0.9741 0.6046 0.0000
vt 0.9071 0.6046 0.0000
vt 0.9071 0.5768 0.0000
vt 0.9268 0.5572 0.0000
vt 0.4860 0.0082 0.0000
vt 0.5098 0.0082 0.0000
vt 0.5098 0.0210 0.0000
vt 0.4860 0.0210 0.0000
vt 0.5436 0.0082 0.0000
vt 0.5436 0.0210 0.0000
vt 0.3946 0.0082 0.0000
vt 0.4283 0.0082 0.0000
vt 0.4283 0.0210 0.0000
vt 0.3946 0.0210 0.0000
vt 0.4522 0.0082 0.0000
vt 0.4522 0.0210 0.0000
vt 0.9000 0.5739 0.0000
vt 0.9238 0.5500 0.0000
vt 0.9571 0.5500 0.0000
vt 0.9813 0.5736 0.0000
vt 0.9813 0.6074 0.0000
vt 0.9000 0.6076 0.0000
# 24 texture coords

o Object023
g Object023
usemtl wire_087225087
s 1
f 1328/1258 1329/1259 1330/1260 1331/1261 1332/1262 1333/1263 
s 8
f 1334/1264 1335/1265 1336/1266 1337/1267 
f 1335/1265 1338/1268 1339/1269 1336/1266 
f 1340/1270 1341/1271 1342/1272 1343/1273 
f 1341/1271 1344/1274 1345/1275 1342/1272 
f 1344/1274 1334/1264 1337/1267 1345/1275 
s 1
f 1346/1263 1347/1258 1348/1259 1349/1260 1350/1261 1351/1262 
s off
f 1335/1276 1334/1277 1333/1263 1332/1262 
f 1334/1277 1344/1278 1328/1258 1333/1263 
f 1344/1278 1341/1279 1329/1259 1328/1258 
f 1341/1279 1340/1280 1330/1260 1329/1259 
f 1338/1281 1335/1276 1332/1262 1331/1261 
f 1337/1278 1336/1279 1348/1259 1347/1258 
f 1336/1279 1339/1280 1349/1260 1348/1259 
f 1343/1281 1342/1276 1351/1262 1350/1261 
f 1342/1276 1345/1277 1346/1263 1351/1262 
f 1345/1277 1337/1278 1347/1258 1346/1263 
# 17 polygons

#
# object Box012
#

v  673.0507 129.1655 375.6809
v  673.0507 60.1897 375.6809
v  656.9907 60.1897 402.2389
v  656.9907 129.1655 402.2389
v  334.0406 54.0626 375.6809
v  334.0406 54.0626 501.0588
v  498.6460 54.0626 475.8683
v  504.3221 54.0626 375.6809
v  334.0406 60.1897 511.3833
v  334.0406 129.1655 511.3833
v  499.1105 129.1655 485.5759
v  499.1105 60.1897 485.5759
v  334.0406 135.2926 501.0588
v  334.0406 135.2926 375.6809
v  504.3221 135.2926 375.6809
v  498.6460 135.2926 475.8683
v  649.1167 54.0626 405.8895
v  650.4311 60.1897 414.4685
v  650.4312 129.1655 414.4685
v  649.1167 135.2926 405.8895
v  665.1768 54.0626 375.6809
v  665.1768 135.2926 375.6809
# 22 vertices

vt 0.0609 0.0547 0.0000
vt 0.9391 0.0547 0.0000
vt 0.9391 0.9453 0.0000
vt 0.0609 0.9453 0.0000
vt 0.0592 0.0849 0.0000
vt 0.9540 0.0849 0.0000
vt 0.9569 0.3783 0.0000
vt 0.0577 0.3783 0.0000
vt 0.0609 0.0707 0.0000
vt 0.9391 0.0707 0.0000
vt 0.9391 0.3742 0.0000
vt 0.0609 0.3742 0.0000
vt 0.0686 0.0849 0.0000
vt 0.9617 0.0849 0.0000
vt 0.9652 0.3783 0.0000
vt 0.0676 0.3783 0.0000
vt 0.9623 0.9151 0.0000
vt 1.0000 0.9293 0.0000
vt 0.9453 1.0000 0.0000
vt 0.9391 0.9293 0.0000
vt 1.0000 0.9679 0.0000
vt 0.9443 1.0000 0.0000
vt 1.0000 0.0547 0.0000
vt 1.0000 0.9453 0.0000
vt 0.9391 1.0000 0.0000
vt 0.0609 1.0000 0.0000
vt 0.0000 0.9453 0.0000
vt 0.0000 0.0547 0.0000
vt 1.0000 0.3742 0.0000
vt 0.0547 0.9151 0.0000
vt 0.0609 0.9293 0.0000
vt 0.9716 0.9151 0.0000
vt 0.0657 0.9151 0.0000
vt 1.0000 0.0707 0.0000
# 34 texture coords

o Box012
g Box012
usemtl wire_228153184
s off
f 1355/1285 1354/1284 1353/1283 1352/1282 
f 1359/1289 1358/1288 1357/1287 1356/1286 
f 1363/1293 1362/1292 1361/1291 1360/1290 
f 1367/1297 1366/1296 1365/1295 1364/1294 
f 1354/1300 1369/1299 1368/1298 
f 1355/1303 1371/1302 1370/1301 
f 1368/1305 1372/1304 1353/1283 1354/1284 
f 1370/1307 1369/1306 1354/1284 1355/1285 
f 1373/1309 1371/1308 1355/1285 1352/1282 
f 1369/1299 1363/1310 1358/1288 1368/1298 
f 1371/1299 1367/1310 1362/1292 1370/1301 
f 1359/1289 1372/1311 1368/1298 1358/1288 
f 1363/1293 1369/1312 1370/1301 1362/1292 
f 1367/1297 1371/1314 1373/1313 1366/1296 
f 1363/1310 1360/1315 1357/1287 1358/1288 
f 1367/1310 1364/1315 1361/1291 1362/1292 
# 14 polygons - 2 triangles

#
# object Object028
#

v  443.1827 -30.4382 456.5216
v  409.2928 -30.4383 456.5215
v  409.2928 -13.3349 456.5215
v  443.1826 -13.3347 456.5216
v  409.2927 -30.4383 420.1985
v  385.3289 -30.4384 396.2347
v  385.3289 3.0592 396.2347
v  409.2926 3.0593 420.1985
v  349.0059 -30.4385 396.2347
v  349.0059 -30.4385 366.4138
v  349.0057 -13.3350 366.4138
v  349.0057 -13.3350 396.2347
v  503.4695 -30.4380 366.4139
v  503.4696 -30.4380 396.2347
v  503.4695 -13.3345 396.2347
v  503.4695 -13.3345 366.4139
v  467.1464 -30.4381 396.2347
v  443.1826 -30.4382 420.1985
v  443.1826 3.0594 420.1985
v  467.1464 3.0595 396.2347
v  409.2924 61.4635 420.1985
v  443.1822 61.4636 420.1986
v  385.3286 61.4635 396.2348
v  385.3289 3.0592 366.4138
v  385.3285 61.4635 366.4139
v  467.1460 61.4637 396.2348
v  467.1460 61.4637 366.4139
v  467.1464 3.0595 366.4139
v  385.3289 -30.4384 366.4138
v  467.1464 -30.4381 366.4138
# 30 vertices

vt 0.6156 0.7870 0.0000
vt 0.6023 0.7870 0.0000
vt 0.6023 0.7803 0.0000
vt 0.6156 0.7803 0.0000
vt 0.2419 0.9090 0.0000
vt 0.2326 0.9090 0.0000
vt 0.2326 0.8959 0.0000
vt 0.2419 0.8959 0.0000
vt 0.9670 0.1812 0.0000
vt 0.9802 0.1812 0.0000
vt 0.9802 0.1879 0.0000
vt 0.9670 0.1879 0.0000
vt 0.9413 0.0564 0.0000
vt 0.9280 0.0564 0.0000
vt 0.9280 0.0631 0.0000
vt 0.9413 0.0631 0.0000
vt 0.2646 0.9090 0.0000
vt 0.2552 0.9090 0.0000
vt 0.2552 0.8959 0.0000
vt 0.2646 0.8959 0.0000
vt 0.2419 0.8463 0.0000
vt 0.2552 0.8463 0.0000
vt 0.2326 0.8463 0.0000
vt 0.5329 0.9733 0.0000
vt 0.5824 0.9733 0.0000
vt 0.5824 0.9866 0.0000
vt 0.5329 0.9866 0.0000
vt 0.9280 0.0787 0.0000
vt 0.9280 0.1282 0.0000
vt 0.9413 0.1282 0.0000
vt 0.9413 0.0787 0.0000
vt 0.2646 0.8463 0.0000
vt 0.5903 0.7701 0.0000
vt 0.6023 0.7647 0.0000
vt 0.5962 0.7830 0.0000
vt 0.6156 0.7647 0.0000
vt 0.6275 0.7701 0.0000
vt 0.6217 0.7830 0.0000
vt 0.2788 0.9023 0.0000
vt 0.2788 0.9090 0.0000
vt 0.9802 0.2041 0.0000
vt 0.9670 0.2041 0.0000
vt 0.2183 0.9090 0.0000
vt 0.2183 0.9023 0.0000
# 44 texture coords

o Object028
g Object028
usemtl wire_087225087
s 8
f 1377/1319 1376/1318 1375/1317 1374/1316 
f 1381/1323 1380/1322 1379/1321 1378/1320 
f 1385/1327 1384/1326 1383/1325 1382/1324 
f 1389/1331 1388/1330 1387/1329 1386/1328 
f 1393/1335 1392/1334 1391/1333 1390/1332 
f 1392/1334 1395/1337 1394/1336 1381/1323 
f 1381/1323 1394/1336 1396/1338 1380/1322 
f 1380/1342 1396/1341 1398/1340 1397/1339 
f 1401/1346 1400/1345 1399/1344 1393/1343 
f 1393/1335 1399/1347 1395/1337 1392/1334 
s off
f 1375/1350 1376/1318 1381/1349 1378/1348 
f 1376/1318 1377/1319 1392/1351 1381/1349 
f 1377/1319 1374/1353 1391/1352 1392/1351 
f 1383/1355 1384/1354 1397/1335 1402/1332 
f 1384/1326 1385/1327 1380/1357 1397/1356 
f 1385/1359 1382/1358 1379/1321 1380/1322 
f 1387/1355 1388/1354 1393/1335 1390/1332 
f 1388/1330 1389/1331 1401/1346 1393/1343 
f 1389/1359 1386/1358 1403/1321 1401/1322 
# 19 polygons

#
# object Object029
#

v  462.3723 -72.3735 466.2169
v  512.6061 -72.3734 415.9832
v  341.0973 -72.3737 415.9831
v  391.3311 -72.3736 466.2169
v  383.7458 -66.1708 484.5291
v  322.7850 -66.1709 423.5683
v  322.7850 -33.4011 423.5682
v  383.7458 -33.4010 484.5291
v  322.7852 -66.1709 335.3097
v  322.7852 -33.4011 335.3097
v  530.9183 -66.1707 335.3096
v  530.9182 -66.1707 423.5683
v  530.9182 -33.4008 423.5683
v  530.9182 -33.4008 335.3096
v  469.9575 -66.1707 484.5291
v  469.9573 -33.4009 484.5291
v  462.0151 -27.1981 466.2169
v  390.9738 -27.1982 466.2169
v  340.7401 -27.1983 415.9830
v  512.2488 -27.1981 415.9832
v  512.6061 -72.3735 335.3096
v  341.0974 -72.3737 335.3097
v  340.7402 -27.1983 335.3097
v  512.2490 -27.1981 335.3096
# 24 vertices

vt 0.9540 0.5572 0.0000
vt 0.9741 0.5767 0.0000
vt 0.9071 0.5768 0.0000
vt 0.9268 0.5572 0.0000
vt 0.4860 0.0082 0.0000
vt 0.5098 0.0082 0.0000
vt 0.5098 0.0210 0.0000
vt 0.4860 0.0210 0.0000
vt 0.5436 0.0082 0.0000
vt 0.5436 0.0210 0.0000
vt 0.3946 0.0082 0.0000
vt 0.4283 0.0082 0.0000
vt 0.4283 0.0210 0.0000
vt 0.3946 0.0210 0.0000
vt 0.4522 0.0082 0.0000
vt 0.4522 0.0210 0.0000
vt 0.9000 0.5739 0.0000
vt 0.9238 0.5500 0.0000
vt 0.9571 0.5500 0.0000
vt 0.9813 0.5736 0.0000
vt 0.9813 0.6074 0.0000
vt 0.9741 0.6046 0.0000
vt 0.9000 0.6076 0.0000
vt 0.9071 0.6046 0.0000
# 24 texture coords

o Object029
g Object029
usemtl wire_087225087
s 1
f 1407/1363 1406/1362 1405/1361 1404/1360 
s 8
f 1411/1367 1410/1366 1409/1365 1408/1364 
f 1410/1366 1413/1369 1412/1368 1409/1365 
f 1417/1373 1416/1372 1415/1371 1414/1370 
f 1416/1372 1419/1375 1418/1374 1415/1371 
f 1419/1375 1411/1367 1408/1364 1418/1374 
s 1
f 1423/1362 1422/1361 1421/1360 1420/1363 
s off
f 1406/1362 1407/1363 1408/1377 1409/1376 
f 1407/1363 1404/1360 1418/1378 1408/1377 
f 1404/1360 1405/1361 1415/1379 1418/1378 
f 1405/1361 1424/1381 1414/1380 1415/1379 
f 1425/1383 1406/1362 1409/1376 1412/1382 
f 1421/1360 1422/1361 1410/1379 1411/1378 
f 1422/1361 1426/1381 1413/1380 1410/1379 
f 1427/1383 1423/1362 1416/1376 1417/1382 
f 1423/1362 1420/1363 1419/1377 1416/1376 
f 1420/1363 1421/1360 1411/1378 1419/1377 
s 1
f 1406/1362 1425/1383 1424/1381 1405/1361 
f 1423/1362 1427/1383 1426/1381 1422/1361 
# 19 polygons

#
# object Object026
#

v  443.1826 -30.4383 -456.5215
v  409.2927 -30.4384 -456.5215
v  409.2927 -13.3349 -456.5215
v  443.1825 -13.3348 -456.5215
v  409.2927 -30.4384 -420.1984
v  385.3289 -30.4384 -396.2346
v  385.3288 3.0592 -396.2346
v  409.2925 3.0593 -420.1985
v  349.0058 -30.4386 -396.2346
v  349.0058 -30.4386 -366.4137
v  349.0057 -13.3351 -366.4137
v  349.0057 -13.3351 -396.2346
v  503.4694 -30.4380 -366.4138
v  503.4695 -30.4380 -396.2347
v  503.4694 -13.3346 -396.2347
v  503.4694 -13.3346 -366.4138
v  467.1464 -30.4382 -396.2347
v  443.1826 -30.4383 -420.1984
v  443.1825 3.0594 -420.1985
v  467.1463 3.0595 -396.2347
v  409.2923 61.4635 -420.1985
v  443.1821 61.4636 -420.1985
v  385.3285 61.4634 -396.2347
v  385.3288 3.0592 -366.4138
v  385.3284 61.4634 -366.4138
v  467.1459 61.4637 -396.2348
v  467.1459 61.4637 -366.4138
v  467.1463 3.0595 -366.4138
v  385.3289 -30.4384 -366.4138
v  467.1464 -30.4382 -366.4138
# 30 vertices

vt 0.6156 0.7870 0.0000
vt 0.6023 0.7870 0.0000
vt 0.6023 0.7803 0.0000
vt 0.6156 0.7803 0.0000
vt 0.2419 0.9090 0.0000
vt 0.2326 0.9090 0.0000
vt 0.2326 0.8959 0.0000
vt 0.2419 0.8959 0.0000
vt 0.9670 0.1812 0.0000
vt 0.9802 0.1812 0.0000
vt 0.9802 0.1879 0.0000
vt 0.9670 0.1879 0.0000
vt 0.9413 0.0564 0.0000
vt 0.9280 0.0564 0.0000
vt 0.9280 0.0631 0.0000
vt 0.9413 0.0631 0.0000
vt 0.2646 0.9090 0.0000
vt 0.2552 0.9090 0.0000
vt 0.2552 0.8959 0.0000
vt 0.2646 0.8959 0.0000
vt 0.2419 0.8463 0.0000
vt 0.2552 0.8463 0.0000
vt 0.2326 0.8463 0.0000
vt 0.5329 0.9733 0.0000
vt 0.5824 0.9733 0.0000
vt 0.5824 0.9866 0.0000
vt 0.5329 0.9866 0.0000
vt 0.9280 0.0787 0.0000
vt 0.9280 0.1282 0.0000
vt 0.9413 0.1282 0.0000
vt 0.9413 0.0787 0.0000
vt 0.2646 0.8463 0.0000
vt 0.5903 0.7701 0.0000
vt 0.6023 0.7647 0.0000
vt 0.5962 0.7830 0.0000
vt 0.6156 0.7647 0.0000
vt 0.6275 0.7701 0.0000
vt 0.6217 0.7830 0.0000
vt 0.2788 0.9023 0.0000
vt 0.2788 0.9090 0.0000
vt 0.9802 0.2041 0.0000
vt 0.9670 0.2041 0.0000
vt 0.2183 0.9090 0.0000
vt 0.2183 0.9023 0.0000
# 44 texture coords

o Object026
g Object026
usemtl wire_087225087
s 8
f 1428/1384 1429/1385 1430/1386 1431/1387 
f 1432/1388 1433/1389 1434/1390 1435/1391 
f 1436/1392 1437/1393 1438/1394 1439/1395 
f 1440/1396 1441/1397 1442/1398 1443/1399 
f 1444/1400 1445/1401 1446/1402 1447/1403 
f 1435/1391 1448/1404 1449/1405 1446/1402 
f 1434/1390 1450/1406 1448/1404 1435/1391 
f 1451/1407 1452/1408 1450/1409 1434/1410 
f 1447/1411 1453/1412 1454/1413 1455/1414 
f 1446/1402 1449/1405 1453/1415 1447/1403 
s off
f 1432/1416 1435/1417 1430/1386 1429/1418 
f 1435/1417 1446/1419 1431/1387 1430/1386 
f 1446/1419 1445/1420 1428/1421 1431/1387 
f 1456/1400 1451/1403 1438/1422 1437/1423 
f 1451/1424 1434/1425 1439/1395 1438/1394 
f 1434/1390 1433/1389 1436/1426 1439/1427 
f 1444/1400 1447/1403 1442/1422 1441/1423 
f 1447/1411 1455/1414 1443/1399 1442/1398 
f 1455/1390 1457/1389 1440/1426 1443/1427 
# 19 polygons

#
# object Box011
#

v  673.0507 129.1656 -375.6809
v  673.0507 60.1897 -375.6809
v  656.9907 60.1897 -402.2389
v  656.9907 129.1656 -402.2389
v  334.0406 54.0625 -375.6809
v  334.0406 54.0625 -501.0588
v  498.6460 54.0626 -475.8683
v  504.3221 54.0626 -375.6809
v  334.0406 60.1896 -511.3833
v  334.0406 129.1655 -511.3833
v  499.1106 129.1655 -485.5759
v  499.1106 60.1897 -485.5759
v  334.0406 135.2926 -501.0588
v  334.0406 135.2926 -375.6809
v  504.3221 135.2926 -375.6809
v  498.6460 135.2926 -475.8683
v  649.1167 54.0626 -405.8895
v  650.4312 60.1897 -414.4685
v  650.4312 129.1656 -414.4685
v  649.1167 135.2927 -405.8895
v  665.1768 54.0626 -375.6809
v  665.1768 135.2927 -375.6809
# 22 vertices

vt 0.0609 0.0547 0.0000
vt 0.9391 0.0547 0.0000
vt 0.9391 0.9453 0.0000
vt 0.0609 0.9453 0.0000
vt 0.0592 0.0849 0.0000
vt 0.9540 0.0849 0.0000
vt 0.9569 0.3783 0.0000
vt 0.0577 0.3783 0.0000
vt 0.0609 0.0707 0.0000
vt 0.9391 0.0707 0.0000
vt 0.9391 0.3742 0.0000
vt 0.0609 0.3742 0.0000
vt 0.0686 0.0849 0.0000
vt 0.9617 0.0849 0.0000
vt 0.9652 0.3783 0.0000
vt 0.0676 0.3783 0.0000
vt 0.9623 0.9151 0.0000
vt 1.0000 0.9293 0.0000
vt 0.9453 1.0000 0.0000
vt 0.9391 0.9293 0.0000
vt 1.0000 0.9679 0.0000
vt 0.9443 1.0000 0.0000
vt 1.0000 0.0547 0.0000
vt 1.0000 0.9453 0.0000
vt 0.9391 1.0000 0.0000
vt 0.0609 1.0000 0.0000
vt 0.0000 0.9453 0.0000
vt 0.0000 0.0547 0.0000
vt 1.0000 0.3742 0.0000
vt 0.0547 0.9151 0.0000
vt 0.0609 0.9293 0.0000
vt 0.9716 0.9151 0.0000
vt 0.0657 0.9151 0.0000
vt 1.0000 0.0707 0.0000
# 34 texture coords

o Box011
g Box011
usemtl wire_228153184
s off
f 1458/1428 1459/1429 1460/1430 1461/1431 
f 1462/1432 1463/1433 1464/1434 1465/1435 
f 1466/1436 1467/1437 1468/1438 1469/1439 
f 1470/1440 1471/1441 1472/1442 1473/1443 
f 1474/1444 1475/1445 1460/1446 
f 1476/1447 1477/1448 1461/1449 
f 1460/1430 1459/1429 1478/1450 1474/1451 
f 1461/1431 1460/1430 1475/1452 1476/1453 
f 1458/1428 1461/1431 1477/1454 1479/1455 
f 1474/1444 1464/1434 1469/1456 1475/1445 
f 1476/1447 1468/1438 1473/1456 1477/1445 
f 1464/1434 1474/1444 1478/1457 1465/1435 
f 1468/1438 1476/1447 1475/1458 1469/1439 
f 1472/1442 1479/1459 1477/1460 1473/1443 
f 1464/1434 1463/1433 1466/1461 1469/1456 
f 1468/1438 1467/1437 1470/1461 1473/1456 
# 14 polygons - 2 triangles

#
# object Object027
#

v  462.3722 -72.3735 -466.2168
v  512.6060 -72.3735 -415.9831
v  512.6061 -72.3735 -335.3095
v  341.0973 -72.3737 -335.3095
v  341.0972 -72.3737 -415.9830
v  391.3309 -72.3736 -466.2168
v  383.7457 -66.1709 -484.5290
v  322.7850 -66.1710 -423.5682
v  322.7850 -33.4011 -423.5681
v  383.7457 -33.4010 -484.5290
v  322.7852 -66.1710 -335.3096
v  322.7851 -33.4011 -335.3096
v  530.9182 -66.1707 -335.3095
v  530.9181 -66.1707 -423.5682
v  530.9181 -33.4008 -423.5682
v  530.9182 -33.4008 -335.3095
v  469.9573 -66.1708 -484.5290
v  469.9572 -33.4009 -484.5290
v  462.0150 -27.1982 -466.2168
v  390.9737 -27.1983 -466.2168
v  340.7401 -27.1984 -415.9829
v  340.7401 -27.1984 -335.3095
v  512.2489 -27.1981 -335.3095
v  512.2487 -27.1981 -415.9831
# 24 vertices

vt 0.9540 0.5572 0.0000
vt 0.9741 0.5767 0.0000
vt 0.9741 0.6046 0.0000
vt 0.9071 0.6046 0.0000
vt 0.9071 0.5768 0.0000
vt 0.9268 0.5572 0.0000
vt 0.4860 0.0082 0.0000
vt 0.5098 0.0082 0.0000
vt 0.5098 0.0210 0.0000
vt 0.4860 0.0210 0.0000
vt 0.5436 0.0082 0.0000
vt 0.5436 0.0210 0.0000
vt 0.3946 0.0082 0.0000
vt 0.4283 0.0082 0.0000
vt 0.4283 0.0210 0.0000
vt 0.3946 0.0210 0.0000
vt 0.4522 0.0082 0.0000
vt 0.4522 0.0210 0.0000
vt 0.9000 0.5739 0.0000
vt 0.9238 0.5500 0.0000
vt 0.9571 0.5500 0.0000
vt 0.9813 0.5736 0.0000
vt 0.9813 0.6074 0.0000
vt 0.9000 0.6076 0.0000
# 24 texture coords

o Object027
g Object027
usemtl wire_087225087
s 1
f 1480/1462 1481/1463 1482/1464 1483/1465 1484/1466 1485/1467 
s 8
f 1486/1468 1487/1469 1488/1470 1489/1471 
f 1487/1469 1490/1472 1491/1473 1488/1470 
f 1492/1474 1493/1475 1494/1476 1495/1477 
f 1493/1475 1496/1478 1497/1479 1494/1476 
f 1496/1478 1486/1468 1489/1471 1497/1479 
s 1
f 1498/1467 1499/1462 1500/1463 1501/1464 1502/1465 1503/1466 
s off
f 1487/1480 1486/1481 1485/1467 1484/1466 
f 1486/1481 1496/1482 1480/1462 1485/1467 
f 1496/1482 1493/1483 1481/1463 1480/1462 
f 1493/1483 1492/1484 1482/1464 1481/1463 
f 1490/1485 1487/1480 1484/1466 1483/1465 
f 1489/1482 1488/1483 1500/1463 1499/1462 
f 1488/1483 1491/1484 1501/1464 1500/1463 
f 1495/1485 1494/1480 1503/1466 1502/1465 
f 1494/1480 1497/1481 1498/1467 1503/1466 
f 1497/1481 1489/1482 1499/1462 1498/1467 
# 17 polygons

#
# object Object030
#

v  -243.0098 391.8693 326.1621
v  -472.4206 391.8693 326.1622
v  -472.4207 354.2943 321.7892
v  -243.0098 354.2943 321.7892
v  -472.4206 404.2570 320.9630
v  -243.0098 404.2570 320.9630
v  -243.0098 417.8238 303.4884
v  -472.4207 417.8240 303.4881
v  -472.4207 419.6142 290.2685
v  -243.0098 419.6139 290.2689
v  -243.0098 405.1979 255.2946
v  -472.4207 405.1982 255.2943
# 12 vertices

vt 0.4081 0.0542 0.0000
vt 0.3489 0.0542 0.0000
vt 0.3489 0.0371 0.0000
vt 0.4079 0.0371 0.0000
vt 0.3489 0.0602 0.0000
vt 0.4081 0.0602 0.0000
vt 0.4081 0.0673 0.0000
vt 0.3489 0.0673 0.0000
vt 0.3489 0.0732 0.0000
vt 0.4081 0.0732 0.0000
vt 0.4079 0.0904 0.0000
vt 0.3489 0.0904 0.0000
# 12 texture coords

o Object030
g Object030
usemtl wire_087225087
s 1
f 1504/1486 1505/1487 1506/1488 1507/1489 
f 1508/1490 1509/1491 1510/1492 1511/1493 
f 1512/1494 1513/1495 1514/1496 1515/1497 
f 1509/1491 1508/1490 1505/1487 1504/1486 
s 2
f 1511/1493 1510/1492 1513/1495 1512/1494 
# 5 polygons

#
# object Object031
#

v  342.6886 391.8693 326.1621
v  113.2777 391.8693 326.1622
v  113.2777 354.2943 321.7892
v  342.6886 354.2943 321.7892
v  113.2777 404.2570 320.9630
v  342.6886 404.2570 320.9630
v  342.6886 417.8238 303.4884
v  113.2777 417.8240 303.4881
v  113.2777 419.6142 290.2685
v  342.6886 419.6139 290.2689
v  342.6886 405.1979 255.2946
v  113.2777 405.1982 255.2943
# 12 vertices

vt 0.4081 0.0542 0.0000
vt 0.3489 0.0542 0.0000
vt 0.3489 0.0371 0.0000
vt 0.4079 0.0371 0.0000
vt 0.3489 0.0602 0.0000
vt 0.4081 0.0602 0.0000
vt 0.4081 0.0673 0.0000
vt 0.3489 0.0673 0.0000
vt 0.3489 0.0732 0.0000
vt 0.4081 0.0732 0.0000
vt 0.4079 0.0904 0.0000
vt 0.3489 0.0904 0.0000
# 12 texture coords

o Object031
g Object031
usemtl wire_087225087
s 1
f 1516/1498 1517/1499 1518/1500 1519/1501 
f 1520/1502 1521/1503 1522/1504 1523/1505 
f 1524/1506 1525/1507 1526/1508 1527/1509 
f 1521/1503 1520/1502 1517/1499 1516/1498 
s 2
f 1523/1505 1522/1504 1525/1507 1524/1506 
# 5 polygons

#
# object Object032
#

v  334.9303 419.7853 -284.4616
v  105.5195 419.7854 -284.4617
v  105.5194 404.5835 -249.8220
v  334.9303 404.5835 -249.8219
v  105.5195 418.4484 -297.8294
v  334.9303 418.4484 -297.8294
v  334.9303 405.7216 -315.9250
v  105.5194 405.7214 -315.9254
v  105.5194 393.6083 -321.5142
v  334.9303 393.6086 -321.5138
v  334.9303 355.9442 -317.9902
v  105.5194 355.9440 -317.9906
# 12 vertices

vt 0.4081 0.0542 0.0000
vt 0.3489 0.0542 0.0000
vt 0.3489 0.0371 0.0000
vt 0.4079 0.0371 0.0000
vt 0.3489 0.0602 0.0000
vt 0.4081 0.0602 0.0000
vt 0.4081 0.0673 0.0000
vt 0.3489 0.0673 0.0000
vt 0.3489 0.0732 0.0000
vt 0.4081 0.0732 0.0000
vt 0.4079 0.0904 0.0000
vt 0.3489 0.0904 0.0000
# 12 texture coords

o Object032
g Object032
usemtl wire_087225087
s 1
f 1528/1510 1529/1511 1530/1512 1531/1513 
f 1532/1514 1533/1515 1534/1516 1535/1517 
f 1536/1518 1537/1519 1538/1520 1539/1521 
f 1533/1515 1532/1514 1529/1511 1528/1510 
s 2
f 1535/1517 1534/1516 1537/1519 1536/1518 
# 5 polygons

#
# object Box013
#

v  -452.5775 147.4117 549.8594
v  -452.5775 102.3246 549.8594
v  -566.2997 102.3246 547.5937
v  -566.2997 147.4117 547.5937
v  -456.5284 98.3195 540.3209
v  -480.9238 98.3195 481.4253
v  -608.1459 98.3195 471.8860
v  -568.3684 98.3195 539.1647
v  -568.3684 151.4167 539.1647
v  -577.0400 147.4117 538.8052
v  -577.0400 102.3246 538.8052
v  -617.4429 147.4117 471.1890
v  -608.1459 151.4167 471.8860
v  -456.5284 151.4167 540.3209
v  -617.4429 102.3246 471.1890
v  -480.9238 151.4168 481.4253
# 16 vertices

vt 0.0609 0.0707 0.0000
vt 0.9391 0.0707 0.0000
vt 0.9391 0.9293 0.0000
vt 0.0609 0.9293 0.0000
vt 0.0686 0.0849 0.0000
vt 0.5462 0.0849 0.0000
vt 0.6864 0.9151 0.0000
vt 0.0657 0.9151 0.0000
vt 0.9623 0.9151 0.0000
vt 1.0000 0.9293 0.0000
vt 0.9453 1.0000 0.0000
vt 1.0000 0.9679 0.0000
vt 0.9443 1.0000 0.0000
vt 0.9391 0.9453 0.0000
vt 0.9391 0.3103 0.0000
vt 1.0000 0.3351 0.0000
vt 1.0000 0.9453 0.0000
vt 0.0609 0.9453 0.0000
vt 0.9391 1.0000 0.0000
vt 0.0609 1.0000 0.0000
vt 0.9540 0.0849 0.0000
vt 1.0000 0.0707 0.0000
vt 0.0609 0.3103 0.0000
vt 0.4755 0.0849 0.0000
vt 0.3405 0.9151 0.0000
vt 0.0000 0.9453 0.0000
vt 0.0000 0.3351 0.0000
# 27 texture coords

o Box013
g Box013
usemtl wire_228153184
s 1
f 1543/1525 1542/1524 1541/1523 1540/1522 
f 1547/1529 1546/1528 1545/1527 1544/1526 
s 4
f 1549/1532 1543/1531 1548/1530 
f 1550/1534 1547/1533 1542/1524 
f 1548/1538 1552/1537 1551/1536 1549/1535 
s 1
f 1542/1541 1543/1540 1549/1535 1550/1539 
s 4
f 1543/1531 1540/1543 1553/1542 1548/1530 
f 1547/1531 1544/1543 1541/1523 1542/1524 
s 1
f 1554/1544 1550/1539 1549/1535 1551/1536 
f 1552/1546 1548/1530 1553/1542 1555/1545 
s 4
f 1546/1548 1547/1547 1550/1539 1554/1544 
# 9 polygons - 2 triangles

#
# object Box014
#

v  -452.6337 102.2657 -553.4562
v  -452.6337 147.3528 -553.4562
v  -566.3560 147.3528 -551.1904
v  -566.3560 102.2657 -551.1904
v  -456.5847 151.3578 -543.9175
v  -480.9801 151.3578 -485.0220
v  -608.2022 151.3578 -475.4828
v  -568.4247 151.3578 -542.7615
v  -568.4247 98.2606 -542.7615
v  -577.0963 102.2657 -542.4020
v  -577.0963 147.3528 -542.4020
v  -617.4991 102.2657 -474.7857
v  -608.2022 98.2606 -475.4828
v  -456.5847 98.2606 -543.9176
v  -617.4991 147.3528 -474.7857
v  -480.9801 98.2606 -485.0220
# 16 vertices

vt 0.0609 0.0707 0.0000
vt 0.9391 0.0707 0.0000
vt 0.9391 0.9293 0.0000
vt 0.0609 0.9293 0.0000
vt 0.0686 0.0849 0.0000
vt 0.5462 0.0849 0.0000
vt 0.6864 0.9151 0.0000
vt 0.0657 0.9151 0.0000
vt 0.9623 0.9151 0.0000
vt 1.0000 0.9293 0.0000
vt 0.9453 1.0000 0.0000
vt 1.0000 0.9679 0.0000
vt 0.9443 1.0000 0.0000
vt 0.9391 0.9453 0.0000
vt 0.9391 0.3103 0.0000
vt 1.0000 0.3351 0.0000
vt 1.0000 0.9453 0.0000
vt 0.0609 0.9453 0.0000
vt 0.9391 1.0000 0.0000
vt 0.0609 1.0000 0.0000
vt 0.9540 0.0849 0.0000
vt 1.0000 0.0707 0.0000
vt 0.0609 0.3103 0.0000
vt 0.4755 0.0849 0.0000
vt 0.3405 0.9151 0.0000
vt 0.0000 0.9453 0.0000
vt 0.0000 0.3351 0.0000
# 27 texture coords

o Box014
g Box014
usemtl wire_228153184
s 1
f 1559/1552 1558/1551 1557/1550 1556/1549 
f 1563/1556 1562/1555 1561/1554 1560/1553 
s 4
f 1565/1559 1559/1558 1564/1557 
f 1566/1561 1563/1560 1558/1551 
f 1564/1565 1568/1564 1567/1563 1565/1562 
s 1
f 1558/1568 1559/1567 1565/1562 1566/1566 
s 4
f 1559/1558 1556/1570 1569/1569 1564/1557 
f 1563/1558 1560/1570 1557/1550 1558/1551 
s 1
f 1570/1571 1566/1566 1565/1562 1567/1563 
f 1568/1573 1564/1557 1569/1569 1571/1572 
s 4
f 1562/1575 1563/1574 1566/1566 1570/1571 
# 9 polygons - 2 triangles

#
# object Cylinder021
#

v  305.2580 52.0968 -542.6285
v  152.2793 52.0968 -542.6285
v  101.1688 52.0968 -497.5098
v  356.3686 52.0968 -497.5098
v  378.9019 24.3016 -501.9500
v  378.9019 24.3016 -354.5171
v  378.9019 212.9440 -354.5170
v  378.9019 212.9440 -501.9500
v  78.6355 24.3016 -354.5170
v  78.6355 24.3016 -501.9500
v  78.6355 212.9440 -501.9500
v  78.6355 212.9440 -354.5170
v  140.5900 24.3016 -556.6413
v  140.5900 212.9440 -556.6413
v  316.9473 24.3016 -556.6414
v  316.9473 212.9440 -556.6413
v  353.5698 242.0073 -354.5484
v  353.5698 242.0073 -496.9583
v  103.9676 242.0073 -496.9583
v  103.9676 242.0073 -354.5484
v  153.7313 242.0073 -540.8879
v  303.8061 242.0073 -540.8879
v  374.3703 11.6411 -354.4955
v  374.3703 11.6411 -496.7327
v  360.9001 11.6411 -494.0784
v  360.9001 11.6411 -354.5121
v  314.5965 11.6411 -549.4990
v  307.6088 11.6411 -541.1223
v  142.9408 11.6411 -549.4990
v  149.9286 11.6411 -541.1223
v  83.1671 11.6411 -496.7328
v  96.6372 11.6411 -494.0785
v  83.1670 11.6411 -354.4955
v  96.6371 11.6411 -354.5122
v  356.3686 24.3016 -354.5450
v  356.3686 24.3016 -497.5098
v  356.3686 52.0968 -354.5450
v  305.2580 24.3016 -542.6285
v  152.2793 24.3016 -542.6285
v  101.1688 24.3016 -497.5098
v  101.1687 24.3016 -354.5450
v  101.1687 52.0968 -354.5450
# 42 vertices

vt 0.6250 0.0000 1.0000
vt 0.5000 0.0000 1.0000
vt 0.3750 0.0000 1.0000
vt 0.1161 0.0000 0.4142
vt 0.7084 0.0929 -1.1147
vt 0.9800 0.0929 -1.0174
vt 0.9800 0.4246 1.0174
vt 0.7208 0.4246 -1.0174
vt 0.0563 0.0566 -1.0174
vt 0.3075 0.0950 -1.0174
vt 0.2870 0.4197 -1.0174
vt 0.0200 0.3956 -1.0174
vt 0.4168 0.1072 -1.0174
vt 0.4103 0.4246 1.0174
vt 0.6155 0.0929 -0.9200
vt 0.6031 0.4246 -1.0174
vt 0.4690 1.3811 -0.2929
vt 0.9261 1.6774 0.7071
vt 0.8560 1.7825 -0.2929
vt 0.4359 1.5028 -0.2929
vt 0.3911 2.3318 -0.2929
vt 0.0067 1.9256 -0.2929
vt 0.1198 1.8721 -0.2929
vt 0.4845 2.2412 -0.2929
vt -0.0339 1.6774 -0.7071
vt 0.0801 1.7053 -0.2929
vt 0.2074 1.3779 -0.2929
vt 0.2623 1.4888 -0.2929
vt 0.8414 0.0511 -1.2120
vt 0.6988 0.0789 -1.2120
vt 0.6998 0.0700 -1.2120
vt 0.8398 0.0427 -1.2120
vt 0.6329 0.0789 -1.2120
vt 0.6373 0.0703 -1.2120
vt 0.6961 0.0703 -1.2120
vt 0.5982 0.0664 -1.0174
vt 0.4139 0.0828 -1.0174
vt 0.4201 0.0676 -1.0174
vt 0.5895 0.0526 -1.0174
vt 0.3037 0.0716 -1.0174
vt 0.3097 0.0577 -1.0174
vt 0.4080 0.0677 -1.0174
vt 0.0597 0.0344 -1.0174
vt 0.0619 0.0200 -1.0174
vt 0.3014 0.0565 -1.0174
vt -0.1250 0.0000 1.0000
vt 0.2500 0.0000 1.0000
vt 0.8439 0.0641 -0.8227
# 48 texture coords

o Cylinder021
g Cylinder021
usemtl Checker
s off
f 1575/1579 1574/1578 1573/1577 1572/1576 
f 1579/1583 1578/1582 1577/1581 1576/1580 
f 1583/1587 1582/1586 1581/1585 1580/1584 
f 1582/1586 1585/1589 1584/1588 1581/1585 
f 1585/1589 1587/1591 1586/1590 1584/1588 
f 1587/1591 1579/1583 1576/1580 1586/1590 
f 1589/1595 1588/1594 1578/1593 1579/1592 
f 1591/1599 1590/1598 1582/1597 1583/1596 
f 1590/1598 1592/1601 1585/1600 1582/1597 
f 1592/1601 1593/1603 1587/1602 1585/1600 
f 1593/1603 1589/1595 1579/1592 1587/1602 
f 1597/1607 1596/1606 1595/1605 1594/1604 
f 1596/1610 1599/1609 1598/1608 1595/1605 
f 1599/1614 1601/1613 1600/1612 1598/1611 
f 1601/1617 1603/1616 1602/1615 1600/1612 
f 1603/1620 1605/1619 1604/1618 1602/1615 
f 1608/1621 1575/1579 1607/1579 1606/1621 
f 1575/1579 1572/1576 1609/1576 1607/1579 
f 1572/1576 1573/1577 1610/1577 1609/1576 
f 1573/1577 1574/1578 1611/1578 1610/1577 
f 1574/1578 1613/1622 1612/1622 1611/1578 
f 1576/1580 1577/1623 1594/1604 1595/1605 
f 1586/1590 1576/1580 1595/1605 1598/1608 
f 1584/1588 1586/1590 1598/1611 1600/1612 
f 1581/1585 1584/1588 1600/1612 1602/1615 
f 1580/1584 1581/1585 1602/1615 1604/1618 
f 1596/1579 1597/1621 1606/1621 1607/1579 
f 1599/1576 1596/1579 1607/1579 1609/1576 
f 1601/1577 1599/1576 1609/1576 1610/1577 
f 1603/1578 1601/1577 1610/1577 1611/1578 
f 1605/1622 1603/1578 1611/1578 1612/1622 
f 1589/1595 1590/1598 1591/1599 1588/1594 
f 1589/1595 1593/1603 1592/1601 1590/1598 
f 1575/1579 1608/1621 1613/1622 1574/1578 
# 34 polygons

#
# object Cylinder019
#

v  305.2579 52.0968 542.6285
v  152.2793 52.0968 542.6285
v  101.1688 52.0968 497.5098
v  356.3686 52.0968 497.5098
v  378.9018 24.3016 501.9500
v  378.9019 24.3016 354.5171
v  378.9019 212.9440 354.5171
v  378.9018 212.9440 501.9500
v  78.6355 24.3016 354.5170
v  78.6355 24.3016 501.9500
v  78.6355 212.9440 501.9500
v  78.6355 212.9440 354.5170
v  140.5900 24.3016 556.6413
v  140.5900 212.9440 556.6413
v  316.9473 24.3016 556.6414
v  316.9473 212.9440 556.6414
v  353.5698 242.0073 354.5484
v  353.5697 242.0073 496.9583
v  103.9676 242.0073 496.9583
v  103.9676 242.0073 354.5484
v  153.7313 242.0073 540.8879
v  303.8060 242.0073 540.8879
v  374.3703 11.6411 354.4955
v  374.3703 11.6411 496.7328
v  360.9001 11.6411 494.0784
v  360.9001 11.6411 354.5122
v  314.5964 11.6411 549.4990
v  307.6088 11.6411 541.1223
v  142.9408 11.6411 549.4990
v  149.9286 11.6411 541.1223
v  83.1671 11.6411 496.7328
v  96.6372 11.6411 494.0785
v  83.1671 11.6411 354.4955
v  96.6372 11.6411 354.5122
v  356.3686 24.3016 354.5450
v  356.3686 24.3016 497.5098
v  356.3686 52.0968 354.5450
v  305.2579 24.3016 542.6285
v  152.2793 24.3016 542.6285
v  101.1688 24.3016 497.5098
v  101.1688 24.3016 354.5450
v  101.1688 52.0968 354.5450
# 42 vertices

vt 0.6250 0.0000 1.0000
vt 0.5000 0.0000 1.0000
vt 0.3750 0.0000 1.0000
vt 0.1161 0.0000 0.4142
vt 0.7500 0.0147 1.0000
vt 0.8750 0.0147 1.0000
vt 0.8750 1.0000 1.0000
vt 0.7500 1.0000 1.0000
vt 0.2500 0.0147 1.0000
vt 0.3750 0.0147 1.0000
vt 0.3750 1.0000 1.0000
vt 0.2500 1.0000 1.0000
vt 0.5000 0.0147 1.0000
vt 0.5000 1.0000 1.0000
vt 0.6250 0.0147 1.0000
vt 0.6250 1.0000 1.0000
vt 0.2500 1.0000 -1.0000
vt 0.1250 1.0000 -1.0000
vt 0.2197 1.0000 -0.4142
vt -0.1250 0.0000 1.0000
vt 0.2500 0.0000 1.0000
# 21 texture coords

o Cylinder019
g Cylinder019
usemtl wire_057008136
s off
f 1614/1624 1615/1625 1616/1626 1617/1627 
f 1618/1628 1619/1629 1620/1630 1621/1631 
f 1622/1632 1623/1633 1624/1634 1625/1635 
f 1623/1633 1626/1636 1627/1637 1624/1634 
f 1626/1636 1628/1638 1629/1639 1627/1637 
f 1628/1638 1618/1628 1621/1631 1629/1639 
f 1621/1631 1620/1630 1630/1630 1631/1631 
f 1625/1640 1624/1641 1632/1641 1633/1640 
f 1624/1641 1627/1642 1634/1642 1632/1641 
f 1627/1642 1629/1639 1635/1639 1634/1642 
f 1629/1639 1621/1631 1631/1631 1635/1639 
f 1636/1643 1637/1627 1638/1627 1639/1643 
f 1637/1627 1640/1624 1641/1624 1638/1627 
f 1640/1624 1642/1625 1643/1625 1641/1624 
f 1642/1625 1644/1626 1645/1626 1643/1625 
f 1644/1626 1646/1644 1647/1644 1645/1626 
f 1648/1643 1649/1627 1617/1627 1650/1643 
f 1649/1627 1651/1624 1614/1624 1617/1627 
f 1651/1624 1652/1625 1615/1625 1614/1624 
f 1652/1625 1653/1626 1616/1626 1615/1625 
f 1653/1626 1654/1644 1655/1644 1616/1626 
f 1637/1627 1636/1643 1619/1643 1618/1627 
f 1640/1624 1637/1627 1618/1627 1628/1624 
f 1642/1625 1640/1624 1628/1638 1626/1636 
f 1644/1626 1642/1625 1626/1636 1623/1633 
f 1646/1644 1644/1626 1623/1633 1622/1632 
f 1649/1627 1648/1643 1639/1643 1638/1627 
f 1651/1624 1649/1627 1638/1627 1641/1624 
f 1652/1625 1651/1624 1641/1624 1643/1625 
f 1653/1626 1652/1625 1643/1625 1645/1626 
f 1654/1644 1653/1626 1645/1626 1647/1644 
f 1630/1630 1633/1640 1632/1641 1631/1631 
f 1632/1641 1634/1642 1635/1639 1631/1631 
f 1616/1626 1655/1644 1650/1643 1617/1627 
# 34 polygons

#
# object Cylinder022
#

v  -170.2134 419.4909 -400.1226
v  -170.7776 377.4996 -424.5864
v  -170.4955 401.2874 -417.1470
v  -186.8333 377.7065 -424.4658
v  -186.5512 401.4943 -417.0265
v  -171.0038 352.8391 -420.9672
v  -187.0595 353.0460 -420.8466
v  -171.1349 331.7782 -407.2463
v  -187.1906 331.9851 -407.1258
v  -171.1316 326.4294 -398.0653
v  -187.1873 326.6363 -397.9448
v  -169.8638 420.7831 -343.0956
v  -169.8671 426.1319 -352.2766
v  -185.9229 426.3388 -352.1561
v  -185.9196 420.9900 -342.9751
v  -169.9871 428.5049 -376.8849
v  -186.0429 428.7118 -376.7644
v  -186.2691 419.6978 -400.0020
# 18 vertices

vt 0.3395 0.0000 -0.0000
vt 0.8214 0.0000 1.0000
vt 0.7500 0.0000 1.0000
vt 0.8214 1.0000 1.0000
vt 0.7500 1.0000 1.0000
vt 0.8929 0.0000 1.0000
vt 0.8929 1.0000 1.0000
vt 0.9643 0.0000 1.0000
vt 0.9643 1.0000 1.0000
vt -0.0357 0.0000 1.0000
vt 0.0357 0.0000 1.0000
vt 0.0357 1.0000 1.0000
vt -0.0357 1.0000 1.0000
vt 0.4643 0.0000 1.0000
vt 0.5357 0.0000 1.0000
vt 0.5357 1.0000 1.0000
vt 0.4643 1.0000 1.0000
vt 0.6071 0.0000 1.0000
vt 0.6071 1.0000 1.0000
vt 0.6786 0.0000 1.0000
vt 0.6786 1.0000 1.0000
vt 0.1647 1.0000 -0.4450
vt 0.0562 0.0000 -0.8019
vt 0.0357 0.0000 -1.0000
vt 0.9438 0.0000 0.8019
vt 0.1647 0.0000 -0.4450
vt 0.9438 1.0000 0.8019
vt 0.0357 1.0000 -1.0000
vt 0.0562 1.0000 -0.8019
# 29 texture coords

o Cylinder022
g Cylinder022
usemtl wire_088144225
s 1
f 1656/1645 1657/1646 1658/1647 
s 8
f 1658/1647 1657/1646 1659/1648 1660/1649 
f 1657/1646 1661/1650 1662/1651 1659/1648 
f 1661/1650 1663/1652 1664/1653 1662/1651 
f 1663/1654 1665/1655 1666/1656 1664/1657 
f 1667/1658 1668/1659 1669/1660 1670/1661 
f 1668/1659 1671/1662 1672/1663 1669/1660 
f 1671/1662 1656/1664 1673/1665 1672/1663 
f 1656/1664 1658/1647 1660/1649 1673/1665 
s 1
f 1673/1665 1659/1648 1662/1651 1672/1666 
f 1668/1667 1667/1668 1665/1669 1663/1652 
f 1671/1670 1668/1667 1663/1652 1661/1650 
f 1656/1645 1671/1670 1661/1650 1657/1646 
f 1664/1653 1666/1671 1670/1672 1669/1673 
f 1662/1651 1664/1653 1669/1673 1672/1666 
f 1673/1665 1660/1649 1659/1648 
# 14 polygons - 2 triangles

#
# object Cylinder023
#

v  -186.8411 417.5480 396.1614
v  -186.2769 375.5567 420.6252
v  -186.5590 399.3445 413.1858
v  -170.2212 375.7636 420.5046
v  -170.5033 399.5514 413.0653
v  -186.0507 350.8962 417.0060
v  -169.9949 351.1031 416.8855
v  -185.9196 329.8354 403.2851
v  -169.8639 330.0422 403.1646
v  -185.9229 324.4865 394.1041
v  -169.8671 324.6934 393.9836
v  -187.1906 418.8402 339.1344
v  -187.1874 424.1891 348.3155
v  -171.1316 424.3959 348.1949
v  -171.1349 419.0471 339.0139
v  -187.0673 426.5620 372.9238
v  -171.0116 426.7689 372.8032
v  -170.7854 417.7549 396.0409
# 18 vertices

vt 0.3395 0.0000 -0.0000
vt 0.8214 0.0000 1.0000
vt 0.7500 0.0000 1.0000
vt 0.8214 1.0000 1.0000
vt 0.7500 1.0000 1.0000
vt 0.8929 0.0000 1.0000
vt 0.8929 1.0000 1.0000
vt 0.9643 0.0000 1.0000
vt 0.9643 1.0000 1.0000
vt -0.0357 0.0000 1.0000
vt 0.0357 0.0000 1.0000
vt 0.0357 1.0000 1.0000
vt -0.0357 1.0000 1.0000
vt 0.4643 0.0000 1.0000
vt 0.5357 0.0000 1.0000
vt 0.5357 1.0000 1.0000
vt 0.4643 1.0000 1.0000
vt 0.6071 0.0000 1.0000
vt 0.6071 1.0000 1.0000
vt 0.6786 0.0000 1.0000
vt 0.6786 1.0000 1.0000
vt 0.1647 1.0000 -0.4450
vt 0.0562 0.0000 -0.8019
vt 0.0357 0.0000 -1.0000
vt 0.9438 0.0000 0.8019
vt 0.1647 0.0000 -0.4450
vt 0.9438 1.0000 0.8019
vt 0.0357 1.0000 -1.0000
vt 0.0562 1.0000 -0.8019
# 29 texture coords

o Cylinder023
g Cylinder023
usemtl wire_088144225
s 1
f 1674/1674 1675/1675 1676/1676 
s 8
f 1676/1676 1675/1675 1677/1677 1678/1678 
f 1675/1675 1679/1679 1680/1680 1677/1677 
f 1679/1679 1681/1681 1682/1682 1680/1680 
f 1681/1683 1683/1684 1684/1685 1682/1686 
f 1685/1687 1686/1688 1687/1689 1688/1690 
f 1686/1688 1689/1691 1690/1692 1687/1689 
f 1689/1691 1674/1693 1691/1694 1690/1692 
f 1674/1693 1676/1676 1678/1678 1691/1694 
s 1
f 1691/1694 1677/1677 1680/1680 1690/1695 
f 1686/1696 1685/1697 1683/1698 1681/1681 
f 1689/1699 1686/1696 1681/1681 1679/1679 
f 1674/1674 1689/1699 1679/1679 1675/1675 
f 1682/1682 1684/1700 1688/1701 1687/1702 
f 1680/1680 1682/1682 1687/1702 1690/1695 
f 1691/1694 1678/1678 1677/1677 
# 14 polygons - 2 triangles

#
# object Cylinder024
#

v  36.6751 417.5480 396.1614
v  37.2393 375.5567 420.6252
v  36.9572 399.3445 413.1858
v  53.2950 375.7636 420.5046
v  53.0129 399.5514 413.0653
v  37.4655 350.8962 417.0060
v  53.5212 351.1031 416.8855
v  37.5966 329.8354 403.2851
v  53.6523 330.0422 403.1646
v  37.5933 324.4865 394.1041
v  53.6491 324.6934 393.9836
v  36.3256 418.8402 339.1344
v  36.3288 424.1891 348.3155
v  52.3846 424.3959 348.1949
v  52.3813 419.0471 339.0139
v  36.4488 426.5620 372.9238
v  52.5046 426.7689 372.8032
v  52.7308 417.7549 396.0409
# 18 vertices

vt 0.3395 0.0000 -0.0000
vt 0.8214 0.0000 1.0000
vt 0.7500 0.0000 1.0000
vt 0.8214 1.0000 1.0000
vt 0.7500 1.0000 1.0000
vt 0.8929 0.0000 1.0000
vt 0.8929 1.0000 1.0000
vt 0.9643 0.0000 1.0000
vt 0.9643 1.0000 1.0000
vt -0.0357 0.0000 1.0000
vt 0.0357 0.0000 1.0000
vt 0.0357 1.0000 1.0000
vt -0.0357 1.0000 1.0000
vt 0.4643 0.0000 1.0000
vt 0.5357 0.0000 1.0000
vt 0.5357 1.0000 1.0000
vt 0.4643 1.0000 1.0000
vt 0.6071 0.0000 1.0000
vt 0.6071 1.0000 1.0000
vt 0.6786 0.0000 1.0000
vt 0.6786 1.0000 1.0000
vt 0.1647 1.0000 -0.4450
vt 0.0562 0.0000 -0.8019
vt 0.0357 0.0000 -1.0000
vt 0.9438 0.0000 0.8019
vt 0.1647 0.0000 -0.4450
vt 0.9438 1.0000 0.8019
vt 0.0357 1.0000 -1.0000
vt 0.0562 1.0000 -0.8019
# 29 texture coords

o Cylinder024
g Cylinder024
usemtl wire_088144225
s 1
f 1692/1703 1693/1704 1694/1705 
s 8
f 1694/1705 1693/1704 1695/1706 1696/1707 
f 1693/1704 1697/1708 1698/1709 1695/1706 
f 1697/1708 1699/1710 1700/1711 1698/1709 
f 1699/1712 1701/1713 1702/1714 1700/1715 
f 1703/1716 1704/1717 1705/1718 1706/1719 
f 1704/1717 1707/1720 1708/1721 1705/1718 
f 1707/1720 1692/1722 1709/1723 1708/1721 
f 1692/1722 1694/1705 1696/1707 1709/1723 
s 1
f 1709/1723 1695/1706 1698/1709 1708/1724 
f 1704/1725 1703/1726 1701/1727 1699/1710 
f 1707/1728 1704/1725 1699/1710 1697/1708 
f 1692/1703 1707/1728 1697/1708 1693/1704 
f 1700/1711 1702/1729 1706/1730 1705/1731 
f 1698/1709 1700/1711 1705/1731 1708/1724 
f 1709/1723 1696/1707 1695/1706 
# 14 polygons - 2 triangles

#
# object Cylinder025
#

v  -285.2481 52.0969 542.6285
v  -438.2267 52.0969 542.6285
v  -489.3373 52.0968 497.5099
v  -234.1375 52.0968 497.5097
v  -211.6043 24.3017 501.9500
v  -211.6044 24.3015 354.5170
v  -211.6044 212.9438 354.5168
v  -211.6043 212.9440 501.9497
v  -511.8707 24.3015 354.5173
v  -511.8706 24.3017 501.9502
v  -511.8706 212.9440 501.9500
v  -511.8707 212.9438 354.5170
v  -449.9160 24.3017 556.6415
v  -449.9160 212.9441 556.6412
v  -273.5588 24.3017 556.6414
v  -273.5588 212.9441 556.6411
v  -236.9364 242.0072 354.5482
v  -236.9364 242.0073 496.9580
v  -486.5385 242.0073 496.9582
v  -486.5386 242.0072 354.5484
v  -436.7748 242.0074 540.8878
v  -286.7000 242.0074 540.8877
v  -216.1359 11.6409 354.4955
v  -216.1358 11.6411 496.7327
v  -229.6060 11.6411 494.0784
v  -229.6061 11.6409 354.5122
v  -275.9096 11.6411 549.4990
v  -282.8973 11.6411 541.1223
v  -447.5652 11.6411 549.4991
v  -440.5775 11.6411 541.1224
v  -507.3391 11.6411 496.7330
v  -493.8689 11.6411 494.0787
v  -507.3392 11.6409 354.4957
v  -493.8690 11.6409 354.5124
v  -234.1376 24.3015 354.5450
v  -234.1375 24.3016 497.5098
v  -234.1376 52.0967 354.5449
v  -285.2481 24.3017 542.6285
v  -438.2267 24.3017 542.6286
v  -489.3373 24.3016 497.5100
v  -489.3375 24.3015 354.5452
v  -489.3375 52.0967 354.5451
# 42 vertices

vt 0.6250 0.0000 1.0000
vt 0.5000 0.0000 1.0000
vt 0.3750 0.0000 1.0000
vt 0.1161 0.0000 0.4142
vt 0.7500 0.0147 1.0000
vt 0.8750 0.0147 1.0000
vt 0.8750 1.0000 1.0000
vt 0.7500 1.0000 1.0000
vt 0.2500 0.0147 1.0000
vt 0.3750 0.0147 1.0000
vt 0.3750 1.0000 1.0000
vt 0.2500 1.0000 1.0000
vt 0.5000 0.0147 1.0000
vt 0.5000 1.0000 1.0000
vt 0.6250 0.0147 1.0000
vt 0.6250 1.0000 1.0000
vt 0.2500 1.0000 -1.0000
vt 0.1250 1.0000 -1.0000
vt 0.2197 1.0000 -0.4142
vt -0.1250 0.0000 1.0000
vt 0.2500 0.0000 1.0000
# 21 texture coords

o Cylinder025
g Cylinder025
usemtl wire_057008136
s off
f 1710/1732 1711/1733 1712/1734 1713/1735 
f 1714/1736 1715/1737 1716/1738 1717/1739 
f 1718/1740 1719/1741 1720/1742 1721/1743 
f 1719/1741 1722/1744 1723/1745 1720/1742 
f 1722/1744 1724/1746 1725/1747 1723/1745 
f 1724/1746 1714/1736 1717/1739 1725/1747 
f 1717/1739 1716/1738 1726/1738 1727/1739 
f 1721/1748 1720/1749 1728/1749 1729/1748 
f 1720/1749 1723/1750 1730/1750 1728/1749 
f 1723/1750 1725/1747 1731/1747 1730/1750 
f 1725/1747 1717/1739 1727/1739 1731/1747 
f 1732/1751 1733/1735 1734/1735 1735/1751 
f 1733/1735 1736/1732 1737/1732 1734/1735 
f 1736/1732 1738/1733 1739/1733 1737/1732 
f 1738/1733 1740/1734 1741/1734 1739/1733 
f 1740/1734 1742/1752 1743/1752 1741/1734 
f 1744/1751 1745/1735 1713/1735 1746/1751 
f 1745/1735 1747/1732 1710/1732 1713/1735 
f 1747/1732 1748/1733 1711/1733 1710/1732 
f 1748/1733 1749/1734 1712/1734 1711/1733 
f 1749/1734 1750/1752 1751/1752 1712/1734 
f 1733/1735 1732/1751 1715/1751 1714/1735 
f 1736/1732 1733/1735 1714/1735 1724/1732 
f 1738/1733 1736/1732 1724/1746 1722/1744 
f 1740/1734 1738/1733 1722/1744 1719/1741 
f 1742/1752 1740/1734 1719/1741 1718/1740 
f 1745/1735 1744/1751 1735/1751 1734/1735 
f 1747/1732 1745/1735 1734/1735 1737/1732 
f 1748/1733 1747/1732 1737/1732 1739/1733 
f 1749/1734 1748/1733 1739/1733 1741/1734 
f 1750/1752 1749/1734 1741/1734 1743/1752 
f 1726/1738 1729/1748 1728/1749 1727/1739 
f 1728/1749 1730/1750 1731/1747 1727/1739 
f 1712/1734 1751/1752 1746/1751 1713/1735 
# 34 polygons

#
# object Box016
#

v  -278.1511 212.2098 510.1966
v  -320.4810 212.2098 510.1966
v  -320.4810 316.4084 421.3385
v  -278.1511 316.4084 421.3385
v  -326.6082 212.2098 499.8721
v  -326.6081 212.2098 393.5161
v  -326.6081 326.3553 333.5646
v  -326.6081 315.0940 412.7595
v  -272.0240 315.0940 412.7595
v  -278.1511 322.9680 409.1089
v  -320.4810 322.9680 409.1089
v  -278.1511 334.7142 329.1743
v  -272.0240 326.3553 333.5646
v  -272.0240 212.2098 499.8721
v  -320.4810 334.7142 329.1743
v  -272.0240 212.2098 393.5162
# 16 vertices

vt 0.0609 0.0707 0.0000
vt 0.9391 0.0707 0.0000
vt 0.9391 0.9293 0.0000
vt 0.0609 0.9293 0.0000
vt 0.0686 0.0849 0.0000
vt 0.5434 0.0849 0.0000
vt 0.7009 0.9151 0.0000
vt 0.0657 0.9151 0.0000
vt 0.9623 0.9151 0.0000
vt 1.0000 0.9293 0.0000
vt 0.9453 1.0000 0.0000
vt 1.0000 0.9679 0.0000
vt 0.9443 1.0000 0.0000
vt 0.9391 0.9453 0.0000
vt 0.9391 0.2939 0.0000
vt 1.0000 0.3208 0.0000
vt 1.0000 0.9453 0.0000
vt 0.0609 0.9453 0.0000
vt 0.9391 1.0000 0.0000
vt 0.0609 1.0000 0.0000
vt 0.9540 0.0849 0.0000
vt 1.0000 0.0707 0.0000
vt 0.0609 0.2939 0.0000
vt 0.4783 0.0849 0.0000
vt 0.3259 0.9151 0.0000
vt 0.0000 0.9453 0.0000
vt 0.0000 0.3208 0.0000
# 27 texture coords

o Box016
g Box016
usemtl wire_228153184
s 1
f 1755/1756 1754/1755 1753/1754 1752/1753 
f 1759/1760 1758/1759 1757/1758 1756/1757 
s 4
f 1761/1763 1755/1762 1760/1761 
f 1762/1765 1759/1764 1754/1755 
f 1760/1769 1764/1768 1763/1767 1761/1766 
s 1
f 1754/1772 1755/1771 1761/1766 1762/1770 
s 4
f 1755/1762 1752/1774 1765/1773 1760/1761 
f 1759/1762 1756/1774 1753/1754 1754/1755 
s 1
f 1766/1775 1762/1770 1761/1766 1763/1767 
f 1764/1777 1760/1761 1765/1773 1767/1776 
s 4
f 1758/1779 1759/1778 1762/1770 1766/1775 
# 9 polygons - 2 triangles

#
# object Box017
#

v  -413.5050 212.2098 510.1966
v  -455.8349 212.2098 510.1966
v  -455.8349 316.4084 421.3385
v  -413.5049 316.4084 421.3385
v  -461.9620 212.2098 499.8721
v  -461.9620 212.2098 393.5161
v  -461.9620 326.3553 333.5646
v  -461.9620 315.0940 412.7595
v  -407.3778 315.0940 412.7595
v  -413.5049 322.9680 409.1089
v  -455.8349 322.9680 409.1089
v  -413.5049 334.7142 329.1743
v  -407.3778 326.3553 333.5646
v  -407.3779 212.2098 499.8721
v  -455.8349 334.7142 329.1743
v  -407.3778 212.2098 393.5162
# 16 vertices

vt 0.0609 0.0707 0.0000
vt 0.9391 0.0707 0.0000
vt 0.9391 0.9293 0.0000
vt 0.0609 0.9293 0.0000
vt 0.0686 0.0849 0.0000
vt 0.5434 0.0849 0.0000
vt 0.7009 0.9151 0.0000
vt 0.0657 0.9151 0.0000
vt 0.9623 0.9151 0.0000
vt 1.0000 0.9293 0.0000
vt 0.9453 1.0000 0.0000
vt 1.0000 0.9679 0.0000
vt 0.9443 1.0000 0.0000
vt 0.9391 0.9453 0.0000
vt 0.9391 0.2939 0.0000
vt 1.0000 0.3208 0.0000
vt 1.0000 0.9453 0.0000
vt 0.0609 0.9453 0.0000
vt 0.9391 1.0000 0.0000
vt 0.0609 1.0000 0.0000
vt 0.9540 0.0849 0.0000
vt 1.0000 0.0707 0.0000
vt 0.0609 0.2939 0.0000
vt 0.4783 0.0849 0.0000
vt 0.3259 0.9151 0.0000
vt 0.0000 0.9453 0.0000
vt 0.0000 0.3208 0.0000
# 27 texture coords

o Box017
g Box017
usemtl wire_228153184
s 1
f 1771/1783 1770/1782 1769/1781 1768/1780 
f 1775/1787 1774/1786 1773/1785 1772/1784 
s 4
f 1777/1790 1771/1789 1776/1788 
f 1778/1792 1775/1791 1770/1782 
f 1776/1796 1780/1795 1779/1794 1777/1793 
s 1
f 1770/1799 1771/1798 1777/1793 1778/1797 
s 4
f 1771/1789 1768/1801 1781/1800 1776/1788 
f 1775/1789 1772/1801 1769/1781 1770/1782 
s 1
f 1782/1802 1778/1797 1777/1793 1779/1794 
f 1780/1804 1776/1788 1781/1800 1783/1803 
s 4
f 1774/1806 1775/1805 1778/1797 1782/1802 
# 9 polygons - 2 triangles

#
# object Torus005
#

v  -365.0969 394.2435 302.6499
v  -354.0353 391.2796 302.6499
v  -354.0353 385.7286 344.8134
v  -365.0969 388.5916 345.5805
v  -345.9377 383.1819 302.6499
v  -345.9377 377.9069 342.7175
v  -342.9737 372.1204 302.6499
v  -342.9737 367.2223 339.8546
v  -345.9377 361.0588 302.6499
v  -345.9377 356.5377 336.9916
v  -354.0353 352.9612 302.6499
v  -354.0353 348.7159 334.8958
v  -365.0969 349.9973 302.6499
v  -365.0969 345.8530 334.1287
v  -376.1584 352.9612 302.6499
v  -376.1584 348.7159 334.8959
v  -384.2561 361.0588 302.6499
v  -384.2560 356.5376 336.9916
v  -387.2200 372.1204 302.6499
v  -387.2200 367.2222 339.8546
v  -384.2561 383.1819 302.6499
v  -384.2561 377.9069 342.7175
v  -376.1584 391.2796 302.6499
v  -376.1584 385.7286 344.8134
v  -354.0353 369.4542 384.1035
v  -365.0968 372.0210 385.5854
v  -345.9376 362.4414 380.0547
v  -342.9737 352.8618 374.5239
v  -345.9376 343.2822 368.9931
v  -354.0353 336.2694 364.9443
v  -365.0968 333.7026 363.4623
v  -376.1584 336.2694 364.9443
v  -384.2560 343.2822 368.9931
v  -387.2200 352.8618 374.5239
v  -384.2560 362.4413 380.0547
v  -376.1584 369.4541 384.1035
v  -354.0353 343.5652 417.8427
v  -365.0968 345.6610 419.9385
v  -345.9376 337.8393 412.1168
v  -342.9737 330.0176 404.2951
v  -345.9376 322.1959 396.4734
v  -354.0353 316.4700 390.7475
v  -365.0968 314.3741 388.6516
v  -376.1584 316.4700 390.7475
v  -384.2560 322.1959 396.4734
v  -387.2200 330.0176 404.2950
v  -384.2560 337.8392 412.1168
v  -376.1584 343.5651 417.8427
v  -354.0353 309.8260 443.7317
v  -365.0969 311.3080 446.2985
v  -345.9376 305.7772 436.7189
v  -342.9737 300.2464 427.1393
v  -345.9376 294.7156 417.5597
v  -354.0353 290.6667 410.5469
v  -365.0968 289.1848 407.9801
v  -376.1584 290.6667 410.5469
v  -384.2560 294.7156 417.5597
v  -387.2200 300.2464 427.1393
v  -384.2560 305.7772 436.7189
v  -376.1584 309.8260 443.7317
v  -354.0353 270.5359 460.0061
v  -365.0969 271.3030 462.8691
v  -345.9376 268.4401 452.1844
v  -342.9737 265.5771 441.4998
v  -345.9376 262.7142 430.8151
v  -354.0353 260.6183 422.9934
v  -365.0968 259.8513 420.1305
v  -376.1584 260.6183 422.9934
v  -384.2560 262.7142 430.8151
v  -387.2200 265.5771 441.4998
v  -384.2560 268.4401 452.1844
v  -376.1584 270.5359 460.0061
v  -354.0353 228.3724 465.5570
v  -365.0969 228.3725 468.5210
v  -345.9376 228.3725 457.4594
v  -342.9737 228.3725 446.3978
v  -345.9376 228.3725 435.3362
v  -354.0353 228.3725 427.2386
v  -365.0968 228.3725 424.2747
v  -376.1584 228.3725 427.2386
v  -384.2560 228.3725 435.3362
v  -387.2200 228.3725 446.3978
v  -384.2560 228.3725 457.4594
v  -376.1584 228.3725 465.5570
# 84 vertices

vt 0.0000 0.2500 0.0000
vt 0.0833 0.2500 0.0000
vt 0.0833 0.2917 0.0000
vt 0.0000 0.2917 0.0000
vt 0.1667 0.2500 0.0000
vt 0.1667 0.2917 0.0000
vt 0.2500 0.2500 0.0000
vt 0.2500 0.2917 0.0000
vt 0.3333 0.2500 0.0000
vt 0.3333 0.2917 0.0000
vt 0.4167 0.2500 0.0000
vt 0.4167 0.2917 0.0000
vt 0.5000 0.2500 0.0000
vt 0.5000 0.2917 0.0000
vt 0.5833 0.2500 0.0000
vt 0.5833 0.2917 0.0000
vt 0.6667 0.2500 0.0000
vt 0.6667 0.2917 0.0000
vt 0.7500 0.2500 0.0000
vt 0.7500 0.2917 0.0000
vt 0.8333 0.2500 0.0000
vt 0.8333 0.2917 0.0000
vt 0.9167 0.2500 0.0000
vt 0.9167 0.2917 0.0000
vt 1.0000 0.2500 0.0000
vt 1.0000 0.2917 0.0000
vt 0.0833 0.3333 0.0000
vt 0.0000 0.3333 0.0000
vt 0.1667 0.3333 0.0000
vt 0.2500 0.3333 0.0000
vt 0.3333 0.3333 0.0000
vt 0.4167 0.3333 0.0000
vt 0.5000 0.3333 0.0000
vt 0.5833 0.3333 0.0000
vt 0.6667 0.3333 0.0000
vt 0.7500 0.3333 0.0000
vt 0.8333 0.3333 0.0000
vt 0.9167 0.3333 0.0000
vt 1.0000 0.3333 0.0000
vt 0.0833 0.3750 0.0000
vt 0.0000 0.3750 0.0000
vt 0.1667 0.3750 0.0000
vt 0.2500 0.3750 0.0000
vt 0.3333 0.3750 0.0000
vt 0.4167 0.3750 0.0000
vt 0.5000 0.3750 0.0000
vt 0.5833 0.3750 0.0000
vt 0.6667 0.3750 0.0000
vt 0.7500 0.3750 0.0000
vt 0.8333 0.3750 0.0000
vt 0.9167 0.3750 0.0000
vt 1.0000 0.3750 0.0000
vt 0.0833 0.4167 0.0000
vt 0.0000 0.4167 0.0000
vt 0.1667 0.4167 0.0000
vt 0.2500 0.4167 0.0000
vt 0.3333 0.4167 0.0000
vt 0.4167 0.4167 0.0000
vt 0.5000 0.4167 0.0000
vt 0.5833 0.4167 0.0000
vt 0.6667 0.4167 0.0000
vt 0.7500 0.4167 0.0000
vt 0.8333 0.4167 0.0000
vt 0.9167 0.4167 0.0000
vt 1.0000 0.4167 0.0000
vt 0.0833 0.4583 0.0000
vt 0.0000 0.4583 0.0000
vt 0.1667 0.4583 0.0000
vt 0.2500 0.4583 0.0000
vt 0.3333 0.4583 0.0000
vt 0.4167 0.4583 0.0000
vt 0.5000 0.4583 0.0000
vt 0.5833 0.4583 0.0000
vt 0.6667 0.4583 0.0000
vt 0.7500 0.4583 0.0000
vt 0.8333 0.4583 0.0000
vt 0.9167 0.4583 0.0000
vt 1.0000 0.4583 0.0000
vt 0.0833 0.5000 0.0000
vt 0.0000 0.5000 0.0000
vt 0.1667 0.5000 0.0000
vt 0.2500 0.5000 0.0000
vt 0.3333 0.5000 0.0000
vt 0.4167 0.5000 0.0000
vt 0.5000 0.5000 0.0000
vt 0.5833 0.5000 0.0000
vt 0.6667 0.5000 0.0000
vt 0.7500 0.5000 0.0000
vt 0.8333 0.5000 0.0000
vt 0.9167 0.5000 0.0000
vt 1.0000 0.5000 0.0000
# 91 texture coords

o Torus005
g Torus005
usemtl wire_184155229
s 1
f 1787/1810 1786/1809 1785/1808 1784/1807 
f 1786/1809 1789/1812 1788/1811 1785/1808 
f 1789/1812 1791/1814 1790/1813 1788/1811 
f 1791/1814 1793/1816 1792/1815 1790/1813 
f 1793/1816 1795/1818 1794/1817 1792/1815 
f 1795/1818 1797/1820 1796/1819 1794/1817 
f 1797/1820 1799/1822 1798/1821 1796/1819 
f 1799/1822 1801/1824 1800/1823 1798/1821 
f 1801/1824 1803/1826 1802/1825 1800/1823 
f 1803/1826 1805/1828 1804/1827 1802/1825 
f 1805/1828 1807/1830 1806/1829 1804/1827 
f 1807/1830 1787/1832 1784/1831 1806/1829 
f 1809/1834 1808/1833 1786/1809 1787/1810 
f 1808/1833 1810/1835 1789/1812 1786/1809 
f 1810/1835 1811/1836 1791/1814 1789/1812 
f 1811/1836 1812/1837 1793/1816 1791/1814 
f 1812/1837 1813/1838 1795/1818 1793/1816 
f 1813/1838 1814/1839 1797/1820 1795/1818 
f 1814/1839 1815/1840 1799/1822 1797/1820 
f 1815/1840 1816/1841 1801/1824 1799/1822 
f 1816/1841 1817/1842 1803/1826 1801/1824 
f 1817/1842 1818/1843 1805/1828 1803/1826 
f 1818/1843 1819/1844 1807/1830 1805/1828 
f 1819/1844 1809/1845 1787/1832 1807/1830 
f 1821/1847 1820/1846 1808/1833 1809/1834 
f 1820/1846 1822/1848 1810/1835 1808/1833 
f 1822/1848 1823/1849 1811/1836 1810/1835 
f 1823/1849 1824/1850 1812/1837 1811/1836 
f 1824/1850 1825/1851 1813/1838 1812/1837 
f 1825/1851 1826/1852 1814/1839 1813/1838 
f 1826/1852 1827/1853 1815/1840 1814/1839 
f 1827/1853 1828/1854 1816/1841 1815/1840 
f 1828/1854 1829/1855 1817/1842 1816/1841 
f 1829/1855 1830/1856 1818/1843 1817/1842 
f 1830/1856 1831/1857 1819/1844 1818/1843 
f 1831/1857 1821/1858 1809/1845 1819/1844 
f 1833/1860 1832/1859 1820/1846 1821/1847 
f 1832/1859 1834/1861 1822/1848 1820/1846 
f 1834/1861 1835/1862 1823/1849 1822/1848 
f 1835/1862 1836/1863 1824/1850 1823/1849 
f 1836/1863 1837/1864 1825/1851 1824/1850 
f 1837/1864 1838/1865 1826/1852 1825/1851 
f 1838/1865 1839/1866 1827/1853 1826/1852 
f 1839/1866 1840/1867 1828/1854 1827/1853 
f 1840/1867 1841/1868 1829/1855 1828/1854 
f 1841/1868 1842/1869 1830/1856 1829/1855 
f 1842/1869 1843/1870 1831/1857 1830/1856 
f 1843/1870 1833/1871 1821/1858 1831/1857 
f 1845/1873 1844/1872 1832/1859 1833/1860 
f 1844/1872 1846/1874 1834/1861 1832/1859 
f 1846/1874 1847/1875 1835/1862 1834/1861 
f 1847/1875 1848/1876 1836/1863 1835/1862 
f 1848/1876 1849/1877 1837/1864 1836/1863 
f 1849/1877 1850/1878 1838/1865 1837/1864 
f 1850/1878 1851/1879 1839/1866 1838/1865 
f 1851/1879 1852/1880 1840/1867 1839/1866 
f 1852/1880 1853/1881 1841/1868 1840/1867 
f 1853/1881 1854/1882 1842/1869 1841/1868 
f 1854/1882 1855/1883 1843/1870 1842/1869 
f 1855/1883 1845/1884 1833/1871 1843/1870 
f 1857/1886 1856/1885 1844/1872 1845/1873 
f 1856/1885 1858/1887 1846/1874 1844/1872 
f 1858/1887 1859/1888 1847/1875 1846/1874 
f 1859/1888 1860/1889 1848/1876 1847/1875 
f 1860/1889 1861/1890 1849/1877 1848/1876 
f 1861/1890 1862/1891 1850/1878 1849/1877 
f 1862/1891 1863/1892 1851/1879 1850/1878 
f 1863/1892 1864/1893 1852/1880 1851/1879 
f 1864/1893 1865/1894 1853/1881 1852/1880 
f 1865/1894 1866/1895 1854/1882 1853/1881 
f 1866/1895 1867/1896 1855/1883 1854/1882 
f 1867/1896 1857/1897 1845/1884 1855/1883 
# 72 polygons

#
# object Box008
#

v  -278.1510 212.2098 -510.1966
v  -320.4810 212.2098 -510.1966
v  -320.4810 316.4084 -421.3385
v  -278.1510 316.4084 -421.3385
v  -326.6081 212.2098 -499.8721
v  -326.6081 212.2098 -393.5161
v  -326.6081 326.3554 -333.5646
v  -326.6081 315.0941 -412.7595
v  -272.0239 315.0941 -412.7595
v  -278.1510 322.9680 -409.1089
v  -320.4810 322.9680 -409.1089
v  -278.1510 334.7142 -329.1743
v  -272.0239 326.3554 -333.5646
v  -272.0239 212.2098 -499.8721
v  -320.4810 334.7142 -329.1743
v  -272.0239 212.2098 -393.5162
# 16 vertices

vt 0.0609 0.0707 0.0000
vt 0.9391 0.0707 0.0000
vt 0.9391 0.9293 0.0000
vt 0.0609 0.9293 0.0000
vt 0.0686 0.0849 0.0000
vt 0.5434 0.0849 0.0000
vt 0.7009 0.9151 0.0000
vt 0.0657 0.9151 0.0000
vt 0.9623 0.9151 0.0000
vt 1.0000 0.9293 0.0000
vt 0.9453 1.0000 0.0000
vt 1.0000 0.9679 0.0000
vt 0.9443 1.0000 0.0000
vt 0.9391 0.9453 0.0000
vt 0.9391 0.2939 0.0000
vt 1.0000 0.3208 0.0000
vt 1.0000 0.9453 0.0000
vt 0.0609 0.9453 0.0000
vt 0.9391 1.0000 0.0000
vt 0.0609 1.0000 0.0000
vt 0.9540 0.0849 0.0000
vt 1.0000 0.0707 0.0000
vt 0.0609 0.2939 0.0000
vt 0.4783 0.0849 0.0000
vt 0.3259 0.9151 0.0000
vt 0.0000 0.9453 0.0000
vt 0.0000 0.3208 0.0000
# 27 texture coords

o Box008
g Box008
usemtl wire_228153184
s 1
f 1868/1898 1869/1899 1870/1900 1871/1901 
f 1872/1902 1873/1903 1874/1904 1875/1905 
s 4
f 1876/1906 1871/1907 1877/1908 
f 1870/1900 1875/1909 1878/1910 
f 1877/1911 1879/1912 1880/1913 1876/1914 
s 1
f 1878/1915 1877/1911 1871/1916 1870/1917 
s 4
f 1876/1906 1881/1918 1868/1919 1871/1907 
f 1870/1900 1869/1899 1872/1919 1875/1907 
s 1
f 1879/1912 1877/1911 1878/1915 1882/1920 
f 1883/1921 1881/1918 1876/1906 1880/1922 
s 4
f 1882/1920 1878/1915 1875/1923 1874/1924 
# 9 polygons - 2 triangles

#
# object Torus001
#

v  -365.0969 394.2435 -302.6499
v  -354.0353 391.2796 -302.6499
v  -354.0353 385.7287 -344.8134
v  -365.0969 388.5916 -345.5805
v  -345.9376 383.1820 -302.6499
v  -345.9376 377.9070 -342.7175
v  -342.9737 372.1204 -302.6499
v  -342.9737 367.2223 -339.8546
v  -345.9376 361.0588 -302.6499
v  -345.9376 356.5377 -336.9916
v  -354.0353 352.9612 -302.6499
v  -354.0353 348.7159 -334.8958
v  -365.0969 349.9973 -302.6499
v  -365.0969 345.8530 -334.1287
v  -376.1584 352.9612 -302.6499
v  -376.1584 348.7159 -334.8959
v  -384.2560 361.0588 -302.6499
v  -384.2560 356.5376 -336.9916
v  -387.2200 372.1204 -302.6499
v  -387.2200 367.2223 -339.8546
v  -384.2560 383.1819 -302.6499
v  -384.2560 377.9070 -342.7175
v  -376.1584 391.2796 -302.6499
v  -376.1584 385.7287 -344.8134
v  -354.0353 369.4542 -384.1035
v  -365.0968 372.0210 -385.5854
v  -345.9376 362.4414 -380.0546
v  -342.9737 352.8618 -374.5239
v  -345.9376 343.2822 -368.9931
v  -354.0353 336.2695 -364.9443
v  -365.0968 333.7026 -363.4623
v  -376.1584 336.2695 -364.9443
v  -384.2560 343.2822 -368.9931
v  -387.2200 352.8618 -374.5239
v  -384.2560 362.4414 -380.0546
v  -376.1584 369.4542 -384.1035
v  -354.0352 343.5652 -417.8427
v  -365.0968 345.6610 -419.9384
v  -345.9376 337.8393 -412.1168
v  -342.9737 330.0176 -404.2950
v  -345.9376 322.1959 -396.4733
v  -354.0353 316.4700 -390.7474
v  -365.0968 314.3742 -388.6516
v  -376.1584 316.4700 -390.7474
v  -384.2560 322.1959 -396.4733
v  -387.2200 330.0176 -404.2950
v  -384.2560 337.8393 -412.1167
v  -376.1584 343.5652 -417.8426
v  -354.0352 309.8260 -443.7316
v  -365.0968 311.3080 -446.2985
v  -345.9376 305.7772 -436.7188
v  -342.9737 300.2464 -427.1393
v  -345.9376 294.7156 -417.5597
v  -354.0352 290.6668 -410.5469
v  -365.0968 289.1848 -407.9800
v  -376.1584 290.6668 -410.5469
v  -384.2560 294.7156 -417.5596
v  -387.2200 300.2464 -427.1393
v  -384.2560 305.7772 -436.7189
v  -376.1584 309.8260 -443.7316
v  -354.0352 270.5359 -460.0061
v  -365.0968 271.3030 -462.8690
v  -345.9376 268.4401 -452.1844
v  -342.9737 265.5772 -441.4997
v  -345.9376 262.7142 -430.8151
v  -354.0352 260.6184 -422.9933
v  -365.0968 259.8513 -420.1304
v  -376.1584 260.6184 -422.9933
v  -384.2560 262.7142 -430.8151
v  -387.2200 265.5772 -441.4997
v  -384.2560 268.4401 -452.1844
v  -376.1584 270.5359 -460.0061
v  -354.0352 228.3725 -465.5570
v  -365.0968 228.3725 -468.5210
v  -345.9376 228.3725 -457.4594
v  -342.9737 228.3725 -446.3978
v  -345.9376 228.3725 -435.3362
v  -354.0352 228.3725 -427.2386
v  -365.0968 228.3725 -424.2747
v  -376.1584 228.3725 -427.2386
v  -384.2560 228.3725 -435.3362
v  -387.2200 228.3725 -446.3978
v  -384.2560 228.3725 -457.4594
v  -376.1584 228.3725 -465.5570
# 84 vertices

vt 0.0000 0.2500 0.0000
vt 0.0833 0.2500 0.0000
vt 0.0833 0.2917 0.0000
vt 0.0000 0.2917 0.0000
vt 0.1667 0.2500 0.0000
vt 0.1667 0.2917 0.0000
vt 0.2500 0.2500 0.0000
vt 0.2500 0.2917 0.0000
vt 0.3333 0.2500 0.0000
vt 0.3333 0.2917 0.0000
vt 0.4167 0.2500 0.0000
vt 0.4167 0.2917 0.0000
vt 0.5000 0.2500 0.0000
vt 0.5000 0.2917 0.0000
vt 0.5833 0.2500 0.0000
vt 0.5833 0.2917 0.0000
vt 0.6667 0.2500 0.0000
vt 0.6667 0.2917 0.0000
vt 0.7500 0.2500 0.0000
vt 0.7500 0.2917 0.0000
vt 0.8333 0.2500 0.0000
vt 0.8333 0.2917 0.0000
vt 0.9167 0.2500 0.0000
vt 0.9167 0.2917 0.0000
vt 1.0000 0.2500 0.0000
vt 1.0000 0.2917 0.0000
vt 0.0833 0.3333 0.0000
vt 0.0000 0.3333 0.0000
vt 0.1667 0.3333 0.0000
vt 0.2500 0.3333 0.0000
vt 0.3333 0.3333 0.0000
vt 0.4167 0.3333 0.0000
vt 0.5000 0.3333 0.0000
vt 0.5833 0.3333 0.0000
vt 0.6667 0.3333 0.0000
vt 0.7500 0.3333 0.0000
vt 0.8333 0.3333 0.0000
vt 0.9167 0.3333 0.0000
vt 1.0000 0.3333 0.0000
vt 0.0833 0.3750 0.0000
vt 0.0000 0.3750 0.0000
vt 0.1667 0.3750 0.0000
vt 0.2500 0.3750 0.0000
vt 0.3333 0.3750 0.0000
vt 0.4167 0.3750 0.0000
vt 0.5000 0.3750 0.0000
vt 0.5833 0.3750 0.0000
vt 0.6667 0.3750 0.0000
vt 0.7500 0.3750 0.0000
vt 0.8333 0.3750 0.0000
vt 0.9167 0.3750 0.0000
vt 1.0000 0.3750 0.0000
vt 0.0833 0.4167 0.0000
vt 0.0000 0.4167 0.0000
vt 0.1667 0.4167 0.0000
vt 0.2500 0.4167 0.0000
vt 0.3333 0.4167 0.0000
vt 0.4167 0.4167 0.0000
vt 0.5000 0.4167 0.0000
vt 0.5833 0.4167 0.0000
vt 0.6667 0.4167 0.0000
vt 0.7500 0.4167 0.0000
vt 0.8333 0.4167 0.0000
vt 0.9167 0.4167 0.0000
vt 1.0000 0.4167 0.0000
vt 0.0833 0.4583 0.0000
vt 0.0000 0.4583 0.0000
vt 0.1667 0.4583 0.0000
vt 0.2500 0.4583 0.0000
vt 0.3333 0.4583 0.0000
vt 0.4167 0.4583 0.0000
vt 0.5000 0.4583 0.0000
vt 0.5833 0.4583 0.0000
vt 0.6667 0.4583 0.0000
vt 0.7500 0.4583 0.0000
vt 0.8333 0.4583 0.0000
vt 0.9167 0.4583 0.0000
vt 1.0000 0.4583 0.0000
vt 0.0833 0.5000 0.0000
vt 0.0000 0.5000 0.0000
vt 0.1667 0.5000 0.0000
vt 0.2500 0.5000 0.0000
vt 0.3333 0.5000 0.0000
vt 0.4167 0.5000 0.0000
vt 0.5000 0.5000 0.0000
vt 0.5833 0.5000 0.0000
vt 0.6667 0.5000 0.0000
vt 0.7500 0.5000 0.0000
vt 0.8333 0.5000 0.0000
vt 0.9167 0.5000 0.0000
vt 1.0000 0.5000 0.0000
# 91 texture coords

o Torus001
g Torus001
usemtl wire_184155229
s 1
f 1884/1925 1885/1926 1886/1927 1887/1928 
f 1885/1926 1888/1929 1889/1930 1886/1927 
f 1888/1929 1890/1931 1891/1932 1889/1930 
f 1890/1931 1892/1933 1893/1934 1891/1932 
f 1892/1933 1894/1935 1895/1936 1893/1934 
f 1894/1935 1896/1937 1897/1938 1895/1936 
f 1896/1937 1898/1939 1899/1940 1897/1938 
f 1898/1939 1900/1941 1901/1942 1899/1940 
f 1900/1941 1902/1943 1903/1944 1901/1942 
f 1902/1943 1904/1945 1905/1946 1903/1944 
f 1904/1945 1906/1947 1907/1948 1905/1946 
f 1906/1947 1884/1949 1887/1950 1907/1948 
f 1887/1928 1886/1927 1908/1951 1909/1952 
f 1886/1927 1889/1930 1910/1953 1908/1951 
f 1889/1930 1891/1932 1911/1954 1910/1953 
f 1891/1932 1893/1934 1912/1955 1911/1954 
f 1893/1934 1895/1936 1913/1956 1912/1955 
f 1895/1936 1897/1938 1914/1957 1913/1956 
f 1897/1938 1899/1940 1915/1958 1914/1957 
f 1899/1940 1901/1942 1916/1959 1915/1958 
f 1901/1942 1903/1944 1917/1960 1916/1959 
f 1903/1944 1905/1946 1918/1961 1917/1960 
f 1905/1946 1907/1948 1919/1962 1918/1961 
f 1907/1948 1887/1950 1909/1963 1919/1962 
f 1909/1952 1908/1951 1920/1964 1921/1965 
f 1908/1951 1910/1953 1922/1966 1920/1964 
f 1910/1953 1911/1954 1923/1967 1922/1966 
f 1911/1954 1912/1955 1924/1968 1923/1967 
f 1912/1955 1913/1956 1925/1969 1924/1968 
f 1913/1956 1914/1957 1926/1970 1925/1969 
f 1914/1957 1915/1958 1927/1971 1926/1970 
f 1915/1958 1916/1959 1928/1972 1927/1971 
f 1916/1959 1917/1960 1929/1973 1928/1972 
f 1917/1960 1918/1961 1930/1974 1929/1973 
f 1918/1961 1919/1962 1931/1975 1930/1974 
f 1919/1962 1909/1963 1921/1976 1931/1975 
f 1921/1965 1920/1964 1932/1977 1933/1978 
f 1920/1964 1922/1966 1934/1979 1932/1977 
f 1922/1966 1923/1967 1935/1980 1934/1979 
f 1923/1967 1924/1968 1936/1981 1935/1980 
f 1924/1968 1925/1969 1937/1982 1936/1981 
f 1925/1969 1926/1970 1938/1983 1937/1982 
f 1926/1970 1927/1971 1939/1984 1938/1983 
f 1927/1971 1928/1972 1940/1985 1939/1984 
f 1928/1972 1929/1973 1941/1986 1940/1985 
f 1929/1973 1930/1974 1942/1987 1941/1986 
f 1930/1974 1931/1975 1943/1988 1942/1987 
f 1931/1975 1921/1976 1933/1989 1943/1988 
f 1933/1978 1932/1977 1944/1990 1945/1991 
f 1932/1977 1934/1979 1946/1992 1944/1990 
f 1934/1979 1935/1980 1947/1993 1946/1992 
f 1935/1980 1936/1981 1948/1994 1947/1993 
f 1936/1981 1937/1982 1949/1995 1948/1994 
f 1937/1982 1938/1983 1950/1996 1949/1995 
f 1938/1983 1939/1984 1951/1997 1950/1996 
f 1939/1984 1940/1985 1952/1998 1951/1997 
f 1940/1985 1941/1986 1953/1999 1952/1998 
f 1941/1986 1942/1987 1954/2000 1953/1999 
f 1942/1987 1943/1988 1955/2001 1954/2000 
f 1943/1988 1933/1989 1945/2002 1955/2001 
f 1945/1991 1944/1990 1956/2003 1957/2004 
f 1944/1990 1946/1992 1958/2005 1956/2003 
f 1946/1992 1947/1993 1959/2006 1958/2005 
f 1947/1993 1948/1994 1960/2007 1959/2006 
f 1948/1994 1949/1995 1961/2008 1960/2007 
f 1949/1995 1950/1996 1962/2009 1961/2008 
f 1950/1996 1951/1997 1963/2010 1962/2009 
f 1951/1997 1952/1998 1964/2011 1963/2010 
f 1952/1998 1953/1999 1965/2012 1964/2011 
f 1953/1999 1954/2000 1966/2013 1965/2012 
f 1954/2000 1955/2001 1967/2014 1966/2013 
f 1955/2001 1945/2002 1957/2015 1967/2014 
# 72 polygons

#
# object Box015
#

v  -413.5049 212.2098 -510.1966
v  -455.8349 212.2098 -510.1966
v  -455.8349 316.4084 -421.3385
v  -413.5049 316.4084 -421.3385
v  -461.9620 212.2098 -499.8721
v  -461.9620 212.2098 -393.5161
v  -461.9620 326.3554 -333.5646
v  -461.9620 315.0941 -412.7595
v  -407.3778 315.0941 -412.7595
v  -413.5049 322.9680 -409.1089
v  -455.8349 322.9680 -409.1089
v  -413.5049 334.7142 -329.1743
v  -407.3778 326.3554 -333.5646
v  -407.3778 212.2098 -499.8721
v  -455.8349 334.7142 -329.1743
v  -407.3778 212.2098 -393.5162
# 16 vertices

vt 0.0609 0.0707 0.0000
vt 0.9391 0.0707 0.0000
vt 0.9391 0.9293 0.0000
vt 0.0609 0.9293 0.0000
vt 0.0686 0.0849 0.0000
vt 0.5434 0.0849 0.0000
vt 0.7009 0.9151 0.0000
vt 0.0657 0.9151 0.0000
vt 0.9623 0.9151 0.0000
vt 1.0000 0.9293 0.0000
vt 0.9453 1.0000 0.0000
vt 1.0000 0.9679 0.0000
vt 0.9443 1.0000 0.0000
vt 0.9391 0.9453 0.0000
vt 0.9391 0.2939 0.0000
vt 1.0000 0.3208 0.0000
vt 1.0000 0.9453 0.0000
vt 0.0609 0.9453 0.0000
vt 0.9391 1.0000 0.0000
vt 0.0609 1.0000 0.0000
vt 0.9540 0.0849 0.0000
vt 1.0000 0.0707 0.0000
vt 0.0609 0.2939 0.0000
vt 0.4783 0.0849 0.0000
vt 0.3259 0.9151 0.0000
vt 0.0000 0.9453 0.0000
vt 0.0000 0.3208 0.0000
# 27 texture coords

o Box015
g Box015
usemtl wire_228153184
s 1
f 1968/2016 1969/2017 1970/2018 1971/2019 
f 1972/2020 1973/2021 1974/2022 1975/2023 
s 4
f 1976/2024 1971/2025 1977/2026 
f 1970/2018 1975/2027 1978/2028 
f 1977/2029 1979/2030 1980/2031 1976/2032 
s 1
f 1978/2033 1977/2029 1971/2034 1970/2035 
s 4
f 1976/2024 1981/2036 1968/2037 1971/2025 
f 1970/2018 1969/2017 1972/2037 1975/2025 
s 1
f 1979/2030 1977/2029 1978/2033 1982/2038 
f 1983/2039 1981/2036 1976/2024 1980/2040 
s 4
f 1982/2038 1978/2033 1975/2041 1974/2042 
# 9 polygons - 2 triangles

#
# object Cylinder020
#

v  -285.2481 52.0969 -542.6284
v  -438.2267 52.0969 -542.6286
v  -489.3373 52.0968 -497.5100
v  -234.1375 52.0968 -497.5097
v  -211.6043 24.3017 -501.9499
v  -211.6045 24.3015 -354.5170
v  -211.6045 212.9438 -354.5167
v  -211.6043 212.9440 -501.9496
v  -511.8708 24.3015 -354.5173
v  -511.8706 24.3017 -501.9503
v  -511.8706 212.9440 -501.9500
v  -511.8708 212.9438 -354.5171
v  -449.9160 24.3017 -556.6415
v  -449.9160 212.9441 -556.6412
v  -273.5588 24.3017 -556.6413
v  -273.5588 212.9441 -556.6411
v  -236.9365 242.0071 -354.5481
v  -236.9364 242.0073 -496.9579
v  -486.5385 242.0073 -496.9583
v  -486.5387 242.0071 -354.5484
v  -436.7748 242.0074 -540.8878
v  -286.7000 242.0074 -540.8876
v  -216.1360 11.6409 -354.4954
v  -216.1358 11.6411 -496.7327
v  -229.6060 11.6411 -494.0784
v  -229.6062 11.6409 -354.5121
v  -275.9096 11.6412 -549.4990
v  -282.8973 11.6411 -541.1223
v  -447.5652 11.6412 -549.4992
v  -440.5775 11.6411 -541.1224
v  -507.3391 11.6411 -496.7330
v  -493.8689 11.6411 -494.0787
v  -507.3393 11.6409 -354.4958
v  -493.8691 11.6409 -354.5125
v  -234.1377 24.3015 -354.5449
v  -234.1375 24.3016 -497.5097
v  -234.1377 52.0966 -354.5449
v  -285.2481 24.3017 -542.6285
v  -438.2267 24.3017 -542.6287
v  -489.3373 24.3016 -497.5100
v  -489.3376 24.3015 -354.5452
v  -489.3376 52.0966 -354.5452
# 42 vertices

vt 0.6250 0.0000 1.0000
vt 0.5000 0.0000 1.0000
vt 0.3750 0.0000 1.0000
vt 0.1161 0.0000 0.4142
vt 0.7500 0.0147 1.0000
vt 0.8750 0.0147 1.0000
vt 0.8750 1.0000 1.0000
vt 0.7500 1.0000 1.0000
vt 0.2500 0.0147 1.0000
vt 0.3750 0.0147 1.0000
vt 0.3750 1.0000 1.0000
vt 0.2500 1.0000 1.0000
vt 0.5000 0.0147 1.0000
vt 0.5000 1.0000 1.0000
vt 0.6250 0.0147 1.0000
vt 0.6250 1.0000 1.0000
vt 0.2500 1.0000 -1.0000
vt 0.1250 1.0000 -1.0000
vt 0.2197 1.0000 -0.4142
vt -0.1250 0.0000 1.0000
vt 0.2500 0.0000 1.0000
# 21 texture coords

o Cylinder020
g Cylinder020
usemtl wire_057008136
s off
f 1987/2046 1986/2045 1985/2044 1984/2043 
f 1991/2050 1990/2049 1989/2048 1988/2047 
f 1995/2054 1994/2053 1993/2052 1992/2051 
f 1994/2053 1997/2056 1996/2055 1993/2052 
f 1997/2056 1999/2058 1998/2057 1996/2055 
f 1999/2058 1991/2050 1988/2047 1998/2057 
f 2001/2050 2000/2049 1990/2049 1991/2050 
f 2003/2059 2002/2060 1994/2060 1995/2059 
f 2002/2060 2004/2061 1997/2061 1994/2060 
f 2004/2061 2005/2058 1999/2058 1997/2061 
f 2005/2058 2001/2050 1991/2050 1999/2058 
f 2009/2062 2008/2046 2007/2046 2006/2062 
f 2008/2046 2011/2043 2010/2043 2007/2046 
f 2011/2043 2013/2044 2012/2044 2010/2043 
f 2013/2044 2015/2045 2014/2045 2012/2044 
f 2015/2045 2017/2063 2016/2063 2014/2045 
f 2020/2062 1987/2046 2019/2046 2018/2062 
f 1987/2046 1984/2043 2021/2043 2019/2046 
f 1984/2043 1985/2044 2022/2044 2021/2043 
f 1985/2044 1986/2045 2023/2045 2022/2044 
f 1986/2045 2025/2063 2024/2063 2023/2045 
f 1988/2046 1989/2062 2006/2062 2007/2046 
f 1998/2043 1988/2046 2007/2046 2010/2043 
f 1996/2055 1998/2057 2010/2043 2012/2044 
f 1993/2052 1996/2055 2012/2044 2014/2045 
f 1992/2051 1993/2052 2014/2045 2016/2063 
f 2008/2046 2009/2062 2018/2062 2019/2046 
f 2011/2043 2008/2046 2019/2046 2021/2043 
f 2013/2044 2011/2043 2021/2043 2022/2044 
f 2015/2045 2013/2044 2022/2044 2023/2045 
f 2017/2063 2015/2045 2023/2045 2024/2063 
f 2001/2050 2002/2060 2003/2059 2000/2049 
f 2001/2050 2005/2058 2004/2061 2002/2060 
f 1987/2046 2020/2062 2025/2063 1986/2045 
# 34 polygons

