# 3ds Max Wavefront OBJ Exporter v0.99 - (c)2007 guruware
# File Created: 01.06.2026 23:58:01

mtllib Thing.mtl

#
# object cross_clean
#

v  106.9166 949.1539 96.0000
v  106.9166 960.0705 85.0833
v  85.0834 960.0705 85.0833
v  85.0834 960.0705 106.9166
v  96.0000 949.1539 106.9166
v  106.9166 954.5121 94.3802
v  101.5585 949.1539 97.6198
v  100.4173 954.9167 96.0000
v  99.6389 960.0705 85.0833
v  106.9166 958.4507 90.4415
v  99.6728 958.5895 91.5827
v  85.0834 960.0705 92.3611
v  92.3611 960.0705 85.0833
v  92.3272 959.3340 92.3272
v  90.4415 958.4507 106.9166
v  85.0834 960.0705 99.6389
v  91.5827 958.5895 99.6728
v  97.6198 949.1539 101.5585
v  94.3802 954.5121 106.9166
v  96.0000 954.9167 100.4173
v  85.0834 960.0705 -85.0834
v  106.9166 960.0705 -85.0834
v  106.9166 949.1539 -96.0000
v  96.0000 949.1538 -106.9167
v  85.0834 960.0705 -106.9167
v  92.3611 960.0705 -85.0834
v  85.0834 960.0705 -92.3611
v  92.3272 959.3340 -92.3272
v  106.9166 958.4507 -90.4415
v  99.6389 960.0705 -85.0834
v  99.6728 958.5896 -91.5827
v  101.5585 949.1538 -97.6198
v  106.9166 954.5121 -94.3802
v  100.4173 954.9167 -96.0000
v  94.3802 954.5121 -106.9166
v  97.6198 949.1538 -101.5585
v  96.0000 954.9167 -100.4173
v  85.0834 960.0705 -99.6389
v  90.4415 958.4507 -106.9166
v  91.5827 958.5895 -99.6728
v  319.0584 949.1539 96.0000
v  338.9405 940.1321 96.0000
v  343.1887 951.8549 85.0833
v  325.0834 960.0705 85.0833
v  326.0697 947.8306 96.0000
v  320.9818 954.5072 94.3835
v  328.7468 953.3237 94.2883
v  341.7028 945.1046 94.3835
v  333.3277 944.5372 96.0000
v  335.6988 950.1692 94.2883
v  338.0775 955.8664 85.0833
v  343.2386 949.3430 90.4366
v  337.2949 953.9523 90.6419
v  323.1600 958.4540 90.4366
v  331.4680 958.8656 85.0833
v  330.5430 957.0161 90.6419
v  319.0584 949.1539 -96.0000
v  325.0834 960.0705 -85.0834
v  343.1887 951.8549 -85.0834
v  338.9405 940.1321 -96.0000
v  320.9818 954.5072 -94.3835
v  326.0697 947.8306 -96.0000
v  328.7467 953.3238 -94.2883
v  331.4680 958.8656 -85.0834
v  323.1600 958.4540 -90.4367
v  330.5430 957.0161 -90.6419
v  343.2386 949.3429 -90.4366
v  338.0775 955.8664 -85.0834
v  337.2949 953.9523 -90.6419
v  333.3277 944.5372 -96.0000
v  341.7027 945.1046 -94.3835
v  335.6989 950.1692 -94.2883
v  106.9166 778.9872 96.0000
v  96.0000 778.9872 106.9166
v  85.0834 768.0705 106.9166
v  85.0834 768.0705 85.0833
v  106.9166 768.0705 85.0833
v  101.5585 778.9872 97.6198
v  106.9166 773.6290 94.3802
v  100.4173 773.2244 96.0000
v  94.3802 773.6290 106.9166
v  97.6198 778.9872 101.5585
v  96.0000 773.2242 100.4173
v  85.0834 768.0705 99.6389
v  90.4415 769.6903 106.9166
v  91.5827 769.5515 99.6728
v  92.3611 768.0705 85.0833
v  85.0834 768.0705 92.3611
v  92.3272 768.8070 92.3272
v  106.9166 769.6903 90.4415
v  99.6389 768.0705 85.0833
v  99.6728 769.5515 91.5827
v  106.9166 778.9872 -96.0000
v  106.9166 768.0705 -85.0834
v  85.0834 768.0705 -85.0834
v  85.0834 768.0705 -106.9167
v  96.0000 778.9872 -106.9167
v  106.9166 773.6290 -94.3802
v  101.5585 778.9872 -97.6198
v  100.4173 773.2242 -96.0000
v  99.6389 768.0705 -85.0834
v  106.9166 769.6903 -90.4415
v  99.6728 769.5515 -91.5827
v  85.0834 768.0705 -92.3611
v  92.3611 768.0705 -85.0834
v  92.3272 768.8070 -92.3272
v  90.4415 769.6903 -106.9167
v  85.0834 768.0705 -99.6389
v  91.5827 769.5515 -99.6728
v  97.6198 778.9872 -101.5585
v  94.3802 773.6290 -106.9167
v  96.0000 773.2244 -100.4173
v  241.8421 778.9872 96.0000
v  237.9599 768.0705 85.0833
v  256.0652 759.8549 85.0833
v  261.7242 769.9653 96.0000
v  240.6021 773.6312 94.3817
v  248.8534 777.6638 96.0000
v  247.0450 772.0862 94.2868
v  244.3445 766.8655 85.0833
v  239.2000 769.6888 90.4393
v  245.5337 768.4898 90.6446
v  256.4664 761.8539 90.4393
v  250.9540 763.8664 85.0833
v  251.3933 765.8308 90.6446
v  256.1115 774.3704 96.0000
v  258.5101 765.5051 94.3817
v  253.1046 769.3364 94.2868
v  256.0652 759.8549 -85.0834
v  237.9599 768.0705 -85.0834
v  241.8421 778.9872 -96.0000
v  261.7242 769.9653 -96.0000
v  250.9539 763.8664 -85.0834
v  256.4664 761.8539 -90.4393
v  251.3933 765.8308 -90.6446
v  239.2000 769.6888 -90.4393
v  244.3445 766.8656 -85.0834
v  245.5336 768.4898 -90.6446
v  248.8534 777.6638 -96.0000
v  240.6020 773.6312 -94.3817
v  247.0449 772.0861 -94.2869
v  258.5101 765.5051 -94.3817
v  256.1114 774.3704 -96.0000
v  253.1046 769.3365 -94.2869
v  672.0000 565.1539 85.0833
v  664.8113 584.2861 85.0833
v  653.4040 580.7452 96.0000
v  661.0834 560.3070 96.0000
v  670.9464 571.6862 85.0833
v  670.3824 563.6061 90.4382
v  669.1276 570.9996 90.6434
v  662.5747 584.3859 90.4382
v  668.3199 578.6765 85.0833
v  666.4990 577.9954 90.6434
v  657.1522 574.7526 96.0000
v  658.4532 583.1064 94.3824
v  662.7719 576.6788 94.2874
v  666.4382 561.8549 94.3824
v  659.9581 567.2851 96.0000
v  665.4557 569.5359 94.2874
v  672.0000 565.1539 -85.0834
v  661.0834 560.3070 -96.0000
v  653.4040 580.7452 -96.0000
v  664.8113 584.2861 -85.0833
v  670.3824 563.6061 -90.4382
v  670.9465 571.6862 -85.0834
v  669.1276 570.9996 -90.6434
v  659.9580 567.2850 -96.0000
v  666.4382 561.8549 -94.3824
v  665.4557 569.5359 -94.2874
v  658.4532 583.1065 -94.3824
v  657.1522 574.7526 -96.0000
v  662.7717 576.6788 -94.2874
v  668.3199 578.6765 -85.0833
v  662.5747 584.3859 -90.4382
v  666.4990 577.9954 -90.6435
v  480.0000 493.0128 85.0833
v  490.9166 496.3694 96.0000
v  483.2373 516.8076 96.0000
v  472.8113 512.1451 85.0833
v  481.6186 494.0851 90.4398
v  478.9465 499.5450 85.0833
v  480.5890 500.6050 90.6451
v  489.7911 503.3475 96.0000
v  485.5601 495.2970 94.3813
v  484.2025 501.8787 94.2865
v  478.4999 514.0873 94.3813
v  486.9854 510.8149 96.0000
v  481.8123 508.2401 94.2865
v  476.3199 506.5353 85.0833
v  474.7356 512.4039 90.4398
v  478.2540 506.8192 90.6451
v  480.0000 493.0128 -85.0834
v  472.8113 512.1450 -85.0834
v  483.2373 516.8076 -96.0000
v  490.9166 496.3694 -96.0000
v  478.9465 499.5450 -85.0834
v  481.6187 494.0851 -90.4398
v  480.5890 500.6050 -90.6451
v  474.7356 512.4039 -90.4398
v  476.3199 506.5353 -85.0834
v  478.2540 506.8192 -90.6451
v  486.9854 510.8149 -96.0000
v  478.4999 514.0873 -94.3813
v  481.8123 508.2401 -94.2865
v  485.5601 495.2970 -94.3813
v  489.7911 503.3475 -96.0000
v  484.2025 501.8787 -94.2865
v  -106.9166 949.1539 96.0000
v  -96.0000 949.1539 106.9166
v  -85.0834 960.0705 106.9166
v  -85.0834 960.0705 85.0833
v  -106.9166 960.0705 85.0833
v  -101.5585 949.1539 97.6198
v  -106.9166 954.5121 94.3802
v  -100.4173 954.9167 96.0000
v  -94.3802 954.5121 106.9166
v  -97.6198 949.1539 101.5585
v  -96.0000 954.9167 100.4173
v  -85.0834 960.0705 99.6389
v  -90.4415 958.4507 106.9166
v  -91.5827 958.5895 99.6728
v  -92.3611 960.0705 85.0833
v  -85.0834 960.0705 92.3611
v  -92.3272 959.3340 92.3272
v  -106.9166 958.4507 90.4415
v  -99.6389 960.0705 85.0833
v  -99.6728 958.5895 91.5827
v  -106.9166 949.1539 -96.0000
v  -106.9166 960.0705 -85.0834
v  -85.0834 960.0705 -85.0834
v  -85.0834 960.0705 -106.9167
v  -96.0000 949.1538 -106.9167
v  -106.9166 954.5121 -94.3802
v  -101.5585 949.1538 -97.6198
v  -100.4173 954.9167 -96.0000
v  -99.6389 960.0705 -85.0834
v  -106.9166 958.4507 -90.4415
v  -99.6728 958.5895 -91.5827
v  -85.0834 960.0705 -92.3611
v  -92.3611 960.0705 -85.0834
v  -92.3272 959.3340 -92.3272
v  -90.4415 958.4507 -106.9167
v  -85.0834 960.0705 -99.6389
v  -91.5827 958.5895 -99.6728
v  -97.6198 949.1539 -101.5585
v  -94.3802 954.5121 -106.9167
v  -96.0000 954.9167 -100.4173
v  -319.0584 949.1539 96.0000
v  -325.0834 960.0705 85.0833
v  -343.1887 951.8549 85.0833
v  -338.9405 940.1321 96.0000
v  -320.9818 954.5072 94.3835
v  -326.0697 947.8306 96.0000
v  -328.7467 953.3238 94.2883
v  -331.4680 958.8656 85.0833
v  -323.1600 958.4540 90.4366
v  -330.5430 957.0161 90.6419
v  -343.2386 949.3429 90.4366
v  -338.0775 955.8664 85.0833
v  -337.2949 953.9523 90.6419
v  -333.3277 944.5372 96.0000
v  -341.7027 945.1046 94.3835
v  -335.6989 950.1691 94.2883
v  -343.1887 951.8549 -85.0834
v  -325.0834 960.0705 -85.0834
v  -319.0584 949.1539 -96.0000
v  -338.9405 940.1321 -96.0000
v  -338.0775 955.8664 -85.0834
v  -343.2386 949.3430 -90.4367
v  -337.2949 953.9523 -90.6419
v  -323.1600 958.4540 -90.4367
v  -331.4680 958.8656 -85.0834
v  -330.5430 957.0161 -90.6419
v  -326.0697 947.8306 -96.0000
v  -320.9818 954.5072 -94.3835
v  -328.7468 953.3237 -94.2883
v  -341.7028 945.1046 -94.3835
v  -333.3277 944.5372 -96.0000
v  -335.6988 950.1692 -94.2883
v  -106.9166 778.9872 96.0000
v  -106.9166 768.0705 85.0833
v  -85.0834 768.0705 85.0833
v  -85.0834 768.0705 106.9166
v  -96.0000 778.9872 106.9166
v  -106.9166 773.6290 94.3802
v  -101.5585 778.9872 97.6198
v  -100.4173 773.2242 96.0000
v  -99.6389 768.0705 85.0833
v  -106.9166 769.6903 90.4415
v  -99.6728 769.5515 91.5827
v  -85.0834 768.0705 92.3611
v  -92.3611 768.0705 85.0833
v  -92.3272 768.8070 92.3272
v  -90.4415 769.6903 106.9166
v  -85.0834 768.0705 99.6389
v  -91.5827 769.5515 99.6728
v  -97.6198 778.9872 101.5585
v  -94.3802 773.6290 106.9166
v  -96.0000 773.2244 100.4173
v  -85.0834 768.0705 -85.0834
v  -106.9166 768.0705 -85.0834
v  -106.9166 778.9872 -96.0000
v  -96.0000 778.9872 -106.9167
v  -85.0834 768.0705 -106.9167
v  -92.3611 768.0705 -85.0834
v  -85.0834 768.0705 -92.3611
v  -92.3272 768.8070 -92.3272
v  -106.9166 769.6903 -90.4415
v  -99.6389 768.0705 -85.0834
v  -99.6728 769.5515 -91.5827
v  -101.5585 778.9872 -97.6198
v  -106.9166 773.6290 -94.3802
v  -100.4173 773.2244 -96.0000
v  -94.3802 773.6290 -106.9167
v  -97.6198 778.9872 -101.5585
v  -96.0000 773.2242 -100.4173
v  -85.0834 768.0705 -99.6389
v  -90.4415 769.6903 -106.9167
v  -91.5827 769.5515 -99.6728
v  -241.8421 778.9872 96.0000
v  -261.7242 769.9653 96.0000
v  -256.0652 759.8549 85.0833
v  -237.9599 768.0705 85.0833
v  -248.8534 777.6638 96.0000
v  -240.6020 773.6312 94.3817
v  -247.0449 772.0861 94.2868
v  -258.5101 765.5051 94.3817
v  -256.1114 774.3704 96.0000
v  -253.1046 769.3365 94.2868
v  -250.9539 763.8664 85.0834
v  -256.4664 761.8539 90.4393
v  -251.3933 765.8308 90.6446
v  -239.2000 769.6888 90.4393
v  -244.3445 766.8656 85.0834
v  -245.5336 768.4898 90.6446
v  -241.8421 778.9872 -96.0000
v  -237.9599 768.0705 -85.0834
v  -256.0652 759.8549 -85.0834
v  -261.7242 769.9653 -96.0000
v  -240.6021 773.6312 -94.3817
v  -248.8534 777.6638 -96.0000
v  -247.0450 772.0862 -94.2869
v  -244.3445 766.8655 -85.0834
v  -239.2000 769.6888 -90.4393
v  -245.5337 768.4898 -90.6446
v  -256.4664 761.8539 -90.4393
v  -250.9540 763.8664 -85.0834
v  -251.3933 765.8308 -90.6446
v  -256.1115 774.3704 -96.0000
v  -258.5101 765.5051 -94.3817
v  -253.1046 769.3364 -94.2869
v  -672.0000 565.1539 85.0833
v  -661.0834 560.3070 96.0000
v  -653.4040 580.7452 96.0000
v  -664.8113 584.2861 85.0833
v  -670.3824 563.6061 90.4382
v  -670.9465 571.6862 85.0833
v  -669.1276 570.9996 90.6434
v  -659.9580 567.2850 96.0000
v  -666.4382 561.8549 94.3824
v  -665.4557 569.5359 94.2874
v  -658.4532 583.1065 94.3824
v  -657.1522 574.7526 96.0000
v  -662.7717 576.6788 94.2874
v  -668.3199 578.6765 85.0833
v  -662.5747 584.3859 90.4382
v  -666.4990 577.9954 90.6434
v  -672.0000 565.1539 -85.0834
v  -664.8113 584.2861 -85.0834
v  -653.4040 580.7452 -96.0000
v  -661.0834 560.3070 -96.0000
v  -670.9464 571.6862 -85.0834
v  -670.3824 563.6061 -90.4382
v  -669.1276 570.9996 -90.6434
v  -662.5747 584.3859 -90.4382
v  -668.3199 578.6765 -85.0833
v  -666.4990 577.9954 -90.6435
v  -657.1522 574.7526 -96.0000
v  -658.4532 583.1064 -94.3824
v  -662.7719 576.6788 -94.2874
v  -666.4382 561.8549 -94.3824
v  -659.9581 567.2851 -96.0000
v  -665.4557 569.5359 -94.2874
v  -480.0000 493.0128 85.0833
v  -472.8113 512.1450 85.0833
v  -483.2373 516.8076 96.0000
v  -490.9166 496.3694 96.0000
v  -478.9465 499.5450 85.0833
v  -481.6187 494.0851 90.4398
v  -480.5890 500.6050 90.6451
v  -474.7356 512.4039 90.4398
v  -476.3199 506.5353 85.0833
v  -478.2540 506.8192 90.6451
v  -486.9854 510.8149 96.0000
v  -478.4999 514.0873 94.3813
v  -481.8123 508.2401 94.2865
v  -485.5601 495.2970 94.3813
v  -489.7911 503.3475 96.0000
v  -484.2025 501.8787 94.2865
v  -480.0000 493.0128 -85.0834
v  -490.9166 496.3694 -96.0000
v  -483.2373 516.8076 -96.0000
v  -472.8113 512.1451 -85.0834
v  -481.6186 494.0851 -90.4398
v  -478.9465 499.5450 -85.0834
v  -480.5890 500.6050 -90.6451
v  -489.7911 503.3475 -96.0000
v  -485.5601 495.2970 -94.3813
v  -484.2025 501.8787 -94.2865
v  -478.4999 514.0873 -94.3813
v  -486.9854 510.8149 -96.0000
v  -481.8123 508.2401 -94.2865
v  -476.3199 506.5353 -85.0834
v  -474.7356 512.4039 -90.4398
v  -478.2540 506.8192 -90.6451
v  -85.0834 951.8549 -343.1887
v  -96.0000 940.1321 -338.9405
v  -96.0000 949.1539 -319.0584
v  -85.0834 960.0705 -325.0834
v  -90.4366 949.3430 -343.2386
v  -85.0834 955.8664 -338.0775
v  -90.6419 953.9523 -337.2949
v  -96.0000 944.5372 -333.3278
v  -94.3835 945.1046 -341.7027
v  -94.2883 950.1691 -335.6989
v  -94.3835 954.5073 -320.9818
v  -96.0000 947.8306 -326.0697
v  -94.2883 953.3237 -328.7467
v  -85.0834 958.8656 -331.4680
v  -90.4367 958.4540 -323.1601
v  -90.6419 957.0161 -330.5430
v  85.0834 951.8549 -343.1887
v  85.0834 960.0705 -325.0834
v  96.0000 949.1539 -319.0584
v  96.0000 940.1321 -338.9405
v  85.0834 955.8664 -338.0775
v  90.4367 949.3430 -343.2386
v  90.6419 953.9523 -337.2950
v  90.4367 958.4540 -323.1601
v  85.0834 958.8656 -331.4680
v  90.6419 957.0161 -330.5430
v  96.0000 947.8306 -326.0697
v  94.3835 954.5072 -320.9818
v  94.2883 953.3237 -328.7468
v  94.3835 945.1046 -341.7028
v  96.0000 944.5372 -333.3278
v  94.2883 950.1692 -335.6988
v  -85.0834 759.8549 -256.0652
v  -85.0834 768.0705 -237.9599
v  -96.0000 778.9872 -241.8421
v  -96.0000 769.9653 -261.7243
v  -85.0834 763.8664 -250.9539
v  -90.4393 761.8539 -256.4665
v  -90.6446 765.8308 -251.3934
v  -90.4393 769.6888 -239.2000
v  -85.0834 766.8656 -244.3445
v  -90.6446 768.4898 -245.5336
v  -96.0000 777.6638 -248.8534
v  -94.3817 773.6311 -240.6021
v  -94.2868 772.0861 -247.0450
v  -94.3817 765.5051 -258.5101
v  -96.0000 774.3704 -256.1115
v  -94.2868 769.3364 -253.1047
v  85.0834 759.8549 -256.0652
v  96.0000 769.9653 -261.7243
v  96.0000 778.9872 -241.8421
v  85.0834 768.0705 -237.9599
v  90.4393 761.8539 -256.4665
v  85.0834 763.8663 -250.9540
v  90.6446 765.8308 -251.3934
v  96.0000 774.3704 -256.1115
v  94.3817 765.5051 -258.5101
v  94.2868 769.3364 -253.1047
v  94.3817 773.6311 -240.6021
v  96.0000 777.6638 -248.8534
v  94.2868 772.0862 -247.0450
v  85.0834 766.8656 -244.3445
v  90.4393 769.6888 -239.2000
v  90.6446 768.4898 -245.5337
v  -85.0834 565.1539 -672.0000
v  -96.0000 560.3070 -661.0834
v  -96.0000 580.7452 -653.4039
v  -85.0834 584.2862 -664.8114
v  -90.4382 563.6061 -670.3824
v  -85.0834 571.6862 -670.9465
v  -90.6434 570.9996 -669.1276
v  -96.0000 567.2850 -659.9580
v  -94.3824 561.8549 -666.4382
v  -94.2874 569.5359 -665.4557
v  -94.3824 583.1064 -658.4532
v  -96.0000 574.7526 -657.1522
v  -94.2874 576.6788 -662.7717
v  -85.0834 578.6765 -668.3199
v  -90.4382 584.3859 -662.5747
v  -90.6434 577.9954 -666.4990
v  85.0834 565.1539 -672.0000
v  85.0834 584.2861 -664.8114
v  96.0000 580.7452 -653.4039
v  96.0000 560.3070 -661.0834
v  85.0834 571.6862 -670.9463
v  90.4382 563.6061 -670.3824
v  90.6434 570.9996 -669.1276
v  90.4382 584.3859 -662.5747
v  85.0834 578.6765 -668.3199
v  90.6434 577.9954 -666.4990
v  96.0000 574.7526 -657.1522
v  94.3824 583.1064 -658.4532
v  94.2874 576.6788 -662.7719
v  94.3824 561.8549 -666.4382
v  96.0000 567.2851 -659.9580
v  94.2874 569.5359 -665.4557
v  -85.0834 493.0128 -480.0000
v  -85.0834 512.1450 -472.8114
v  -96.0000 516.8076 -483.2373
v  -96.0000 496.3694 -490.9167
v  -85.0834 499.5450 -478.9465
v  -90.4398 494.0851 -481.6187
v  -90.6451 500.6050 -480.5890
v  -90.4398 512.4039 -474.7356
v  -85.0834 506.5353 -476.3200
v  -90.6451 506.8192 -478.2541
v  -96.0000 510.8149 -486.9854
v  -94.3813 514.0873 -478.5000
v  -94.2865 508.2401 -481.8123
v  -94.3813 495.2970 -485.5601
v  -96.0000 503.3475 -489.7912
v  -94.2865 501.8787 -484.2024
v  85.0834 493.0128 -480.0000
v  96.0000 496.3694 -490.9167
v  96.0000 516.8076 -483.2373
v  85.0834 512.1451 -472.8114
v  90.4398 494.0851 -481.6187
v  85.0834 499.5450 -478.9465
v  90.6451 500.6050 -480.5890
v  96.0000 503.3475 -489.7912
v  94.3813 495.2970 -485.5601
v  94.2865 501.8787 -484.2025
v  94.3813 514.0873 -478.4999
v  96.0000 510.8149 -486.9855
v  94.2865 508.2401 -481.8123
v  85.0834 506.5353 -476.3200
v  90.4398 512.4039 -474.7356
v  90.6451 506.8192 -478.2541
v  -85.0834 951.8549 343.1886
v  -85.0834 960.0705 325.0833
v  -96.0000 949.1539 319.0584
v  -96.0000 940.1321 338.9405
v  -85.0834 955.8664 338.0774
v  -90.4367 949.3430 343.2386
v  -90.6419 953.9523 337.2948
v  -90.4367 958.4540 323.1600
v  -85.0834 958.8656 331.4680
v  -90.6419 957.0161 330.5429
v  -96.0000 947.8306 326.0696
v  -94.3835 954.5072 320.9818
v  -94.2883 953.3237 328.7467
v  -94.3835 945.1046 341.7027
v  -96.0000 944.5372 333.3277
v  -94.2883 950.1692 335.6988
v  85.0834 951.8549 343.1886
v  96.0000 940.1321 338.9405
v  96.0000 949.1539 319.0584
v  85.0834 960.0705 325.0833
v  90.4366 949.3429 343.2386
v  85.0834 955.8664 338.0774
v  90.6419 953.9523 337.2948
v  96.0000 944.5372 333.3277
v  94.3835 945.1046 341.7027
v  94.2883 950.1691 335.6988
v  94.3835 954.5072 320.9818
v  96.0000 947.8306 326.0696
v  94.2883 953.3238 328.7467
v  85.0834 958.8656 331.4680
v  90.4367 958.4540 323.1600
v  90.6419 957.0161 330.5429
v  -85.0834 759.8549 256.0651
v  -96.0000 769.9653 261.7242
v  -96.0000 778.9872 241.8421
v  -85.0834 768.0705 237.9598
v  -90.4393 761.8539 256.4664
v  -85.0834 763.8663 250.9539
v  -90.6446 765.8308 251.3933
v  -96.0000 774.3704 256.1114
v  -94.3817 765.5051 258.5101
v  -94.2868 769.3364 253.1046
v  -94.3817 773.6312 240.6020
v  -96.0000 777.6638 248.8534
v  -94.2868 772.0862 247.0450
v  -85.0834 766.8655 244.3445
v  -90.4393 769.6888 239.2000
v  -90.6446 768.4898 245.5336
v  85.0834 759.8549 256.0651
v  85.0834 768.0705 237.9598
v  96.0000 778.9872 241.8421
v  96.0000 769.9653 261.7242
v  85.0834 763.8664 250.9539
v  90.4393 761.8539 256.4664
v  90.6446 765.8308 251.3933
v  90.4393 769.6888 239.2000
v  85.0834 766.8656 244.3445
v  90.6446 768.4898 245.5336
v  96.0000 777.6638 248.8534
v  94.3817 773.6312 240.6020
v  94.2868 772.0861 247.0449
v  94.3817 765.5051 258.5101
v  96.0000 774.3704 256.1114
v  94.2868 769.3365 253.1046
v  -85.0834 565.1539 672.0000
v  -85.0834 584.2862 664.8113
v  -96.0000 580.7452 653.4040
v  -96.0000 560.3070 661.0834
v  -85.0834 571.6862 670.9464
v  -90.4382 563.6061 670.3824
v  -90.6434 570.9996 669.1276
v  -90.4382 584.3859 662.5747
v  -85.0834 578.6765 668.3199
v  -90.6434 577.9954 666.4990
v  -96.0000 574.7525 657.1522
v  -94.3824 583.1064 658.4531
v  -94.2874 576.6788 662.7719
v  -94.3824 561.8549 666.4382
v  -96.0000 567.2851 659.9581
v  -94.2874 569.5359 665.4556
v  85.0834 565.1539 672.0000
v  96.0000 560.3070 661.0834
v  96.0000 580.7452 653.4040
v  85.0834 584.2862 664.8113
v  90.4382 563.6061 670.3824
v  85.0834 571.6862 670.9464
v  90.6434 570.9996 669.1276
v  96.0000 567.2850 659.9580
v  94.3824 561.8549 666.4382
v  94.2874 569.5359 665.4557
v  94.3824 583.1064 658.4531
v  96.0000 574.7525 657.1522
v  94.2874 576.6788 662.7717
v  85.0834 578.6765 668.3199
v  90.4382 584.3858 662.5746
v  90.6434 577.9954 666.4990
v  -85.0834 493.0128 480.0000
v  -96.0000 496.3694 490.9166
v  -96.0000 516.8076 483.2373
v  -85.0834 512.1450 472.8113
v  -90.4398 494.0851 481.6186
v  -85.0834 499.5450 478.9464
v  -90.6451 500.6049 480.5890
v  -96.0000 503.3475 489.7911
v  -94.3813 495.2970 485.5601
v  -94.2865 501.8788 484.2025
v  -94.3813 514.0873 478.4999
v  -96.0000 510.8149 486.9854
v  -94.2865 508.2401 481.8123
v  -85.0834 506.5353 476.3199
v  -90.4398 512.4039 474.7356
v  -90.6451 506.8192 478.2540
v  85.0834 493.0128 480.0000
v  85.0834 512.1450 472.8113
v  96.0000 516.8076 483.2373
v  96.0000 496.3694 490.9166
v  85.0834 499.5450 478.9464
v  90.4398 494.0851 481.6187
v  90.6451 500.6050 480.5890
v  90.4398 512.4039 474.7356
v  85.0834 506.5353 476.3199
v  90.6451 506.8192 478.2540
v  96.0000 510.8149 486.9854
v  94.3813 514.0873 478.4999
v  94.2865 508.2401 481.8123
v  94.3813 495.2970 485.5601
v  96.0000 503.3475 489.7911
v  94.2865 501.8787 484.2025
v  99.5891 949.1539 99.5891
v  98.2086 954.9167 98.2086
v  99.5891 778.9872 99.5891
v  98.2086 773.2244 98.2086
v  -99.5891 949.1539 99.5891
v  -98.2086 954.9167 98.2086
v  -99.5891 778.9872 99.5891
v  -98.2086 773.2244 98.2086
v  -99.5891 949.1539 -99.5891
v  -98.2086 954.9167 -98.2086
v  -99.5891 778.9872 -99.5891
v  -98.2086 773.2244 -98.2086
v  99.5891 949.1538 -99.5891
v  98.2086 954.9167 -98.2086
v  99.5891 778.9872 -99.5891
v  98.2086 773.2244 -98.2086
v  106.9166 -949.1539 -96.0001
v  106.9166 -960.0705 -85.0834
v  85.0834 -960.0705 -85.0834
v  85.0834 -960.0705 -106.9167
v  96.0000 -949.1539 -106.9167
v  106.9166 -954.5121 -94.3803
v  101.5585 -949.1539 -97.6198
v  100.4173 -954.9167 -96.0001
v  99.6389 -960.0705 -85.0834
v  106.9166 -958.4507 -90.4416
v  99.6728 -958.5895 -91.5828
v  85.0834 -960.0705 -92.3612
v  92.3611 -960.0705 -85.0834
v  92.3272 -959.3340 -92.3273
v  90.4415 -958.4507 -106.9167
v  85.0834 -960.0705 -99.6389
v  91.5827 -958.5895 -99.6729
v  97.6198 -949.1539 -101.5586
v  94.3802 -954.5121 -106.9167
v  96.0000 -954.9167 -100.4174
v  85.0834 -960.0705 85.0833
v  106.9166 -960.0705 85.0833
v  106.9166 -949.1539 95.9999
v  96.0000 -949.1538 106.9166
v  85.0834 -960.0705 106.9166
v  92.3611 -960.0705 85.0833
v  85.0834 -960.0705 92.3611
v  92.3272 -959.3340 92.3271
v  106.9166 -958.4507 90.4414
v  99.6389 -960.0705 85.0833
v  99.6728 -958.5896 91.5826
v  101.5585 -949.1538 97.6197
v  106.9166 -954.5121 94.3801
v  100.4173 -954.9167 95.9999
v  94.3802 -954.5121 106.9165
v  97.6198 -949.1538 101.5584
v  96.0000 -954.9167 100.4172
v  85.0834 -960.0705 99.6388
v  90.4415 -958.4507 106.9165
v  91.5827 -958.5895 99.6727
v  319.0584 -949.1539 -96.0001
v  338.9405 -940.1321 -96.0001
v  343.1887 -951.8549 -85.0834
v  325.0834 -960.0705 -85.0834
v  326.0697 -947.8306 -96.0001
v  320.9818 -954.5072 -94.3835
v  328.7468 -953.3237 -94.2884
v  341.7028 -945.1046 -94.3835
v  333.3277 -944.5372 -96.0001
v  335.6988 -950.1692 -94.2884
v  338.0775 -955.8664 -85.0834
v  343.2386 -949.3430 -90.4367
v  337.2949 -953.9523 -90.6420
v  323.1600 -958.4540 -90.4367
v  331.4680 -958.8656 -85.0834
v  330.5430 -957.0161 -90.6420
v  319.0584 -949.1539 95.9999
v  325.0834 -960.0705 85.0833
v  343.1887 -951.8549 85.0833
v  338.9405 -940.1321 95.9999
v  320.9818 -954.5072 94.3834
v  326.0697 -947.8306 95.9999
v  328.7467 -953.3238 94.2882
v  331.4680 -958.8656 85.0833
v  323.1600 -958.4540 90.4366
v  330.5430 -957.0161 90.6418
v  343.2386 -949.3429 90.4366
v  338.0775 -955.8664 85.0833
v  337.2949 -953.9523 90.6418
v  333.3277 -944.5372 95.9999
v  341.7027 -945.1046 94.3834
v  335.6989 -950.1692 94.2882
v  106.9166 -778.9872 -96.0000
v  96.0000 -778.9872 -106.9167
v  85.0834 -768.0705 -106.9167
v  85.0834 -768.0705 -85.0834
v  106.9166 -768.0705 -85.0834
v  101.5585 -778.9872 -97.6198
v  106.9166 -773.6290 -94.3802
v  100.4173 -773.2244 -96.0000
v  94.3802 -773.6290 -106.9167
v  97.6198 -778.9872 -101.5585
v  96.0000 -773.2242 -100.4174
v  85.0834 -768.0705 -99.6389
v  90.4415 -769.6903 -106.9167
v  91.5827 -769.5515 -99.6729
v  92.3611 -768.0705 -85.0834
v  85.0834 -768.0705 -92.3612
v  92.3272 -768.8070 -92.3272
v  106.9166 -769.6903 -90.4416
v  99.6389 -768.0705 -85.0834
v  99.6728 -769.5515 -91.5828
v  106.9166 -778.9872 95.9999
v  106.9166 -768.0705 85.0833
v  85.0834 -768.0705 85.0833
v  85.0834 -768.0705 106.9166
v  96.0000 -778.9872 106.9166
v  106.9166 -773.6290 94.3801
v  101.5585 -778.9872 97.6197
v  100.4173 -773.2242 95.9999
v  99.6389 -768.0705 85.0833
v  106.9166 -769.6903 90.4415
v  99.6728 -769.5515 91.5826
v  85.0834 -768.0705 92.3611
v  92.3611 -768.0705 85.0833
v  92.3272 -768.8070 92.3271
v  90.4415 -769.6903 106.9166
v  85.0834 -768.0705 99.6388
v  91.5827 -769.5515 99.6728
v  97.6198 -778.9872 101.5584
v  94.3802 -773.6290 106.9166
v  96.0000 -773.2244 100.4172
v  241.8421 -778.9872 -96.0000
v  237.9599 -768.0705 -85.0834
v  256.0652 -759.8549 -85.0834
v  261.7242 -769.9653 -96.0000
v  240.6021 -773.6312 -94.3817
v  248.8534 -777.6638 -96.0000
v  247.0450 -772.0862 -94.2869
v  244.3445 -766.8655 -85.0834
v  239.2000 -769.6888 -90.4394
v  245.5337 -768.4898 -90.6447
v  256.4664 -761.8539 -90.4394
v  250.9540 -763.8664 -85.0834
v  251.3933 -765.8308 -90.6447
v  256.1115 -774.3704 -96.0000
v  258.5101 -765.5051 -94.3817
v  253.1046 -769.3364 -94.2869
v  256.0652 -759.8549 85.0833
v  237.9599 -768.0705 85.0833
v  241.8421 -778.9872 95.9999
v  261.7242 -769.9653 95.9999
v  250.9539 -763.8664 85.0833
v  256.4664 -761.8539 90.4393
v  251.3933 -765.8308 90.6445
v  239.2000 -769.6888 90.4393
v  244.3445 -766.8656 85.0833
v  245.5336 -768.4898 90.6445
v  248.8534 -777.6638 95.9999
v  240.6020 -773.6312 94.3816
v  247.0449 -772.0861 94.2868
v  258.5101 -765.5051 94.3816
v  256.1114 -774.3704 95.9999
v  253.1046 -769.3365 94.2868
v  672.0000 -565.1539 -85.0834
v  664.8113 -584.2861 -85.0834
v  653.4040 -580.7452 -96.0000
v  661.0834 -560.3070 -96.0000
v  670.9464 -571.6862 -85.0834
v  670.3824 -563.6061 -90.4383
v  669.1276 -570.9996 -90.6435
v  662.5747 -584.3859 -90.4383
v  668.3199 -578.6765 -85.0834
v  666.4990 -577.9954 -90.6435
v  657.1522 -574.7526 -96.0000
v  658.4532 -583.1064 -94.3825
v  662.7719 -576.6788 -94.2874
v  666.4382 -561.8549 -94.3824
v  659.9581 -567.2851 -96.0000
v  665.4557 -569.5359 -94.2874
v  672.0000 -565.1540 85.0833
v  661.0834 -560.3071 96.0000
v  653.4040 -580.7452 96.0000
v  664.8113 -584.2862 85.0833
v  670.3824 -563.6061 90.4382
v  670.9465 -571.6862 85.0833
v  669.1276 -570.9996 90.6434
v  659.9580 -567.2851 96.0000
v  666.4382 -561.8549 94.3824
v  665.4557 -569.5360 94.2874
v  658.4532 -583.1066 94.3824
v  657.1522 -574.7526 96.0000
v  662.7717 -576.6789 94.2874
v  668.3199 -578.6765 85.0833
v  662.5747 -584.3859 90.4382
v  666.4990 -577.9954 90.6434
v  480.0000 -493.0128 -85.0834
v  490.9166 -496.3694 -96.0000
v  483.2373 -516.8076 -96.0000
v  472.8113 -512.1451 -85.0834
v  481.6186 -494.0851 -90.4399
v  478.9465 -499.5450 -85.0834
v  480.5890 -500.6049 -90.6451
v  489.7911 -503.3475 -96.0000
v  485.5601 -495.2970 -94.3814
v  484.2025 -501.8787 -94.2866
v  478.4999 -514.0873 -94.3813
v  486.9854 -510.8149 -96.0000
v  481.8123 -508.2401 -94.2865
v  476.3199 -506.5353 -85.0834
v  474.7356 -512.4039 -90.4399
v  478.2540 -506.8192 -90.6451
v  480.0000 -493.0128 85.0833
v  472.8113 -512.1451 85.0833
v  483.2373 -516.8076 96.0000
v  490.9166 -496.3694 96.0000
v  478.9465 -499.5450 85.0833
v  481.6187 -494.0851 90.4398
v  480.5890 -500.6050 90.6451
v  474.7356 -512.4039 90.4398
v  476.3199 -506.5353 85.0833
v  478.2540 -506.8192 90.6450
v  486.9854 -510.8150 96.0000
v  478.4999 -514.0873 94.3813
v  481.8123 -508.2401 94.2865
v  485.5601 -495.2971 94.3813
v  489.7911 -503.3475 96.0000
v  484.2025 -501.8788 94.2865
v  672.0000 0.0000 -85.0833
v  661.0834 -0.0000 -96.0000
v  670.5375 0.0000 -90.5417
v  666.5417 -0.0000 -94.5374
v  661.0834 0.0000 96.0000
v  672.0000 -0.0000 85.0833
v  666.5417 0.0000 94.5374
v  670.5375 -0.0000 90.5417
v  490.9166 -0.0000 -96.0000
v  480.0000 0.0000 -85.0833
v  485.4583 -0.0000 -94.5374
v  481.4625 0.0000 -90.5417
v  480.0000 -0.0000 85.0833
v  490.9166 0.0000 96.0000
v  481.4625 -0.0000 90.5417
v  485.4583 0.0000 94.5374
v  -106.9166 -949.1539 -96.0001
v  -96.0000 -949.1539 -106.9167
v  -85.0834 -960.0705 -106.9167
v  -85.0834 -960.0705 -85.0834
v  -106.9166 -960.0705 -85.0834
v  -101.5585 -949.1539 -97.6198
v  -106.9166 -954.5121 -94.3803
v  -100.4173 -954.9167 -96.0001
v  -94.3802 -954.5121 -106.9167
v  -97.6198 -949.1539 -101.5585
v  -96.0000 -954.9167 -100.4174
v  -85.0834 -960.0705 -99.6389
v  -90.4415 -958.4507 -106.9167
v  -91.5827 -958.5895 -99.6729
v  -92.3611 -960.0705 -85.0834
v  -85.0834 -960.0705 -92.3612
v  -92.3272 -959.3340 -92.3273
v  -106.9166 -958.4507 -90.4416
v  -99.6389 -960.0705 -85.0834
v  -99.6728 -958.5895 -91.5828
v  -106.9166 -949.1539 95.9999
v  -106.9166 -960.0705 85.0833
v  -85.0834 -960.0705 85.0833
v  -85.0834 -960.0705 106.9166
v  -96.0000 -949.1538 106.9166
v  -106.9166 -954.5121 94.3801
v  -101.5585 -949.1538 97.6197
v  -100.4173 -954.9167 95.9999
v  -99.6389 -960.0705 85.0833
v  -106.9166 -958.4507 90.4414
v  -99.6728 -958.5895 91.5826
v  -85.0834 -960.0705 92.3611
v  -92.3611 -960.0705 85.0833
v  -92.3272 -959.3340 92.3271
v  -90.4415 -958.4507 106.9166
v  -85.0834 -960.0705 99.6388
v  -91.5827 -958.5895 99.6727
v  -97.6198 -949.1539 101.5584
v  -94.3802 -954.5121 106.9166
v  -96.0000 -954.9167 100.4172
v  -319.0584 -949.1539 -96.0001
v  -325.0834 -960.0705 -85.0834
v  -343.1887 -951.8549 -85.0834
v  -338.9405 -940.1321 -96.0001
v  -320.9818 -954.5072 -94.3835
v  -326.0697 -947.8306 -96.0001
v  -328.7467 -953.3238 -94.2884
v  -331.4680 -958.8656 -85.0834
v  -323.1600 -958.4540 -90.4367
v  -330.5430 -957.0161 -90.6420
v  -343.2386 -949.3429 -90.4367
v  -338.0775 -955.8664 -85.0834
v  -337.2949 -953.9523 -90.6420
v  -333.3277 -944.5372 -96.0001
v  -341.7027 -945.1046 -94.3835
v  -335.6989 -950.1691 -94.2884
v  -343.1887 -951.8549 85.0833
v  -325.0834 -960.0705 85.0833
v  -319.0584 -949.1539 95.9999
v  -338.9405 -940.1321 95.9999
v  -338.0775 -955.8664 85.0833
v  -343.2386 -949.3430 90.4366
v  -337.2949 -953.9523 90.6418
v  -323.1600 -958.4540 90.4366
v  -331.4680 -958.8656 85.0833
v  -330.5430 -957.0161 90.6418
v  -326.0697 -947.8306 95.9999
v  -320.9818 -954.5072 94.3834
v  -328.7468 -953.3237 94.2882
v  -341.7028 -945.1046 94.3834
v  -333.3277 -944.5372 95.9999
v  -335.6988 -950.1692 94.2882
v  -106.9166 -778.9872 -96.0000
v  -106.9166 -768.0705 -85.0834
v  -85.0834 -768.0705 -85.0834
v  -85.0834 -768.0705 -106.9167
v  -96.0000 -778.9872 -106.9167
v  -106.9166 -773.6290 -94.3802
v  -101.5585 -778.9872 -97.6198
v  -100.4173 -773.2242 -96.0000
v  -99.6389 -768.0705 -85.0834
v  -106.9166 -769.6903 -90.4416
v  -99.6728 -769.5515 -91.5828
v  -85.0834 -768.0705 -92.3612
v  -92.3611 -768.0705 -85.0834
v  -92.3272 -768.8070 -92.3272
v  -90.4415 -769.6903 -106.9167
v  -85.0834 -768.0705 -99.6389
v  -91.5827 -769.5515 -99.6729
v  -97.6198 -778.9872 -101.5586
v  -94.3802 -773.6290 -106.9167
v  -96.0000 -773.2244 -100.4174
v  -85.0834 -768.0705 85.0833
v  -106.9166 -768.0705 85.0833
v  -106.9166 -778.9872 95.9999
v  -96.0000 -778.9872 106.9166
v  -85.0834 -768.0705 106.9166
v  -92.3611 -768.0705 85.0833
v  -85.0834 -768.0705 92.3611
v  -92.3272 -768.8070 92.3271
v  -106.9166 -769.6903 90.4414
v  -99.6389 -768.0705 85.0833
v  -99.6728 -769.5515 91.5826
v  -101.5585 -778.9872 97.6197
v  -106.9166 -773.6290 94.3801
v  -100.4173 -773.2244 95.9999
v  -94.3802 -773.6290 106.9166
v  -97.6198 -778.9872 101.5584
v  -96.0000 -773.2242 100.4172
v  -85.0834 -768.0705 99.6388
v  -90.4415 -769.6903 106.9166
v  -91.5827 -769.5515 99.6728
v  -241.8421 -778.9872 -96.0000
v  -261.7242 -769.9653 -96.0000
v  -256.0652 -759.8549 -85.0834
v  -237.9599 -768.0705 -85.0834
v  -248.8534 -777.6638 -96.0000
v  -240.6020 -773.6312 -94.3817
v  -247.0449 -772.0861 -94.2869
v  -258.5101 -765.5051 -94.3817
v  -256.1114 -774.3704 -96.0000
v  -253.1046 -769.3365 -94.2869
v  -250.9539 -763.8664 -85.0834
v  -256.4664 -761.8539 -90.4394
v  -251.3933 -765.8308 -90.6447
v  -239.2000 -769.6888 -90.4394
v  -244.3445 -766.8656 -85.0834
v  -245.5336 -768.4898 -90.6447
v  -241.8421 -778.9872 95.9999
v  -237.9599 -768.0705 85.0833
v  -256.0652 -759.8549 85.0833
v  -261.7242 -769.9653 95.9999
v  -240.6021 -773.6312 94.3816
v  -248.8534 -777.6638 95.9999
v  -247.0450 -772.0862 94.2868
v  -244.3445 -766.8655 85.0833
v  -239.2000 -769.6888 90.4393
v  -245.5337 -768.4898 90.6445
v  -256.4664 -761.8539 90.4393
v  -250.9540 -763.8664 85.0833
v  -251.3933 -765.8308 90.6445
v  -256.1115 -774.3704 95.9999
v  -258.5101 -765.5051 94.3816
v  -253.1046 -769.3364 94.2868
v  -672.0000 -565.1539 -85.0834
v  -661.0834 -560.3070 -96.0000
v  -653.4040 -580.7452 -96.0000
v  -664.8113 -584.2861 -85.0834
v  -670.3824 -563.6061 -90.4383
v  -670.9465 -571.6862 -85.0834
v  -669.1276 -570.9996 -90.6435
v  -659.9580 -567.2850 -96.0000
v  -666.4382 -561.8549 -94.3824
v  -665.4557 -569.5359 -94.2874
v  -658.4532 -583.1065 -94.3825
v  -657.1522 -574.7526 -96.0000
v  -662.7717 -576.6788 -94.2874
v  -668.3199 -578.6765 -85.0834
v  -662.5747 -584.3859 -90.4383
v  -666.4990 -577.9954 -90.6435
v  -672.0000 -565.1540 85.0833
v  -664.8113 -584.2862 85.0833
v  -653.4040 -580.7452 96.0000
v  -661.0834 -560.3071 96.0000
v  -670.9464 -571.6862 85.0833
v  -670.3824 -563.6061 90.4382
v  -669.1276 -570.9996 90.6434
v  -662.5747 -584.3859 90.4382
v  -668.3199 -578.6765 85.0833
v  -666.4990 -577.9954 90.6434
v  -657.1522 -574.7526 96.0000
v  -658.4532 -583.1065 94.3824
v  -662.7719 -576.6789 94.2874
v  -666.4382 -561.8550 94.3824
v  -659.9581 -567.2852 96.0000
v  -665.4557 -569.5360 94.2874
v  -480.0000 -493.0128 -85.0834
v  -472.8113 -512.1450 -85.0834
v  -483.2373 -516.8076 -96.0000
v  -490.9166 -496.3694 -96.0000
v  -478.9465 -499.5450 -85.0834
v  -481.6187 -494.0851 -90.4399
v  -480.5890 -500.6049 -90.6451
v  -474.7356 -512.4039 -90.4399
v  -476.3199 -506.5353 -85.0834
v  -478.2540 -506.8192 -90.6451
v  -486.9854 -510.8149 -96.0000
v  -478.4999 -514.0873 -94.3813
v  -481.8123 -508.2401 -94.2866
v  -485.5601 -495.2970 -94.3813
v  -489.7911 -503.3475 -96.0000
v  -484.2025 -501.8787 -94.2866
v  -480.0000 -493.0128 85.0833
v  -490.9166 -496.3694 96.0000
v  -483.2373 -516.8076 96.0000
v  -472.8113 -512.1451 85.0833
v  -481.6186 -494.0851 90.4398
v  -478.9465 -499.5450 85.0833
v  -480.5890 -500.6050 90.6451
v  -489.7911 -503.3475 96.0000
v  -485.5601 -495.2971 94.3813
v  -484.2025 -501.8788 94.2865
v  -478.4999 -514.0873 94.3813
v  -486.9854 -510.8150 96.0000
v  -481.8123 -508.2401 94.2865
v  -476.3199 -506.5353 85.0833
v  -474.7356 -512.4039 90.4398
v  -478.2540 -506.8192 90.6451
v  -661.0834 -0.0000 -96.0000
v  -672.0000 0.0000 -85.0833
v  -666.5417 -0.0000 -94.5374
v  -670.5375 0.0000 -90.5417
v  -672.0000 -0.0000 85.0833
v  -661.0834 0.0000 96.0000
v  -670.5375 -0.0000 90.5417
v  -666.5417 0.0000 94.5374
v  -480.0000 0.0000 -85.0833
v  -490.9166 -0.0000 -96.0000
v  -481.4625 0.0000 -90.5417
v  -485.4583 -0.0000 -94.5374
v  -490.9166 0.0000 96.0000
v  -480.0000 -0.0000 85.0833
v  -485.4583 0.0000 94.5374
v  -481.4625 -0.0000 90.5417
v  -85.0834 -951.8550 343.1886
v  -96.0000 -940.1321 338.9404
v  -96.0000 -949.1541 319.0583
v  -85.0834 -960.0706 325.0833
v  -90.4366 -949.3431 343.2385
v  -85.0834 -955.8665 338.0774
v  -90.6419 -953.9524 337.2948
v  -96.0000 -944.5373 333.3277
v  -94.3835 -945.1047 341.7026
v  -94.2883 -950.1692 335.6988
v  -94.3835 -954.5074 320.9817
v  -96.0000 -947.8307 326.0696
v  -94.2883 -953.3238 328.7466
v  -85.0834 -958.8657 331.4680
v  -90.4367 -958.4541 323.1600
v  -90.6419 -957.0162 330.5429
v  85.0834 -951.8550 343.1886
v  85.0834 -960.0706 325.0833
v  96.0000 -949.1541 319.0583
v  96.0000 -940.1321 338.9404
v  85.0834 -955.8665 338.0774
v  90.4367 -949.3431 343.2385
v  90.6419 -953.9524 337.2948
v  90.4367 -958.4541 323.1600
v  85.0834 -958.8657 331.4680
v  90.6419 -957.0162 330.5429
v  96.0000 -947.8307 326.0696
v  94.3835 -954.5073 320.9817
v  94.2883 -953.3238 328.7467
v  94.3835 -945.1047 341.7027
v  96.0000 -944.5373 333.3277
v  94.2883 -950.1693 335.6987
v  -85.0834 -759.8549 256.0651
v  -85.0834 -768.0705 237.9598
v  -96.0000 -778.9872 241.8420
v  -96.0000 -769.9653 261.7242
v  -85.0834 -763.8664 250.9539
v  -90.4393 -761.8539 256.4664
v  -90.6446 -765.8308 251.3933
v  -90.4393 -769.6888 239.2000
v  -85.0834 -766.8656 244.3445
v  -90.6446 -768.4898 245.5336
v  -96.0000 -777.6638 248.8533
v  -94.3817 -773.6311 240.6020
v  -94.2868 -772.0861 247.0449
v  -94.3817 -765.5051 258.5101
v  -96.0000 -774.3704 256.1114
v  -94.2868 -769.3364 253.1046
v  85.0834 -759.8549 256.0651
v  96.0000 -769.9653 261.7242
v  96.0000 -778.9872 241.8420
v  85.0834 -768.0705 237.9598
v  90.4393 -761.8539 256.4664
v  85.0834 -763.8663 250.9540
v  90.6446 -765.8308 251.3933
v  96.0000 -774.3704 256.1114
v  94.3817 -765.5051 258.5101
v  94.2868 -769.3364 253.1046
v  94.3817 -773.6311 240.6020
v  96.0000 -777.6638 248.8533
v  94.2868 -772.0862 247.0449
v  85.0834 -766.8656 244.3445
v  90.4393 -769.6888 239.2000
v  90.6446 -768.4898 245.5336
v  -85.0834 -565.1541 671.9999
v  -96.0000 -560.3071 661.0834
v  -96.0000 -580.7452 653.4039
v  -85.0834 -584.2863 664.8113
v  -90.4382 -563.6062 670.3823
v  -85.0834 -571.6862 670.9464
v  -90.6434 -570.9997 669.1276
v  -96.0000 -567.2852 659.9580
v  -94.3824 -561.8550 666.4382
v  -94.2874 -569.5361 665.4556
v  -94.3824 -583.1066 658.4531
v  -96.0000 -574.7526 657.1522
v  -94.2874 -576.6790 662.7717
v  -85.0834 -578.6765 668.3198
v  -90.4382 -584.3860 662.5746
v  -90.6434 -577.9954 666.4990
v  85.0834 -565.1541 671.9999
v  85.0834 -584.2863 664.8113
v  96.0000 -580.7452 653.4039
v  96.0000 -560.3071 661.0834
v  85.0834 -571.6862 670.9462
v  90.4382 -563.6062 670.3823
v  90.6434 -570.9996 669.1274
v  90.4382 -584.3860 662.5746
v  85.0834 -578.6765 668.3198
v  90.6434 -577.9954 666.4990
v  96.0000 -574.7526 657.1522
v  94.3824 -583.1066 658.4531
v  94.2874 -576.6790 662.7717
v  94.3824 -561.8550 666.4382
v  96.0000 -567.2852 659.9580
v  94.2874 -569.5361 665.4556
v  -85.0834 -493.0128 479.9999
v  -85.0834 -512.1451 472.8113
v  -96.0000 -516.8076 483.2373
v  -96.0000 -496.3694 490.9166
v  -85.0834 -499.5450 478.9465
v  -90.4398 -494.0851 481.6186
v  -90.6451 -500.6050 480.5889
v  -90.4398 -512.4039 474.7356
v  -85.0834 -506.5353 476.3199
v  -90.6451 -506.8192 478.2540
v  -96.0000 -510.8150 486.9853
v  -94.3813 -514.0873 478.4999
v  -94.2865 -508.2401 481.8123
v  -94.3813 -495.2971 485.5600
v  -96.0000 -503.3475 489.7912
v  -94.2865 -501.8788 484.2024
v  85.0834 -493.0128 479.9999
v  96.0000 -496.3694 490.9166
v  96.0000 -516.8076 483.2373
v  85.0834 -512.1451 472.8113
v  90.4398 -494.0851 481.6186
v  85.0834 -499.5450 478.9465
v  90.6451 -500.6050 480.5890
v  96.0000 -503.3475 489.7912
v  94.3813 -495.2971 485.5600
v  94.2865 -501.8788 484.2025
v  94.3813 -514.0873 478.4999
v  96.0000 -510.8150 486.9854
v  94.2865 -508.2401 481.8123
v  85.0834 -506.5353 476.3199
v  90.4398 -512.4039 474.7356
v  90.6451 -506.8192 478.2540
v  -96.0000 -0.0000 661.0834
v  -85.0834 -0.0000 672.0000
v  -94.5374 -0.0001 666.5417
v  -90.5417 -0.0000 670.5375
v  85.0834 -0.0000 672.0000
v  96.0000 -0.0000 661.0834
v  90.5417 -0.0000 670.5375
v  94.5374 -0.0001 666.5417
v  -85.0834 0.0000 480.0000
v  -96.0000 -0.0000 490.9166
v  -90.5417 -0.0000 481.4625
v  -94.5374 -0.0000 485.4583
v  96.0000 -0.0000 490.9166
v  85.0834 0.0000 480.0000
v  94.5374 -0.0000 485.4583
v  90.5417 -0.0000 481.4625
v  -85.0834 -951.8549 -343.1888
v  -85.0834 -960.0705 -325.0834
v  -96.0000 -949.1539 -319.0585
v  -96.0000 -940.1321 -338.9406
v  -85.0834 -955.8664 -338.0775
v  -90.4367 -949.3430 -343.2387
v  -90.6419 -953.9523 -337.2950
v  -90.4367 -958.4540 -323.1601
v  -85.0834 -958.8656 -331.4681
v  -90.6419 -957.0161 -330.5430
v  -96.0000 -947.8306 -326.0697
v  -94.3835 -954.5072 -320.9818
v  -94.2883 -953.3237 -328.7469
v  -94.3835 -945.1046 -341.7028
v  -96.0000 -944.5372 -333.3278
v  -94.2883 -950.1692 -335.6989
v  85.0834 -951.8549 -343.1888
v  96.0000 -940.1321 -338.9406
v  96.0000 -949.1539 -319.0585
v  85.0834 -960.0705 -325.0834
v  90.4366 -949.3429 -343.2387
v  85.0834 -955.8664 -338.0775
v  90.6419 -953.9523 -337.2950
v  96.0000 -944.5372 -333.3278
v  94.3835 -945.1046 -341.7028
v  94.2883 -950.1691 -335.6989
v  94.3835 -954.5072 -320.9818
v  96.0000 -947.8306 -326.0697
v  94.2883 -953.3238 -328.7468
v  85.0834 -958.8656 -331.4681
v  90.4367 -958.4540 -323.1601
v  90.6419 -957.0161 -330.5430
v  -85.0834 -759.8549 -256.0652
v  -96.0000 -769.9653 -261.7243
v  -96.0000 -778.9872 -241.8422
v  -85.0834 -768.0705 -237.9599
v  -90.4393 -761.8539 -256.4665
v  -85.0834 -763.8663 -250.9540
v  -90.6446 -765.8308 -251.3934
v  -96.0000 -774.3704 -256.1115
v  -94.3817 -765.5051 -258.5101
v  -94.2868 -769.3364 -253.1047
v  -94.3817 -773.6312 -240.6021
v  -96.0000 -777.6638 -248.8535
v  -94.2868 -772.0862 -247.0451
v  -85.0834 -766.8655 -244.3446
v  -90.4393 -769.6888 -239.2000
v  -90.6446 -768.4898 -245.5337
v  85.0834 -759.8549 -256.0652
v  85.0834 -768.0705 -237.9599
v  96.0000 -778.9872 -241.8422
v  96.0000 -769.9653 -261.7243
v  85.0834 -763.8664 -250.9540
v  90.4393 -761.8539 -256.4665
v  90.6446 -765.8308 -251.3934
v  90.4393 -769.6888 -239.2000
v  85.0834 -766.8656 -244.3446
v  90.6446 -768.4898 -245.5336
v  96.0000 -777.6638 -248.8534
v  94.3817 -773.6312 -240.6021
v  94.2868 -772.0861 -247.0450
v  94.3817 -765.5051 -258.5101
v  96.0000 -774.3704 -256.1115
v  94.2868 -769.3365 -253.1047
v  -85.0834 -565.1539 -672.0001
v  -85.0834 -584.2861 -664.8114
v  -96.0000 -580.7451 -653.4041
v  -96.0000 -560.3069 -661.0834
v  -85.0834 -571.6861 -670.9465
v  -90.4382 -563.6060 -670.3826
v  -90.6434 -570.9995 -669.1276
v  -90.4382 -584.3858 -662.5747
v  -85.0834 -578.6764 -668.3201
v  -90.6434 -577.9954 -666.4990
v  -96.0000 -574.7524 -657.1522
v  -94.3824 -583.1064 -658.4532
v  -94.2874 -576.6788 -662.7720
v  -94.3824 -561.8549 -666.4382
v  -96.0000 -567.2850 -659.9581
v  -94.2874 -569.5359 -665.4557
v  85.0834 -565.1539 -672.0001
v  96.0000 -560.3069 -661.0834
v  96.0000 -580.7451 -653.4041
v  85.0834 -584.2861 -664.8114
v  90.4382 -563.6060 -670.3826
v  85.0834 -571.6862 -670.9465
v  90.6434 -570.9996 -669.1276
v  96.0000 -567.2850 -659.9580
v  94.3824 -561.8549 -666.4382
v  94.2874 -569.5359 -665.4557
v  94.3824 -583.1064 -658.4532
v  96.0000 -574.7524 -657.1522
v  94.2874 -576.6788 -662.7717
v  85.0834 -578.6764 -668.3201
v  90.4382 -584.3857 -662.5747
v  90.6434 -577.9953 -666.4990
v  -85.0834 -493.0128 -480.0000
v  -96.0000 -496.3694 -490.9166
v  -96.0000 -516.8076 -483.2373
v  -85.0834 -512.1450 -472.8113
v  -90.4398 -494.0851 -481.6186
v  -85.0834 -499.5450 -478.9464
v  -90.6451 -500.6049 -480.5890
v  -96.0000 -503.3474 -489.7912
v  -94.3813 -495.2970 -485.5602
v  -94.2865 -501.8788 -484.2025
v  -94.3813 -514.0873 -478.5000
v  -96.0000 -510.8149 -486.9854
v  -94.2865 -508.2401 -481.8123
v  -85.0834 -506.5353 -476.3200
v  -90.4398 -512.4039 -474.7357
v  -90.6451 -506.8192 -478.2541
v  85.0834 -493.0128 -480.0000
v  85.0834 -512.1450 -472.8113
v  96.0000 -516.8076 -483.2373
v  96.0000 -496.3694 -490.9166
v  85.0834 -499.5450 -478.9464
v  90.4398 -494.0851 -481.6187
v  90.6451 -500.6049 -480.5890
v  90.4398 -512.4039 -474.7357
v  85.0834 -506.5353 -476.3200
v  90.6451 -506.8192 -478.2541
v  96.0000 -510.8149 -486.9854
v  94.3813 -514.0873 -478.5000
v  94.2865 -508.2401 -481.8123
v  94.3813 -495.2970 -485.5602
v  96.0000 -503.3474 -489.7912
v  94.2865 -501.8787 -484.2025
v  -85.0834 0.0000 -672.0000
v  -96.0000 0.0000 -661.0834
v  -90.5417 0.0000 -670.5375
v  -94.5374 0.0001 -666.5417
v  96.0000 0.0000 -661.0834
v  85.0834 0.0000 -672.0000
v  94.5374 0.0001 -666.5417
v  90.5417 0.0000 -670.5375
v  -96.0000 0.0000 -490.9166
v  -85.0834 -0.0000 -480.0000
v  -94.5374 0.0000 -485.4583
v  -90.5417 0.0000 -481.4625
v  85.0834 -0.0000 -480.0000
v  96.0000 0.0000 -490.9166
v  90.5417 0.0000 -481.4625
v  94.5374 0.0000 -485.4583
v  99.5891 -949.1539 -99.5892
v  98.2086 -954.9167 -98.2087
v  99.5891 -778.9872 -99.5892
v  98.2086 -773.2244 -98.2087
v  -99.5891 -949.1539 -99.5892
v  -98.2086 -954.9167 -98.2087
v  -99.5891 -778.9872 -99.5892
v  -98.2086 -773.2244 -98.2087
v  -99.5891 -949.1539 99.5891
v  -98.2086 -954.9167 98.2086
v  -99.5891 -778.9872 99.5891
v  -98.2086 -773.2244 98.2086
v  99.5891 -949.1538 99.5891
v  98.2086 -954.9167 98.2085
v  99.5891 -778.9872 99.5891
v  98.2086 -773.2244 98.2086
# 1440 vertices

vn 0.5011 0.1644 0.8496
vn 0.1942 0.1942 0.9616
vn 0.1096 0.5307 0.8404
vn 0.1096 0.5307 0.8404
vn 0.4369 0.5753 0.6914
vn 0.5011 0.1644 0.8496
vn 0.1297 0.9074 0.3999
vn 0.4369 0.5753 0.6914
vn 0.1096 0.5307 0.8404
vn 0.1096 0.5307 0.8404
vn 0.0369 0.8669 0.4971
vn 0.1297 0.9074 0.3999
vn 0.0369 0.8669 0.4971
vn -0.0000 0.9808 0.1948
vn 0.0078 0.9929 0.1189
vn 0.0078 0.9929 0.1189
vn 0.1297 0.9074 0.3999
vn 0.0369 0.8669 0.4971
vn 0.1297 0.9074 0.3999
vn 0.0078 0.9929 0.1189
vn 0.0275 0.9982 0.0525
vn 0.0275 0.9982 0.0525
vn 0.1705 0.9705 0.1705
vn 0.1297 0.9074 0.3999
vn 0.0275 0.9982 0.0525
vn 0.0000 1.0000 -0.0000
vn 0.0525 0.9982 0.0275
vn 0.0525 0.9982 0.0275
vn 0.1705 0.9705 0.1705
vn 0.0275 0.9982 0.0525
vn 0.3999 0.9074 0.1297
vn 0.1705 0.9705 0.1705
vn 0.0525 0.9982 0.0275
vn 0.0525 0.9982 0.0275
vn 0.1189 0.9929 0.0078
vn 0.3999 0.9074 0.1297
vn 0.1189 0.9929 0.0078
vn 0.1948 0.9808 -0.0000
vn 0.4971 0.8669 0.0369
vn 0.4971 0.8669 0.0369
vn 0.3999 0.9074 0.1297
vn 0.1189 0.9929 0.0078
vn 0.3999 0.9074 0.1297
vn 0.4971 0.8669 0.0369
vn 0.8404 0.5307 0.1096
vn 0.8404 0.5307 0.1096
vn 0.6914 0.5753 0.4369
vn 0.3999 0.9074 0.1297
vn 0.8404 0.5307 0.1096
vn 0.9783 0.1467 0.1467
vn 0.8496 0.1644 0.5011
vn 0.8496 0.1644 0.5011
vn 0.6914 0.5753 0.4369
vn 0.8404 0.5307 0.1096
vn 0.5697 0.5924 0.5697
vn 0.6914 0.5753 0.4369
vn 0.8496 0.1644 0.5011
vn 0.8496 0.1644 0.5011
vn 0.6977 0.1626 0.6977
vn 0.5697 0.5924 0.5697
vn 0.3999 0.9074 0.1297
vn 0.6914 0.5753 0.4369
vn 0.5697 0.5924 0.5697
vn 0.5697 0.5924 0.5697
vn 0.1705 0.9705 0.1705
vn 0.3999 0.9074 0.1297
vn 0.0525 0.9982 -0.0275
vn 0.0000 1.0000 -0.0000
vn 0.0275 0.9982 -0.0525
vn 0.0275 0.9982 -0.0525
vn 0.1705 0.9705 -0.1705
vn 0.0525 0.9982 -0.0275
vn 0.1297 0.9074 -0.3999
vn 0.1705 0.9705 -0.1705
vn 0.0275 0.9982 -0.0525
vn 0.0275 0.9982 -0.0525
vn 0.0078 0.9929 -0.1189
vn 0.1297 0.9074 -0.3999
vn 0.0078 0.9929 -0.1189
vn -0.0000 0.9808 -0.1948
vn 0.0369 0.8669 -0.4971
vn 0.0369 0.8669 -0.4971
vn 0.1297 0.9074 -0.3999
vn 0.0078 0.9929 -0.1189
vn 0.1297 0.9074 -0.3999
vn 0.0369 0.8669 -0.4971
vn 0.1096 0.5307 -0.8404
vn 0.1096 0.5307 -0.8404
vn 0.4369 0.5753 -0.6914
vn 0.1297 0.9074 -0.3999
vn 0.1096 0.5307 -0.8404
vn 0.1942 0.1942 -0.9616
vn 0.5011 0.1644 -0.8496
vn 0.5011 0.1644 -0.8496
vn 0.4369 0.5753 -0.6914
vn 0.1096 0.5307 -0.8404
vn 0.5697 0.5924 -0.5697
vn 0.4369 0.5753 -0.6914
vn 0.5011 0.1644 -0.8496
vn 0.5011 0.1644 -0.8496
vn 0.6977 0.1626 -0.6977
vn 0.5697 0.5924 -0.5697
vn 0.8496 0.1644 -0.5011
vn 0.9616 0.1942 -0.1942
vn 0.8404 0.5307 -0.1096
vn 0.8404 0.5307 -0.1096
vn 0.6914 0.5753 -0.4369
vn 0.8496 0.1644 -0.5011
vn 0.3999 0.9074 -0.1297
vn 0.6914 0.5753 -0.4369
vn 0.8404 0.5307 -0.1096
vn 0.8404 0.5307 -0.1096
vn 0.4971 0.8669 -0.0369
vn 0.3999 0.9074 -0.1297
vn 0.4971 0.8669 -0.0369
vn 0.1948 0.9808 0.0000
vn 0.1189 0.9929 -0.0078
vn 0.1189 0.9929 -0.0078
vn 0.3999 0.9074 -0.1297
vn 0.4971 0.8669 -0.0369
vn 0.3999 0.9074 -0.1297
vn 0.1189 0.9929 -0.0078
vn 0.0525 0.9982 -0.0275
vn 0.0525 0.9982 -0.0275
vn 0.1705 0.9705 -0.1705
vn 0.3999 0.9074 -0.1297
vn 0.5697 0.5924 -0.5697
vn 0.6914 0.5753 -0.4369
vn 0.3999 0.9074 -0.1297
vn 0.3999 0.9074 -0.1297
vn 0.1705 0.9705 -0.1705
vn 0.5697 0.5924 -0.5697
vn 0.0391 0.5094 0.8596
vn 0.0143 0.1841 0.9828
vn 0.0432 0.1413 0.9890
vn 0.0432 0.1413 0.9890
vn 0.1440 0.4774 0.8668
vn 0.0391 0.5094 0.8596
vn 0.1440 0.4774 0.8668
vn 0.0432 0.1413 0.9890
vn 0.0779 0.1255 0.9890
vn 0.0779 0.1255 0.9890
vn 0.2645 0.4227 0.8668
vn 0.1440 0.4774 0.8668
vn 0.0779 0.1255 0.9890
vn 0.1291 0.1320 0.9828
vn 0.3577 0.3649 0.8596
vn 0.3577 0.3649 0.8596
vn 0.2645 0.4227 0.8668
vn 0.0779 0.1255 0.9890
vn 0.2645 0.4227 0.8668
vn 0.3577 0.3649 0.8596
vn 0.5915 0.6114 0.5256
vn 0.5915 0.6114 0.5256
vn 0.4351 0.7094 0.5545
vn 0.2645 0.4227 0.8668
vn 0.4351 0.7094 0.5545
vn 0.5915 0.6114 0.5256
vn 0.6407 0.7372 0.2145
vn 0.6407 0.7372 0.2145
vn 0.5096 0.8429 0.1730
vn 0.4351 0.7094 0.5545
vn 0.4351 0.7094 0.5545
vn 0.5096 0.8429 0.1730
vn 0.2987 0.9385 0.1730
vn 0.2987 0.9385 0.1730
vn 0.2474 0.7945 0.5545
vn 0.4351 0.7094 0.5545
vn 0.2474 0.7945 0.5545
vn 0.2987 0.9385 0.1730
vn 0.1329 0.9676 0.2145
vn 0.1329 0.9676 0.2145
vn 0.0706 0.8478 0.5256
vn 0.2474 0.7945 0.5545
vn 0.1440 0.4774 0.8668
vn 0.2474 0.7945 0.5545
vn 0.0706 0.8478 0.5256
vn 0.0706 0.8478 0.5256
vn 0.0391 0.5094 0.8596
vn 0.1440 0.4774 0.8668
vn 0.2474 0.7945 0.5545
vn 0.1440 0.4774 0.8668
vn 0.2645 0.4227 0.8668
vn 0.2645 0.4227 0.8668
vn 0.4351 0.7094 0.5545
vn 0.2474 0.7945 0.5545
vn 0.0432 0.1413 -0.9890
vn 0.0143 0.1841 -0.9828
vn 0.0391 0.5094 -0.8596
vn 0.0391 0.5094 -0.8596
vn 0.1440 0.4774 -0.8668
vn 0.0432 0.1413 -0.9890
vn 0.1440 0.4774 -0.8668
vn 0.0391 0.5094 -0.8596
vn 0.0706 0.8478 -0.5256
vn 0.0706 0.8478 -0.5256
vn 0.2474 0.7945 -0.5545
vn 0.1440 0.4774 -0.8668
vn 0.2474 0.7945 -0.5545
vn 0.0706 0.8478 -0.5256
vn 0.1329 0.9676 -0.2145
vn 0.1329 0.9676 -0.2145
vn 0.2987 0.9385 -0.1730
vn 0.2474 0.7945 -0.5545
vn 0.2474 0.7945 -0.5545
vn 0.2987 0.9385 -0.1730
vn 0.5096 0.8429 -0.1730
vn 0.5096 0.8429 -0.1730
vn 0.4351 0.7094 -0.5545
vn 0.2474 0.7945 -0.5545
vn 0.4351 0.7094 -0.5545
vn 0.5096 0.8429 -0.1730
vn 0.6407 0.7372 -0.2145
vn 0.6407 0.7372 -0.2145
vn 0.5915 0.6114 -0.5256
vn 0.4351 0.7094 -0.5545
vn 0.2645 0.4227 -0.8668
vn 0.4351 0.7094 -0.5545
vn 0.5915 0.6114 -0.5256
vn 0.5915 0.6114 -0.5256
vn 0.3577 0.3649 -0.8596
vn 0.2645 0.4227 -0.8668
vn 0.3577 0.3649 -0.8596
vn 0.1291 0.1320 -0.9828
vn 0.0779 0.1255 -0.9890
vn 0.0779 0.1255 -0.9890
vn 0.2645 0.4227 -0.8668
vn 0.3577 0.3649 -0.8596
vn 0.2645 0.4227 -0.8668
vn 0.0779 0.1255 -0.9890
vn 0.0432 0.1413 -0.9890
vn 0.0432 0.1413 -0.9890
vn 0.1440 0.4774 -0.8668
vn 0.2645 0.4227 -0.8668
vn 0.2645 0.4227 -0.8668
vn 0.1440 0.4774 -0.8668
vn 0.2474 0.7945 -0.5545
vn 0.2474 0.7945 -0.5545
vn 0.4351 0.7094 -0.5545
vn 0.2645 0.4227 -0.8668
vn 0.1096 -0.5307 0.8404
vn 0.1942 -0.1942 0.9616
vn 0.5011 -0.1644 0.8496
vn 0.5011 -0.1644 0.8496
vn 0.4369 -0.5753 0.6914
vn 0.1096 -0.5307 0.8404
vn 0.5697 -0.5924 0.5697
vn 0.4369 -0.5753 0.6914
vn 0.5011 -0.1644 0.8496
vn 0.5011 -0.1644 0.8496
vn 0.6977 -0.1626 0.6977
vn 0.5697 -0.5924 0.5697
vn 0.8496 -0.1644 0.5011
vn 0.9783 -0.1467 0.1467
vn 0.8404 -0.5307 0.1096
vn 0.8404 -0.5307 0.1096
vn 0.6914 -0.5753 0.4369
vn 0.8496 -0.1644 0.5011
vn 0.3999 -0.9074 0.1297
vn 0.6914 -0.5753 0.4369
vn 0.8404 -0.5307 0.1096
vn 0.8404 -0.5307 0.1096
vn 0.4971 -0.8669 0.0369
vn 0.3999 -0.9074 0.1297
vn 0.4971 -0.8669 0.0369
vn 0.1463 -0.9892 -0.0000
vn 0.1189 -0.9929 0.0078
vn 0.1189 -0.9929 0.0078
vn 0.3999 -0.9074 0.1297
vn 0.4971 -0.8669 0.0369
vn 0.3999 -0.9074 0.1297
vn 0.1189 -0.9929 0.0078
vn 0.0651 -0.9978 0.0149
vn 0.0651 -0.9978 0.0149
vn 0.1582 -0.9747 0.1582
vn 0.3999 -0.9074 0.1297
vn 0.0149 -0.9978 0.0651
vn 0.1582 -0.9747 0.1582
vn 0.0127 -0.9998 0.0127
vn 0.1297 -0.9073 0.3999
vn 0.1582 -0.9747 0.1582
vn 0.0149 -0.9978 0.0651
vn 0.0149 -0.9978 0.0651
vn 0.0078 -0.9929 0.1189
vn 0.1297 -0.9073 0.3999
vn 0.0078 -0.9929 0.1189
vn 0.0000 -0.9892 0.1463
vn 0.0369 -0.8669 0.4971
vn 0.0369 -0.8669 0.4971
vn 0.1297 -0.9073 0.3999
vn 0.0078 -0.9929 0.1189
vn 0.1297 -0.9073 0.3999
vn 0.0369 -0.8669 0.4971
vn 0.1096 -0.5307 0.8404
vn 0.1096 -0.5307 0.8404
vn 0.4369 -0.5753 0.6914
vn 0.1297 -0.9073 0.3999
vn 0.5697 -0.5924 0.5697
vn 0.6914 -0.5753 0.4369
vn 0.3999 -0.9074 0.1297
vn 0.3999 -0.9074 0.1297
vn 0.1582 -0.9747 0.1582
vn 0.5697 -0.5924 0.5697
vn 0.5011 -0.1644 -0.8496
vn 0.1942 -0.1942 -0.9616
vn 0.1096 -0.5307 -0.8404
vn 0.1096 -0.5307 -0.8404
vn 0.4369 -0.5753 -0.6914
vn 0.5011 -0.1644 -0.8496
vn 0.1297 -0.9074 -0.3999
vn 0.4369 -0.5753 -0.6914
vn 0.1096 -0.5307 -0.8404
vn 0.1096 -0.5307 -0.8404
vn 0.0369 -0.8669 -0.4971
vn 0.1297 -0.9074 -0.3999
vn 0.0369 -0.8669 -0.4971
vn 0.0000 -0.9892 -0.1463
vn 0.0078 -0.9929 -0.1189
vn 0.0078 -0.9929 -0.1189
vn 0.1297 -0.9074 -0.3999
vn 0.0369 -0.8669 -0.4971
vn 0.1297 -0.9074 -0.3999
vn 0.0078 -0.9929 -0.1189
vn 0.0149 -0.9978 -0.0651
vn 0.0149 -0.9978 -0.0651
vn 0.1582 -0.9747 -0.1582
vn 0.1297 -0.9074 -0.3999
vn 0.0651 -0.9978 -0.0149
vn 0.1582 -0.9747 -0.1582
vn 0.0127 -0.9998 -0.0127
vn 0.3999 -0.9073 -0.1297
vn 0.1582 -0.9747 -0.1582
vn 0.0651 -0.9978 -0.0149
vn 0.0651 -0.9978 -0.0149
vn 0.1189 -0.9929 -0.0078
vn 0.3999 -0.9073 -0.1297
vn 0.1189 -0.9929 -0.0078
vn 0.1463 -0.9892 -0.0000
vn 0.4971 -0.8669 -0.0369
vn 0.4971 -0.8669 -0.0369
vn 0.3999 -0.9073 -0.1297
vn 0.1189 -0.9929 -0.0078
vn 0.3999 -0.9073 -0.1297
vn 0.4971 -0.8669 -0.0369
vn 0.8404 -0.5307 -0.1096
vn 0.8404 -0.5307 -0.1096
vn 0.6914 -0.5753 -0.4369
vn 0.3999 -0.9073 -0.1297
vn 0.8404 -0.5307 -0.1096
vn 0.9616 -0.1942 -0.1942
vn 0.8496 -0.1644 -0.5011
vn 0.8496 -0.1644 -0.5011
vn 0.6914 -0.5753 -0.4369
vn 0.8404 -0.5307 -0.1096
vn 0.5697 -0.5924 -0.5697
vn 0.6914 -0.5753 -0.4369
vn 0.8496 -0.1644 -0.5011
vn 0.8496 -0.1644 -0.5011
vn 0.6977 -0.1626 -0.6977
vn 0.5697 -0.5924 -0.5697
vn 0.3999 -0.9073 -0.1297
vn 0.6914 -0.5753 -0.4369
vn 0.5697 -0.5924 -0.5697
vn 0.5697 -0.5924 -0.5697
vn 0.1582 -0.9747 -0.1582
vn 0.3999 -0.9073 -0.1297
vn -0.1526 -0.4605 0.8745
vn -0.0396 -0.1249 0.9914
vn -0.0198 -0.1970 0.9802
vn -0.0198 -0.1970 0.9802
vn -0.0537 -0.4872 0.8716
vn -0.1526 -0.4605 0.8745
vn -0.2615 -0.7904 0.5540
vn -0.1526 -0.4605 0.8745
vn -0.0537 -0.4872 0.8716
vn -0.0537 -0.4872 0.8716
vn -0.0869 -0.8421 0.5322
vn -0.2615 -0.7904 0.5540
vn -0.0869 -0.8421 0.5322
vn -0.0864 -0.9840 0.1557
vn -0.2948 -0.9407 0.1677
vn -0.2948 -0.9407 0.1677
vn -0.2615 -0.7904 0.5540
vn -0.0869 -0.8421 0.5322
vn -0.2615 -0.7904 0.5540
vn -0.2948 -0.9407 0.1677
vn -0.5139 -0.8413 0.1677
vn -0.5139 -0.8413 0.1677
vn -0.4227 -0.7173 0.5540
vn -0.2615 -0.7904 0.5540
vn -0.5139 -0.8413 0.1677
vn -0.6837 -0.7130 0.1557
vn -0.5766 -0.6199 0.5322
vn -0.5766 -0.6199 0.5322
vn -0.4227 -0.7173 0.5540
vn -0.5139 -0.8413 0.1677
vn -0.4227 -0.7173 0.5540
vn -0.5766 -0.6199 0.5322
vn -0.3314 -0.3612 0.8716
vn -0.3314 -0.3612 0.8716
vn -0.2460 -0.4181 0.8744
vn -0.4227 -0.7173 0.5540
vn -0.2460 -0.4181 0.8744
vn -0.3314 -0.3612 0.8716
vn -0.1352 -0.1447 0.9802
vn -0.1352 -0.1447 0.9802
vn -0.0680 -0.1120 0.9914
vn -0.2460 -0.4181 0.8744
vn -0.2460 -0.4181 0.8744
vn -0.0680 -0.1120 0.9914
vn -0.0396 -0.1249 0.9914
vn -0.0396 -0.1249 0.9914
vn -0.1526 -0.4605 0.8745
vn -0.2460 -0.4181 0.8744
vn -0.2460 -0.4181 0.8744
vn -0.1526 -0.4605 0.8745
vn -0.2615 -0.7904 0.5540
vn -0.2615 -0.7904 0.5540
vn -0.4227 -0.7173 0.5540
vn -0.2460 -0.4181 0.8744
vn -0.5766 -0.6199 -0.5322
vn -0.6837 -0.7130 -0.1557
vn -0.5139 -0.8413 -0.1677
vn -0.5139 -0.8413 -0.1677
vn -0.4227 -0.7172 -0.5540
vn -0.5766 -0.6199 -0.5322
vn -0.4227 -0.7172 -0.5540
vn -0.5139 -0.8413 -0.1677
vn -0.2948 -0.9407 -0.1677
vn -0.2948 -0.9407 -0.1677
vn -0.2615 -0.7904 -0.5540
vn -0.4227 -0.7172 -0.5540
vn -0.2948 -0.9407 -0.1677
vn -0.0864 -0.9840 -0.1557
vn -0.0869 -0.8421 -0.5322
vn -0.0869 -0.8421 -0.5322
vn -0.2615 -0.7904 -0.5540
vn -0.2948 -0.9407 -0.1677
vn -0.2615 -0.7904 -0.5540
vn -0.0869 -0.8421 -0.5322
vn -0.0537 -0.4872 -0.8716
vn -0.0537 -0.4872 -0.8716
vn -0.1526 -0.4605 -0.8744
vn -0.2615 -0.7904 -0.5540
vn -0.1526 -0.4605 -0.8744
vn -0.0537 -0.4872 -0.8716
vn -0.0198 -0.1970 -0.9802
vn -0.0198 -0.1970 -0.9802
vn -0.0396 -0.1249 -0.9914
vn -0.1526 -0.4605 -0.8744
vn -0.1526 -0.4605 -0.8744
vn -0.0396 -0.1249 -0.9914
vn -0.0680 -0.1120 -0.9914
vn -0.0680 -0.1120 -0.9914
vn -0.2460 -0.4181 -0.8744
vn -0.1526 -0.4605 -0.8744
vn -0.2460 -0.4181 -0.8744
vn -0.0680 -0.1120 -0.9914
vn -0.1352 -0.1447 -0.9802
vn -0.1352 -0.1447 -0.9802
vn -0.3314 -0.3612 -0.8716
vn -0.2460 -0.4181 -0.8744
vn -0.4227 -0.7172 -0.5540
vn -0.2460 -0.4181 -0.8744
vn -0.3314 -0.3612 -0.8716
vn -0.3314 -0.3612 -0.8716
vn -0.5766 -0.6199 -0.5322
vn -0.4227 -0.7172 -0.5540
vn -0.2460 -0.4181 -0.8744
vn -0.4227 -0.7172 -0.5540
vn -0.2615 -0.7904 -0.5540
vn -0.2615 -0.7904 -0.5540
vn -0.1526 -0.4605 -0.8744
vn -0.2460 -0.4181 -0.8744
vn 0.8131 0.2132 0.5417
vn 0.8516 0.0620 0.5205
vn 0.9715 0.1129 0.2082
vn 0.9715 0.1129 0.2082
vn 0.9530 0.2542 0.1649
vn 0.8131 0.2132 0.5417
vn 0.8131 0.2132 0.5417
vn 0.9530 0.2542 0.1649
vn 0.8846 0.4363 0.1649
vn 0.8846 0.4363 0.1649
vn 0.7523 0.3750 0.5417
vn 0.8131 0.2132 0.5417
vn 0.7523 0.3750 0.5417
vn 0.8846 0.4363 0.1649
vn 0.8054 0.5549 0.2083
vn 0.8054 0.5549 0.2083
vn 0.6816 0.5142 0.5205
vn 0.7523 0.3750 0.5417
vn 0.4519 0.2289 0.8622
vn 0.7523 0.3750 0.5417
vn 0.6816 0.5142 0.5205
vn 0.6816 0.5142 0.5205
vn 0.4079 0.3111 0.8584
vn 0.4519 0.2289 0.8622
vn 0.4079 0.3111 0.8584
vn 0.1488 0.1130 0.9824
vn 0.1336 0.0670 0.9888
vn 0.1336 0.0670 0.9888
vn 0.4519 0.2289 0.8622
vn 0.4079 0.3111 0.8584
vn 0.4519 0.2289 0.8622
vn 0.1336 0.0670 0.9888
vn 0.1447 0.0376 0.9888
vn 0.1447 0.0376 0.9888
vn 0.4908 0.1253 0.8622
vn 0.4519 0.2289 0.8622
vn 0.1447 0.0376 0.9888
vn 0.1864 0.0129 0.9824
vn 0.5117 0.0346 0.8585
vn 0.5117 0.0346 0.8585
vn 0.4908 0.1253 0.8622
vn 0.1447 0.0376 0.9888
vn 0.4908 0.1253 0.8622
vn 0.5117 0.0346 0.8585
vn 0.8516 0.0620 0.5205
vn 0.8516 0.0620 0.5205
vn 0.8131 0.2132 0.5417
vn 0.4908 0.1253 0.8622
vn 0.4908 0.1253 0.8622
vn 0.8131 0.2132 0.5417
vn 0.7523 0.3750 0.5417
vn 0.7523 0.3750 0.5417
vn 0.4519 0.2289 0.8622
vn 0.4908 0.1253 0.8622
vn 0.8131 0.2132 -0.5417
vn 0.9530 0.2542 -0.1649
vn 0.9715 0.1128 -0.2083
vn 0.9715 0.1128 -0.2083
vn 0.8516 0.0619 -0.5205
vn 0.8131 0.2132 -0.5417
vn 0.4908 0.1253 -0.8622
vn 0.8131 0.2132 -0.5417
vn 0.8516 0.0619 -0.5205
vn 0.8516 0.0619 -0.5205
vn 0.5117 0.0347 -0.8584
vn 0.4908 0.1253 -0.8622
vn 0.5117 0.0347 -0.8584
vn 0.1863 0.0131 -0.9824
vn 0.1447 0.0376 -0.9888
vn 0.1447 0.0376 -0.9888
vn 0.4908 0.1253 -0.8622
vn 0.5117 0.0347 -0.8584
vn 0.4908 0.1253 -0.8622
vn 0.1447 0.0376 -0.9888
vn 0.1336 0.0670 -0.9888
vn 0.1336 0.0670 -0.9888
vn 0.4519 0.2290 -0.8622
vn 0.4908 0.1253 -0.8622
vn 0.1336 0.0670 -0.9888
vn 0.1488 0.1130 -0.9824
vn 0.4079 0.3111 -0.8584
vn 0.4079 0.3111 -0.8584
vn 0.4519 0.2290 -0.8622
vn 0.1336 0.0670 -0.9888
vn 0.4519 0.2290 -0.8622
vn 0.4079 0.3111 -0.8584
vn 0.6816 0.5142 -0.5205
vn 0.6816 0.5142 -0.5205
vn 0.7523 0.3750 -0.5417
vn 0.4519 0.2290 -0.8622
vn 0.7523 0.3750 -0.5417
vn 0.6816 0.5142 -0.5205
vn 0.8054 0.5549 -0.2083
vn 0.8054 0.5549 -0.2083
vn 0.8846 0.4363 -0.1649
vn 0.7523 0.3750 -0.5417
vn 0.7523 0.3750 -0.5417
vn 0.8846 0.4363 -0.1649
vn 0.9530 0.2542 -0.1649
vn 0.9530 0.2542 -0.1649
vn 0.8131 0.2132 -0.5417
vn 0.7523 0.3750 -0.5417
vn 0.7523 0.3750 -0.5417
vn 0.8131 0.2132 -0.5417
vn 0.4908 0.1253 -0.8622
vn 0.4908 0.1253 -0.8622
vn 0.4519 0.2290 -0.8622
vn 0.7523 0.3750 -0.5417
vn -0.9541 -0.2511 0.1630
vn -0.9740 -0.0992 0.2038
vn -0.8462 -0.0742 0.5277
vn -0.8462 -0.0742 0.5277
vn -0.8076 -0.2237 0.5456
vn -0.9541 -0.2511 0.1630
vn -0.8076 -0.2237 0.5456
vn -0.8462 -0.0742 0.5277
vn -0.4924 -0.0457 0.8692
vn -0.4924 -0.0457 0.8692
vn -0.4744 -0.1319 0.8704
vn -0.8076 -0.2237 0.5456
vn -0.4744 -0.1319 0.8704
vn -0.4924 -0.0457 0.8692
vn -0.1971 -0.0165 0.9802
vn -0.1971 -0.0165 0.9802
vn -0.1302 -0.0346 0.9909
vn -0.4744 -0.1319 0.8704
vn -0.4744 -0.1319 0.8704
vn -0.1302 -0.0346 0.9909
vn -0.1207 -0.0597 0.9909
vn -0.1207 -0.0597 0.9909
vn -0.4439 -0.2131 0.8704
vn -0.4744 -0.1319 0.8704
vn -0.4439 -0.2131 0.8704
vn -0.1207 -0.0597 0.9909
vn -0.1594 -0.1173 0.9802
vn -0.1594 -0.1173 0.9802
vn -0.4008 -0.2897 0.8692
vn -0.4439 -0.2131 0.8704
vn -0.7551 -0.3634 0.5456
vn -0.4439 -0.2131 0.8704
vn -0.4008 -0.2897 0.8692
vn -0.4008 -0.2897 0.8692
vn -0.6857 -0.5012 0.5278
vn -0.7551 -0.3634 0.5456
vn -0.6857 -0.5012 0.5278
vn -0.7908 -0.5926 0.1535
vn -0.8834 -0.4393 0.1630
vn -0.8834 -0.4393 0.1630
vn -0.7551 -0.3634 0.5456
vn -0.6857 -0.5012 0.5278
vn -0.7551 -0.3634 0.5456
vn -0.8834 -0.4393 0.1630
vn -0.9541 -0.2511 0.1630
vn -0.9541 -0.2511 0.1630
vn -0.8076 -0.2237 0.5456
vn -0.7551 -0.3634 0.5456
vn -0.7551 -0.3634 0.5456
vn -0.8076 -0.2237 0.5456
vn -0.4744 -0.1319 0.8704
vn -0.4744 -0.1319 0.8704
vn -0.4439 -0.2131 0.8704
vn -0.7551 -0.3634 0.5456
vn -0.8462 -0.0742 -0.5278
vn -0.9740 -0.0991 -0.2037
vn -0.9541 -0.2511 -0.1630
vn -0.9541 -0.2511 -0.1630
vn -0.8076 -0.2237 -0.5456
vn -0.8462 -0.0742 -0.5278
vn -0.8076 -0.2237 -0.5456
vn -0.9541 -0.2511 -0.1630
vn -0.8834 -0.4393 -0.1630
vn -0.8834 -0.4393 -0.1630
vn -0.7551 -0.3634 -0.5456
vn -0.8076 -0.2237 -0.5456
vn -0.8834 -0.4393 -0.1630
vn -0.7907 -0.5926 -0.1535
vn -0.6857 -0.5012 -0.5278
vn -0.6857 -0.5012 -0.5278
vn -0.7551 -0.3634 -0.5456
vn -0.8834 -0.4393 -0.1630
vn -0.7551 -0.3634 -0.5456
vn -0.6857 -0.5012 -0.5278
vn -0.4008 -0.2897 -0.8692
vn -0.4008 -0.2897 -0.8692
vn -0.4439 -0.2131 -0.8704
vn -0.7551 -0.3634 -0.5456
vn -0.4439 -0.2131 -0.8704
vn -0.4008 -0.2897 -0.8692
vn -0.1594 -0.1173 -0.9802
vn -0.1594 -0.1173 -0.9802
vn -0.1207 -0.0597 -0.9909
vn -0.4439 -0.2131 -0.8704
vn -0.4439 -0.2131 -0.8704
vn -0.1207 -0.0597 -0.9909
vn -0.1302 -0.0346 -0.9909
vn -0.1302 -0.0346 -0.9909
vn -0.4744 -0.1319 -0.8704
vn -0.4439 -0.2131 -0.8704
vn -0.4744 -0.1319 -0.8704
vn -0.1302 -0.0346 -0.9909
vn -0.1972 -0.0166 -0.9802
vn -0.1972 -0.0166 -0.9802
vn -0.4923 -0.0458 -0.8692
vn -0.4744 -0.1319 -0.8704
vn -0.8076 -0.2237 -0.5456
vn -0.4744 -0.1319 -0.8704
vn -0.4923 -0.0458 -0.8692
vn -0.4923 -0.0458 -0.8692
vn -0.8462 -0.0742 -0.5278
vn -0.8076 -0.2237 -0.5456
vn -0.4744 -0.1319 -0.8704
vn -0.8076 -0.2237 -0.5456
vn -0.7551 -0.3634 -0.5456
vn -0.7551 -0.3634 -0.5456
vn -0.4439 -0.2131 -0.8704
vn -0.4744 -0.1319 -0.8704
vn -0.1096 0.5307 0.8404
vn -0.1942 0.1942 0.9616
vn -0.5011 0.1644 0.8496
vn -0.5011 0.1644 0.8496
vn -0.4369 0.5753 0.6914
vn -0.1096 0.5307 0.8404
vn -0.5697 0.5924 0.5697
vn -0.4369 0.5753 0.6914
vn -0.5011 0.1644 0.8496
vn -0.5011 0.1644 0.8496
vn -0.6977 0.1626 0.6977
vn -0.5697 0.5924 0.5697
vn -0.8496 0.1644 0.5011
vn -0.9616 0.1942 0.1942
vn -0.8404 0.5307 0.1096
vn -0.8404 0.5307 0.1096
vn -0.6914 0.5753 0.4369
vn -0.8496 0.1644 0.5011
vn -0.3999 0.9074 0.1297
vn -0.6914 0.5753 0.4369
vn -0.8404 0.5307 0.1096
vn -0.8404 0.5307 0.1096
vn -0.4971 0.8669 0.0369
vn -0.3999 0.9074 0.1297
vn -0.4971 0.8669 0.0369
vn -0.1948 0.9808 -0.0000
vn -0.1189 0.9929 0.0078
vn -0.1189 0.9929 0.0078
vn -0.3999 0.9074 0.1297
vn -0.4971 0.8669 0.0369
vn -0.3999 0.9074 0.1297
vn -0.1189 0.9929 0.0078
vn -0.0525 0.9982 0.0275
vn -0.0525 0.9982 0.0275
vn -0.1705 0.9705 0.1705
vn -0.3999 0.9074 0.1297
vn -0.0525 0.9982 0.0275
vn 0.0000 1.0000 -0.0000
vn -0.0275 0.9982 0.0525
vn -0.0275 0.9982 0.0525
vn -0.1705 0.9705 0.1705
vn -0.0525 0.9982 0.0275
vn -0.1297 0.9074 0.3999
vn -0.1705 0.9705 0.1705
vn -0.0275 0.9982 0.0525
vn -0.0275 0.9982 0.0525
vn -0.0078 0.9929 0.1189
vn -0.1297 0.9074 0.3999
vn -0.0078 0.9929 0.1189
vn 0.0000 0.9808 0.1948
vn -0.0369 0.8669 0.4971
vn -0.0369 0.8669 0.4971
vn -0.1297 0.9074 0.3999
vn -0.0078 0.9929 0.1189
vn -0.1297 0.9074 0.3999
vn -0.0369 0.8669 0.4971
vn -0.1096 0.5307 0.8404
vn -0.1096 0.5307 0.8404
vn -0.4369 0.5753 0.6914
vn -0.1297 0.9074 0.3999
vn -0.5697 0.5924 0.5697
vn -0.6914 0.5753 0.4369
vn -0.3999 0.9074 0.1297
vn -0.3999 0.9074 0.1297
vn -0.1705 0.9705 0.1705
vn -0.5697 0.5924 0.5697
vn -0.5011 0.1644 -0.8496
vn -0.1942 0.1942 -0.9616
vn -0.1095 0.5307 -0.8404
vn -0.1095 0.5307 -0.8404
vn -0.4369 0.5753 -0.6914
vn -0.5011 0.1644 -0.8496
vn -0.1297 0.9074 -0.3999
vn -0.4369 0.5753 -0.6914
vn -0.1095 0.5307 -0.8404
vn -0.1095 0.5307 -0.8404
vn -0.0369 0.8669 -0.4971
vn -0.1297 0.9074 -0.3999
vn -0.0369 0.8669 -0.4971
vn 0.0000 0.9808 -0.1948
vn -0.0078 0.9929 -0.1189
vn -0.0078 0.9929 -0.1189
vn -0.1297 0.9074 -0.3999
vn -0.0369 0.8669 -0.4971
vn -0.1297 0.9074 -0.3999
vn -0.0078 0.9929 -0.1189
vn -0.0275 0.9982 -0.0525
vn -0.0275 0.9982 -0.0525
vn -0.1705 0.9705 -0.1705
vn -0.1297 0.9074 -0.3999
vn -0.0275 0.9982 -0.0525
vn 0.0000 1.0000 -0.0000
vn -0.0525 0.9982 -0.0275
vn -0.0525 0.9982 -0.0275
vn -0.1705 0.9705 -0.1705
vn -0.0275 0.9982 -0.0525
vn -0.3999 0.9074 -0.1297
vn -0.1705 0.9705 -0.1705
vn -0.0525 0.9982 -0.0275
vn -0.0525 0.9982 -0.0275
vn -0.1189 0.9929 -0.0078
vn -0.3999 0.9074 -0.1297
vn -0.1189 0.9929 -0.0078
vn -0.1948 0.9808 0.0000
vn -0.4971 0.8669 -0.0369
vn -0.4971 0.8669 -0.0369
vn -0.3999 0.9074 -0.1297
vn -0.1189 0.9929 -0.0078
vn -0.3999 0.9074 -0.1297
vn -0.4971 0.8669 -0.0369
vn -0.8404 0.5307 -0.1096
vn -0.8404 0.5307 -0.1096
vn -0.6914 0.5753 -0.4369
vn -0.3999 0.9074 -0.1297
vn -0.8404 0.5307 -0.1096
vn -0.9616 0.1942 -0.1942
vn -0.8496 0.1644 -0.5011
vn -0.8496 0.1644 -0.5011
vn -0.6914 0.5753 -0.4369
vn -0.8404 0.5307 -0.1096
vn -0.5697 0.5924 -0.5697
vn -0.6914 0.5753 -0.4369
vn -0.8496 0.1644 -0.5011
vn -0.8496 0.1644 -0.5011
vn -0.6977 0.1626 -0.6977
vn -0.5697 0.5924 -0.5697
vn -0.3999 0.9074 -0.1297
vn -0.6914 0.5753 -0.4369
vn -0.5697 0.5924 -0.5697
vn -0.5697 0.5924 -0.5697
vn -0.1705 0.9705 -0.1705
vn -0.3999 0.9074 -0.1297
vn -0.0432 0.1413 0.9890
vn -0.0143 0.1841 0.9828
vn -0.0391 0.5094 0.8596
vn -0.0391 0.5094 0.8596
vn -0.1440 0.4774 0.8668
vn -0.0432 0.1413 0.9890
vn -0.1440 0.4774 0.8668
vn -0.0391 0.5094 0.8596
vn -0.0706 0.8478 0.5256
vn -0.0706 0.8478 0.5256
vn -0.2474 0.7945 0.5545
vn -0.1440 0.4774 0.8668
vn -0.2474 0.7945 0.5545
vn -0.0706 0.8478 0.5256
vn -0.1329 0.9676 0.2145
vn -0.1329 0.9676 0.2145
vn -0.2987 0.9385 0.1730
vn -0.2474 0.7945 0.5545
vn -0.2474 0.7945 0.5545
vn -0.2987 0.9385 0.1730
vn -0.5096 0.8429 0.1730
vn -0.5096 0.8429 0.1730
vn -0.4351 0.7094 0.5545
vn -0.2474 0.7945 0.5545
vn -0.4351 0.7094 0.5545
vn -0.5096 0.8429 0.1730
vn -0.6407 0.7372 0.2145
vn -0.6407 0.7372 0.2145
vn -0.5915 0.6114 0.5256
vn -0.4351 0.7094 0.5545
vn -0.2645 0.4227 0.8668
vn -0.4351 0.7094 0.5545
vn -0.5915 0.6114 0.5256
vn -0.5915 0.6114 0.5256
vn -0.3577 0.3649 0.8596
vn -0.2645 0.4227 0.8668
vn -0.3577 0.3649 0.8596
vn -0.1291 0.1320 0.9828
vn -0.0779 0.1255 0.9890
vn -0.0779 0.1255 0.9890
vn -0.2645 0.4227 0.8668
vn -0.3577 0.3649 0.8596
vn -0.2645 0.4227 0.8668
vn -0.0779 0.1255 0.9890
vn -0.0432 0.1413 0.9890
vn -0.0432 0.1413 0.9890
vn -0.1440 0.4774 0.8668
vn -0.2645 0.4227 0.8668
vn -0.2645 0.4227 0.8668
vn -0.1440 0.4774 0.8668
vn -0.2474 0.7945 0.5545
vn -0.2474 0.7945 0.5545
vn -0.4351 0.7094 0.5545
vn -0.2645 0.4227 0.8668
vn -0.4351 0.7094 -0.5545
vn -0.5915 0.6114 -0.5256
vn -0.6407 0.7372 -0.2145
vn -0.6407 0.7372 -0.2145
vn -0.5096 0.8429 -0.1730
vn -0.4351 0.7094 -0.5545
vn -0.4351 0.7094 -0.5545
vn -0.5096 0.8429 -0.1730
vn -0.2987 0.9385 -0.1730
vn -0.2987 0.9385 -0.1730
vn -0.2474 0.7945 -0.5545
vn -0.4351 0.7094 -0.5545
vn -0.2474 0.7945 -0.5545
vn -0.2987 0.9385 -0.1730
vn -0.1329 0.9676 -0.2145
vn -0.1329 0.9676 -0.2145
vn -0.0706 0.8478 -0.5256
vn -0.2474 0.7945 -0.5545
vn -0.1440 0.4774 -0.8668
vn -0.2474 0.7945 -0.5545
vn -0.0706 0.8478 -0.5256
vn -0.0706 0.8478 -0.5256
vn -0.0391 0.5094 -0.8596
vn -0.1440 0.4774 -0.8668
vn -0.0391 0.5094 -0.8596
vn -0.0143 0.1841 -0.9828
vn -0.0432 0.1413 -0.9890
vn -0.0432 0.1413 -0.9890
vn -0.1440 0.4774 -0.8668
vn -0.0391 0.5094 -0.8596
vn -0.1440 0.4774 -0.8668
vn -0.0432 0.1413 -0.9890
vn -0.0779 0.1255 -0.9890
vn -0.0779 0.1255 -0.9890
vn -0.2645 0.4227 -0.8668
vn -0.1440 0.4774 -0.8668
vn -0.0779 0.1255 -0.9890
vn -0.1291 0.1320 -0.9828
vn -0.3577 0.3649 -0.8596
vn -0.3577 0.3649 -0.8596
vn -0.2645 0.4227 -0.8668
vn -0.0779 0.1255 -0.9890
vn -0.2645 0.4227 -0.8668
vn -0.3577 0.3649 -0.8596
vn -0.5915 0.6114 -0.5256
vn -0.5915 0.6114 -0.5256
vn -0.4351 0.7094 -0.5545
vn -0.2645 0.4227 -0.8668
vn -0.2645 0.4227 -0.8668
vn -0.4351 0.7094 -0.5545
vn -0.2474 0.7945 -0.5545
vn -0.2474 0.7945 -0.5545
vn -0.1440 0.4774 -0.8668
vn -0.2645 0.4227 -0.8668
vn -0.5011 -0.1644 0.8496
vn -0.1942 -0.1942 0.9616
vn -0.1096 -0.5307 0.8404
vn -0.1096 -0.5307 0.8404
vn -0.4369 -0.5753 0.6914
vn -0.5011 -0.1644 0.8496
vn -0.1297 -0.9074 0.3999
vn -0.4369 -0.5753 0.6914
vn -0.1096 -0.5307 0.8404
vn -0.1096 -0.5307 0.8404
vn -0.0369 -0.8669 0.4971
vn -0.1297 -0.9074 0.3999
vn -0.0369 -0.8669 0.4971
vn 0.0000 -0.9892 0.1463
vn -0.0078 -0.9929 0.1189
vn -0.0078 -0.9929 0.1189
vn -0.1297 -0.9074 0.3999
vn -0.0369 -0.8669 0.4971
vn -0.1297 -0.9074 0.3999
vn -0.0078 -0.9929 0.1189
vn -0.0149 -0.9978 0.0651
vn -0.0149 -0.9978 0.0651
vn -0.1582 -0.9747 0.1582
vn -0.1297 -0.9074 0.3999
vn -0.0651 -0.9978 0.0149
vn -0.1582 -0.9747 0.1582
vn -0.0127 -0.9998 0.0127
vn -0.3999 -0.9073 0.1297
vn -0.1582 -0.9747 0.1582
vn -0.0651 -0.9978 0.0149
vn -0.0651 -0.9978 0.0149
vn -0.1189 -0.9929 0.0078
vn -0.3999 -0.9073 0.1297
vn -0.1189 -0.9929 0.0078
vn -0.1463 -0.9892 -0.0000
vn -0.4971 -0.8669 0.0369
vn -0.4971 -0.8669 0.0369
vn -0.3999 -0.9073 0.1297
vn -0.1189 -0.9929 0.0078
vn -0.3999 -0.9073 0.1297
vn -0.4971 -0.8669 0.0369
vn -0.8404 -0.5307 0.1096
vn -0.8404 -0.5307 0.1096
vn -0.6914 -0.5753 0.4369
vn -0.3999 -0.9073 0.1297
vn -0.8404 -0.5307 0.1096
vn -0.9616 -0.1942 0.1942
vn -0.8496 -0.1644 0.5011
vn -0.8496 -0.1644 0.5011
vn -0.6914 -0.5753 0.4369
vn -0.8404 -0.5307 0.1096
vn -0.5697 -0.5924 0.5697
vn -0.6914 -0.5753 0.4369
vn -0.8496 -0.1644 0.5011
vn -0.8496 -0.1644 0.5011
vn -0.6977 -0.1626 0.6977
vn -0.5697 -0.5924 0.5697
vn -0.3999 -0.9073 0.1297
vn -0.6914 -0.5753 0.4369
vn -0.5697 -0.5924 0.5697
vn -0.5697 -0.5924 0.5697
vn -0.1582 -0.9747 0.1582
vn -0.3999 -0.9073 0.1297
vn -0.0149 -0.9978 -0.0651
vn -0.1582 -0.9747 -0.1582
vn -0.0127 -0.9998 -0.0127
vn -0.1297 -0.9073 -0.3999
vn -0.1582 -0.9747 -0.1582
vn -0.0149 -0.9978 -0.0651
vn -0.0149 -0.9978 -0.0651
vn -0.0078 -0.9929 -0.1189
vn -0.1297 -0.9073 -0.3999
vn -0.0078 -0.9929 -0.1189
vn 0.0000 -0.9892 -0.1463
vn -0.0369 -0.8669 -0.4971
vn -0.0369 -0.8669 -0.4971
vn -0.1297 -0.9073 -0.3999
vn -0.0078 -0.9929 -0.1189
vn -0.1297 -0.9073 -0.3999
vn -0.0369 -0.8669 -0.4971
vn -0.1096 -0.5307 -0.8404
vn -0.1096 -0.5307 -0.8404
vn -0.4369 -0.5753 -0.6914
vn -0.1297 -0.9073 -0.3999
vn -0.1096 -0.5307 -0.8404
vn -0.1942 -0.1942 -0.9616
vn -0.5011 -0.1644 -0.8496
vn -0.5011 -0.1644 -0.8496
vn -0.4369 -0.5753 -0.6914
vn -0.1096 -0.5307 -0.8404
vn -0.5697 -0.5924 -0.5697
vn -0.4369 -0.5753 -0.6914
vn -0.5011 -0.1644 -0.8496
vn -0.5011 -0.1644 -0.8496
vn -0.6977 -0.1626 -0.6977
vn -0.5697 -0.5924 -0.5697
vn -0.8496 -0.1644 -0.5011
vn -0.9616 -0.1942 -0.1942
vn -0.8404 -0.5307 -0.1096
vn -0.8404 -0.5307 -0.1096
vn -0.6914 -0.5753 -0.4369
vn -0.8496 -0.1644 -0.5011
vn -0.3999 -0.9074 -0.1297
vn -0.6914 -0.5753 -0.4369
vn -0.8404 -0.5307 -0.1096
vn -0.8404 -0.5307 -0.1096
vn -0.4971 -0.8669 -0.0369
vn -0.3999 -0.9074 -0.1297
vn -0.4971 -0.8669 -0.0369
vn -0.1463 -0.9892 -0.0000
vn -0.1189 -0.9929 -0.0078
vn -0.1189 -0.9929 -0.0078
vn -0.3999 -0.9074 -0.1297
vn -0.4971 -0.8669 -0.0369
vn -0.3999 -0.9074 -0.1297
vn -0.1189 -0.9929 -0.0078
vn -0.0651 -0.9978 -0.0149
vn -0.0651 -0.9978 -0.0149
vn -0.1582 -0.9747 -0.1582
vn -0.3999 -0.9074 -0.1297
vn -0.5697 -0.5924 -0.5697
vn -0.6914 -0.5753 -0.4369
vn -0.3999 -0.9074 -0.1297
vn -0.3999 -0.9074 -0.1297
vn -0.1582 -0.9747 -0.1582
vn -0.5697 -0.5924 -0.5697
vn 0.1526 -0.4605 0.8744
vn 0.0537 -0.4872 0.8716
vn 0.0198 -0.1970 0.9802
vn 0.0198 -0.1970 0.9802
vn 0.0396 -0.1249 0.9914
vn 0.1526 -0.4605 0.8744
vn 0.1526 -0.4605 0.8744
vn 0.0396 -0.1249 0.9914
vn 0.0680 -0.1120 0.9914
vn 0.0680 -0.1120 0.9914
vn 0.2460 -0.4181 0.8744
vn 0.1526 -0.4605 0.8744
vn 0.2460 -0.4181 0.8744
vn 0.0680 -0.1120 0.9914
vn 0.1352 -0.1447 0.9802
vn 0.1352 -0.1447 0.9802
vn 0.3314 -0.3612 0.8716
vn 0.2460 -0.4181 0.8744
vn 0.4227 -0.7172 0.5540
vn 0.2460 -0.4181 0.8744
vn 0.3314 -0.3612 0.8716
vn 0.3314 -0.3612 0.8716
vn 0.5766 -0.6199 0.5322
vn 0.4227 -0.7172 0.5540
vn 0.5766 -0.6199 0.5322
vn 0.6558 -0.7261 0.2066
vn 0.5139 -0.8413 0.1677
vn 0.5139 -0.8413 0.1677
vn 0.4227 -0.7172 0.5540
vn 0.5766 -0.6199 0.5322
vn 0.4227 -0.7172 0.5540
vn 0.5139 -0.8413 0.1677
vn 0.2948 -0.9407 0.1677
vn 0.2948 -0.9407 0.1677
vn 0.2615 -0.7904 0.5540
vn 0.4227 -0.7172 0.5540
vn 0.2948 -0.9407 0.1677
vn 0.0864 -0.9840 0.1557
vn 0.0869 -0.8421 0.5322
vn 0.0869 -0.8421 0.5322
vn 0.2615 -0.7904 0.5540
vn 0.2948 -0.9407 0.1677
vn 0.2615 -0.7904 0.5540
vn 0.0869 -0.8421 0.5322
vn 0.0537 -0.4872 0.8716
vn 0.0537 -0.4872 0.8716
vn 0.1526 -0.4605 0.8744
vn 0.2615 -0.7904 0.5540
vn 0.2615 -0.7904 0.5540
vn 0.1526 -0.4605 0.8744
vn 0.2460 -0.4181 0.8744
vn 0.2460 -0.4181 0.8744
vn 0.4227 -0.7172 0.5540
vn 0.2615 -0.7904 0.5540
vn 0.1526 -0.4605 -0.8745
vn 0.0396 -0.1249 -0.9914
vn 0.0198 -0.1970 -0.9802
vn 0.0198 -0.1970 -0.9802
vn 0.0537 -0.4872 -0.8716
vn 0.1526 -0.4605 -0.8745
vn 0.2615 -0.7904 -0.5540
vn 0.1526 -0.4605 -0.8745
vn 0.0537 -0.4872 -0.8716
vn 0.0537 -0.4872 -0.8716
vn 0.0869 -0.8421 -0.5322
vn 0.2615 -0.7904 -0.5540
vn 0.0869 -0.8421 -0.5322
vn 0.0864 -0.9840 -0.1557
vn 0.2948 -0.9407 -0.1677
vn 0.2948 -0.9407 -0.1677
vn 0.2615 -0.7904 -0.5540
vn 0.0869 -0.8421 -0.5322
vn 0.2615 -0.7904 -0.5540
vn 0.2948 -0.9407 -0.1677
vn 0.5139 -0.8413 -0.1677
vn 0.5139 -0.8413 -0.1677
vn 0.4227 -0.7173 -0.5540
vn 0.2615 -0.7904 -0.5540
vn 0.5139 -0.8413 -0.1677
vn 0.6558 -0.7261 -0.2066
vn 0.5766 -0.6199 -0.5322
vn 0.5766 -0.6199 -0.5322
vn 0.4227 -0.7173 -0.5540
vn 0.5139 -0.8413 -0.1677
vn 0.4227 -0.7173 -0.5540
vn 0.5766 -0.6199 -0.5322
vn 0.3314 -0.3612 -0.8716
vn 0.3314 -0.3612 -0.8716
vn 0.2460 -0.4181 -0.8744
vn 0.4227 -0.7173 -0.5540
vn 0.2460 -0.4181 -0.8744
vn 0.3314 -0.3612 -0.8716
vn 0.1352 -0.1447 -0.9802
vn 0.1352 -0.1447 -0.9802
vn 0.0680 -0.1120 -0.9914
vn 0.2460 -0.4181 -0.8744
vn 0.2460 -0.4181 -0.8744
vn 0.0680 -0.1120 -0.9914
vn 0.0396 -0.1249 -0.9914
vn 0.0396 -0.1249 -0.9914
vn 0.1526 -0.4605 -0.8745
vn 0.2460 -0.4181 -0.8744
vn 0.2460 -0.4181 -0.8744
vn 0.1526 -0.4605 -0.8745
vn 0.2615 -0.7904 -0.5540
vn 0.2615 -0.7904 -0.5540
vn 0.4227 -0.7173 -0.5540
vn 0.2460 -0.4181 -0.8744
vn -0.8131 0.2132 0.5417
vn -0.9530 0.2542 0.1649
vn -0.9715 0.1128 0.2083
vn -0.9715 0.1128 0.2083
vn -0.8516 0.0619 0.5205
vn -0.8131 0.2132 0.5417
vn -0.4908 0.1253 0.8622
vn -0.8131 0.2132 0.5417
vn -0.8516 0.0619 0.5205
vn -0.8516 0.0619 0.5205
vn -0.5117 0.0347 0.8584
vn -0.4908 0.1253 0.8622
vn -0.5117 0.0347 0.8584
vn -0.1863 0.0131 0.9824
vn -0.1447 0.0376 0.9888
vn -0.1447 0.0376 0.9888
vn -0.4908 0.1253 0.8622
vn -0.5117 0.0347 0.8584
vn -0.4908 0.1253 0.8622
vn -0.1447 0.0376 0.9888
vn -0.1336 0.0670 0.9888
vn -0.1336 0.0670 0.9888
vn -0.4519 0.2290 0.8622
vn -0.4908 0.1253 0.8622
vn -0.1336 0.0670 0.9888
vn -0.1488 0.1130 0.9824
vn -0.4079 0.3111 0.8584
vn -0.4079 0.3111 0.8584
vn -0.4519 0.2290 0.8622
vn -0.1336 0.0670 0.9888
vn -0.4519 0.2290 0.8622
vn -0.4079 0.3111 0.8584
vn -0.6816 0.5142 0.5205
vn -0.6816 0.5142 0.5205
vn -0.7523 0.3750 0.5417
vn -0.4519 0.2290 0.8622
vn -0.7523 0.3750 0.5417
vn -0.6816 0.5142 0.5205
vn -0.8054 0.5549 0.2083
vn -0.8054 0.5549 0.2083
vn -0.8846 0.4363 0.1649
vn -0.7523 0.3750 0.5417
vn -0.7523 0.3750 0.5417
vn -0.8846 0.4363 0.1649
vn -0.9530 0.2542 0.1649
vn -0.9530 0.2542 0.1649
vn -0.8131 0.2132 0.5417
vn -0.7523 0.3750 0.5417
vn -0.7523 0.3750 0.5417
vn -0.8131 0.2132 0.5417
vn -0.4908 0.1253 0.8622
vn -0.4908 0.1253 0.8622
vn -0.4519 0.2290 0.8622
vn -0.7523 0.3750 0.5417
vn -0.8131 0.2132 -0.5417
vn -0.8516 0.0620 -0.5205
vn -0.9715 0.1129 -0.2082
vn -0.9715 0.1129 -0.2082
vn -0.9530 0.2542 -0.1649
vn -0.8131 0.2132 -0.5417
vn -0.8131 0.2132 -0.5417
vn -0.9530 0.2542 -0.1649
vn -0.8846 0.4363 -0.1649
vn -0.8846 0.4363 -0.1649
vn -0.7523 0.3750 -0.5417
vn -0.8131 0.2132 -0.5417
vn -0.7523 0.3750 -0.5417
vn -0.8846 0.4363 -0.1649
vn -0.8054 0.5549 -0.2083
vn -0.8054 0.5549 -0.2083
vn -0.6816 0.5142 -0.5205
vn -0.7523 0.3750 -0.5417
vn -0.4519 0.2289 -0.8622
vn -0.7523 0.3750 -0.5417
vn -0.6816 0.5142 -0.5205
vn -0.6816 0.5142 -0.5205
vn -0.4079 0.3111 -0.8584
vn -0.4519 0.2289 -0.8622
vn -0.4079 0.3111 -0.8584
vn -0.1488 0.1130 -0.9824
vn -0.1336 0.0670 -0.9888
vn -0.1336 0.0670 -0.9888
vn -0.4519 0.2289 -0.8622
vn -0.4079 0.3111 -0.8584
vn -0.4519 0.2289 -0.8622
vn -0.1336 0.0670 -0.9888
vn -0.1447 0.0376 -0.9888
vn -0.1447 0.0376 -0.9888
vn -0.4908 0.1253 -0.8622
vn -0.4519 0.2289 -0.8622
vn -0.1447 0.0376 -0.9888
vn -0.1864 0.0129 -0.9824
vn -0.5117 0.0346 -0.8585
vn -0.5117 0.0346 -0.8585
vn -0.4908 0.1253 -0.8622
vn -0.1447 0.0376 -0.9888
vn -0.4908 0.1253 -0.8622
vn -0.5117 0.0346 -0.8585
vn -0.8516 0.0620 -0.5205
vn -0.8516 0.0620 -0.5205
vn -0.8131 0.2132 -0.5417
vn -0.4908 0.1253 -0.8622
vn -0.4908 0.1253 -0.8622
vn -0.8131 0.2132 -0.5417
vn -0.7523 0.3750 -0.5417
vn -0.7523 0.3750 -0.5417
vn -0.4519 0.2289 -0.8622
vn -0.4908 0.1253 -0.8622
vn 0.8462 -0.0742 0.5278
vn 0.9740 -0.0991 0.2037
vn 0.9541 -0.2511 0.1630
vn 0.9541 -0.2511 0.1630
vn 0.8076 -0.2237 0.5456
vn 0.8462 -0.0742 0.5278
vn 0.8076 -0.2237 0.5456
vn 0.9541 -0.2511 0.1630
vn 0.8834 -0.4393 0.1630
vn 0.8834 -0.4393 0.1630
vn 0.7551 -0.3634 0.5456
vn 0.8076 -0.2237 0.5456
vn 0.8834 -0.4393 0.1630
vn 0.7983 -0.5667 0.2038
vn 0.6857 -0.5012 0.5278
vn 0.6857 -0.5012 0.5278
vn 0.7551 -0.3634 0.5456
vn 0.8834 -0.4393 0.1630
vn 0.7551 -0.3634 0.5456
vn 0.6857 -0.5012 0.5278
vn 0.4008 -0.2897 0.8692
vn 0.4008 -0.2897 0.8692
vn 0.4439 -0.2131 0.8704
vn 0.7551 -0.3634 0.5456
vn 0.4439 -0.2131 0.8704
vn 0.4008 -0.2897 0.8692
vn 0.1594 -0.1173 0.9802
vn 0.1594 -0.1173 0.9802
vn 0.1207 -0.0597 0.9909
vn 0.4439 -0.2131 0.8704
vn 0.4439 -0.2131 0.8704
vn 0.1207 -0.0597 0.9909
vn 0.1302 -0.0346 0.9909
vn 0.1302 -0.0346 0.9909
vn 0.4744 -0.1319 0.8704
vn 0.4439 -0.2131 0.8704
vn 0.4744 -0.1319 0.8704
vn 0.1302 -0.0346 0.9909
vn 0.1972 -0.0166 0.9802
vn 0.1972 -0.0166 0.9802
vn 0.4923 -0.0458 0.8692
vn 0.4744 -0.1319 0.8704
vn 0.8076 -0.2237 0.5456
vn 0.4744 -0.1319 0.8704
vn 0.4923 -0.0458 0.8692
vn 0.4923 -0.0458 0.8692
vn 0.8462 -0.0742 0.5278
vn 0.8076 -0.2237 0.5456
vn 0.4744 -0.1319 0.8704
vn 0.8076 -0.2237 0.5456
vn 0.7551 -0.3634 0.5456
vn 0.7551 -0.3634 0.5456
vn 0.4439 -0.2131 0.8704
vn 0.4744 -0.1319 0.8704
vn 0.9541 -0.2511 -0.1630
vn 0.9740 -0.0992 -0.2038
vn 0.8462 -0.0742 -0.5277
vn 0.8462 -0.0742 -0.5277
vn 0.8076 -0.2237 -0.5456
vn 0.9541 -0.2511 -0.1630
vn 0.8076 -0.2237 -0.5456
vn 0.8462 -0.0742 -0.5277
vn 0.4924 -0.0457 -0.8692
vn 0.4924 -0.0457 -0.8692
vn 0.4744 -0.1319 -0.8704
vn 0.8076 -0.2237 -0.5456
vn 0.4744 -0.1319 -0.8704
vn 0.4924 -0.0457 -0.8692
vn 0.1971 -0.0165 -0.9802
vn 0.1971 -0.0165 -0.9802
vn 0.1302 -0.0346 -0.9909
vn 0.4744 -0.1319 -0.8704
vn 0.4744 -0.1319 -0.8704
vn 0.1302 -0.0346 -0.9909
vn 0.1207 -0.0597 -0.9909
vn 0.1207 -0.0597 -0.9909
vn 0.4439 -0.2131 -0.8704
vn 0.4744 -0.1319 -0.8704
vn 0.4439 -0.2131 -0.8704
vn 0.1207 -0.0597 -0.9909
vn 0.1594 -0.1173 -0.9802
vn 0.1594 -0.1173 -0.9802
vn 0.4008 -0.2897 -0.8692
vn 0.4439 -0.2131 -0.8704
vn 0.7551 -0.3634 -0.5456
vn 0.4439 -0.2131 -0.8704
vn 0.4008 -0.2897 -0.8692
vn 0.4008 -0.2897 -0.8692
vn 0.6857 -0.5012 -0.5278
vn 0.7551 -0.3634 -0.5456
vn 0.6857 -0.5012 -0.5278
vn 0.7983 -0.5667 -0.2038
vn 0.8834 -0.4393 -0.1630
vn 0.8834 -0.4393 -0.1630
vn 0.7551 -0.3634 -0.5456
vn 0.6857 -0.5012 -0.5278
vn 0.7551 -0.3634 -0.5456
vn 0.8834 -0.4393 -0.1630
vn 0.9541 -0.2511 -0.1630
vn 0.9541 -0.2511 -0.1630
vn 0.8076 -0.2237 -0.5456
vn 0.7551 -0.3634 -0.5456
vn 0.7551 -0.3634 -0.5456
vn 0.8076 -0.2237 -0.5456
vn 0.4744 -0.1319 -0.8704
vn 0.4744 -0.1319 -0.8704
vn 0.4439 -0.2131 -0.8704
vn 0.7551 -0.3634 -0.5456
vn -0.5545 0.7094 -0.4351
vn -0.1730 0.8429 -0.5096
vn -0.2145 0.7372 -0.6407
vn -0.2145 0.7372 -0.6407
vn -0.5256 0.6114 -0.5915
vn -0.5545 0.7094 -0.4351
vn -0.8668 0.4227 -0.2645
vn -0.5545 0.7094 -0.4351
vn -0.5256 0.6114 -0.5915
vn -0.5256 0.6114 -0.5915
vn -0.8596 0.3649 -0.3577
vn -0.8668 0.4227 -0.2645
vn -0.8596 0.3649 -0.3577
vn -0.9828 0.1320 -0.1291
vn -0.9890 0.1255 -0.0779
vn -0.9890 0.1255 -0.0779
vn -0.8668 0.4227 -0.2645
vn -0.8596 0.3649 -0.3577
vn -0.8668 0.4227 -0.2645
vn -0.9890 0.1255 -0.0779
vn -0.9890 0.1413 -0.0432
vn -0.9890 0.1413 -0.0432
vn -0.8668 0.4774 -0.1440
vn -0.8668 0.4227 -0.2645
vn -0.9890 0.1413 -0.0432
vn -0.9828 0.1841 -0.0143
vn -0.8596 0.5094 -0.0391
vn -0.8596 0.5094 -0.0391
vn -0.8668 0.4774 -0.1440
vn -0.9890 0.1413 -0.0432
vn -0.8668 0.4774 -0.1440
vn -0.8596 0.5094 -0.0391
vn -0.5256 0.8478 -0.0706
vn -0.5256 0.8478 -0.0706
vn -0.5545 0.7945 -0.2474
vn -0.8668 0.4774 -0.1440
vn -0.5545 0.7945 -0.2474
vn -0.5256 0.8478 -0.0706
vn -0.2145 0.9676 -0.1329
vn -0.2145 0.9676 -0.1329
vn -0.1730 0.9385 -0.2987
vn -0.5545 0.7945 -0.2474
vn -0.5545 0.7945 -0.2474
vn -0.1730 0.9385 -0.2987
vn -0.1730 0.8429 -0.5096
vn -0.1730 0.8429 -0.5096
vn -0.5545 0.7094 -0.4351
vn -0.5545 0.7945 -0.2474
vn -0.5545 0.7945 -0.2474
vn -0.5545 0.7094 -0.4351
vn -0.8668 0.4227 -0.2645
vn -0.8668 0.4227 -0.2645
vn -0.8668 0.4774 -0.1440
vn -0.5545 0.7945 -0.2474
vn 0.5545 0.7094 -0.4351
vn 0.5256 0.6114 -0.5915
vn 0.2145 0.7372 -0.6407
vn 0.2145 0.7372 -0.6407
vn 0.1730 0.8429 -0.5096
vn 0.5545 0.7094 -0.4351
vn 0.5545 0.7094 -0.4351
vn 0.1730 0.8429 -0.5096
vn 0.1730 0.9385 -0.2987
vn 0.1730 0.9385 -0.2987
vn 0.5545 0.7945 -0.2474
vn 0.5545 0.7094 -0.4351
vn 0.5545 0.7945 -0.2474
vn 0.1730 0.9385 -0.2987
vn 0.2145 0.9676 -0.1329
vn 0.2145 0.9676 -0.1329
vn 0.5256 0.8478 -0.0706
vn 0.5545 0.7945 -0.2474
vn 0.8668 0.4774 -0.1440
vn 0.5545 0.7945 -0.2474
vn 0.5256 0.8478 -0.0706
vn 0.5256 0.8478 -0.0706
vn 0.8596 0.5094 -0.0391
vn 0.8668 0.4774 -0.1440
vn 0.8596 0.5094 -0.0391
vn 0.9828 0.1841 -0.0143
vn 0.9890 0.1413 -0.0432
vn 0.9890 0.1413 -0.0432
vn 0.8668 0.4774 -0.1440
vn 0.8596 0.5094 -0.0391
vn 0.8668 0.4774 -0.1440
vn 0.9890 0.1413 -0.0432
vn 0.9890 0.1255 -0.0779
vn 0.9890 0.1255 -0.0779
vn 0.8668 0.4227 -0.2645
vn 0.8668 0.4774 -0.1440
vn 0.9890 0.1255 -0.0779
vn 0.9828 0.1320 -0.1291
vn 0.8596 0.3649 -0.3577
vn 0.8596 0.3649 -0.3577
vn 0.8668 0.4227 -0.2645
vn 0.9890 0.1255 -0.0779
vn 0.8668 0.4227 -0.2645
vn 0.8596 0.3649 -0.3577
vn 0.5256 0.6114 -0.5915
vn 0.5256 0.6114 -0.5915
vn 0.5545 0.7094 -0.4351
vn 0.8668 0.4227 -0.2645
vn 0.8668 0.4227 -0.2645
vn 0.5545 0.7094 -0.4351
vn 0.5545 0.7945 -0.2474
vn 0.5545 0.7945 -0.2474
vn 0.8668 0.4774 -0.1440
vn 0.8668 0.4227 -0.2645
vn -0.5322 -0.6199 0.5766
vn -0.2066 -0.7261 0.6558
vn -0.1677 -0.8413 0.5139
vn -0.1677 -0.8413 0.5139
vn -0.5540 -0.7173 0.4227
vn -0.5322 -0.6199 0.5766
vn -0.5540 -0.7173 0.4227
vn -0.1677 -0.8413 0.5139
vn -0.1677 -0.9407 0.2948
vn -0.1677 -0.9407 0.2948
vn -0.5540 -0.7904 0.2615
vn -0.5540 -0.7173 0.4227
vn -0.1677 -0.9407 0.2948
vn -0.1557 -0.9840 0.0864
vn -0.5322 -0.8421 0.0869
vn -0.5322 -0.8421 0.0869
vn -0.5540 -0.7904 0.2615
vn -0.1677 -0.9407 0.2948
vn -0.5540 -0.7904 0.2615
vn -0.5322 -0.8421 0.0869
vn -0.8716 -0.4873 0.0537
vn -0.8716 -0.4873 0.0537
vn -0.8744 -0.4605 0.1526
vn -0.5540 -0.7904 0.2615
vn -0.8744 -0.4605 0.1526
vn -0.8716 -0.4873 0.0537
vn -0.9802 -0.1970 0.0198
vn -0.9802 -0.1970 0.0198
vn -0.9914 -0.1249 0.0396
vn -0.8744 -0.4605 0.1526
vn -0.8744 -0.4605 0.1526
vn -0.9914 -0.1249 0.0396
vn -0.9914 -0.1120 0.0680
vn -0.9914 -0.1120 0.0680
vn -0.8744 -0.4181 0.2460
vn -0.8744 -0.4605 0.1526
vn -0.8744 -0.4181 0.2460
vn -0.9914 -0.1120 0.0680
vn -0.9802 -0.1447 0.1352
vn -0.9802 -0.1447 0.1352
vn -0.8716 -0.3612 0.3314
vn -0.8744 -0.4181 0.2460
vn -0.5540 -0.7173 0.4227
vn -0.8744 -0.4181 0.2460
vn -0.8716 -0.3612 0.3314
vn -0.8716 -0.3612 0.3314
vn -0.5322 -0.6199 0.5766
vn -0.5540 -0.7173 0.4227
vn -0.8744 -0.4181 0.2460
vn -0.5540 -0.7173 0.4227
vn -0.5540 -0.7904 0.2615
vn -0.5540 -0.7904 0.2615
vn -0.8744 -0.4605 0.1526
vn -0.8744 -0.4181 0.2460
vn 0.1677 -0.8413 0.5139
vn 0.2066 -0.7261 0.6558
vn 0.5322 -0.6199 0.5766
vn 0.5322 -0.6199 0.5766
vn 0.5540 -0.7172 0.4227
vn 0.1677 -0.8413 0.5139
vn 0.5540 -0.7172 0.4227
vn 0.5322 -0.6199 0.5766
vn 0.8716 -0.3612 0.3314
vn 0.8716 -0.3612 0.3314
vn 0.8744 -0.4181 0.2460
vn 0.5540 -0.7172 0.4227
vn 0.8744 -0.4181 0.2460
vn 0.8716 -0.3612 0.3314
vn 0.9802 -0.1447 0.1352
vn 0.9802 -0.1447 0.1352
vn 0.9914 -0.1120 0.0680
vn 0.8744 -0.4181 0.2460
vn 0.8744 -0.4181 0.2460
vn 0.9914 -0.1120 0.0680
vn 0.9914 -0.1249 0.0396
vn 0.9914 -0.1249 0.0396
vn 0.8745 -0.4605 0.1526
vn 0.8744 -0.4181 0.2460
vn 0.8745 -0.4605 0.1526
vn 0.9914 -0.1249 0.0396
vn 0.9802 -0.1970 0.0198
vn 0.9802 -0.1970 0.0198
vn 0.8716 -0.4873 0.0537
vn 0.8745 -0.4605 0.1526
vn 0.5540 -0.7904 0.2615
vn 0.8745 -0.4605 0.1526
vn 0.8716 -0.4873 0.0537
vn 0.8716 -0.4873 0.0537
vn 0.5322 -0.8421 0.0869
vn 0.5540 -0.7904 0.2615
vn 0.5322 -0.8421 0.0869
vn 0.1557 -0.9840 0.0864
vn 0.1677 -0.9407 0.2948
vn 0.1677 -0.9407 0.2948
vn 0.5540 -0.7904 0.2615
vn 0.5322 -0.8421 0.0869
vn 0.5540 -0.7904 0.2615
vn 0.1677 -0.9407 0.2948
vn 0.1677 -0.8413 0.5139
vn 0.1677 -0.8413 0.5139
vn 0.5540 -0.7172 0.4227
vn 0.5540 -0.7904 0.2615
vn 0.5540 -0.7904 0.2615
vn 0.5540 -0.7172 0.4227
vn 0.8744 -0.4181 0.2460
vn 0.8744 -0.4181 0.2460
vn 0.8745 -0.4605 0.1526
vn 0.5540 -0.7904 0.2615
vn -0.5417 0.2132 -0.8131
vn -0.1649 0.2542 -0.9530
vn -0.2083 0.1128 -0.9715
vn -0.2083 0.1128 -0.9715
vn -0.5205 0.0619 -0.8516
vn -0.5417 0.2132 -0.8131
vn -0.8622 0.1253 -0.4908
vn -0.5417 0.2132 -0.8131
vn -0.5205 0.0619 -0.8516
vn -0.5205 0.0619 -0.8516
vn -0.8584 0.0347 -0.5117
vn -0.8622 0.1253 -0.4908
vn -0.8584 0.0347 -0.5117
vn -0.9824 0.0131 -0.1863
vn -0.9888 0.0376 -0.1447
vn -0.9888 0.0376 -0.1447
vn -0.8622 0.1253 -0.4908
vn -0.8584 0.0347 -0.5117
vn -0.8622 0.1253 -0.4908
vn -0.9888 0.0376 -0.1447
vn -0.9888 0.0670 -0.1336
vn -0.9888 0.0670 -0.1336
vn -0.8622 0.2290 -0.4519
vn -0.8622 0.1253 -0.4908
vn -0.9888 0.0670 -0.1336
vn -0.9824 0.1130 -0.1488
vn -0.8584 0.3111 -0.4079
vn -0.8584 0.3111 -0.4079
vn -0.8622 0.2290 -0.4519
vn -0.9888 0.0670 -0.1336
vn -0.8622 0.2290 -0.4519
vn -0.8584 0.3111 -0.4079
vn -0.5205 0.5142 -0.6816
vn -0.5205 0.5142 -0.6816
vn -0.5417 0.3750 -0.7523
vn -0.8622 0.2290 -0.4519
vn -0.5417 0.3750 -0.7523
vn -0.5205 0.5142 -0.6816
vn -0.2083 0.5549 -0.8054
vn -0.2083 0.5549 -0.8054
vn -0.1649 0.4363 -0.8846
vn -0.5417 0.3750 -0.7523
vn -0.5417 0.3750 -0.7523
vn -0.1649 0.4363 -0.8846
vn -0.1649 0.2542 -0.9530
vn -0.1649 0.2542 -0.9530
vn -0.5417 0.2132 -0.8131
vn -0.5417 0.3750 -0.7523
vn -0.5417 0.3750 -0.7523
vn -0.5417 0.2132 -0.8131
vn -0.8622 0.1253 -0.4908
vn -0.8622 0.1253 -0.4908
vn -0.8622 0.2290 -0.4519
vn -0.5417 0.3750 -0.7523
vn 0.5417 0.2132 -0.8131
vn 0.5205 0.0620 -0.8516
vn 0.2082 0.1129 -0.9715
vn 0.2082 0.1129 -0.9715
vn 0.1649 0.2542 -0.9530
vn 0.5417 0.2132 -0.8131
vn 0.5417 0.2132 -0.8131
vn 0.1649 0.2542 -0.9530
vn 0.1649 0.4363 -0.8846
vn 0.1649 0.4363 -0.8846
vn 0.5417 0.3750 -0.7523
vn 0.5417 0.2132 -0.8131
vn 0.5417 0.3750 -0.7523
vn 0.1649 0.4363 -0.8846
vn 0.2083 0.5549 -0.8054
vn 0.2083 0.5549 -0.8054
vn 0.5205 0.5142 -0.6816
vn 0.5417 0.3750 -0.7523
vn 0.8622 0.2289 -0.4519
vn 0.5417 0.3750 -0.7523
vn 0.5205 0.5142 -0.6816
vn 0.5205 0.5142 -0.6816
vn 0.8584 0.3111 -0.4079
vn 0.8622 0.2289 -0.4519
vn 0.8584 0.3111 -0.4079
vn 0.9824 0.1130 -0.1488
vn 0.9888 0.0670 -0.1336
vn 0.9888 0.0670 -0.1336
vn 0.8622 0.2289 -0.4519
vn 0.8584 0.3111 -0.4079
vn 0.8622 0.2289 -0.4519
vn 0.9888 0.0670 -0.1336
vn 0.9888 0.0376 -0.1447
vn 0.9888 0.0376 -0.1447
vn 0.8622 0.1253 -0.4908
vn 0.8622 0.2289 -0.4519
vn 0.9888 0.0376 -0.1447
vn 0.9824 0.0130 -0.1864
vn 0.8585 0.0346 -0.5117
vn 0.8585 0.0346 -0.5117
vn 0.8622 0.1253 -0.4908
vn 0.9888 0.0376 -0.1447
vn 0.8622 0.1253 -0.4908
vn 0.8585 0.0346 -0.5117
vn 0.5205 0.0620 -0.8516
vn 0.5205 0.0620 -0.8516
vn 0.5417 0.2132 -0.8131
vn 0.8622 0.1253 -0.4908
vn 0.8622 0.1253 -0.4908
vn 0.5417 0.2132 -0.8131
vn 0.5417 0.3750 -0.7523
vn 0.5417 0.3750 -0.7523
vn 0.8622 0.2289 -0.4519
vn 0.8622 0.1253 -0.4908
vn -0.5278 -0.0742 0.8462
vn -0.2037 -0.0991 0.9740
vn -0.1630 -0.2511 0.9541
vn -0.1630 -0.2511 0.9541
vn -0.5456 -0.2237 0.8076
vn -0.5278 -0.0742 0.8462
vn -0.5456 -0.2237 0.8076
vn -0.1630 -0.2511 0.9541
vn -0.1630 -0.4393 0.8834
vn -0.1630 -0.4393 0.8834
vn -0.5456 -0.3634 0.7551
vn -0.5456 -0.2237 0.8076
vn -0.1630 -0.4393 0.8834
vn -0.2038 -0.5667 0.7983
vn -0.5278 -0.5012 0.6857
vn -0.5278 -0.5012 0.6857
vn -0.5456 -0.3634 0.7551
vn -0.1630 -0.4393 0.8834
vn -0.5456 -0.3634 0.7551
vn -0.5278 -0.5012 0.6857
vn -0.8692 -0.2897 0.4008
vn -0.8692 -0.2897 0.4008
vn -0.8704 -0.2131 0.4439
vn -0.5456 -0.3634 0.7551
vn -0.8704 -0.2131 0.4439
vn -0.8692 -0.2897 0.4008
vn -0.9802 -0.1173 0.1594
vn -0.9802 -0.1173 0.1594
vn -0.9909 -0.0597 0.1207
vn -0.8704 -0.2131 0.4439
vn -0.8704 -0.2131 0.4439
vn -0.9909 -0.0597 0.1207
vn -0.9909 -0.0346 0.1302
vn -0.9909 -0.0346 0.1302
vn -0.8704 -0.1319 0.4744
vn -0.8704 -0.2131 0.4439
vn -0.8704 -0.1319 0.4744
vn -0.9909 -0.0346 0.1302
vn -0.9802 -0.0166 0.1972
vn -0.9802 -0.0166 0.1972
vn -0.8692 -0.0458 0.4923
vn -0.8704 -0.1319 0.4744
vn -0.5456 -0.2237 0.8076
vn -0.8704 -0.1319 0.4744
vn -0.8692 -0.0458 0.4923
vn -0.8692 -0.0458 0.4923
vn -0.5278 -0.0742 0.8462
vn -0.5456 -0.2237 0.8076
vn -0.8704 -0.1319 0.4744
vn -0.5456 -0.2237 0.8076
vn -0.5456 -0.3634 0.7551
vn -0.5456 -0.3634 0.7551
vn -0.8704 -0.2131 0.4439
vn -0.8704 -0.1319 0.4744
vn 0.1630 -0.2511 0.9541
vn 0.2038 -0.0992 0.9740
vn 0.5277 -0.0742 0.8462
vn 0.5277 -0.0742 0.8462
vn 0.5456 -0.2237 0.8076
vn 0.1630 -0.2511 0.9541
vn 0.5456 -0.2237 0.8076
vn 0.5277 -0.0742 0.8462
vn 0.8692 -0.0457 0.4924
vn 0.8692 -0.0457 0.4924
vn 0.8704 -0.1319 0.4744
vn 0.5456 -0.2237 0.8076
vn 0.8704 -0.1319 0.4744
vn 0.8692 -0.0457 0.4924
vn 0.9802 -0.0165 0.1971
vn 0.9802 -0.0165 0.1971
vn 0.9909 -0.0346 0.1302
vn 0.8704 -0.1319 0.4744
vn 0.8704 -0.1319 0.4744
vn 0.9909 -0.0346 0.1302
vn 0.9909 -0.0597 0.1207
vn 0.9909 -0.0597 0.1207
vn 0.8704 -0.2132 0.4439
vn 0.8704 -0.1319 0.4744
vn 0.8704 -0.2132 0.4439
vn 0.9909 -0.0597 0.1207
vn 0.9802 -0.1173 0.1594
vn 0.9802 -0.1173 0.1594
vn 0.8692 -0.2897 0.4008
vn 0.8704 -0.2132 0.4439
vn 0.5456 -0.3635 0.7551
vn 0.8704 -0.2132 0.4439
vn 0.8692 -0.2897 0.4008
vn 0.8692 -0.2897 0.4008
vn 0.5278 -0.5012 0.6857
vn 0.5456 -0.3635 0.7551
vn 0.5278 -0.5012 0.6857
vn 0.2038 -0.5667 0.7983
vn 0.1630 -0.4393 0.8834
vn 0.1630 -0.4393 0.8834
vn 0.5456 -0.3635 0.7551
vn 0.5278 -0.5012 0.6857
vn 0.5456 -0.3635 0.7551
vn 0.1630 -0.4393 0.8834
vn 0.1630 -0.2511 0.9541
vn 0.1630 -0.2511 0.9541
vn 0.5456 -0.2237 0.8076
vn 0.5456 -0.3635 0.7551
vn 0.5456 -0.3635 0.7551
vn 0.5456 -0.2237 0.8076
vn 0.8704 -0.1319 0.4744
vn 0.8704 -0.1319 0.4744
vn 0.8704 -0.2132 0.4439
vn 0.5456 -0.3635 0.7551
vn -0.5545 0.7094 0.4351
vn -0.5256 0.6114 0.5915
vn -0.2145 0.7372 0.6407
vn -0.2145 0.7372 0.6407
vn -0.1730 0.8429 0.5096
vn -0.5545 0.7094 0.4351
vn -0.5545 0.7094 0.4351
vn -0.1730 0.8429 0.5096
vn -0.1730 0.9385 0.2987
vn -0.1730 0.9385 0.2987
vn -0.5545 0.7945 0.2474
vn -0.5545 0.7094 0.4351
vn -0.5545 0.7945 0.2474
vn -0.1730 0.9385 0.2987
vn -0.2145 0.9676 0.1329
vn -0.2145 0.9676 0.1329
vn -0.5256 0.8478 0.0706
vn -0.5545 0.7945 0.2474
vn -0.8668 0.4774 0.1440
vn -0.5545 0.7945 0.2474
vn -0.5256 0.8478 0.0706
vn -0.5256 0.8478 0.0706
vn -0.8596 0.5094 0.0391
vn -0.8668 0.4774 0.1440
vn -0.8596 0.5094 0.0391
vn -0.9828 0.1841 0.0143
vn -0.9890 0.1413 0.0432
vn -0.9890 0.1413 0.0432
vn -0.8668 0.4774 0.1440
vn -0.8596 0.5094 0.0391
vn -0.8668 0.4774 0.1440
vn -0.9890 0.1413 0.0432
vn -0.9890 0.1255 0.0779
vn -0.9890 0.1255 0.0779
vn -0.8668 0.4227 0.2645
vn -0.8668 0.4774 0.1440
vn -0.9890 0.1255 0.0779
vn -0.9828 0.1320 0.1291
vn -0.8596 0.3649 0.3577
vn -0.8596 0.3649 0.3577
vn -0.8668 0.4227 0.2645
vn -0.9890 0.1255 0.0779
vn -0.8668 0.4227 0.2645
vn -0.8596 0.3649 0.3577
vn -0.5256 0.6114 0.5915
vn -0.5256 0.6114 0.5915
vn -0.5545 0.7094 0.4351
vn -0.8668 0.4227 0.2645
vn -0.8668 0.4227 0.2645
vn -0.5545 0.7094 0.4351
vn -0.5545 0.7945 0.2474
vn -0.5545 0.7945 0.2474
vn -0.8668 0.4774 0.1440
vn -0.8668 0.4227 0.2645
vn 0.5545 0.7094 0.4351
vn 0.1730 0.8429 0.5096
vn 0.2145 0.7372 0.6407
vn 0.2145 0.7372 0.6407
vn 0.5256 0.6114 0.5915
vn 0.5545 0.7094 0.4351
vn 0.8668 0.4227 0.2645
vn 0.5545 0.7094 0.4351
vn 0.5256 0.6114 0.5915
vn 0.5256 0.6114 0.5915
vn 0.8596 0.3649 0.3577
vn 0.8668 0.4227 0.2645
vn 0.8596 0.3649 0.3577
vn 0.9828 0.1320 0.1291
vn 0.9890 0.1255 0.0779
vn 0.9890 0.1255 0.0779
vn 0.8668 0.4227 0.2645
vn 0.8596 0.3649 0.3577
vn 0.8668 0.4227 0.2645
vn 0.9890 0.1255 0.0779
vn 0.9890 0.1413 0.0432
vn 0.9890 0.1413 0.0432
vn 0.8668 0.4774 0.1440
vn 0.8668 0.4227 0.2645
vn 0.9890 0.1413 0.0432
vn 0.9885 0.1506 0.0117
vn 0.8596 0.5094 0.0391
vn 0.8596 0.5094 0.0391
vn 0.8668 0.4774 0.1440
vn 0.9890 0.1413 0.0432
vn 0.8668 0.4774 0.1440
vn 0.8596 0.5094 0.0391
vn 0.5256 0.8478 0.0706
vn 0.5256 0.8478 0.0706
vn 0.5545 0.7945 0.2474
vn 0.8668 0.4774 0.1440
vn 0.5545 0.7945 0.2474
vn 0.5256 0.8478 0.0706
vn 0.2145 0.9676 0.1329
vn 0.2145 0.9676 0.1329
vn 0.1730 0.9385 0.2987
vn 0.5545 0.7945 0.2474
vn 0.5545 0.7945 0.2474
vn 0.1730 0.9385 0.2987
vn 0.1730 0.8429 0.5096
vn 0.1730 0.8429 0.5096
vn 0.5545 0.7094 0.4351
vn 0.5545 0.7945 0.2474
vn 0.5545 0.7945 0.2474
vn 0.5545 0.7094 0.4351
vn 0.8668 0.4227 0.2645
vn 0.8668 0.4227 0.2645
vn 0.8668 0.4774 0.1440
vn 0.5545 0.7945 0.2474
vn -0.1677 -0.8413 -0.5139
vn -0.2066 -0.7261 -0.6558
vn -0.5322 -0.6199 -0.5766
vn -0.5322 -0.6199 -0.5766
vn -0.5540 -0.7172 -0.4227
vn -0.1677 -0.8413 -0.5139
vn -0.5540 -0.7172 -0.4227
vn -0.5322 -0.6199 -0.5766
vn -0.8716 -0.3612 -0.3314
vn -0.8716 -0.3612 -0.3314
vn -0.8744 -0.4181 -0.2460
vn -0.5540 -0.7172 -0.4227
vn -0.8744 -0.4181 -0.2460
vn -0.8716 -0.3612 -0.3314
vn -0.9802 -0.1447 -0.1352
vn -0.9802 -0.1447 -0.1352
vn -0.9914 -0.1120 -0.0680
vn -0.8744 -0.4181 -0.2460
vn -0.8744 -0.4181 -0.2460
vn -0.9914 -0.1120 -0.0680
vn -0.9914 -0.1249 -0.0396
vn -0.9914 -0.1249 -0.0396
vn -0.8745 -0.4605 -0.1526
vn -0.8744 -0.4181 -0.2460
vn -0.8745 -0.4605 -0.1526
vn -0.9914 -0.1249 -0.0396
vn -0.9802 -0.1970 -0.0198
vn -0.9802 -0.1970 -0.0198
vn -0.8716 -0.4873 -0.0537
vn -0.8745 -0.4605 -0.1526
vn -0.5540 -0.7904 -0.2615
vn -0.8745 -0.4605 -0.1526
vn -0.8716 -0.4873 -0.0537
vn -0.8716 -0.4873 -0.0537
vn -0.5322 -0.8421 -0.0869
vn -0.5540 -0.7904 -0.2615
vn -0.5322 -0.8421 -0.0869
vn -0.1557 -0.9840 -0.0864
vn -0.1677 -0.9407 -0.2948
vn -0.1677 -0.9407 -0.2948
vn -0.5540 -0.7904 -0.2615
vn -0.5322 -0.8421 -0.0869
vn -0.5540 -0.7904 -0.2615
vn -0.1677 -0.9407 -0.2948
vn -0.1677 -0.8413 -0.5139
vn -0.1677 -0.8413 -0.5139
vn -0.5540 -0.7172 -0.4227
vn -0.5540 -0.7904 -0.2615
vn -0.5540 -0.7904 -0.2615
vn -0.5540 -0.7172 -0.4227
vn -0.8744 -0.4181 -0.2460
vn -0.8744 -0.4181 -0.2460
vn -0.8745 -0.4605 -0.1526
vn -0.5540 -0.7904 -0.2615
vn 0.5322 -0.6199 -0.5766
vn 0.2066 -0.7261 -0.6558
vn 0.1677 -0.8413 -0.5139
vn 0.1677 -0.8413 -0.5139
vn 0.5540 -0.7172 -0.4227
vn 0.5322 -0.6199 -0.5766
vn 0.5540 -0.7172 -0.4227
vn 0.1677 -0.8413 -0.5139
vn 0.1677 -0.9407 -0.2948
vn 0.1677 -0.9407 -0.2948
vn 0.5540 -0.7904 -0.2615
vn 0.5540 -0.7172 -0.4227
vn 0.1677 -0.9407 -0.2948
vn 0.1557 -0.9840 -0.0864
vn 0.5322 -0.8421 -0.0869
vn 0.5322 -0.8421 -0.0869
vn 0.5540 -0.7904 -0.2615
vn 0.1677 -0.9407 -0.2948
vn 0.5540 -0.7904 -0.2615
vn 0.5322 -0.8421 -0.0869
vn 0.8716 -0.4872 -0.0537
vn 0.8716 -0.4872 -0.0537
vn 0.8744 -0.4605 -0.1526
vn 0.5540 -0.7904 -0.2615
vn 0.8744 -0.4605 -0.1526
vn 0.8716 -0.4872 -0.0537
vn 0.9908 -0.1347 -0.0136
vn 0.9908 -0.1347 -0.0136
vn 0.9914 -0.1249 -0.0396
vn 0.8744 -0.4605 -0.1526
vn 0.8744 -0.4605 -0.1526
vn 0.9914 -0.1249 -0.0396
vn 0.9914 -0.1120 -0.0680
vn 0.9914 -0.1120 -0.0680
vn 0.8744 -0.4181 -0.2460
vn 0.8744 -0.4605 -0.1526
vn 0.8744 -0.4181 -0.2460
vn 0.9914 -0.1120 -0.0680
vn 0.9802 -0.1447 -0.1352
vn 0.9802 -0.1447 -0.1352
vn 0.8716 -0.3612 -0.3314
vn 0.8744 -0.4181 -0.2460
vn 0.5540 -0.7172 -0.4227
vn 0.8744 -0.4181 -0.2460
vn 0.8716 -0.3612 -0.3314
vn 0.8716 -0.3612 -0.3314
vn 0.5322 -0.6199 -0.5766
vn 0.5540 -0.7172 -0.4227
vn 0.8744 -0.4181 -0.2460
vn 0.5540 -0.7172 -0.4227
vn 0.5540 -0.7904 -0.2615
vn 0.5540 -0.7904 -0.2615
vn 0.8744 -0.4605 -0.1526
vn 0.8744 -0.4181 -0.2460
vn -0.5417 0.2132 0.8131
vn -0.5205 0.0620 0.8516
vn -0.2082 0.1129 0.9715
vn -0.2082 0.1129 0.9715
vn -0.1649 0.2542 0.9530
vn -0.5417 0.2132 0.8131
vn -0.5417 0.2132 0.8131
vn -0.1649 0.2542 0.9530
vn -0.1649 0.4363 0.8846
vn -0.1649 0.4363 0.8846
vn -0.5417 0.3750 0.7523
vn -0.5417 0.2132 0.8131
vn -0.5417 0.3750 0.7523
vn -0.1649 0.4363 0.8846
vn -0.2083 0.5549 0.8054
vn -0.2083 0.5549 0.8054
vn -0.5205 0.5142 0.6816
vn -0.5417 0.3750 0.7523
vn -0.8622 0.2289 0.4519
vn -0.5417 0.3750 0.7523
vn -0.5205 0.5142 0.6816
vn -0.5205 0.5142 0.6816
vn -0.8584 0.3111 0.4079
vn -0.8622 0.2289 0.4519
vn -0.8584 0.3111 0.4079
vn -0.9824 0.1130 0.1488
vn -0.9888 0.0670 0.1336
vn -0.9888 0.0670 0.1336
vn -0.8622 0.2289 0.4519
vn -0.8584 0.3111 0.4079
vn -0.8622 0.2289 0.4519
vn -0.9888 0.0670 0.1336
vn -0.9888 0.0376 0.1447
vn -0.9888 0.0376 0.1447
vn -0.8622 0.1253 0.4908
vn -0.8622 0.2289 0.4519
vn -0.9888 0.0376 0.1447
vn -0.9824 0.0129 0.1864
vn -0.8585 0.0346 0.5117
vn -0.8585 0.0346 0.5117
vn -0.8622 0.1253 0.4908
vn -0.9888 0.0376 0.1447
vn -0.8622 0.1253 0.4908
vn -0.8585 0.0346 0.5117
vn -0.5205 0.0620 0.8516
vn -0.5205 0.0620 0.8516
vn -0.5417 0.2132 0.8131
vn -0.8622 0.1253 0.4908
vn -0.8622 0.1253 0.4908
vn -0.5417 0.2132 0.8131
vn -0.5417 0.3750 0.7523
vn -0.5417 0.3750 0.7523
vn -0.8622 0.2289 0.4519
vn -0.8622 0.1253 0.4908
vn 0.5417 0.2132 0.8131
vn 0.1649 0.2542 0.9530
vn 0.2083 0.1128 0.9715
vn 0.2083 0.1128 0.9715
vn 0.5205 0.0619 0.8516
vn 0.5417 0.2132 0.8131
vn 0.8622 0.1253 0.4908
vn 0.5417 0.2132 0.8131
vn 0.5205 0.0619 0.8516
vn 0.5205 0.0619 0.8516
vn 0.8584 0.0347 0.5117
vn 0.8622 0.1253 0.4908
vn 0.8584 0.0347 0.5117
vn 0.9824 0.0131 0.1863
vn 0.9888 0.0376 0.1447
vn 0.9888 0.0376 0.1447
vn 0.8622 0.1253 0.4908
vn 0.8584 0.0347 0.5117
vn 0.8622 0.1253 0.4908
vn 0.9888 0.0376 0.1447
vn 0.9888 0.0670 0.1336
vn 0.9888 0.0670 0.1336
vn 0.8622 0.2290 0.4519
vn 0.8622 0.1253 0.4908
vn 0.9888 0.0670 0.1336
vn 0.9824 0.1130 0.1488
vn 0.8584 0.3111 0.4079
vn 0.8584 0.3111 0.4079
vn 0.8622 0.2290 0.4519
vn 0.9888 0.0670 0.1336
vn 0.8622 0.2290 0.4519
vn 0.8584 0.3111 0.4079
vn 0.5205 0.5142 0.6816
vn 0.5205 0.5142 0.6816
vn 0.5417 0.3750 0.7523
vn 0.8622 0.2290 0.4519
vn 0.5417 0.3750 0.7523
vn 0.5205 0.5142 0.6816
vn 0.2083 0.5549 0.8054
vn 0.2083 0.5549 0.8054
vn 0.1649 0.4363 0.8846
vn 0.5417 0.3750 0.7523
vn 0.5417 0.3750 0.7523
vn 0.1649 0.4363 0.8846
vn 0.1649 0.2542 0.9530
vn 0.1649 0.2542 0.9530
vn 0.5417 0.2132 0.8131
vn 0.5417 0.3750 0.7523
vn 0.5417 0.3750 0.7523
vn 0.5417 0.2132 0.8131
vn 0.8622 0.1253 0.4908
vn 0.8622 0.1253 0.4908
vn 0.8622 0.2290 0.4519
vn 0.5417 0.3750 0.7523
vn -0.1630 -0.2511 -0.9541
vn -0.2038 -0.0993 -0.9740
vn -0.5277 -0.0742 -0.8462
vn -0.5277 -0.0742 -0.8462
vn -0.5456 -0.2237 -0.8076
vn -0.1630 -0.2511 -0.9541
vn -0.5456 -0.2237 -0.8076
vn -0.5277 -0.0742 -0.8462
vn -0.8692 -0.0457 -0.4924
vn -0.8692 -0.0457 -0.4924
vn -0.8704 -0.1319 -0.4744
vn -0.5456 -0.2237 -0.8076
vn -0.8704 -0.1319 -0.4744
vn -0.8692 -0.0457 -0.4924
vn -0.9802 -0.0165 -0.1971
vn -0.9802 -0.0165 -0.1971
vn -0.9909 -0.0346 -0.1302
vn -0.8704 -0.1319 -0.4744
vn -0.8704 -0.1319 -0.4744
vn -0.9909 -0.0346 -0.1302
vn -0.9909 -0.0597 -0.1207
vn -0.9909 -0.0597 -0.1207
vn -0.8704 -0.2131 -0.4439
vn -0.8704 -0.1319 -0.4744
vn -0.8704 -0.2131 -0.4439
vn -0.9909 -0.0597 -0.1207
vn -0.9802 -0.1173 -0.1594
vn -0.9802 -0.1173 -0.1594
vn -0.8692 -0.2897 -0.4008
vn -0.8704 -0.2131 -0.4439
vn -0.5456 -0.3634 -0.7551
vn -0.8704 -0.2131 -0.4439
vn -0.8692 -0.2897 -0.4008
vn -0.8692 -0.2897 -0.4008
vn -0.5278 -0.5012 -0.6857
vn -0.5456 -0.3634 -0.7551
vn -0.5278 -0.5012 -0.6857
vn -0.2038 -0.5667 -0.7983
vn -0.1630 -0.4393 -0.8834
vn -0.1630 -0.4393 -0.8834
vn -0.5456 -0.3634 -0.7551
vn -0.5278 -0.5012 -0.6857
vn -0.5456 -0.3634 -0.7551
vn -0.1630 -0.4393 -0.8834
vn -0.1630 -0.2511 -0.9541
vn -0.1630 -0.2511 -0.9541
vn -0.5456 -0.2237 -0.8076
vn -0.5456 -0.3634 -0.7551
vn -0.5456 -0.3634 -0.7551
vn -0.5456 -0.2237 -0.8076
vn -0.8704 -0.1319 -0.4744
vn -0.8704 -0.1319 -0.4744
vn -0.8704 -0.2131 -0.4439
vn -0.5456 -0.3634 -0.7551
vn 0.5278 -0.0742 -0.8462
vn 0.2037 -0.0991 -0.9740
vn 0.1630 -0.2511 -0.9541
vn 0.1630 -0.2511 -0.9541
vn 0.5456 -0.2237 -0.8076
vn 0.5278 -0.0742 -0.8462
vn 0.5456 -0.2237 -0.8076
vn 0.1630 -0.2511 -0.9541
vn 0.1630 -0.4393 -0.8834
vn 0.1630 -0.4393 -0.8834
vn 0.5456 -0.3634 -0.7551
vn 0.5456 -0.2237 -0.8076
vn 0.1630 -0.4393 -0.8834
vn 0.2038 -0.5667 -0.7983
vn 0.5278 -0.5012 -0.6857
vn 0.5278 -0.5012 -0.6857
vn 0.5456 -0.3634 -0.7551
vn 0.1630 -0.4393 -0.8834
vn 0.5456 -0.3634 -0.7551
vn 0.5278 -0.5012 -0.6857
vn 0.8692 -0.2897 -0.4008
vn 0.8692 -0.2897 -0.4008
vn 0.8704 -0.2131 -0.4439
vn 0.5456 -0.3634 -0.7551
vn 0.8704 -0.2131 -0.4439
vn 0.8692 -0.2897 -0.4008
vn 0.9802 -0.1173 -0.1594
vn 0.9802 -0.1173 -0.1594
vn 0.9909 -0.0597 -0.1207
vn 0.8704 -0.2131 -0.4439
vn 0.8704 -0.2131 -0.4439
vn 0.9909 -0.0597 -0.1207
vn 0.9909 -0.0346 -0.1302
vn 0.9909 -0.0346 -0.1302
vn 0.8704 -0.1319 -0.4744
vn 0.8704 -0.2131 -0.4439
vn 0.8704 -0.1319 -0.4744
vn 0.9909 -0.0346 -0.1302
vn 0.9802 -0.0166 -0.1972
vn 0.9802 -0.0166 -0.1972
vn 0.8692 -0.0458 -0.4923
vn 0.8704 -0.1319 -0.4744
vn 0.5456 -0.2237 -0.8076
vn 0.8704 -0.1319 -0.4744
vn 0.8692 -0.0458 -0.4923
vn 0.8692 -0.0458 -0.4923
vn 0.5278 -0.0742 -0.8462
vn 0.5456 -0.2237 -0.8076
vn 0.8704 -0.1319 -0.4744
vn 0.5456 -0.2237 -0.8076
vn 0.5456 -0.3634 -0.7551
vn 0.5456 -0.3634 -0.7551
vn 0.8704 -0.2131 -0.4439
vn 0.8704 -0.1319 -0.4744
vn 0.0706 0.8478 0.5256
vn 0.1329 0.9676 0.2145
vn -0.0000 0.9808 0.1948
vn -0.0000 0.9808 0.1948
vn 0.0369 0.8669 0.4971
vn 0.0706 0.8478 0.5256
vn 0.0391 0.5094 0.8596
vn 0.0706 0.8478 0.5256
vn 0.0369 0.8669 0.4971
vn 0.0369 0.8669 0.4971
vn 0.1096 0.5307 0.8404
vn 0.0391 0.5094 0.8596
vn 0.0143 0.1841 0.9828
vn 0.0391 0.5094 0.8596
vn 0.1096 0.5307 0.8404
vn 0.1096 0.5307 0.8404
vn 0.1942 0.1942 0.9616
vn 0.0143 0.1841 0.9828
vn 0.0078 0.9929 0.1189
vn -0.0000 0.9808 0.1948
vn -0.0000 0.9808 -0.1948
vn -0.0000 0.9808 -0.1948
vn 0.0078 0.9929 -0.1189
vn 0.0078 0.9929 0.1189
vn 0.0275 0.9982 0.0525
vn 0.0078 0.9929 0.1189
vn 0.0078 0.9929 -0.1189
vn 0.0078 0.9929 -0.1189
vn 0.0275 0.9982 -0.0525
vn 0.0275 0.9982 0.0525
vn 0.0000 1.0000 -0.0000
vn 0.0275 0.9982 0.0525
vn 0.0275 0.9982 -0.0525
vn 0.0275 0.9982 -0.0525
vn 0.0000 1.0000 -0.0000
vn 0.0000 1.0000 -0.0000
vn 0.0706 0.8478 -0.5256
vn 0.0369 0.8669 -0.4971
vn -0.0000 0.9808 -0.1948
vn -0.0000 0.9808 -0.1948
vn 0.1329 0.9676 -0.2145
vn 0.0706 0.8478 -0.5256
vn 0.0391 0.5094 -0.8596
vn 0.1096 0.5307 -0.8404
vn 0.0369 0.8669 -0.4971
vn 0.0369 0.8669 -0.4971
vn 0.0706 0.8478 -0.5256
vn 0.0391 0.5094 -0.8596
vn 0.0143 0.1841 -0.9828
vn 0.1942 0.1942 -0.9616
vn 0.1096 0.5307 -0.8404
vn 0.1096 0.5307 -0.8404
vn 0.0391 0.5094 -0.8596
vn 0.0143 0.1841 -0.9828
vn 0.2987 0.9385 -0.1730
vn 0.1329 0.9676 -0.2145
vn 0.1329 0.9676 0.2145
vn 0.1329 0.9676 0.2145
vn 0.2987 0.9385 0.1730
vn 0.2987 0.9385 -0.1730
vn 0.5096 0.8429 -0.1730
vn 0.2987 0.9385 -0.1730
vn 0.2987 0.9385 0.1730
vn 0.2987 0.9385 0.1730
vn 0.5096 0.8429 0.1730
vn 0.5096 0.8429 -0.1730
vn 0.6407 0.7372 -0.2145
vn 0.5096 0.8429 -0.1730
vn 0.5096 0.8429 0.1730
vn 0.5096 0.8429 0.1730
vn 0.6407 0.7372 0.2145
vn 0.6407 0.7372 -0.2145
vn 0.0369 -0.8669 0.4971
vn 0.0000 -0.9892 0.1463
vn -0.0864 -0.9840 0.1557
vn -0.0864 -0.9840 0.1557
vn -0.0869 -0.8421 0.5322
vn 0.0369 -0.8669 0.4971
vn 0.1096 -0.5307 0.8404
vn 0.0369 -0.8669 0.4971
vn -0.0869 -0.8421 0.5322
vn -0.0869 -0.8421 0.5322
vn -0.0537 -0.4872 0.8716
vn 0.1096 -0.5307 0.8404
vn 0.1942 -0.1942 0.9616
vn 0.1096 -0.5307 0.8404
vn -0.0537 -0.4872 0.8716
vn -0.0537 -0.4872 0.8716
vn -0.0198 -0.1970 0.9802
vn 0.1942 -0.1942 0.9616
vn -0.2948 -0.9407 0.1677
vn -0.0864 -0.9840 0.1557
vn -0.0864 -0.9840 -0.1557
vn -0.0864 -0.9840 -0.1557
vn -0.2948 -0.9407 -0.1677
vn -0.2948 -0.9407 0.1677
vn -0.5139 -0.8413 0.1677
vn -0.2948 -0.9407 0.1677
vn -0.2948 -0.9407 -0.1677
vn -0.2948 -0.9407 -0.1677
vn -0.5139 -0.8413 -0.1677
vn -0.5139 -0.8413 0.1677
vn -0.6837 -0.7130 0.1557
vn -0.5139 -0.8413 0.1677
vn -0.5139 -0.8413 -0.1677
vn -0.5139 -0.8413 -0.1677
vn -0.6837 -0.7130 -0.1557
vn -0.6837 -0.7130 0.1557
vn 0.0369 -0.8669 -0.4971
vn -0.0869 -0.8421 -0.5322
vn -0.0864 -0.9840 -0.1557
vn -0.0864 -0.9840 -0.1557
vn 0.0000 -0.9892 -0.1463
vn 0.0369 -0.8669 -0.4971
vn 0.1096 -0.5307 -0.8404
vn -0.0537 -0.4872 -0.8716
vn -0.0869 -0.8421 -0.5322
vn -0.0869 -0.8421 -0.5322
vn 0.0369 -0.8669 -0.4971
vn 0.1096 -0.5307 -0.8404
vn 0.1942 -0.1942 -0.9616
vn -0.0198 -0.1970 -0.9802
vn -0.0537 -0.4872 -0.8716
vn -0.0537 -0.4872 -0.8716
vn 0.1096 -0.5307 -0.8404
vn 0.1942 -0.1942 -0.9616
vn 0.0078 -0.9929 -0.1189
vn 0.0000 -0.9892 -0.1463
vn 0.0000 -0.9892 0.1463
vn 0.0000 -0.9892 0.1463
vn 0.0078 -0.9929 0.1189
vn 0.0078 -0.9929 -0.1189
vn 0.0149 -0.9978 -0.0651
vn 0.0078 -0.9929 -0.1189
vn 0.0078 -0.9929 0.1189
vn 0.0078 -0.9929 0.1189
vn 0.0149 -0.9978 0.0651
vn 0.0149 -0.9978 -0.0651
vn 0.0127 -0.9998 -0.0127
vn 0.0149 -0.9978 -0.0651
vn 0.0149 -0.9978 0.0651
vn 0.0149 -0.9978 0.0651
vn 0.0127 -0.9998 0.0127
vn 0.0127 -0.9998 -0.0127
vn 0.5011 -0.1644 0.8496
vn 0.1942 -0.1942 0.9616
vn 0.1942 0.1942 0.9616
vn 0.1942 0.1942 0.9616
vn 0.5011 0.1644 0.8496
vn 0.5011 -0.1644 0.8496
vn 0.8496 0.1644 0.5011
vn 0.8496 -0.1644 0.5011
vn 0.6977 -0.1626 0.6977
vn 0.6977 -0.1626 0.6977
vn 0.6977 0.1626 0.6977
vn 0.8496 0.1644 0.5011
vn 0.9783 -0.1467 0.1467
vn 0.8496 -0.1644 0.5011
vn 0.8496 0.1644 0.5011
vn 0.8496 0.1644 0.5011
vn 0.9783 0.1467 0.1467
vn 0.9783 -0.1467 0.1467
vn -0.0396 -0.1249 0.9914
vn 0.0432 0.1413 0.9890
vn 0.0143 0.1841 0.9828
vn 0.0143 0.1841 0.9828
vn -0.0198 -0.1970 0.9802
vn -0.0396 -0.1249 0.9914
vn 0.0779 0.1255 0.9890
vn 0.0432 0.1413 0.9890
vn -0.0396 -0.1249 0.9914
vn -0.0396 -0.1249 0.9914
vn -0.0680 -0.1120 0.9914
vn 0.0779 0.1255 0.9890
vn 0.1291 0.1320 0.9828
vn 0.0779 0.1255 0.9890
vn -0.0680 -0.1120 0.9914
vn -0.0680 -0.1120 0.9914
vn -0.1352 -0.1447 0.9802
vn 0.1291 0.1320 0.9828
vn -0.0396 -0.1249 -0.9914
vn -0.0198 -0.1970 -0.9802
vn 0.0143 0.1841 -0.9828
vn 0.0143 0.1841 -0.9828
vn 0.0432 0.1413 -0.9890
vn -0.0396 -0.1249 -0.9914
vn -0.0680 -0.1120 -0.9914
vn -0.0396 -0.1249 -0.9914
vn 0.0432 0.1413 -0.9890
vn 0.0432 0.1413 -0.9890
vn 0.0779 0.1255 -0.9890
vn -0.0680 -0.1120 -0.9914
vn 0.1291 0.1320 -0.9828
vn -0.1352 -0.1447 -0.9802
vn -0.0680 -0.1120 -0.9914
vn -0.0680 -0.1120 -0.9914
vn 0.0779 0.1255 -0.9890
vn 0.1291 0.1320 -0.9828
vn 0.5011 0.1644 -0.8496
vn 0.1942 0.1942 -0.9616
vn 0.1942 -0.1942 -0.9616
vn 0.1942 -0.1942 -0.9616
vn 0.5011 -0.1644 -0.8496
vn 0.5011 0.1644 -0.8496
vn 0.8496 -0.1644 -0.5011
vn 0.8496 0.1644 -0.5011
vn 0.6977 0.1626 -0.6977
vn 0.6977 0.1626 -0.6977
vn 0.6977 -0.1626 -0.6977
vn 0.8496 -0.1644 -0.5011
vn 0.9616 0.1942 -0.1942
vn 0.8496 0.1644 -0.5011
vn 0.8496 -0.1644 -0.5011
vn 0.8496 -0.1644 -0.5011
vn 0.9616 -0.1942 -0.1942
vn 0.9616 0.1942 -0.1942
vn 0.8846 0.4363 -0.1649
vn 0.8054 0.5549 -0.2083
vn 0.8054 0.5549 0.2083
vn 0.8054 0.5549 0.2083
vn 0.8846 0.4363 0.1649
vn 0.8846 0.4363 -0.1649
vn 0.9530 0.2542 -0.1649
vn 0.8846 0.4363 -0.1649
vn 0.8846 0.4363 0.1649
vn 0.8846 0.4363 0.1649
vn 0.9530 0.2542 0.1649
vn 0.9530 0.2542 -0.1649
vn 0.9715 0.1128 -0.2083
vn 0.9530 0.2542 -0.1649
vn 0.9530 0.2542 0.1649
vn 0.9530 0.2542 0.1649
vn 0.9715 0.1129 0.2082
vn 0.9715 0.1128 -0.2083
vn -0.8834 -0.4393 0.1630
vn -0.7908 -0.5926 0.1535
vn -0.7907 -0.5926 -0.1535
vn -0.7907 -0.5926 -0.1535
vn -0.8834 -0.4393 -0.1630
vn -0.8834 -0.4393 0.1630
vn -0.9541 -0.2511 0.1630
vn -0.8834 -0.4393 0.1630
vn -0.8834 -0.4393 -0.1630
vn -0.8834 -0.4393 -0.1630
vn -0.9541 -0.2511 -0.1630
vn -0.9541 -0.2511 0.1630
vn -0.9740 -0.0992 0.2038
vn -0.9541 -0.2511 0.1630
vn -0.9541 -0.2511 -0.1630
vn -0.9541 -0.2511 -0.1630
vn -0.9740 -0.0991 -0.2037
vn -0.9740 -0.0992 0.2038
vn -0.1207 -0.0597 0.9909
vn 0.1336 0.0670 0.9888
vn 0.1488 0.1130 0.9824
vn 0.1488 0.1130 0.9824
vn -0.1594 -0.1173 0.9802
vn -0.1207 -0.0597 0.9909
vn 0.1447 0.0376 0.9888
vn 0.1336 0.0670 0.9888
vn -0.1207 -0.0597 0.9909
vn -0.1207 -0.0597 0.9909
vn -0.1302 -0.0346 0.9909
vn 0.1447 0.0376 0.9888
vn 0.1864 0.0129 0.9824
vn 0.1447 0.0376 0.9888
vn -0.1302 -0.0346 0.9909
vn -0.1302 -0.0346 0.9909
vn -0.1971 -0.0165 0.9802
vn 0.1864 0.0129 0.9824
vn -0.1207 -0.0597 -0.9909
vn -0.1594 -0.1173 -0.9802
vn 0.1488 0.1130 -0.9824
vn 0.1488 0.1130 -0.9824
vn 0.1336 0.0670 -0.9888
vn -0.1207 -0.0597 -0.9909
vn -0.1302 -0.0346 -0.9909
vn -0.1207 -0.0597 -0.9909
vn 0.1336 0.0670 -0.9888
vn 0.1336 0.0670 -0.9888
vn 0.1447 0.0376 -0.9888
vn -0.1302 -0.0346 -0.9909
vn 0.1863 0.0131 -0.9824
vn -0.1972 -0.0166 -0.9802
vn -0.1302 -0.0346 -0.9909
vn -0.1302 -0.0346 -0.9909
vn 0.1447 0.0376 -0.9888
vn 0.1863 0.0131 -0.9824
vn -0.0706 0.8478 0.5256
vn -0.0369 0.8669 0.4971
vn 0.0000 0.9808 0.1948
vn 0.0000 0.9808 0.1948
vn -0.1329 0.9676 0.2145
vn -0.0706 0.8478 0.5256
vn -0.0391 0.5094 0.8596
vn -0.1096 0.5307 0.8404
vn -0.0369 0.8669 0.4971
vn -0.0369 0.8669 0.4971
vn -0.0706 0.8478 0.5256
vn -0.0391 0.5094 0.8596
vn -0.0143 0.1841 0.9828
vn -0.1942 0.1942 0.9616
vn -0.1096 0.5307 0.8404
vn -0.1096 0.5307 0.8404
vn -0.0391 0.5094 0.8596
vn -0.0143 0.1841 0.9828
vn -0.2987 0.9385 0.1730
vn -0.1329 0.9676 0.2145
vn -0.1329 0.9676 -0.2145
vn -0.1329 0.9676 -0.2145
vn -0.2987 0.9385 -0.1730
vn -0.2987 0.9385 0.1730
vn -0.5096 0.8429 0.1730
vn -0.2987 0.9385 0.1730
vn -0.2987 0.9385 -0.1730
vn -0.2987 0.9385 -0.1730
vn -0.5096 0.8429 -0.1730
vn -0.5096 0.8429 0.1730
vn -0.6407 0.7372 0.2145
vn -0.5096 0.8429 0.1730
vn -0.5096 0.8429 -0.1730
vn -0.5096 0.8429 -0.1730
vn -0.6407 0.7372 -0.2145
vn -0.6407 0.7372 0.2145
vn -0.0706 0.8478 -0.5256
vn -0.1329 0.9676 -0.2145
vn 0.0000 0.9808 -0.1948
vn 0.0000 0.9808 -0.1948
vn -0.0369 0.8669 -0.4971
vn -0.0706 0.8478 -0.5256
vn -0.0391 0.5094 -0.8596
vn -0.0706 0.8478 -0.5256
vn -0.0369 0.8669 -0.4971
vn -0.0369 0.8669 -0.4971
vn -0.1095 0.5307 -0.8404
vn -0.0391 0.5094 -0.8596
vn -0.0143 0.1841 -0.9828
vn -0.0391 0.5094 -0.8596
vn -0.1095 0.5307 -0.8404
vn -0.1095 0.5307 -0.8404
vn -0.1942 0.1942 -0.9616
vn -0.0143 0.1841 -0.9828
vn -0.0078 0.9929 -0.1189
vn 0.0000 0.9808 -0.1948
vn 0.0000 0.9808 0.1948
vn 0.0000 0.9808 0.1948
vn -0.0078 0.9929 0.1189
vn -0.0078 0.9929 -0.1189
vn -0.0275 0.9982 -0.0525
vn -0.0078 0.9929 -0.1189
vn -0.0078 0.9929 0.1189
vn -0.0078 0.9929 0.1189
vn -0.0275 0.9982 0.0525
vn -0.0275 0.9982 -0.0525
vn 0.0000 1.0000 -0.0000
vn -0.0275 0.9982 -0.0525
vn -0.0275 0.9982 0.0525
vn -0.0275 0.9982 0.0525
vn 0.0000 1.0000 -0.0000
vn 0.0000 1.0000 -0.0000
vn -0.0369 -0.8669 0.4971
vn 0.0869 -0.8421 0.5322
vn 0.0864 -0.9840 0.1557
vn 0.0864 -0.9840 0.1557
vn 0.0000 -0.9892 0.1463
vn -0.0369 -0.8669 0.4971
vn -0.1096 -0.5307 0.8404
vn 0.0537 -0.4872 0.8716
vn 0.0869 -0.8421 0.5322
vn 0.0869 -0.8421 0.5322
vn -0.0369 -0.8669 0.4971
vn -0.1096 -0.5307 0.8404
vn -0.1942 -0.1942 0.9616
vn 0.0198 -0.1970 0.9802
vn 0.0537 -0.4872 0.8716
vn 0.0537 -0.4872 0.8716
vn -0.1096 -0.5307 0.8404
vn -0.1942 -0.1942 0.9616
vn -0.0078 -0.9929 0.1189
vn 0.0000 -0.9892 0.1463
vn 0.0000 -0.9892 -0.1463
vn 0.0000 -0.9892 -0.1463
vn -0.0078 -0.9929 -0.1189
vn -0.0078 -0.9929 0.1189
vn -0.0149 -0.9978 0.0651
vn -0.0078 -0.9929 0.1189
vn -0.0078 -0.9929 -0.1189
vn -0.0078 -0.9929 -0.1189
vn -0.0149 -0.9978 -0.0651
vn -0.0149 -0.9978 0.0651
vn -0.0127 -0.9998 0.0127
vn -0.0149 -0.9978 0.0651
vn -0.0149 -0.9978 -0.0651
vn -0.0149 -0.9978 -0.0651
vn -0.0127 -0.9998 -0.0127
vn -0.0127 -0.9998 0.0127
vn -0.0369 -0.8669 -0.4971
vn 0.0000 -0.9892 -0.1463
vn 0.0864 -0.9840 -0.1557
vn 0.0864 -0.9840 -0.1557
vn 0.0869 -0.8421 -0.5322
vn -0.0369 -0.8669 -0.4971
vn -0.1096 -0.5307 -0.8404
vn -0.0369 -0.8669 -0.4971
vn 0.0869 -0.8421 -0.5322
vn 0.0869 -0.8421 -0.5322
vn 0.0537 -0.4872 -0.8716
vn -0.1096 -0.5307 -0.8404
vn -0.1942 -0.1942 -0.9616
vn -0.1096 -0.5307 -0.8404
vn 0.0537 -0.4872 -0.8716
vn 0.0537 -0.4872 -0.8716
vn 0.0198 -0.1970 -0.9802
vn -0.1942 -0.1942 -0.9616
vn 0.2948 -0.9407 -0.1677
vn 0.0864 -0.9840 -0.1557
vn 0.0864 -0.9840 0.1557
vn 0.0864 -0.9840 0.1557
vn 0.2948 -0.9407 0.1677
vn 0.2948 -0.9407 -0.1677
vn 0.5139 -0.8413 -0.1677
vn 0.2948 -0.9407 -0.1677
vn 0.2948 -0.9407 0.1677
vn 0.2948 -0.9407 0.1677
vn 0.5139 -0.8413 0.1677
vn 0.5139 -0.8413 -0.1677
vn 0.6558 -0.7261 -0.2066
vn 0.5139 -0.8413 -0.1677
vn 0.5139 -0.8413 0.1677
vn 0.5139 -0.8413 0.1677
vn 0.6558 -0.7261 0.2066
vn 0.6558 -0.7261 -0.2066
vn 0.0396 -0.1249 0.9914
vn 0.0198 -0.1970 0.9802
vn -0.0143 0.1841 0.9828
vn -0.0143 0.1841 0.9828
vn -0.0432 0.1413 0.9890
vn 0.0396 -0.1249 0.9914
vn 0.0680 -0.1120 0.9914
vn 0.0396 -0.1249 0.9914
vn -0.0432 0.1413 0.9890
vn -0.0432 0.1413 0.9890
vn -0.0779 0.1255 0.9890
vn 0.0680 -0.1120 0.9914
vn -0.1291 0.1320 0.9828
vn 0.1352 -0.1447 0.9802
vn 0.0680 -0.1120 0.9914
vn 0.0680 -0.1120 0.9914
vn -0.0779 0.1255 0.9890
vn -0.1291 0.1320 0.9828
vn -0.5011 0.1644 0.8496
vn -0.1942 0.1942 0.9616
vn -0.1942 -0.1942 0.9616
vn -0.1942 -0.1942 0.9616
vn -0.5011 -0.1644 0.8496
vn -0.5011 0.1644 0.8496
vn -0.8496 -0.1644 0.5011
vn -0.8496 0.1644 0.5011
vn -0.6977 0.1626 0.6977
vn -0.6977 0.1626 0.6977
vn -0.6977 -0.1626 0.6977
vn -0.8496 -0.1644 0.5011
vn -0.9616 0.1942 0.1942
vn -0.8496 0.1644 0.5011
vn -0.8496 -0.1644 0.5011
vn -0.8496 -0.1644 0.5011
vn -0.9616 -0.1942 0.1942
vn -0.9616 0.1942 0.1942
vn -0.5011 -0.1644 -0.8496
vn -0.1942 -0.1942 -0.9616
vn -0.1942 0.1942 -0.9616
vn -0.1942 0.1942 -0.9616
vn -0.5011 0.1644 -0.8496
vn -0.5011 -0.1644 -0.8496
vn -0.8496 0.1644 -0.5011
vn -0.8496 -0.1644 -0.5011
vn -0.6977 -0.1626 -0.6977
vn -0.6977 -0.1626 -0.6977
vn -0.6977 0.1626 -0.6977
vn -0.8496 0.1644 -0.5011
vn -0.9616 -0.1942 -0.1942
vn -0.8496 -0.1644 -0.5011
vn -0.8496 0.1644 -0.5011
vn -0.8496 0.1644 -0.5011
vn -0.9616 0.1942 -0.1942
vn -0.9616 -0.1942 -0.1942
vn 0.0396 -0.1249 -0.9914
vn -0.0432 0.1413 -0.9890
vn -0.0143 0.1841 -0.9828
vn -0.0143 0.1841 -0.9828
vn 0.0198 -0.1970 -0.9802
vn 0.0396 -0.1249 -0.9914
vn -0.0779 0.1255 -0.9890
vn -0.0432 0.1413 -0.9890
vn 0.0396 -0.1249 -0.9914
vn 0.0396 -0.1249 -0.9914
vn 0.0680 -0.1120 -0.9914
vn -0.0779 0.1255 -0.9890
vn -0.1291 0.1320 -0.9828
vn -0.0779 0.1255 -0.9890
vn 0.0680 -0.1120 -0.9914
vn 0.0680 -0.1120 -0.9914
vn 0.1352 -0.1447 -0.9802
vn -0.1291 0.1320 -0.9828
vn -0.8846 0.4363 0.1649
vn -0.8054 0.5549 0.2083
vn -0.8054 0.5549 -0.2083
vn -0.8054 0.5549 -0.2083
vn -0.8846 0.4363 -0.1649
vn -0.8846 0.4363 0.1649
vn -0.9530 0.2542 0.1649
vn -0.8846 0.4363 0.1649
vn -0.8846 0.4363 -0.1649
vn -0.8846 0.4363 -0.1649
vn -0.9530 0.2542 -0.1649
vn -0.9530 0.2542 0.1649
vn -0.9715 0.1128 0.2083
vn -0.9530 0.2542 0.1649
vn -0.9530 0.2542 -0.1649
vn -0.9530 0.2542 -0.1649
vn -0.9715 0.1129 -0.2082
vn -0.9715 0.1128 0.2083
vn 0.8834 -0.4393 -0.1630
vn 0.7983 -0.5667 -0.2038
vn 0.7983 -0.5667 0.2038
vn 0.7983 -0.5667 0.2038
vn 0.8834 -0.4393 0.1630
vn 0.8834 -0.4393 -0.1630
vn 0.9541 -0.2511 -0.1630
vn 0.8834 -0.4393 -0.1630
vn 0.8834 -0.4393 0.1630
vn 0.8834 -0.4393 0.1630
vn 0.9541 -0.2511 0.1630
vn 0.9541 -0.2511 -0.1630
vn 0.9740 -0.0992 -0.2038
vn 0.9541 -0.2511 -0.1630
vn 0.9541 -0.2511 0.1630
vn 0.9541 -0.2511 0.1630
vn 0.9740 -0.0991 0.2037
vn 0.9740 -0.0992 -0.2038
vn 0.1207 -0.0597 0.9909
vn 0.1594 -0.1173 0.9802
vn -0.1488 0.1130 0.9824
vn -0.1488 0.1130 0.9824
vn -0.1336 0.0670 0.9888
vn 0.1207 -0.0597 0.9909
vn 0.1302 -0.0346 0.9909
vn 0.1207 -0.0597 0.9909
vn -0.1336 0.0670 0.9888
vn -0.1336 0.0670 0.9888
vn -0.1447 0.0376 0.9888
vn 0.1302 -0.0346 0.9909
vn -0.1863 0.0131 0.9824
vn 0.1972 -0.0166 0.9802
vn 0.1302 -0.0346 0.9909
vn 0.1302 -0.0346 0.9909
vn -0.1447 0.0376 0.9888
vn -0.1863 0.0131 0.9824
vn 0.1207 -0.0597 -0.9909
vn -0.1336 0.0670 -0.9888
vn -0.1488 0.1130 -0.9824
vn -0.1488 0.1130 -0.9824
vn 0.1594 -0.1173 -0.9802
vn 0.1207 -0.0597 -0.9909
vn -0.1447 0.0376 -0.9888
vn -0.1336 0.0670 -0.9888
vn 0.1207 -0.0597 -0.9909
vn 0.1207 -0.0597 -0.9909
vn 0.1302 -0.0346 -0.9909
vn -0.1447 0.0376 -0.9888
vn -0.1864 0.0129 -0.9824
vn -0.1447 0.0376 -0.9888
vn 0.1302 -0.0346 -0.9909
vn 0.1302 -0.0346 -0.9909
vn 0.1971 -0.0165 -0.9802
vn -0.1864 0.0129 -0.9824
vn -0.1730 0.9385 -0.2987
vn -0.2145 0.9676 -0.1329
vn 0.2145 0.9676 -0.1329
vn 0.2145 0.9676 -0.1329
vn 0.1730 0.9385 -0.2987
vn -0.1730 0.9385 -0.2987
vn -0.1730 0.8429 -0.5096
vn -0.1730 0.9385 -0.2987
vn 0.1730 0.9385 -0.2987
vn 0.1730 0.9385 -0.2987
vn 0.1730 0.8429 -0.5096
vn -0.1730 0.8429 -0.5096
vn -0.2145 0.7372 -0.6407
vn -0.1730 0.8429 -0.5096
vn 0.1730 0.8429 -0.5096
vn 0.1730 0.8429 -0.5096
vn 0.2145 0.7372 -0.6407
vn -0.2145 0.7372 -0.6407
vn 0.1677 -0.9407 0.2948
vn 0.1557 -0.9840 0.0864
vn -0.1557 -0.9840 0.0864
vn -0.1557 -0.9840 0.0864
vn -0.1677 -0.9407 0.2948
vn 0.1677 -0.9407 0.2948
vn 0.1677 -0.8413 0.5139
vn 0.1677 -0.9407 0.2948
vn -0.1677 -0.9407 0.2948
vn -0.1677 -0.9407 0.2948
vn -0.1677 -0.8413 0.5139
vn 0.1677 -0.8413 0.5139
vn 0.2066 -0.7261 0.6558
vn 0.1677 -0.8413 0.5139
vn -0.1677 -0.8413 0.5139
vn -0.1677 -0.8413 0.5139
vn -0.2066 -0.7261 0.6558
vn 0.2066 -0.7261 0.6558
vn -0.9914 -0.1120 0.0680
vn -0.9890 0.1255 -0.0779
vn -0.9828 0.1320 -0.1291
vn -0.9828 0.1320 -0.1291
vn -0.9802 -0.1447 0.1352
vn -0.9914 -0.1120 0.0680
vn -0.9890 0.1413 -0.0432
vn -0.9890 0.1255 -0.0779
vn -0.9914 -0.1120 0.0680
vn -0.9914 -0.1120 0.0680
vn -0.9914 -0.1249 0.0396
vn -0.9890 0.1413 -0.0432
vn -0.9828 0.1841 -0.0143
vn -0.9890 0.1413 -0.0432
vn -0.9914 -0.1249 0.0396
vn -0.9914 -0.1249 0.0396
vn -0.9802 -0.1970 0.0198
vn -0.9828 0.1841 -0.0143
vn 0.9914 -0.1120 0.0680
vn 0.9802 -0.1447 0.1352
vn 0.9828 0.1320 -0.1291
vn 0.9828 0.1320 -0.1291
vn 0.9890 0.1255 -0.0779
vn 0.9914 -0.1120 0.0680
vn 0.9914 -0.1249 0.0396
vn 0.9914 -0.1120 0.0680
vn 0.9890 0.1255 -0.0779
vn 0.9890 0.1255 -0.0779
vn 0.9890 0.1413 -0.0432
vn 0.9914 -0.1249 0.0396
vn 0.9828 0.1841 -0.0143
vn 0.9802 -0.1970 0.0198
vn 0.9914 -0.1249 0.0396
vn 0.9914 -0.1249 0.0396
vn 0.9890 0.1413 -0.0432
vn 0.9828 0.1841 -0.0143
vn -0.1649 0.4363 -0.8846
vn -0.2083 0.5549 -0.8054
vn 0.2083 0.5549 -0.8054
vn 0.2083 0.5549 -0.8054
vn 0.1649 0.4363 -0.8846
vn -0.1649 0.4363 -0.8846
vn -0.1649 0.2542 -0.9530
vn -0.1649 0.4363 -0.8846
vn 0.1649 0.4363 -0.8846
vn 0.1649 0.4363 -0.8846
vn 0.1649 0.2542 -0.9530
vn -0.1649 0.2542 -0.9530
vn -0.2083 0.1128 -0.9715
vn -0.1649 0.2542 -0.9530
vn 0.1649 0.2542 -0.9530
vn 0.1649 0.2542 -0.9530
vn 0.2082 0.1129 -0.9715
vn -0.2083 0.1128 -0.9715
vn 0.1630 -0.4393 0.8834
vn 0.2038 -0.5667 0.7983
vn -0.2038 -0.5667 0.7983
vn -0.2038 -0.5667 0.7983
vn -0.1630 -0.4393 0.8834
vn 0.1630 -0.4393 0.8834
vn 0.1630 -0.2511 0.9541
vn 0.1630 -0.4393 0.8834
vn -0.1630 -0.4393 0.8834
vn -0.1630 -0.4393 0.8834
vn -0.1630 -0.2511 0.9541
vn 0.1630 -0.2511 0.9541
vn 0.2038 -0.0992 0.9740
vn 0.1630 -0.2511 0.9541
vn -0.1630 -0.2511 0.9541
vn -0.1630 -0.2511 0.9541
vn -0.2037 -0.0991 0.9740
vn 0.2038 -0.0992 0.9740
vn -0.9909 -0.0346 0.1302
vn -0.9888 0.0376 -0.1447
vn -0.9824 0.0131 -0.1863
vn -0.9824 0.0131 -0.1863
vn -0.9802 -0.0166 0.1972
vn -0.9909 -0.0346 0.1302
vn -0.9888 0.0670 -0.1336
vn -0.9888 0.0376 -0.1447
vn -0.9909 -0.0346 0.1302
vn -0.9909 -0.0346 0.1302
vn -0.9909 -0.0597 0.1207
vn -0.9888 0.0670 -0.1336
vn -0.9824 0.1130 -0.1488
vn -0.9888 0.0670 -0.1336
vn -0.9909 -0.0597 0.1207
vn -0.9909 -0.0597 0.1207
vn -0.9802 -0.1173 0.1594
vn -0.9824 0.1130 -0.1488
vn 0.9909 -0.0346 0.1302
vn 0.9802 -0.0165 0.1971
vn 0.9824 0.0130 -0.1864
vn 0.9824 0.0130 -0.1864
vn 0.9888 0.0376 -0.1447
vn 0.9909 -0.0346 0.1302
vn 0.9909 -0.0597 0.1207
vn 0.9909 -0.0346 0.1302
vn 0.9888 0.0376 -0.1447
vn 0.9888 0.0376 -0.1447
vn 0.9888 0.0670 -0.1336
vn 0.9909 -0.0597 0.1207
vn 0.9824 0.1130 -0.1488
vn 0.9802 -0.1173 0.1594
vn 0.9909 -0.0597 0.1207
vn 0.9909 -0.0597 0.1207
vn 0.9888 0.0670 -0.1336
vn 0.9824 0.1130 -0.1488
vn 0.1730 0.9385 0.2987
vn 0.2145 0.9676 0.1329
vn -0.2145 0.9676 0.1329
vn -0.2145 0.9676 0.1329
vn -0.1730 0.9385 0.2987
vn 0.1730 0.9385 0.2987
vn 0.1730 0.8429 0.5096
vn 0.1730 0.9385 0.2987
vn -0.1730 0.9385 0.2987
vn -0.1730 0.9385 0.2987
vn -0.1730 0.8429 0.5096
vn 0.1730 0.8429 0.5096
vn 0.2145 0.7372 0.6407
vn 0.1730 0.8429 0.5096
vn -0.1730 0.8429 0.5096
vn -0.1730 0.8429 0.5096
vn -0.2145 0.7372 0.6407
vn 0.2145 0.7372 0.6407
vn -0.1677 -0.9407 -0.2948
vn -0.1557 -0.9840 -0.0864
vn 0.1557 -0.9840 -0.0864
vn 0.1557 -0.9840 -0.0864
vn 0.1677 -0.9407 -0.2948
vn -0.1677 -0.9407 -0.2948
vn -0.1677 -0.8413 -0.5139
vn -0.1677 -0.9407 -0.2948
vn 0.1677 -0.9407 -0.2948
vn 0.1677 -0.9407 -0.2948
vn 0.1677 -0.8413 -0.5139
vn -0.1677 -0.8413 -0.5139
vn -0.2066 -0.7261 -0.6558
vn -0.1677 -0.8413 -0.5139
vn 0.1677 -0.8413 -0.5139
vn 0.1677 -0.8413 -0.5139
vn 0.2066 -0.7261 -0.6558
vn -0.2066 -0.7261 -0.6558
vn -0.9914 -0.1120 -0.0680
vn -0.9802 -0.1447 -0.1352
vn -0.9828 0.1320 0.1291
vn -0.9828 0.1320 0.1291
vn -0.9890 0.1255 0.0779
vn -0.9914 -0.1120 -0.0680
vn -0.9914 -0.1249 -0.0396
vn -0.9914 -0.1120 -0.0680
vn -0.9890 0.1255 0.0779
vn -0.9890 0.1255 0.0779
vn -0.9890 0.1413 0.0432
vn -0.9914 -0.1249 -0.0396
vn -0.9828 0.1841 0.0143
vn -0.9802 -0.1970 -0.0198
vn -0.9914 -0.1249 -0.0396
vn -0.9914 -0.1249 -0.0396
vn -0.9890 0.1413 0.0432
vn -0.9828 0.1841 0.0143
vn 0.9914 -0.1120 -0.0680
vn 0.9890 0.1255 0.0779
vn 0.9828 0.1320 0.1291
vn 0.9828 0.1320 0.1291
vn 0.9802 -0.1447 -0.1352
vn 0.9914 -0.1120 -0.0680
vn 0.9890 0.1413 0.0432
vn 0.9890 0.1255 0.0779
vn 0.9914 -0.1120 -0.0680
vn 0.9914 -0.1120 -0.0680
vn 0.9914 -0.1249 -0.0396
vn 0.9890 0.1413 0.0432
vn 0.9885 0.1506 0.0117
vn 0.9890 0.1413 0.0432
vn 0.9914 -0.1249 -0.0396
vn 0.9914 -0.1249 -0.0396
vn 0.9908 -0.1347 -0.0136
vn 0.9885 0.1506 0.0117
vn 0.1649 0.4363 0.8846
vn 0.2083 0.5549 0.8054
vn -0.2083 0.5549 0.8054
vn -0.2083 0.5549 0.8054
vn -0.1649 0.4363 0.8846
vn 0.1649 0.4363 0.8846
vn 0.1649 0.2542 0.9530
vn 0.1649 0.4363 0.8846
vn -0.1649 0.4363 0.8846
vn -0.1649 0.4363 0.8846
vn -0.1649 0.2542 0.9530
vn 0.1649 0.2542 0.9530
vn 0.2083 0.1128 0.9715
vn 0.1649 0.2542 0.9530
vn -0.1649 0.2542 0.9530
vn -0.1649 0.2542 0.9530
vn -0.2082 0.1129 0.9715
vn 0.2083 0.1128 0.9715
vn -0.1630 -0.4393 -0.8834
vn -0.2038 -0.5667 -0.7983
vn 0.2038 -0.5667 -0.7983
vn 0.2038 -0.5667 -0.7983
vn 0.1630 -0.4393 -0.8834
vn -0.1630 -0.4393 -0.8834
vn -0.1630 -0.2511 -0.9541
vn -0.1630 -0.4393 -0.8834
vn 0.1630 -0.4393 -0.8834
vn 0.1630 -0.4393 -0.8834
vn 0.1630 -0.2511 -0.9541
vn -0.1630 -0.2511 -0.9541
vn -0.2038 -0.0993 -0.9740
vn -0.1630 -0.2511 -0.9541
vn 0.1630 -0.2511 -0.9541
vn 0.1630 -0.2511 -0.9541
vn 0.2037 -0.0991 -0.9740
vn -0.2038 -0.0993 -0.9740
vn -0.9909 -0.0346 -0.1302
vn -0.9802 -0.0165 -0.1971
vn -0.9824 0.0129 0.1864
vn -0.9824 0.0129 0.1864
vn -0.9888 0.0376 0.1447
vn -0.9909 -0.0346 -0.1302
vn -0.9909 -0.0597 -0.1207
vn -0.9909 -0.0346 -0.1302
vn -0.9888 0.0376 0.1447
vn -0.9888 0.0376 0.1447
vn -0.9888 0.0670 0.1336
vn -0.9909 -0.0597 -0.1207
vn -0.9824 0.1130 0.1488
vn -0.9802 -0.1173 -0.1594
vn -0.9909 -0.0597 -0.1207
vn -0.9909 -0.0597 -0.1207
vn -0.9888 0.0670 0.1336
vn -0.9824 0.1130 0.1488
vn 0.9909 -0.0346 -0.1302
vn 0.9888 0.0376 0.1447
vn 0.9824 0.0131 0.1863
vn 0.9824 0.0131 0.1863
vn 0.9802 -0.0166 -0.1972
vn 0.9909 -0.0346 -0.1302
vn 0.9888 0.0670 0.1336
vn 0.9888 0.0376 0.1447
vn 0.9909 -0.0346 -0.1302
vn 0.9909 -0.0346 -0.1302
vn 0.9909 -0.0597 -0.1207
vn 0.9888 0.0670 0.1336
vn 0.9824 0.1130 0.1488
vn 0.9888 0.0670 0.1336
vn 0.9909 -0.0597 -0.1207
vn 0.9909 -0.0597 -0.1207
vn 0.9802 -0.1173 -0.1594
vn 0.9824 0.1130 0.1488
vn 0.6816 0.5142 0.5205
vn 0.8054 0.5549 0.2083
vn 0.6407 0.7372 0.2145
vn 0.6407 0.7372 0.2145
vn 0.5915 0.6114 0.5256
vn 0.6816 0.5142 0.5205
vn 0.4079 0.3111 0.8584
vn 0.6816 0.5142 0.5205
vn 0.5915 0.6114 0.5256
vn 0.5915 0.6114 0.5256
vn 0.3577 0.3649 0.8596
vn 0.4079 0.3111 0.8584
vn 0.1488 0.1130 0.9824
vn 0.4079 0.3111 0.8584
vn 0.3577 0.3649 0.8596
vn 0.3577 0.3649 0.8596
vn 0.1291 0.1320 0.9828
vn 0.1488 0.1130 0.9824
vn 0.5915 0.6114 -0.5256
vn 0.6407 0.7372 -0.2145
vn 0.8054 0.5549 -0.2083
vn 0.8054 0.5549 -0.2083
vn 0.6816 0.5142 -0.5205
vn 0.5915 0.6114 -0.5256
vn 0.3577 0.3649 -0.8596
vn 0.5915 0.6114 -0.5256
vn 0.6816 0.5142 -0.5205
vn 0.6816 0.5142 -0.5205
vn 0.4079 0.3111 -0.8584
vn 0.3577 0.3649 -0.8596
vn 0.1291 0.1320 -0.9828
vn 0.3577 0.3649 -0.8596
vn 0.4079 0.3111 -0.8584
vn 0.4079 0.3111 -0.8584
vn 0.1488 0.1130 -0.9824
vn 0.1291 0.1320 -0.9828
vn -0.5766 -0.6199 0.5322
vn -0.6837 -0.7130 0.1557
vn -0.7908 -0.5926 0.1535
vn -0.7908 -0.5926 0.1535
vn -0.6857 -0.5012 0.5278
vn -0.5766 -0.6199 0.5322
vn -0.3314 -0.3612 0.8716
vn -0.5766 -0.6199 0.5322
vn -0.6857 -0.5012 0.5278
vn -0.6857 -0.5012 0.5278
vn -0.4008 -0.2897 0.8692
vn -0.3314 -0.3612 0.8716
vn -0.1352 -0.1447 0.9802
vn -0.3314 -0.3612 0.8716
vn -0.4008 -0.2897 0.8692
vn -0.4008 -0.2897 0.8692
vn -0.1594 -0.1173 0.9802
vn -0.1352 -0.1447 0.9802
vn -0.6857 -0.5012 -0.5278
vn -0.7907 -0.5926 -0.1535
vn -0.6837 -0.7130 -0.1557
vn -0.6837 -0.7130 -0.1557
vn -0.5766 -0.6199 -0.5322
vn -0.6857 -0.5012 -0.5278
vn -0.4008 -0.2897 -0.8692
vn -0.6857 -0.5012 -0.5278
vn -0.5766 -0.6199 -0.5322
vn -0.5766 -0.6199 -0.5322
vn -0.3314 -0.3612 -0.8716
vn -0.4008 -0.2897 -0.8692
vn -0.1594 -0.1173 -0.9802
vn -0.4008 -0.2897 -0.8692
vn -0.3314 -0.3612 -0.8716
vn -0.3314 -0.3612 -0.8716
vn -0.1352 -0.1447 -0.9802
vn -0.1594 -0.1173 -0.9802
vn 0.8660 -0.0001 0.5000
vn 0.9659 -0.0002 0.2589
vn 0.9715 0.1129 0.2082
vn 0.9715 0.1129 0.2082
vn 0.8516 0.0620 0.5205
vn 0.8660 -0.0001 0.5000
vn 0.5000 0.0001 0.8660
vn 0.8660 -0.0001 0.5000
vn 0.8516 0.0620 0.5205
vn 0.8516 0.0620 0.5205
vn 0.5117 0.0346 0.8585
vn 0.5000 0.0001 0.8660
vn 0.2589 0.0002 0.9659
vn 0.5000 0.0001 0.8660
vn 0.5117 0.0346 0.8585
vn 0.5117 0.0346 0.8585
vn 0.1864 0.0129 0.9824
vn 0.2589 0.0002 0.9659
vn 0.8516 0.0619 -0.5205
vn 0.9715 0.1128 -0.2083
vn 0.9659 0.0002 -0.2589
vn 0.9659 0.0002 -0.2589
vn 0.8660 0.0001 -0.5000
vn 0.8516 0.0619 -0.5205
vn 0.5117 0.0347 -0.8584
vn 0.8516 0.0619 -0.5205
vn 0.8660 0.0001 -0.5000
vn 0.8660 0.0001 -0.5000
vn 0.5000 -0.0001 -0.8660
vn 0.5117 0.0347 -0.8584
vn 0.1863 0.0131 -0.9824
vn 0.5117 0.0347 -0.8584
vn 0.5000 -0.0001 -0.8660
vn 0.5000 -0.0001 -0.8660
vn 0.2589 -0.0002 -0.9659
vn 0.1863 0.0131 -0.9824
vn -0.8462 -0.0742 0.5277
vn -0.9740 -0.0992 0.2038
vn -0.9659 0.0002 0.2589
vn -0.9659 0.0002 0.2589
vn -0.8660 0.0001 0.5000
vn -0.8462 -0.0742 0.5277
vn -0.4924 -0.0457 0.8692
vn -0.8462 -0.0742 0.5277
vn -0.8660 0.0001 0.5000
vn -0.8660 0.0001 0.5000
vn -0.5001 -0.0001 0.8660
vn -0.4924 -0.0457 0.8692
vn -0.1971 -0.0165 0.9802
vn -0.4924 -0.0457 0.8692
vn -0.5001 -0.0001 0.8660
vn -0.5001 -0.0001 0.8660
vn -0.2589 -0.0002 0.9659
vn -0.1971 -0.0165 0.9802
vn -0.8660 -0.0001 -0.5000
vn -0.9659 -0.0002 -0.2589
vn -0.9740 -0.0991 -0.2037
vn -0.9740 -0.0991 -0.2037
vn -0.8462 -0.0742 -0.5278
vn -0.8660 -0.0001 -0.5000
vn -0.5001 0.0001 -0.8660
vn -0.8660 -0.0001 -0.5000
vn -0.8462 -0.0742 -0.5278
vn -0.8462 -0.0742 -0.5278
vn -0.4923 -0.0458 -0.8692
vn -0.5001 0.0001 -0.8660
vn -0.2589 0.0002 -0.9659
vn -0.5001 0.0001 -0.8660
vn -0.4923 -0.0458 -0.8692
vn -0.4923 -0.0458 -0.8692
vn -0.1972 -0.0166 -0.9802
vn -0.2589 0.0002 -0.9659
vn -0.5915 0.6114 0.5256
vn -0.6407 0.7372 0.2145
vn -0.8054 0.5549 0.2083
vn -0.8054 0.5549 0.2083
vn -0.6816 0.5142 0.5205
vn -0.5915 0.6114 0.5256
vn -0.3577 0.3649 0.8596
vn -0.5915 0.6114 0.5256
vn -0.6816 0.5142 0.5205
vn -0.6816 0.5142 0.5205
vn -0.4079 0.3111 0.8584
vn -0.3577 0.3649 0.8596
vn -0.1291 0.1320 0.9828
vn -0.3577 0.3649 0.8596
vn -0.4079 0.3111 0.8584
vn -0.4079 0.3111 0.8584
vn -0.1488 0.1130 0.9824
vn -0.1291 0.1320 0.9828
vn -0.6816 0.5142 -0.5205
vn -0.8054 0.5549 -0.2083
vn -0.6407 0.7372 -0.2145
vn -0.6407 0.7372 -0.2145
vn -0.5915 0.6114 -0.5256
vn -0.6816 0.5142 -0.5205
vn -0.4079 0.3111 -0.8584
vn -0.6816 0.5142 -0.5205
vn -0.5915 0.6114 -0.5256
vn -0.5915 0.6114 -0.5256
vn -0.3577 0.3649 -0.8596
vn -0.4079 0.3111 -0.8584
vn -0.1488 0.1130 -0.9824
vn -0.4079 0.3111 -0.8584
vn -0.3577 0.3649 -0.8596
vn -0.3577 0.3649 -0.8596
vn -0.1291 0.1320 -0.9828
vn -0.1488 0.1130 -0.9824
vn 0.6857 -0.5012 0.5278
vn 0.7983 -0.5667 0.2038
vn 0.6558 -0.7261 0.2066
vn 0.6558 -0.7261 0.2066
vn 0.5766 -0.6199 0.5322
vn 0.6857 -0.5012 0.5278
vn 0.4008 -0.2897 0.8692
vn 0.6857 -0.5012 0.5278
vn 0.5766 -0.6199 0.5322
vn 0.5766 -0.6199 0.5322
vn 0.3314 -0.3612 0.8716
vn 0.4008 -0.2897 0.8692
vn 0.1594 -0.1173 0.9802
vn 0.4008 -0.2897 0.8692
vn 0.3314 -0.3612 0.8716
vn 0.3314 -0.3612 0.8716
vn 0.1352 -0.1447 0.9802
vn 0.1594 -0.1173 0.9802
vn 0.5766 -0.6199 -0.5322
vn 0.6558 -0.7261 -0.2066
vn 0.7983 -0.5667 -0.2038
vn 0.7983 -0.5667 -0.2038
vn 0.6857 -0.5012 -0.5278
vn 0.5766 -0.6199 -0.5322
vn 0.3314 -0.3612 -0.8716
vn 0.5766 -0.6199 -0.5322
vn 0.6857 -0.5012 -0.5278
vn 0.6857 -0.5012 -0.5278
vn 0.4008 -0.2897 -0.8692
vn 0.3314 -0.3612 -0.8716
vn 0.1352 -0.1447 -0.9802
vn 0.3314 -0.3612 -0.8716
vn 0.4008 -0.2897 -0.8692
vn 0.4008 -0.2897 -0.8692
vn 0.1594 -0.1173 -0.9802
vn 0.1352 -0.1447 -0.9802
vn -0.8516 0.0619 0.5205
vn -0.9715 0.1128 0.2083
vn -0.9659 0.0002 0.2589
vn -0.9659 0.0002 0.2589
vn -0.8660 0.0001 0.5000
vn -0.8516 0.0619 0.5205
vn -0.5117 0.0347 0.8584
vn -0.8516 0.0619 0.5205
vn -0.8660 0.0001 0.5000
vn -0.8660 0.0001 0.5000
vn -0.5000 -0.0001 0.8660
vn -0.5117 0.0347 0.8584
vn -0.1863 0.0131 0.9824
vn -0.5117 0.0347 0.8584
vn -0.5000 -0.0001 0.8660
vn -0.5000 -0.0001 0.8660
vn -0.2589 -0.0002 0.9659
vn -0.1863 0.0131 0.9824
vn -0.8660 -0.0001 -0.5000
vn -0.9659 -0.0002 -0.2589
vn -0.9715 0.1129 -0.2082
vn -0.9715 0.1129 -0.2082
vn -0.8516 0.0620 -0.5205
vn -0.8660 -0.0001 -0.5000
vn -0.5000 0.0001 -0.8660
vn -0.8660 -0.0001 -0.5000
vn -0.8516 0.0620 -0.5205
vn -0.8516 0.0620 -0.5205
vn -0.5117 0.0346 -0.8585
vn -0.5000 0.0001 -0.8660
vn -0.2589 0.0002 -0.9659
vn -0.5000 0.0001 -0.8660
vn -0.5117 0.0346 -0.8585
vn -0.5117 0.0346 -0.8585
vn -0.1864 0.0129 -0.9824
vn -0.2589 0.0002 -0.9659
vn 0.8660 -0.0001 0.5000
vn 0.9659 -0.0002 0.2589
vn 0.9740 -0.0991 0.2037
vn 0.9740 -0.0991 0.2037
vn 0.8462 -0.0742 0.5278
vn 0.8660 -0.0001 0.5000
vn 0.5001 0.0001 0.8660
vn 0.8660 -0.0001 0.5000
vn 0.8462 -0.0742 0.5278
vn 0.8462 -0.0742 0.5278
vn 0.4923 -0.0458 0.8692
vn 0.5001 0.0001 0.8660
vn 0.2589 0.0002 0.9659
vn 0.5001 0.0001 0.8660
vn 0.4923 -0.0458 0.8692
vn 0.4923 -0.0458 0.8692
vn 0.1972 -0.0166 0.9802
vn 0.2589 0.0002 0.9659
vn 0.8462 -0.0742 -0.5277
vn 0.9740 -0.0992 -0.2038
vn 0.9659 0.0002 -0.2589
vn 0.9659 0.0002 -0.2589
vn 0.8660 0.0001 -0.5000
vn 0.8462 -0.0742 -0.5277
vn 0.4924 -0.0457 -0.8692
vn 0.8462 -0.0742 -0.5277
vn 0.8660 0.0001 -0.5000
vn 0.8660 0.0001 -0.5000
vn 0.5001 -0.0001 -0.8660
vn 0.4924 -0.0457 -0.8692
vn 0.1971 -0.0165 -0.9802
vn 0.4924 -0.0457 -0.8692
vn 0.5001 -0.0001 -0.8660
vn 0.5001 -0.0001 -0.8660
vn 0.2589 -0.0002 -0.9659
vn 0.1971 -0.0165 -0.9802
vn 0.5256 0.8478 -0.0706
vn 0.2145 0.9676 -0.1329
vn 0.1948 0.9808 0.0000
vn 0.1948 0.9808 0.0000
vn 0.4971 0.8669 -0.0369
vn 0.5256 0.8478 -0.0706
vn 0.8596 0.5094 -0.0391
vn 0.5256 0.8478 -0.0706
vn 0.4971 0.8669 -0.0369
vn 0.4971 0.8669 -0.0369
vn 0.8404 0.5307 -0.1096
vn 0.8596 0.5094 -0.0391
vn 0.9828 0.1841 -0.0143
vn 0.8596 0.5094 -0.0391
vn 0.8404 0.5307 -0.1096
vn 0.8404 0.5307 -0.1096
vn 0.9616 0.1942 -0.1942
vn 0.9828 0.1841 -0.0143
vn 0.1189 0.9929 -0.0078
vn 0.1948 0.9808 0.0000
vn -0.1948 0.9808 0.0000
vn -0.1948 0.9808 0.0000
vn -0.1189 0.9929 -0.0078
vn 0.1189 0.9929 -0.0078
vn 0.0525 0.9982 -0.0275
vn 0.1189 0.9929 -0.0078
vn -0.1189 0.9929 -0.0078
vn -0.1189 0.9929 -0.0078
vn -0.0525 0.9982 -0.0275
vn 0.0525 0.9982 -0.0275
vn 0.0000 1.0000 -0.0000
vn 0.0525 0.9982 -0.0275
vn -0.0525 0.9982 -0.0275
vn -0.0525 0.9982 -0.0275
vn 0.0000 1.0000 -0.0000
vn 0.0000 1.0000 -0.0000
vn -0.5256 0.8478 -0.0706
vn -0.4971 0.8669 -0.0369
vn -0.1948 0.9808 0.0000
vn -0.1948 0.9808 0.0000
vn -0.2145 0.9676 -0.1329
vn -0.5256 0.8478 -0.0706
vn -0.8596 0.5094 -0.0391
vn -0.8404 0.5307 -0.1096
vn -0.4971 0.8669 -0.0369
vn -0.4971 0.8669 -0.0369
vn -0.5256 0.8478 -0.0706
vn -0.8596 0.5094 -0.0391
vn -0.9828 0.1841 -0.0143
vn -0.9616 0.1942 -0.1942
vn -0.8404 0.5307 -0.1096
vn -0.8404 0.5307 -0.1096
vn -0.8596 0.5094 -0.0391
vn -0.9828 0.1841 -0.0143
vn 0.4971 -0.8669 -0.0369
vn 0.1463 -0.9892 -0.0000
vn 0.1557 -0.9840 0.0864
vn 0.1557 -0.9840 0.0864
vn 0.5322 -0.8421 0.0869
vn 0.4971 -0.8669 -0.0369
vn 0.8404 -0.5307 -0.1096
vn 0.4971 -0.8669 -0.0369
vn 0.5322 -0.8421 0.0869
vn 0.5322 -0.8421 0.0869
vn 0.8716 -0.4873 0.0537
vn 0.8404 -0.5307 -0.1096
vn 0.9616 -0.1942 -0.1942
vn 0.8404 -0.5307 -0.1096
vn 0.8716 -0.4873 0.0537
vn 0.8716 -0.4873 0.0537
vn 0.9802 -0.1970 0.0198
vn 0.9616 -0.1942 -0.1942
vn -0.4971 -0.8669 -0.0369
vn -0.5322 -0.8421 0.0869
vn -0.1557 -0.9840 0.0864
vn -0.1557 -0.9840 0.0864
vn -0.1463 -0.9892 -0.0000
vn -0.4971 -0.8669 -0.0369
vn -0.8404 -0.5307 -0.1096
vn -0.8716 -0.4873 0.0537
vn -0.5322 -0.8421 0.0869
vn -0.5322 -0.8421 0.0869
vn -0.4971 -0.8669 -0.0369
vn -0.8404 -0.5307 -0.1096
vn -0.9616 -0.1942 -0.1942
vn -0.9802 -0.1970 0.0198
vn -0.8716 -0.4873 0.0537
vn -0.8716 -0.4873 0.0537
vn -0.8404 -0.5307 -0.1096
vn -0.9616 -0.1942 -0.1942
vn -0.1189 -0.9929 -0.0078
vn -0.1463 -0.9892 -0.0000
vn 0.1463 -0.9892 -0.0000
vn 0.1463 -0.9892 -0.0000
vn 0.1189 -0.9929 -0.0078
vn -0.1189 -0.9929 -0.0078
vn -0.0651 -0.9978 -0.0149
vn -0.1189 -0.9929 -0.0078
vn 0.1189 -0.9929 -0.0078
vn 0.1189 -0.9929 -0.0078
vn 0.0651 -0.9978 -0.0149
vn -0.0651 -0.9978 -0.0149
vn -0.0127 -0.9998 -0.0127
vn -0.0651 -0.9978 -0.0149
vn 0.0651 -0.9978 -0.0149
vn 0.0651 -0.9978 -0.0149
vn 0.0127 -0.9998 -0.0127
vn -0.0127 -0.9998 -0.0127
vn 0.5205 0.5142 -0.6816
vn 0.2083 0.5549 -0.8054
vn 0.2145 0.7372 -0.6407
vn 0.2145 0.7372 -0.6407
vn 0.5256 0.6114 -0.5915
vn 0.5205 0.5142 -0.6816
vn 0.8584 0.3111 -0.4079
vn 0.5205 0.5142 -0.6816
vn 0.5256 0.6114 -0.5915
vn 0.5256 0.6114 -0.5915
vn 0.8596 0.3649 -0.3577
vn 0.8584 0.3111 -0.4079
vn 0.9824 0.1130 -0.1488
vn 0.8584 0.3111 -0.4079
vn 0.8596 0.3649 -0.3577
vn 0.8596 0.3649 -0.3577
vn 0.9828 0.1320 -0.1291
vn 0.9824 0.1130 -0.1488
vn -0.5256 0.6114 -0.5915
vn -0.2145 0.7372 -0.6407
vn -0.2083 0.5549 -0.8054
vn -0.2083 0.5549 -0.8054
vn -0.5205 0.5142 -0.6816
vn -0.5256 0.6114 -0.5915
vn -0.8596 0.3649 -0.3577
vn -0.5256 0.6114 -0.5915
vn -0.5205 0.5142 -0.6816
vn -0.5205 0.5142 -0.6816
vn -0.8584 0.3111 -0.4079
vn -0.8596 0.3649 -0.3577
vn -0.9828 0.1320 -0.1291
vn -0.8596 0.3649 -0.3577
vn -0.8584 0.3111 -0.4079
vn -0.8584 0.3111 -0.4079
vn -0.9824 0.1130 -0.1488
vn -0.9828 0.1320 -0.1291
vn 0.5322 -0.6199 0.5766
vn 0.2066 -0.7261 0.6558
vn 0.2038 -0.5667 0.7983
vn 0.2038 -0.5667 0.7983
vn 0.5278 -0.5012 0.6857
vn 0.5322 -0.6199 0.5766
vn 0.8716 -0.3612 0.3314
vn 0.5322 -0.6199 0.5766
vn 0.5278 -0.5012 0.6857
vn 0.5278 -0.5012 0.6857
vn 0.8692 -0.2897 0.4008
vn 0.8716 -0.3612 0.3314
vn 0.9802 -0.1447 0.1352
vn 0.8716 -0.3612 0.3314
vn 0.8692 -0.2897 0.4008
vn 0.8692 -0.2897 0.4008
vn 0.9802 -0.1173 0.1594
vn 0.9802 -0.1447 0.1352
vn -0.5278 -0.5012 0.6857
vn -0.2038 -0.5667 0.7983
vn -0.2066 -0.7261 0.6558
vn -0.2066 -0.7261 0.6558
vn -0.5322 -0.6199 0.5766
vn -0.5278 -0.5012 0.6857
vn -0.8692 -0.2897 0.4008
vn -0.5278 -0.5012 0.6857
vn -0.5322 -0.6199 0.5766
vn -0.5322 -0.6199 0.5766
vn -0.8716 -0.3612 0.3314
vn -0.8692 -0.2897 0.4008
vn -0.9802 -0.1173 0.1594
vn -0.8692 -0.2897 0.4008
vn -0.8716 -0.3612 0.3314
vn -0.8716 -0.3612 0.3314
vn -0.9802 -0.1447 0.1352
vn -0.9802 -0.1173 0.1594
vn 0.5000 -0.0001 -0.8660
vn 0.2589 -0.0002 -0.9659
vn 0.2082 0.1129 -0.9715
vn 0.2082 0.1129 -0.9715
vn 0.5205 0.0620 -0.8516
vn 0.5000 -0.0001 -0.8660
vn 0.8660 0.0001 -0.5000
vn 0.5000 -0.0001 -0.8660
vn 0.5205 0.0620 -0.8516
vn 0.5205 0.0620 -0.8516
vn 0.8585 0.0346 -0.5117
vn 0.8660 0.0001 -0.5000
vn 0.9659 0.0002 -0.2589
vn 0.8660 0.0001 -0.5000
vn 0.8585 0.0346 -0.5117
vn 0.8585 0.0346 -0.5117
vn 0.9824 0.0130 -0.1864
vn 0.9659 0.0002 -0.2589
vn -0.5205 0.0619 -0.8516
vn -0.2083 0.1128 -0.9715
vn -0.2589 0.0002 -0.9659
vn -0.2589 0.0002 -0.9659
vn -0.5000 0.0001 -0.8660
vn -0.5205 0.0619 -0.8516
vn -0.8584 0.0347 -0.5117
vn -0.5205 0.0619 -0.8516
vn -0.5000 0.0001 -0.8660
vn -0.5000 0.0001 -0.8660
vn -0.8660 -0.0001 -0.5000
vn -0.8584 0.0347 -0.5117
vn -0.9824 0.0131 -0.1863
vn -0.8584 0.0347 -0.5117
vn -0.8660 -0.0001 -0.5000
vn -0.8660 -0.0001 -0.5000
vn -0.9659 -0.0002 -0.2589
vn -0.9824 0.0131 -0.1863
vn 0.5277 -0.0742 0.8462
vn 0.2038 -0.0992 0.9740
vn 0.2589 0.0002 0.9659
vn 0.2589 0.0002 0.9659
vn 0.5000 0.0001 0.8660
vn 0.5277 -0.0742 0.8462
vn 0.8692 -0.0457 0.4924
vn 0.5277 -0.0742 0.8462
vn 0.5000 0.0001 0.8660
vn 0.5000 0.0001 0.8660
vn 0.8660 -0.0001 0.5001
vn 0.8692 -0.0457 0.4924
vn 0.9802 -0.0165 0.1971
vn 0.8692 -0.0457 0.4924
vn 0.8660 -0.0001 0.5001
vn 0.8660 -0.0001 0.5001
vn 0.9659 -0.0002 0.2589
vn 0.9802 -0.0165 0.1971
vn -0.5000 -0.0001 0.8660
vn -0.2589 -0.0002 0.9659
vn -0.2037 -0.0991 0.9740
vn -0.2037 -0.0991 0.9740
vn -0.5278 -0.0742 0.8462
vn -0.5000 -0.0001 0.8660
vn -0.8660 0.0001 0.5001
vn -0.5000 -0.0001 0.8660
vn -0.5278 -0.0742 0.8462
vn -0.5278 -0.0742 0.8462
vn -0.8692 -0.0458 0.4923
vn -0.8660 0.0001 0.5001
vn -0.9659 0.0002 0.2589
vn -0.8660 0.0001 0.5001
vn -0.8692 -0.0458 0.4923
vn -0.8692 -0.0458 0.4923
vn -0.9802 -0.0166 0.1972
vn -0.9659 0.0002 0.2589
vn 0.5256 0.8478 0.0706
vn 0.4971 0.8669 0.0369
vn 0.1948 0.9808 -0.0000
vn 0.1948 0.9808 -0.0000
vn 0.2145 0.9676 0.1329
vn 0.5256 0.8478 0.0706
vn 0.8596 0.5094 0.0391
vn 0.8404 0.5307 0.1096
vn 0.4971 0.8669 0.0369
vn 0.4971 0.8669 0.0369
vn 0.5256 0.8478 0.0706
vn 0.8596 0.5094 0.0391
vn 0.9885 0.1506 0.0117
vn 0.9783 0.1467 0.1467
vn 0.8404 0.5307 0.1096
vn 0.8404 0.5307 0.1096
vn 0.8596 0.5094 0.0391
vn 0.9885 0.1506 0.0117
vn -0.5256 0.8478 0.0706
vn -0.2145 0.9676 0.1329
vn -0.1948 0.9808 -0.0000
vn -0.1948 0.9808 -0.0000
vn -0.4971 0.8669 0.0369
vn -0.5256 0.8478 0.0706
vn -0.8596 0.5094 0.0391
vn -0.5256 0.8478 0.0706
vn -0.4971 0.8669 0.0369
vn -0.4971 0.8669 0.0369
vn -0.8404 0.5307 0.1096
vn -0.8596 0.5094 0.0391
vn -0.9828 0.1841 0.0143
vn -0.8596 0.5094 0.0391
vn -0.8404 0.5307 0.1096
vn -0.8404 0.5307 0.1096
vn -0.9616 0.1942 0.1942
vn -0.9828 0.1841 0.0143
vn -0.1189 0.9929 0.0078
vn -0.1948 0.9808 -0.0000
vn 0.1948 0.9808 -0.0000
vn 0.1948 0.9808 -0.0000
vn 0.1189 0.9929 0.0078
vn -0.1189 0.9929 0.0078
vn -0.0525 0.9982 0.0275
vn -0.1189 0.9929 0.0078
vn 0.1189 0.9929 0.0078
vn 0.1189 0.9929 0.0078
vn 0.0525 0.9982 0.0275
vn -0.0525 0.9982 0.0275
vn 0.0000 1.0000 -0.0000
vn -0.0525 0.9982 0.0275
vn 0.0525 0.9982 0.0275
vn 0.0525 0.9982 0.0275
vn 0.0000 1.0000 -0.0000
vn 0.0000 1.0000 -0.0000
vn 0.4971 -0.8669 0.0369
vn 0.5322 -0.8421 -0.0869
vn 0.1557 -0.9840 -0.0864
vn 0.1557 -0.9840 -0.0864
vn 0.1463 -0.9892 -0.0000
vn 0.4971 -0.8669 0.0369
vn 0.8404 -0.5307 0.1096
vn 0.8716 -0.4872 -0.0537
vn 0.5322 -0.8421 -0.0869
vn 0.5322 -0.8421 -0.0869
vn 0.4971 -0.8669 0.0369
vn 0.8404 -0.5307 0.1096
vn 0.9783 -0.1467 0.1467
vn 0.9908 -0.1347 -0.0136
vn 0.8716 -0.4872 -0.0537
vn 0.8716 -0.4872 -0.0537
vn 0.8404 -0.5307 0.1096
vn 0.9783 -0.1467 0.1467
vn 0.1189 -0.9929 0.0078
vn 0.1463 -0.9892 -0.0000
vn -0.1463 -0.9892 -0.0000
vn -0.1463 -0.9892 -0.0000
vn -0.1189 -0.9929 0.0078
vn 0.1189 -0.9929 0.0078
vn 0.0651 -0.9978 0.0149
vn 0.1189 -0.9929 0.0078
vn -0.1189 -0.9929 0.0078
vn -0.1189 -0.9929 0.0078
vn -0.0651 -0.9978 0.0149
vn 0.0651 -0.9978 0.0149
vn 0.0127 -0.9998 0.0127
vn 0.0651 -0.9978 0.0149
vn -0.0651 -0.9978 0.0149
vn -0.0651 -0.9978 0.0149
vn -0.0127 -0.9998 0.0127
vn 0.0127 -0.9998 0.0127
vn -0.4971 -0.8669 0.0369
vn -0.1463 -0.9892 -0.0000
vn -0.1557 -0.9840 -0.0864
vn -0.1557 -0.9840 -0.0864
vn -0.5322 -0.8421 -0.0869
vn -0.4971 -0.8669 0.0369
vn -0.8404 -0.5307 0.1096
vn -0.4971 -0.8669 0.0369
vn -0.5322 -0.8421 -0.0869
vn -0.5322 -0.8421 -0.0869
vn -0.8716 -0.4873 -0.0537
vn -0.8404 -0.5307 0.1096
vn -0.9616 -0.1942 0.1942
vn -0.8404 -0.5307 0.1096
vn -0.8716 -0.4873 -0.0537
vn -0.8716 -0.4873 -0.0537
vn -0.9802 -0.1970 -0.0198
vn -0.9616 -0.1942 0.1942
vn 0.5256 0.6114 0.5915
vn 0.2145 0.7372 0.6407
vn 0.2083 0.5549 0.8054
vn 0.2083 0.5549 0.8054
vn 0.5205 0.5142 0.6816
vn 0.5256 0.6114 0.5915
vn 0.8596 0.3649 0.3577
vn 0.5256 0.6114 0.5915
vn 0.5205 0.5142 0.6816
vn 0.5205 0.5142 0.6816
vn 0.8584 0.3111 0.4079
vn 0.8596 0.3649 0.3577
vn 0.9828 0.1320 0.1291
vn 0.8596 0.3649 0.3577
vn 0.8584 0.3111 0.4079
vn 0.8584 0.3111 0.4079
vn 0.9824 0.1130 0.1488
vn 0.9828 0.1320 0.1291
vn -0.5205 0.5142 0.6816
vn -0.2083 0.5549 0.8054
vn -0.2145 0.7372 0.6407
vn -0.2145 0.7372 0.6407
vn -0.5256 0.6114 0.5915
vn -0.5205 0.5142 0.6816
vn -0.8584 0.3111 0.4079
vn -0.5205 0.5142 0.6816
vn -0.5256 0.6114 0.5915
vn -0.5256 0.6114 0.5915
vn -0.8596 0.3649 0.3577
vn -0.8584 0.3111 0.4079
vn -0.9824 0.1130 0.1488
vn -0.8584 0.3111 0.4079
vn -0.8596 0.3649 0.3577
vn -0.8596 0.3649 0.3577
vn -0.9828 0.1320 0.1291
vn -0.9824 0.1130 0.1488
vn 0.5278 -0.5012 -0.6857
vn 0.2038 -0.5667 -0.7983
vn 0.2066 -0.7261 -0.6558
vn 0.2066 -0.7261 -0.6558
vn 0.5322 -0.6199 -0.5766
vn 0.5278 -0.5012 -0.6857
vn 0.8692 -0.2897 -0.4008
vn 0.5278 -0.5012 -0.6857
vn 0.5322 -0.6199 -0.5766
vn 0.5322 -0.6199 -0.5766
vn 0.8716 -0.3612 -0.3314
vn 0.8692 -0.2897 -0.4008
vn 0.9802 -0.1173 -0.1594
vn 0.8692 -0.2897 -0.4008
vn 0.8716 -0.3612 -0.3314
vn 0.8716 -0.3612 -0.3314
vn 0.9802 -0.1447 -0.1352
vn 0.9802 -0.1173 -0.1594
vn -0.5322 -0.6199 -0.5766
vn -0.2066 -0.7261 -0.6558
vn -0.2038 -0.5667 -0.7983
vn -0.2038 -0.5667 -0.7983
vn -0.5278 -0.5012 -0.6857
vn -0.5322 -0.6199 -0.5766
vn -0.8716 -0.3612 -0.3314
vn -0.5322 -0.6199 -0.5766
vn -0.5278 -0.5012 -0.6857
vn -0.5278 -0.5012 -0.6857
vn -0.8692 -0.2897 -0.4008
vn -0.8716 -0.3612 -0.3314
vn -0.9802 -0.1447 -0.1352
vn -0.8716 -0.3612 -0.3314
vn -0.8692 -0.2897 -0.4008
vn -0.8692 -0.2897 -0.4008
vn -0.9802 -0.1173 -0.1594
vn -0.9802 -0.1447 -0.1352
vn 0.5205 0.0619 0.8516
vn 0.2083 0.1128 0.9715
vn 0.2589 0.0002 0.9659
vn 0.2589 0.0002 0.9659
vn 0.5000 0.0001 0.8660
vn 0.5205 0.0619 0.8516
vn 0.8584 0.0347 0.5117
vn 0.5205 0.0619 0.8516
vn 0.5000 0.0001 0.8660
vn 0.5000 0.0001 0.8660
vn 0.8660 -0.0001 0.5000
vn 0.8584 0.0347 0.5117
vn 0.9824 0.0131 0.1863
vn 0.8584 0.0347 0.5117
vn 0.8660 -0.0001 0.5000
vn 0.8660 -0.0001 0.5000
vn 0.9659 -0.0002 0.2589
vn 0.9824 0.0131 0.1863
vn -0.5000 -0.0001 0.8660
vn -0.2589 -0.0002 0.9659
vn -0.2082 0.1129 0.9715
vn -0.2082 0.1129 0.9715
vn -0.5205 0.0620 0.8516
vn -0.5000 -0.0001 0.8660
vn -0.8660 0.0001 0.5000
vn -0.5000 -0.0001 0.8660
vn -0.5205 0.0620 0.8516
vn -0.5205 0.0620 0.8516
vn -0.8585 0.0346 0.5117
vn -0.8660 0.0001 0.5000
vn -0.9659 0.0002 0.2589
vn -0.8660 0.0001 0.5000
vn -0.8585 0.0346 0.5117
vn -0.8585 0.0346 0.5117
vn -0.9824 0.0129 0.1864
vn -0.9659 0.0002 0.2589
vn 0.5000 -0.0001 -0.8660
vn 0.2589 -0.0002 -0.9659
vn 0.2037 -0.0991 -0.9740
vn 0.2037 -0.0991 -0.9740
vn 0.5278 -0.0742 -0.8462
vn 0.5000 -0.0001 -0.8660
vn 0.8660 0.0001 -0.5001
vn 0.5000 -0.0001 -0.8660
vn 0.5278 -0.0742 -0.8462
vn 0.5278 -0.0742 -0.8462
vn 0.8692 -0.0458 -0.4923
vn 0.8660 0.0001 -0.5001
vn 0.9659 0.0002 -0.2589
vn 0.8660 0.0001 -0.5001
vn 0.8692 -0.0458 -0.4923
vn 0.8692 -0.0458 -0.4923
vn 0.9802 -0.0166 -0.1972
vn 0.9659 0.0002 -0.2589
vn -0.5277 -0.0742 -0.8462
vn -0.2038 -0.0993 -0.9740
vn -0.2589 0.0002 -0.9659
vn -0.2589 0.0002 -0.9659
vn -0.5000 0.0001 -0.8660
vn -0.5277 -0.0742 -0.8462
vn -0.8692 -0.0457 -0.4924
vn -0.5277 -0.0742 -0.8462
vn -0.5000 0.0001 -0.8660
vn -0.5000 0.0001 -0.8660
vn -0.8660 -0.0001 -0.5001
vn -0.8692 -0.0457 -0.4924
vn -0.9802 -0.0165 -0.1971
vn -0.8692 -0.0457 -0.4924
vn -0.8660 -0.0001 -0.5001
vn -0.8660 -0.0001 -0.5001
vn -0.9659 -0.0002 -0.2589
vn -0.9802 -0.0165 -0.1971
vn 0.0000 -0.0000 1.0000
vn 0.0000 -0.0000 1.0000
vn 0.0000 -0.0000 1.0000
vn 0.0000 -0.0000 1.0000
vn 0.0000 -0.0000 1.0000
vn 0.0000 -0.0000 1.0000
vn 0.9908 -0.1347 -0.0136
vn 0.9783 -0.1467 0.1467
vn 0.9783 0.1467 0.1467
vn 0.9783 0.1467 0.1467
vn 0.9885 0.1506 0.0117
vn 0.9908 -0.1347 -0.0136
vn 0.0000 1.0000 -0.0000
vn 0.0000 1.0000 -0.0000
vn 0.0000 1.0000 -0.0000
vn 0.0000 1.0000 -0.0000
vn 0.0000 1.0000 -0.0000
vn 0.0000 1.0000 -0.0000
vn 0.0000 1.0000 -0.0000
vn 0.0000 1.0000 -0.0000
vn 0.0000 1.0000 -0.0000
vn 0.0000 1.0000 -0.0000
vn 0.0000 1.0000 -0.0000
vn 0.0000 1.0000 -0.0000
vn 0.0000 1.0000 -0.0000
vn 0.0000 1.0000 -0.0000
vn 0.0000 1.0000 -0.0000
vn 0.0000 1.0000 -0.0000
vn 0.0000 1.0000 -0.0000
vn 0.0000 1.0000 -0.0000
vn 0.0000 0.0000 -1.0000
vn 0.0000 0.0000 -1.0000
vn 0.0000 0.0000 -1.0000
vn 0.0000 0.0000 -1.0000
vn 0.0000 0.0000 -1.0000
vn 0.0000 0.0000 -1.0000
vn 1.0000 0.0000 -0.0000
vn 1.0000 0.0000 -0.0000
vn 1.0000 0.0000 -0.0000
vn 1.0000 0.0000 -0.0000
vn 1.0000 0.0000 -0.0000
vn 1.0000 0.0000 -0.0000
vn 0.0000 1.0000 -0.0000
vn 0.0000 1.0000 -0.0000
vn 0.0000 1.0000 -0.0000
vn 0.0000 1.0000 -0.0000
vn 0.0000 1.0000 -0.0000
vn 0.0000 1.0000 -0.0000
vn -0.0000 -0.0000 1.0000
vn -0.0000 -0.0000 1.0000
vn -0.0000 -0.0000 1.0000
vn -0.0000 -0.0000 1.0000
vn 0.0000 0.0000 1.0000
vn -0.0000 -0.0000 1.0000
vn 0.7526 0.6585 -0.0000
vn 0.7526 0.6585 -0.0000
vn 0.7526 0.6585 -0.0000
vn 0.7526 0.6585 -0.0000
vn 0.7526 0.6585 -0.0000
vn 0.7526 0.6585 -0.0000
vn 0.0000 0.0000 -1.0000
vn 0.0000 0.0000 -1.0000
vn 0.0000 0.0000 -1.0000
vn 0.0000 0.0000 -1.0000
vn 0.0000 0.0000 -1.0000
vn 0.0000 0.0000 -1.0000
vn -0.0864 -0.9840 -0.1557
vn -0.0864 -0.9840 0.1557
vn 0.0000 -0.9892 0.1463
vn 0.0000 -0.9892 0.1463
vn 0.0000 -0.9892 -0.1463
vn -0.0864 -0.9840 -0.1557
vn -0.1463 -0.9892 -0.0000
vn 0.1463 -0.9892 -0.0000
vn 0.1557 -0.9840 -0.0864
vn 0.1557 -0.9840 -0.0864
vn -0.1557 -0.9840 -0.0864
vn -0.1463 -0.9892 -0.0000
vn -0.0127 -0.9998 0.0127
vn -0.0127 -0.9998 -0.0127
vn 0.0127 -0.9998 -0.0127
vn 0.0127 -0.9998 -0.0127
vn 0.0127 -0.9998 0.0127
vn -0.0127 -0.9998 0.0127
vn -0.1557 -0.9840 0.0864
vn 0.1557 -0.9840 0.0864
vn 0.1463 -0.9892 -0.0000
vn 0.1463 -0.9892 -0.0000
vn -0.1463 -0.9892 -0.0000
vn -0.1557 -0.9840 0.0864
vn -0.7907 -0.5926 -0.1535
vn -0.7908 -0.5926 0.1535
vn -0.6837 -0.7130 0.1557
vn -0.6837 -0.7130 0.1557
vn -0.6837 -0.7130 -0.1557
vn -0.7907 -0.5926 -0.1535
vn 1.0000 0.0000 -0.0000
vn 1.0000 0.0000 -0.0000
vn 1.0000 0.0000 -0.0000
vn 1.0000 0.0000 -0.0000
vn 1.0000 0.0000 -0.0000
vn 1.0000 0.0000 -0.0000
vn -0.0000 -0.0000 1.0000
vn -0.0000 0.0000 1.0000
vn -0.0000 0.0000 1.0000
vn -0.0000 0.0000 1.0000
vn 0.0000 -0.0000 1.0000
vn -0.0000 -0.0000 1.0000
vn 0.0000 0.0000 -1.0000
vn 0.0000 0.0000 -1.0000
vn 0.0000 0.0000 -1.0000
vn 0.0000 0.0000 -1.0000
vn 0.0000 0.0000 -1.0000
vn 0.0000 0.0000 -1.0000
vn -1.0000 0.0000 -0.0000
vn -1.0000 0.0000 -0.0000
vn -1.0000 0.0000 -0.0000
vn -1.0000 0.0000 -0.0000
vn -1.0000 0.0000 -0.0000
vn -1.0000 0.0000 -0.0000
vn 0.0000 -0.0000 1.0000
vn 0.0000 -0.0000 1.0000
vn 0.0000 -0.0000 1.0000
vn 0.0000 -0.0000 1.0000
vn 0.0000 -0.0000 1.0000
vn 0.0000 -0.0000 1.0000
vn 0.0000 1.0000 -0.0000
vn 0.0000 1.0000 -0.0000
vn 0.0000 1.0000 -0.0000
vn 0.0000 1.0000 -0.0000
vn 0.0000 1.0000 -0.0000
vn 0.0000 1.0000 -0.0000
vn -1.0000 0.0000 -0.0000
vn -1.0000 0.0000 -0.0000
vn -1.0000 0.0000 -0.0000
vn -1.0000 0.0000 -0.0000
vn -1.0000 0.0000 -0.0000
vn -1.0000 0.0000 -0.0000
vn 0.0000 0.0000 -1.0000
vn 0.0000 0.0000 -1.0000
vn 0.0000 0.0000 -1.0000
vn 0.0000 0.0000 -1.0000
vn 0.0000 0.0000 -1.0000
vn 0.0000 0.0000 -1.0000
vn -1.0000 0.0000 -0.0000
vn -1.0000 0.0000 -0.0000
vn -1.0000 0.0000 -0.0000
vn -1.0000 0.0000 -0.0000
vn -1.0000 0.0000 -0.0000
vn -1.0000 0.0000 -0.0000
vn 0.0000 -0.0000 1.0000
vn 0.0000 -0.0000 1.0000
vn 0.0000 -0.0000 1.0000
vn 0.0000 -0.0000 1.0000
vn 0.0000 0.0000 1.0000
vn 0.0000 -0.0000 1.0000
vn -0.7526 0.6585 -0.0000
vn -0.7526 0.6585 -0.0000
vn -0.7526 0.6585 -0.0000
vn -0.7526 0.6585 -0.0000
vn -0.7526 0.6585 -0.0000
vn -0.7526 0.6585 -0.0000
vn 0.0000 0.0000 -1.0000
vn 0.0000 0.0000 -1.0000
vn 0.0000 0.0000 -1.0000
vn 0.0000 0.0000 -1.0000
vn 0.0000 0.0000 -1.0000
vn 0.0000 0.0000 -1.0000
vn 0.0000 -0.9892 -0.1463
vn 0.0000 -0.9892 0.1463
vn 0.0864 -0.9840 0.1557
vn 0.0864 -0.9840 0.1557
vn 0.0864 -0.9840 -0.1557
vn 0.0000 -0.9892 -0.1463
vn 0.7526 -0.6585 -0.0000
vn 0.7526 -0.6585 -0.0000
vn 0.7526 -0.6585 -0.0000
vn 0.7526 -0.6585 -0.0000
vn 0.7526 -0.6585 -0.0000
vn 0.7526 -0.6585 -0.0000
vn -1.0000 0.0000 -0.0000
vn -1.0000 0.0000 -0.0000
vn -1.0000 0.0000 -0.0000
vn -1.0000 0.0000 -0.0000
vn -1.0000 0.0000 -0.0000
vn -1.0000 0.0000 -0.0000
vn 0.0000 0.0000 1.0000
vn 0.0000 0.0000 1.0000
vn 0.0000 -0.0000 1.0000
vn 0.0000 -0.0000 1.0000
vn 0.0000 -0.0000 1.0000
vn 0.0000 0.0000 1.0000
vn -0.0000 0.0000 -1.0000
vn 0.0000 0.0000 -1.0000
vn 0.0000 0.0000 -1.0000
vn 0.0000 0.0000 -1.0000
vn 0.0000 0.0000 -1.0000
vn -0.0000 0.0000 -1.0000
vn 1.0000 0.0000 -0.0000
vn 1.0000 0.0000 -0.0000
vn 1.0000 0.0000 -0.0000
vn 1.0000 0.0000 -0.0000
vn 1.0000 0.0000 -0.0000
vn 1.0000 0.0000 -0.0000
vn 0.0000 0.6585 -0.7526
vn 0.0000 0.6585 -0.7526
vn 0.0000 0.6585 -0.7526
vn 0.0000 0.6585 -0.7526
vn 0.0000 0.6585 -0.7526
vn 0.0000 0.6585 -0.7526
vn -1.0000 0.0000 -0.0000
vn -1.0000 0.0000 -0.0000
vn -1.0000 0.0000 -0.0000
vn -1.0000 0.0000 -0.0000
vn -1.0000 0.0000 -0.0000
vn -1.0000 0.0000 -0.0000
vn 1.0000 0.0000 -0.0000
vn 1.0000 0.0000 -0.0000
vn 1.0000 0.0000 -0.0000
vn 1.0000 0.0000 -0.0000
vn 1.0000 0.0000 -0.0000
vn 1.0000 0.0000 -0.0000
vn 0.0000 -0.6585 0.7526
vn 0.0000 -0.6585 0.7526
vn 0.0000 -0.6585 0.7526
vn 0.0000 -0.6585 0.7526
vn 0.0000 -0.6585 0.7526
vn 0.0000 -0.6585 0.7526
vn 0.0000 0.0000 -1.0000
vn 0.0000 0.0000 -1.0000
vn 0.0000 0.0000 -1.0000
vn 0.0000 0.0000 -1.0000
vn 0.0000 0.0000 -1.0000
vn 0.0000 0.0000 -1.0000
vn -1.0000 0.0000 -0.0000
vn -1.0000 0.0000 -0.0000
vn -1.0000 0.0000 -0.0000
vn -1.0000 0.0000 -0.0000
vn -1.0000 0.0000 -0.0000
vn -1.0000 0.0000 -0.0000
vn 1.0000 0.0000 -0.0000
vn 1.0000 0.0000 -0.0000
vn 1.0000 0.0000 -0.0000
vn 1.0000 0.0000 -0.0000
vn 1.0000 0.0000 -0.0000
vn 1.0000 0.0000 -0.0000
vn 0.0000 -0.0000 1.0000
vn 0.0000 -0.0000 1.0000
vn 0.0000 0.0000 1.0000
vn 0.0000 0.0000 1.0000
vn 0.0000 0.0000 1.0000
vn 0.0000 -0.0000 1.0000
vn 0.0000 0.6585 0.7526
vn 0.0000 0.6585 0.7526
vn 0.0000 0.6585 0.7526
vn 0.0000 0.6585 0.7526
vn 0.0000 0.6585 0.7526
vn 0.0000 0.6585 0.7526
vn -1.0000 0.0000 -0.0000
vn -1.0000 0.0000 -0.0000
vn -1.0000 0.0000 -0.0000
vn -1.0000 0.0000 -0.0000
vn -1.0000 0.0000 -0.0000
vn -1.0000 0.0000 -0.0000
vn 1.0000 0.0000 -0.0000
vn 1.0000 0.0000 -0.0000
vn 1.0000 0.0000 -0.0000
vn 1.0000 0.0000 -0.0000
vn 1.0000 0.0000 -0.0000
vn 1.0000 0.0000 -0.0000
vn 0.0000 -0.6585 -0.7526
vn 0.0000 -0.6585 -0.7526
vn 0.0000 -0.6585 -0.7526
vn 0.0000 -0.6585 -0.7526
vn 0.0000 -0.6585 -0.7526
vn 0.0000 -0.6585 -0.7526
vn 0.0000 -0.0000 1.0000
vn 0.0000 -0.0000 1.0000
vn 0.0000 0.0000 1.0000
vn 0.0000 0.0000 1.0000
vn 0.0000 0.0000 1.0000
vn 0.0000 -0.0000 1.0000
vn -1.0000 0.0000 -0.0000
vn -1.0000 0.0000 -0.0000
vn -1.0000 0.0000 -0.0000
vn -1.0000 0.0000 -0.0000
vn -1.0000 0.0000 -0.0000
vn -1.0000 0.0000 -0.0000
vn 1.0000 0.0000 -0.0000
vn 1.0000 0.0000 -0.0000
vn 1.0000 0.0000 -0.0000
vn 1.0000 0.0000 -0.0000
vn 1.0000 0.0000 -0.0000
vn 1.0000 0.0000 -0.0000
vn 0.0000 0.0000 -1.0000
vn 0.0000 0.0000 -1.0000
vn 0.0000 0.0000 -1.0000
vn 0.0000 0.0000 -1.0000
vn 0.0000 0.0000 -1.0000
vn 0.0000 0.0000 -1.0000
vn 0.5697 0.5924 0.5697
vn 0.6977 0.1626 0.6977
vn 0.5011 0.1644 0.8496
vn 0.5011 0.1644 0.8496
vn 0.4369 0.5753 0.6914
vn 0.5697 0.5924 0.5697
vn 0.5697 -0.5924 0.5697
vn 0.6977 -0.1626 0.6977
vn 0.8496 -0.1644 0.5011
vn 0.8496 -0.1644 0.5011
vn 0.6914 -0.5753 0.4369
vn 0.5697 -0.5924 0.5697
vn 0.6977 0.1626 0.6977
vn 0.6977 -0.1626 0.6977
vn 0.5011 -0.1644 0.8496
vn 0.5011 -0.1644 0.8496
vn 0.5011 0.1644 0.8496
vn 0.6977 0.1626 0.6977
vn -0.5697 0.5924 0.5697
vn -0.6977 0.1626 0.6977
vn -0.8496 0.1644 0.5011
vn -0.8496 0.1644 0.5011
vn -0.6914 0.5753 0.4369
vn -0.5697 0.5924 0.5697
vn -0.5697 -0.5924 0.5697
vn -0.6977 -0.1626 0.6977
vn -0.5011 -0.1644 0.8496
vn -0.5011 -0.1644 0.8496
vn -0.4369 -0.5753 0.6914
vn -0.5697 -0.5924 0.5697
vn -0.6977 -0.1626 0.6977
vn -0.6977 0.1626 0.6977
vn -0.5011 0.1644 0.8496
vn -0.5011 0.1644 0.8496
vn -0.5011 -0.1644 0.8496
vn -0.6977 -0.1626 0.6977
vn -0.5697 0.5924 -0.5697
vn -0.6977 0.1626 -0.6977
vn -0.5011 0.1644 -0.8496
vn -0.5011 0.1644 -0.8496
vn -0.4369 0.5753 -0.6914
vn -0.5697 0.5924 -0.5697
vn -0.5697 -0.5924 -0.5697
vn -0.6977 -0.1626 -0.6977
vn -0.8496 -0.1644 -0.5011
vn -0.8496 -0.1644 -0.5011
vn -0.6914 -0.5753 -0.4369
vn -0.5697 -0.5924 -0.5697
vn -0.6977 0.1626 -0.6977
vn -0.6977 -0.1626 -0.6977
vn -0.5011 -0.1644 -0.8496
vn -0.5011 -0.1644 -0.8496
vn -0.5011 0.1644 -0.8496
vn -0.6977 0.1626 -0.6977
vn 0.5697 0.5924 -0.5697
vn 0.6977 0.1626 -0.6977
vn 0.8496 0.1644 -0.5011
vn 0.8496 0.1644 -0.5011
vn 0.6914 0.5753 -0.4369
vn 0.5697 0.5924 -0.5697
vn 0.5697 -0.5924 -0.5697
vn 0.6977 -0.1626 -0.6977
vn 0.5011 -0.1644 -0.8496
vn 0.5011 -0.1644 -0.8496
vn 0.4369 -0.5753 -0.6914
vn 0.5697 -0.5924 -0.5697
vn 0.6977 -0.1626 -0.6977
vn 0.6977 0.1626 -0.6977
vn 0.5011 0.1644 -0.8496
vn 0.5011 0.1644 -0.8496
vn 0.5011 -0.1644 -0.8496
vn 0.6977 -0.1626 -0.6977
vn 0.5697 0.5924 -0.5697
vn 0.1705 0.9705 -0.1705
vn 0.1297 0.9074 -0.3999
vn 0.1297 0.9074 -0.3999
vn 0.4369 0.5753 -0.6914
vn 0.5697 0.5924 -0.5697
vn 0.1297 0.9074 0.3999
vn 0.1705 0.9705 0.1705
vn 0.5697 0.5924 0.5697
vn 0.5697 0.5924 0.5697
vn 0.4369 0.5753 0.6914
vn 0.1297 0.9074 0.3999
vn -0.5697 0.5924 0.5697
vn -0.1705 0.9705 0.1705
vn -0.1297 0.9074 0.3999
vn -0.1297 0.9074 0.3999
vn -0.4369 0.5753 0.6914
vn -0.5697 0.5924 0.5697
vn -0.1297 0.9074 -0.3999
vn -0.1705 0.9705 -0.1705
vn -0.5697 0.5924 -0.5697
vn -0.5697 0.5924 -0.5697
vn -0.4369 0.5753 -0.6914
vn -0.1297 0.9074 -0.3999
vn 0.5697 -0.5924 0.5697
vn 0.1582 -0.9747 0.1582
vn 0.1297 -0.9073 0.3999
vn 0.1297 -0.9073 0.3999
vn 0.4369 -0.5753 0.6914
vn 0.5697 -0.5924 0.5697
vn 0.1297 -0.9074 -0.3999
vn 0.1582 -0.9747 -0.1582
vn 0.5697 -0.5924 -0.5697
vn 0.5697 -0.5924 -0.5697
vn 0.4369 -0.5753 -0.6914
vn 0.1297 -0.9074 -0.3999
vn -0.5697 -0.5924 -0.5697
vn -0.1582 -0.9747 -0.1582
vn -0.1297 -0.9073 -0.3999
vn -0.1297 -0.9073 -0.3999
vn -0.4369 -0.5753 -0.6914
vn -0.5697 -0.5924 -0.5697
vn -0.1297 -0.9074 0.3999
vn -0.1582 -0.9747 0.1582
vn -0.5697 -0.5924 0.5697
vn -0.5697 -0.5924 0.5697
vn -0.4369 -0.5753 0.6914
vn -0.1297 -0.9074 0.3999
vn -0.1582 -0.9747 -0.1582
vn -0.0651 -0.9978 -0.0149
vn -0.0127 -0.9998 -0.0127
vn -0.1582 -0.9747 0.1582
vn -0.0149 -0.9978 0.0651
vn -0.0127 -0.9998 0.0127
vn 0.1582 -0.9747 -0.1582
vn 0.0149 -0.9978 -0.0651
vn 0.0127 -0.9998 -0.0127
vn 0.1582 -0.9747 0.1582
vn 0.0651 -0.9978 0.0149
vn 0.0127 -0.9998 0.0127
vn 0.5011 -0.1644 -0.8496
vn 0.1942 -0.1942 -0.9616
vn 0.1096 -0.5307 -0.8404
vn 0.1096 -0.5307 -0.8404
vn 0.4369 -0.5753 -0.6914
vn 0.5011 -0.1644 -0.8496
vn 0.1297 -0.9074 -0.3999
vn 0.4369 -0.5753 -0.6914
vn 0.1096 -0.5307 -0.8404
vn 0.1096 -0.5307 -0.8404
vn 0.0369 -0.8669 -0.4971
vn 0.1297 -0.9074 -0.3999
vn 0.0369 -0.8669 -0.4971
vn -0.0000 -0.9808 -0.1948
vn 0.0078 -0.9929 -0.1189
vn 0.0078 -0.9929 -0.1189
vn 0.1297 -0.9074 -0.3999
vn 0.0369 -0.8669 -0.4971
vn 0.1297 -0.9074 -0.3999
vn 0.0078 -0.9929 -0.1189
vn 0.0275 -0.9982 -0.0525
vn 0.0275 -0.9982 -0.0525
vn 0.1705 -0.9705 -0.1705
vn 0.1297 -0.9074 -0.3999
vn 0.0275 -0.9982 -0.0525
vn 0.0000 -1.0000 -0.0000
vn 0.0525 -0.9982 -0.0275
vn 0.0525 -0.9982 -0.0275
vn 0.1705 -0.9705 -0.1705
vn 0.0275 -0.9982 -0.0525
vn 0.3999 -0.9074 -0.1297
vn 0.1705 -0.9705 -0.1705
vn 0.0525 -0.9982 -0.0275
vn 0.0525 -0.9982 -0.0275
vn 0.1189 -0.9929 -0.0078
vn 0.3999 -0.9074 -0.1297
vn 0.1189 -0.9929 -0.0078
vn 0.1948 -0.9808 0.0000
vn 0.4971 -0.8669 -0.0369
vn 0.4971 -0.8669 -0.0369
vn 0.3999 -0.9074 -0.1297
vn 0.1189 -0.9929 -0.0078
vn 0.3999 -0.9074 -0.1297
vn 0.4971 -0.8669 -0.0369
vn 0.8404 -0.5307 -0.1096
vn 0.8404 -0.5307 -0.1096
vn 0.6914 -0.5753 -0.4369
vn 0.3999 -0.9074 -0.1297
vn 0.8404 -0.5307 -0.1096
vn 0.9783 -0.1467 -0.1467
vn 0.8496 -0.1644 -0.5011
vn 0.8496 -0.1644 -0.5011
vn 0.6914 -0.5753 -0.4369
vn 0.8404 -0.5307 -0.1096
vn 0.5697 -0.5924 -0.5697
vn 0.6914 -0.5753 -0.4369
vn 0.8496 -0.1644 -0.5011
vn 0.8496 -0.1644 -0.5011
vn 0.6977 -0.1626 -0.6977
vn 0.5697 -0.5924 -0.5697
vn 0.3999 -0.9074 -0.1297
vn 0.6914 -0.5753 -0.4369
vn 0.5697 -0.5924 -0.5697
vn 0.5697 -0.5924 -0.5697
vn 0.1705 -0.9705 -0.1705
vn 0.3999 -0.9074 -0.1297
vn 0.0525 -0.9982 0.0275
vn 0.0000 -1.0000 -0.0000
vn 0.0275 -0.9982 0.0525
vn 0.0275 -0.9982 0.0525
vn 0.1705 -0.9705 0.1705
vn 0.0525 -0.9982 0.0275
vn 0.1297 -0.9074 0.3999
vn 0.1705 -0.9705 0.1705
vn 0.0275 -0.9982 0.0525
vn 0.0275 -0.9982 0.0525
vn 0.0078 -0.9929 0.1189
vn 0.1297 -0.9074 0.3999
vn 0.0078 -0.9929 0.1189
vn -0.0000 -0.9808 0.1948
vn 0.0369 -0.8669 0.4971
vn 0.0369 -0.8669 0.4971
vn 0.1297 -0.9074 0.3999
vn 0.0078 -0.9929 0.1189
vn 0.1297 -0.9074 0.3999
vn 0.0369 -0.8669 0.4971
vn 0.1096 -0.5307 0.8404
vn 0.1096 -0.5307 0.8404
vn 0.4369 -0.5753 0.6914
vn 0.1297 -0.9074 0.3999
vn 0.1096 -0.5307 0.8404
vn 0.1942 -0.1942 0.9616
vn 0.5011 -0.1644 0.8496
vn 0.5011 -0.1644 0.8496
vn 0.4369 -0.5753 0.6914
vn 0.1096 -0.5307 0.8404
vn 0.5697 -0.5924 0.5697
vn 0.4369 -0.5753 0.6914
vn 0.5011 -0.1644 0.8496
vn 0.5011 -0.1644 0.8496
vn 0.6977 -0.1626 0.6977
vn 0.5697 -0.5924 0.5697
vn 0.8496 -0.1644 0.5011
vn 0.9616 -0.1942 0.1942
vn 0.8404 -0.5307 0.1096
vn 0.8404 -0.5307 0.1096
vn 0.6914 -0.5753 0.4369
vn 0.8496 -0.1644 0.5011
vn 0.3999 -0.9074 0.1297
vn 0.6914 -0.5753 0.4369
vn 0.8404 -0.5307 0.1096
vn 0.8404 -0.5307 0.1096
vn 0.4971 -0.8669 0.0369
vn 0.3999 -0.9074 0.1297
vn 0.4971 -0.8669 0.0369
vn 0.1948 -0.9808 -0.0000
vn 0.1189 -0.9929 0.0078
vn 0.1189 -0.9929 0.0078
vn 0.3999 -0.9074 0.1297
vn 0.4971 -0.8669 0.0369
vn 0.3999 -0.9074 0.1297
vn 0.1189 -0.9929 0.0078
vn 0.0525 -0.9982 0.0275
vn 0.0525 -0.9982 0.0275
vn 0.1705 -0.9705 0.1705
vn 0.3999 -0.9074 0.1297
vn 0.5697 -0.5924 0.5697
vn 0.6914 -0.5753 0.4369
vn 0.3999 -0.9074 0.1297
vn 0.3999 -0.9074 0.1297
vn 0.1705 -0.9705 0.1705
vn 0.5697 -0.5924 0.5697
vn 0.0391 -0.5094 -0.8596
vn 0.0143 -0.1841 -0.9828
vn 0.0432 -0.1413 -0.9890
vn 0.0432 -0.1413 -0.9890
vn 0.1440 -0.4774 -0.8668
vn 0.0391 -0.5094 -0.8596
vn 0.1440 -0.4774 -0.8668
vn 0.0432 -0.1413 -0.9890
vn 0.0779 -0.1255 -0.9890
vn 0.0779 -0.1255 -0.9890
vn 0.2645 -0.4227 -0.8668
vn 0.1440 -0.4774 -0.8668
vn 0.0779 -0.1255 -0.9890
vn 0.1291 -0.1320 -0.9828
vn 0.3577 -0.3649 -0.8596
vn 0.3577 -0.3649 -0.8596
vn 0.2645 -0.4227 -0.8668
vn 0.0779 -0.1255 -0.9890
vn 0.2645 -0.4227 -0.8668
vn 0.3577 -0.3649 -0.8596
vn 0.5915 -0.6114 -0.5256
vn 0.5915 -0.6114 -0.5256
vn 0.4351 -0.7094 -0.5545
vn 0.2645 -0.4227 -0.8668
vn 0.4351 -0.7094 -0.5545
vn 0.5915 -0.6114 -0.5256
vn 0.6407 -0.7372 -0.2145
vn 0.6407 -0.7372 -0.2145
vn 0.5096 -0.8429 -0.1730
vn 0.4351 -0.7094 -0.5545
vn 0.4351 -0.7094 -0.5545
vn 0.5096 -0.8429 -0.1730
vn 0.2987 -0.9385 -0.1730
vn 0.2987 -0.9385 -0.1730
vn 0.2474 -0.7945 -0.5545
vn 0.4351 -0.7094 -0.5545
vn 0.2474 -0.7945 -0.5545
vn 0.2987 -0.9385 -0.1730
vn 0.1329 -0.9676 -0.2145
vn 0.1329 -0.9676 -0.2145
vn 0.0706 -0.8478 -0.5256
vn 0.2474 -0.7945 -0.5545
vn 0.1440 -0.4774 -0.8668
vn 0.2474 -0.7945 -0.5545
vn 0.0706 -0.8478 -0.5256
vn 0.0706 -0.8478 -0.5256
vn 0.0391 -0.5094 -0.8596
vn 0.1440 -0.4774 -0.8668
vn 0.2474 -0.7945 -0.5545
vn 0.1440 -0.4774 -0.8668
vn 0.2645 -0.4227 -0.8668
vn 0.2645 -0.4227 -0.8668
vn 0.4351 -0.7094 -0.5545
vn 0.2474 -0.7945 -0.5545
vn 0.0432 -0.1413 0.9890
vn 0.0143 -0.1841 0.9828
vn 0.0391 -0.5094 0.8596
vn 0.0391 -0.5094 0.8596
vn 0.1440 -0.4774 0.8668
vn 0.0432 -0.1413 0.9890
vn 0.1440 -0.4774 0.8668
vn 0.0391 -0.5094 0.8596
vn 0.0706 -0.8478 0.5256
vn 0.0706 -0.8478 0.5256
vn 0.2474 -0.7945 0.5545
vn 0.1440 -0.4774 0.8668
vn 0.2474 -0.7945 0.5545
vn 0.0706 -0.8478 0.5256
vn 0.1329 -0.9676 0.2145
vn 0.1329 -0.9676 0.2145
vn 0.2987 -0.9385 0.1730
vn 0.2474 -0.7945 0.5545
vn 0.2474 -0.7945 0.5545
vn 0.2987 -0.9385 0.1730
vn 0.5096 -0.8429 0.1730
vn 0.5096 -0.8429 0.1730
vn 0.4351 -0.7094 0.5545
vn 0.2474 -0.7945 0.5545
vn 0.4351 -0.7094 0.5545
vn 0.5096 -0.8429 0.1730
vn 0.6407 -0.7372 0.2145
vn 0.6407 -0.7372 0.2145
vn 0.5915 -0.6114 0.5256
vn 0.4351 -0.7094 0.5545
vn 0.2645 -0.4227 0.8668
vn 0.4351 -0.7094 0.5545
vn 0.5915 -0.6114 0.5256
vn 0.5915 -0.6114 0.5256
vn 0.3577 -0.3649 0.8596
vn 0.2645 -0.4227 0.8668
vn 0.3577 -0.3649 0.8596
vn 0.1291 -0.1320 0.9828
vn 0.0779 -0.1255 0.9890
vn 0.0779 -0.1255 0.9890
vn 0.2645 -0.4227 0.8668
vn 0.3577 -0.3649 0.8596
vn 0.2645 -0.4227 0.8668
vn 0.0779 -0.1255 0.9890
vn 0.0432 -0.1413 0.9890
vn 0.0432 -0.1413 0.9890
vn 0.1440 -0.4774 0.8668
vn 0.2645 -0.4227 0.8668
vn 0.2645 -0.4227 0.8668
vn 0.1440 -0.4774 0.8668
vn 0.2474 -0.7945 0.5545
vn 0.2474 -0.7945 0.5545
vn 0.4351 -0.7094 0.5545
vn 0.2645 -0.4227 0.8668
vn 0.1096 0.5307 -0.8404
vn 0.1942 0.1942 -0.9616
vn 0.5011 0.1644 -0.8496
vn 0.5011 0.1644 -0.8496
vn 0.4369 0.5753 -0.6914
vn 0.1096 0.5307 -0.8404
vn 0.5697 0.5924 -0.5697
vn 0.4369 0.5753 -0.6914
vn 0.5011 0.1644 -0.8496
vn 0.5011 0.1644 -0.8496
vn 0.6977 0.1626 -0.6977
vn 0.5697 0.5924 -0.5697
vn 0.8496 0.1644 -0.5011
vn 0.9783 0.1467 -0.1467
vn 0.8404 0.5307 -0.1096
vn 0.8404 0.5307 -0.1096
vn 0.6914 0.5753 -0.4369
vn 0.8496 0.1644 -0.5011
vn 0.3999 0.9074 -0.1297
vn 0.6914 0.5753 -0.4369
vn 0.8404 0.5307 -0.1096
vn 0.8404 0.5307 -0.1096
vn 0.4971 0.8669 -0.0369
vn 0.3999 0.9074 -0.1297
vn 0.4971 0.8669 -0.0369
vn 0.1463 0.9892 -0.0000
vn 0.1189 0.9929 -0.0078
vn 0.1189 0.9929 -0.0078
vn 0.3999 0.9074 -0.1297
vn 0.4971 0.8669 -0.0369
vn 0.3999 0.9074 -0.1297
vn 0.1189 0.9929 -0.0078
vn 0.0651 0.9978 -0.0149
vn 0.0651 0.9978 -0.0149
vn 0.1582 0.9747 -0.1582
vn 0.3999 0.9074 -0.1297
vn 0.0149 0.9978 -0.0651
vn 0.1582 0.9747 -0.1582
vn 0.0127 0.9998 -0.0127
vn 0.1297 0.9073 -0.3999
vn 0.1582 0.9747 -0.1582
vn 0.0149 0.9978 -0.0651
vn 0.0149 0.9978 -0.0651
vn 0.0078 0.9929 -0.1189
vn 0.1297 0.9073 -0.3999
vn 0.0078 0.9929 -0.1189
vn 0.0000 0.9892 -0.1463
vn 0.0369 0.8669 -0.4971
vn 0.0369 0.8669 -0.4971
vn 0.1297 0.9073 -0.3999
vn 0.0078 0.9929 -0.1189
vn 0.1297 0.9073 -0.3999
vn 0.0369 0.8669 -0.4971
vn 0.1096 0.5307 -0.8404
vn 0.1096 0.5307 -0.8404
vn 0.4369 0.5753 -0.6914
vn 0.1297 0.9073 -0.3999
vn 0.5697 0.5924 -0.5697
vn 0.6914 0.5753 -0.4369
vn 0.3999 0.9074 -0.1297
vn 0.3999 0.9074 -0.1297
vn 0.1582 0.9747 -0.1582
vn 0.5697 0.5924 -0.5697
vn 0.5011 0.1644 0.8496
vn 0.1942 0.1942 0.9616
vn 0.1096 0.5307 0.8404
vn 0.1096 0.5307 0.8404
vn 0.4369 0.5753 0.6914
vn 0.5011 0.1644 0.8496
vn 0.1297 0.9074 0.3999
vn 0.4369 0.5753 0.6914
vn 0.1096 0.5307 0.8404
vn 0.1096 0.5307 0.8404
vn 0.0369 0.8669 0.4971
vn 0.1297 0.9074 0.3999
vn 0.0369 0.8669 0.4971
vn 0.0000 0.9892 0.1463
vn 0.0078 0.9929 0.1189
vn 0.0078 0.9929 0.1189
vn 0.1297 0.9074 0.3999
vn 0.0369 0.8669 0.4971
vn 0.1297 0.9074 0.3999
vn 0.0078 0.9929 0.1189
vn 0.0149 0.9978 0.0651
vn 0.0149 0.9978 0.0651
vn 0.1582 0.9747 0.1582
vn 0.1297 0.9074 0.3999
vn 0.0651 0.9978 0.0149
vn 0.1582 0.9747 0.1582
vn 0.0127 0.9998 0.0127
vn 0.3999 0.9073 0.1297
vn 0.1582 0.9747 0.1582
vn 0.0651 0.9978 0.0149
vn 0.0651 0.9978 0.0149
vn 0.1189 0.9929 0.0078
vn 0.3999 0.9073 0.1297
vn 0.1189 0.9929 0.0078
vn 0.1463 0.9892 -0.0000
vn 0.4971 0.8669 0.0369
vn 0.4971 0.8669 0.0369
vn 0.3999 0.9073 0.1297
vn 0.1189 0.9929 0.0078
vn 0.3999 0.9073 0.1297
vn 0.4971 0.8669 0.0369
vn 0.8404 0.5307 0.1096
vn 0.8404 0.5307 0.1096
vn 0.6914 0.5753 0.4369
vn 0.3999 0.9073 0.1297
vn 0.8404 0.5307 0.1096
vn 0.9616 0.1942 0.1942
vn 0.8496 0.1644 0.5011
vn 0.8496 0.1644 0.5011
vn 0.6914 0.5753 0.4369
vn 0.8404 0.5307 0.1096
vn 0.5697 0.5924 0.5697
vn 0.6914 0.5753 0.4369
vn 0.8496 0.1644 0.5011
vn 0.8496 0.1644 0.5011
vn 0.6977 0.1626 0.6977
vn 0.5697 0.5924 0.5697
vn 0.3999 0.9073 0.1297
vn 0.6914 0.5753 0.4369
vn 0.5697 0.5924 0.5697
vn 0.5697 0.5924 0.5697
vn 0.1582 0.9747 0.1582
vn 0.3999 0.9073 0.1297
vn -0.1526 0.4605 -0.8745
vn -0.0396 0.1249 -0.9914
vn -0.0198 0.1970 -0.9802
vn -0.0198 0.1970 -0.9802
vn -0.0537 0.4872 -0.8716
vn -0.1526 0.4605 -0.8745
vn -0.2615 0.7904 -0.5540
vn -0.1526 0.4605 -0.8745
vn -0.0537 0.4872 -0.8716
vn -0.0537 0.4872 -0.8716
vn -0.0869 0.8421 -0.5322
vn -0.2615 0.7904 -0.5540
vn -0.0869 0.8421 -0.5322
vn -0.0864 0.9840 -0.1557
vn -0.2948 0.9407 -0.1677
vn -0.2948 0.9407 -0.1677
vn -0.2615 0.7904 -0.5540
vn -0.0869 0.8421 -0.5322
vn -0.2615 0.7904 -0.5540
vn -0.2948 0.9407 -0.1677
vn -0.5139 0.8413 -0.1677
vn -0.5139 0.8413 -0.1677
vn -0.4227 0.7173 -0.5540
vn -0.2615 0.7904 -0.5540
vn -0.5139 0.8413 -0.1677
vn -0.6837 0.7130 -0.1557
vn -0.5766 0.6199 -0.5322
vn -0.5766 0.6199 -0.5322
vn -0.4227 0.7173 -0.5540
vn -0.5139 0.8413 -0.1677
vn -0.4227 0.7173 -0.5540
vn -0.5766 0.6199 -0.5322
vn -0.3314 0.3612 -0.8716
vn -0.3314 0.3612 -0.8716
vn -0.2460 0.4181 -0.8744
vn -0.4227 0.7173 -0.5540
vn -0.2460 0.4181 -0.8744
vn -0.3314 0.3612 -0.8716
vn -0.1352 0.1447 -0.9802
vn -0.1352 0.1447 -0.9802
vn -0.0680 0.1120 -0.9914
vn -0.2460 0.4181 -0.8744
vn -0.2460 0.4181 -0.8744
vn -0.0680 0.1120 -0.9914
vn -0.0396 0.1249 -0.9914
vn -0.0396 0.1249 -0.9914
vn -0.1526 0.4605 -0.8745
vn -0.2460 0.4181 -0.8744
vn -0.2460 0.4181 -0.8744
vn -0.1526 0.4605 -0.8745
vn -0.2615 0.7904 -0.5540
vn -0.2615 0.7904 -0.5540
vn -0.4227 0.7173 -0.5540
vn -0.2460 0.4181 -0.8744
vn -0.5766 0.6199 0.5322
vn -0.6837 0.7130 0.1557
vn -0.5139 0.8413 0.1677
vn -0.5139 0.8413 0.1677
vn -0.4227 0.7172 0.5540
vn -0.5766 0.6199 0.5322
vn -0.4227 0.7172 0.5540
vn -0.5139 0.8413 0.1677
vn -0.2948 0.9407 0.1677
vn -0.2948 0.9407 0.1677
vn -0.2615 0.7904 0.5540
vn -0.4227 0.7172 0.5540
vn -0.2948 0.9407 0.1677
vn -0.0864 0.9840 0.1557
vn -0.0869 0.8421 0.5322
vn -0.0869 0.8421 0.5322
vn -0.2615 0.7904 0.5540
vn -0.2948 0.9407 0.1677
vn -0.2615 0.7904 0.5540
vn -0.0869 0.8421 0.5322
vn -0.0537 0.4872 0.8716
vn -0.0537 0.4872 0.8716
vn -0.1526 0.4605 0.8744
vn -0.2615 0.7904 0.5540
vn -0.1526 0.4605 0.8744
vn -0.0537 0.4872 0.8716
vn -0.0198 0.1970 0.9802
vn -0.0198 0.1970 0.9802
vn -0.0396 0.1249 0.9914
vn -0.1526 0.4605 0.8744
vn -0.1526 0.4605 0.8744
vn -0.0396 0.1249 0.9914
vn -0.0680 0.1120 0.9914
vn -0.0680 0.1120 0.9914
vn -0.2460 0.4181 0.8744
vn -0.1526 0.4605 0.8744
vn -0.2460 0.4181 0.8744
vn -0.0680 0.1120 0.9914
vn -0.1352 0.1447 0.9802
vn -0.1352 0.1447 0.9802
vn -0.3314 0.3612 0.8716
vn -0.2460 0.4181 0.8744
vn -0.4227 0.7172 0.5540
vn -0.2460 0.4181 0.8744
vn -0.3314 0.3612 0.8716
vn -0.3314 0.3612 0.8716
vn -0.5766 0.6199 0.5322
vn -0.4227 0.7172 0.5540
vn -0.2460 0.4181 0.8744
vn -0.4227 0.7172 0.5540
vn -0.2615 0.7904 0.5540
vn -0.2615 0.7904 0.5540
vn -0.1526 0.4605 0.8744
vn -0.2460 0.4181 0.8744
vn 0.8131 -0.2132 -0.5417
vn 0.8516 -0.0620 -0.5205
vn 0.9715 -0.1129 -0.2082
vn 0.9715 -0.1129 -0.2082
vn 0.9530 -0.2542 -0.1649
vn 0.8131 -0.2132 -0.5417
vn 0.8131 -0.2132 -0.5417
vn 0.9530 -0.2542 -0.1649
vn 0.8846 -0.4363 -0.1649
vn 0.8846 -0.4363 -0.1649
vn 0.7523 -0.3750 -0.5417
vn 0.8131 -0.2132 -0.5417
vn 0.7523 -0.3750 -0.5417
vn 0.8846 -0.4363 -0.1649
vn 0.8054 -0.5549 -0.2083
vn 0.8054 -0.5549 -0.2083
vn 0.6816 -0.5142 -0.5205
vn 0.7523 -0.3750 -0.5417
vn 0.4519 -0.2289 -0.8622
vn 0.7523 -0.3750 -0.5417
vn 0.6816 -0.5142 -0.5205
vn 0.6816 -0.5142 -0.5205
vn 0.4079 -0.3111 -0.8584
vn 0.4519 -0.2289 -0.8622
vn 0.4079 -0.3111 -0.8584
vn 0.1488 -0.1130 -0.9824
vn 0.1336 -0.0670 -0.9888
vn 0.1336 -0.0670 -0.9888
vn 0.4519 -0.2289 -0.8622
vn 0.4079 -0.3111 -0.8584
vn 0.4519 -0.2289 -0.8622
vn 0.1336 -0.0670 -0.9888
vn 0.1447 -0.0376 -0.9888
vn 0.1447 -0.0376 -0.9888
vn 0.4908 -0.1253 -0.8622
vn 0.4519 -0.2289 -0.8622
vn 0.1447 -0.0376 -0.9888
vn 0.1864 -0.0129 -0.9824
vn 0.5117 -0.0346 -0.8585
vn 0.5117 -0.0346 -0.8585
vn 0.4908 -0.1253 -0.8622
vn 0.1447 -0.0376 -0.9888
vn 0.4908 -0.1253 -0.8622
vn 0.5117 -0.0346 -0.8585
vn 0.8516 -0.0620 -0.5205
vn 0.8516 -0.0620 -0.5205
vn 0.8131 -0.2132 -0.5417
vn 0.4908 -0.1253 -0.8622
vn 0.4908 -0.1253 -0.8622
vn 0.8131 -0.2132 -0.5417
vn 0.7523 -0.3750 -0.5417
vn 0.7523 -0.3750 -0.5417
vn 0.4519 -0.2289 -0.8622
vn 0.4908 -0.1253 -0.8622
vn 0.8131 -0.2132 0.5417
vn 0.9530 -0.2542 0.1649
vn 0.9715 -0.1128 0.2083
vn 0.9715 -0.1128 0.2083
vn 0.8516 -0.0619 0.5205
vn 0.8131 -0.2132 0.5417
vn 0.4908 -0.1253 0.8622
vn 0.8131 -0.2132 0.5417
vn 0.8516 -0.0619 0.5205
vn 0.8516 -0.0619 0.5205
vn 0.5117 -0.0347 0.8584
vn 0.4908 -0.1253 0.8622
vn 0.5117 -0.0347 0.8584
vn 0.1863 -0.0131 0.9824
vn 0.1447 -0.0376 0.9888
vn 0.1447 -0.0376 0.9888
vn 0.4908 -0.1253 0.8622
vn 0.5117 -0.0347 0.8584
vn 0.4908 -0.1253 0.8622
vn 0.1447 -0.0376 0.9888
vn 0.1336 -0.0670 0.9888
vn 0.1336 -0.0670 0.9888
vn 0.4519 -0.2290 0.8622
vn 0.4908 -0.1253 0.8622
vn 0.1336 -0.0670 0.9888
vn 0.1488 -0.1130 0.9824
vn 0.4079 -0.3111 0.8584
vn 0.4079 -0.3111 0.8584
vn 0.4519 -0.2290 0.8622
vn 0.1336 -0.0670 0.9888
vn 0.4519 -0.2290 0.8622
vn 0.4079 -0.3111 0.8584
vn 0.6816 -0.5142 0.5205
vn 0.6816 -0.5142 0.5205
vn 0.7523 -0.3750 0.5417
vn 0.4519 -0.2290 0.8622
vn 0.7523 -0.3750 0.5417
vn 0.6816 -0.5142 0.5205
vn 0.8054 -0.5549 0.2083
vn 0.8054 -0.5549 0.2083
vn 0.8846 -0.4363 0.1649
vn 0.7523 -0.3750 0.5417
vn 0.7523 -0.3750 0.5417
vn 0.8846 -0.4363 0.1649
vn 0.9530 -0.2542 0.1649
vn 0.9530 -0.2542 0.1649
vn 0.8131 -0.2132 0.5417
vn 0.7523 -0.3750 0.5417
vn 0.7523 -0.3750 0.5417
vn 0.8131 -0.2132 0.5417
vn 0.4908 -0.1253 0.8622
vn 0.4908 -0.1253 0.8622
vn 0.4519 -0.2290 0.8622
vn 0.7523 -0.3750 0.5417
vn -0.9541 0.2511 -0.1630
vn -0.9740 0.0992 -0.2038
vn -0.8462 0.0742 -0.5277
vn -0.8462 0.0742 -0.5277
vn -0.8076 0.2237 -0.5456
vn -0.9541 0.2511 -0.1630
vn -0.8076 0.2237 -0.5456
vn -0.8462 0.0742 -0.5277
vn -0.4924 0.0457 -0.8692
vn -0.4924 0.0457 -0.8692
vn -0.4744 0.1319 -0.8704
vn -0.8076 0.2237 -0.5456
vn -0.4744 0.1319 -0.8704
vn -0.4924 0.0457 -0.8692
vn -0.1971 0.0165 -0.9802
vn -0.1971 0.0165 -0.9802
vn -0.1302 0.0346 -0.9909
vn -0.4744 0.1319 -0.8704
vn -0.4744 0.1319 -0.8704
vn -0.1302 0.0346 -0.9909
vn -0.1207 0.0597 -0.9909
vn -0.1207 0.0597 -0.9909
vn -0.4439 0.2131 -0.8704
vn -0.4744 0.1319 -0.8704
vn -0.4439 0.2131 -0.8704
vn -0.1207 0.0597 -0.9909
vn -0.1594 0.1173 -0.9802
vn -0.1594 0.1173 -0.9802
vn -0.4008 0.2897 -0.8692
vn -0.4439 0.2131 -0.8704
vn -0.7551 0.3634 -0.5456
vn -0.4439 0.2131 -0.8704
vn -0.4008 0.2897 -0.8692
vn -0.4008 0.2897 -0.8692
vn -0.6857 0.5012 -0.5278
vn -0.7551 0.3634 -0.5456
vn -0.6857 0.5012 -0.5278
vn -0.7908 0.5926 -0.1535
vn -0.8834 0.4393 -0.1630
vn -0.8834 0.4393 -0.1630
vn -0.7551 0.3634 -0.5456
vn -0.6857 0.5012 -0.5278
vn -0.7551 0.3634 -0.5456
vn -0.8834 0.4393 -0.1630
vn -0.9541 0.2511 -0.1630
vn -0.9541 0.2511 -0.1630
vn -0.8076 0.2237 -0.5456
vn -0.7551 0.3634 -0.5456
vn -0.7551 0.3634 -0.5456
vn -0.8076 0.2237 -0.5456
vn -0.4744 0.1319 -0.8704
vn -0.4744 0.1319 -0.8704
vn -0.4439 0.2131 -0.8704
vn -0.7551 0.3634 -0.5456
vn -0.8462 0.0742 0.5278
vn -0.9740 0.0991 0.2037
vn -0.9541 0.2511 0.1630
vn -0.9541 0.2511 0.1630
vn -0.8076 0.2237 0.5456
vn -0.8462 0.0742 0.5278
vn -0.8076 0.2237 0.5456
vn -0.9541 0.2511 0.1630
vn -0.8834 0.4393 0.1630
vn -0.8834 0.4393 0.1630
vn -0.7551 0.3634 0.5456
vn -0.8076 0.2237 0.5456
vn -0.8834 0.4393 0.1630
vn -0.7907 0.5926 0.1535
vn -0.6857 0.5012 0.5278
vn -0.6857 0.5012 0.5278
vn -0.7551 0.3634 0.5456
vn -0.8834 0.4393 0.1630
vn -0.7551 0.3634 0.5456
vn -0.6857 0.5012 0.5278
vn -0.4008 0.2897 0.8692
vn -0.4008 0.2897 0.8692
vn -0.4439 0.2131 0.8704
vn -0.7551 0.3634 0.5456
vn -0.4439 0.2131 0.8704
vn -0.4008 0.2897 0.8692
vn -0.1594 0.1173 0.9802
vn -0.1594 0.1173 0.9802
vn -0.1207 0.0597 0.9909
vn -0.4439 0.2131 0.8704
vn -0.4439 0.2131 0.8704
vn -0.1207 0.0597 0.9909
vn -0.1302 0.0346 0.9909
vn -0.1302 0.0346 0.9909
vn -0.4744 0.1319 0.8704
vn -0.4439 0.2131 0.8704
vn -0.4744 0.1319 0.8704
vn -0.1302 0.0346 0.9909
vn -0.1972 0.0166 0.9802
vn -0.1972 0.0166 0.9802
vn -0.4923 0.0458 0.8692
vn -0.4744 0.1319 0.8704
vn -0.8076 0.2237 0.5456
vn -0.4744 0.1319 0.8704
vn -0.4923 0.0458 0.8692
vn -0.4923 0.0458 0.8692
vn -0.8462 0.0742 0.5278
vn -0.8076 0.2237 0.5456
vn -0.4744 0.1319 0.8704
vn -0.8076 0.2237 0.5456
vn -0.7551 0.3634 0.5456
vn -0.7551 0.3634 0.5456
vn -0.4439 0.2131 0.8704
vn -0.4744 0.1319 0.8704
vn -0.1096 -0.5307 -0.8404
vn -0.1942 -0.1942 -0.9616
vn -0.5011 -0.1644 -0.8496
vn -0.5011 -0.1644 -0.8496
vn -0.4369 -0.5753 -0.6914
vn -0.1096 -0.5307 -0.8404
vn -0.5697 -0.5924 -0.5697
vn -0.4369 -0.5753 -0.6914
vn -0.5011 -0.1644 -0.8496
vn -0.5011 -0.1644 -0.8496
vn -0.6977 -0.1626 -0.6977
vn -0.5697 -0.5924 -0.5697
vn -0.8496 -0.1644 -0.5011
vn -0.9616 -0.1942 -0.1942
vn -0.8404 -0.5307 -0.1096
vn -0.8404 -0.5307 -0.1096
vn -0.6914 -0.5753 -0.4369
vn -0.8496 -0.1644 -0.5011
vn -0.3999 -0.9074 -0.1297
vn -0.6914 -0.5753 -0.4369
vn -0.8404 -0.5307 -0.1096
vn -0.8404 -0.5307 -0.1096
vn -0.4971 -0.8669 -0.0369
vn -0.3999 -0.9074 -0.1297
vn -0.4971 -0.8669 -0.0369
vn -0.1948 -0.9808 0.0000
vn -0.1189 -0.9929 -0.0078
vn -0.1189 -0.9929 -0.0078
vn -0.3999 -0.9074 -0.1297
vn -0.4971 -0.8669 -0.0369
vn -0.3999 -0.9074 -0.1297
vn -0.1189 -0.9929 -0.0078
vn -0.0525 -0.9982 -0.0275
vn -0.0525 -0.9982 -0.0275
vn -0.1705 -0.9705 -0.1705
vn -0.3999 -0.9074 -0.1297
vn -0.0525 -0.9982 -0.0275
vn 0.0000 -1.0000 -0.0000
vn -0.0275 -0.9982 -0.0525
vn -0.0275 -0.9982 -0.0525
vn -0.1705 -0.9705 -0.1705
vn -0.0525 -0.9982 -0.0275
vn -0.1297 -0.9074 -0.3999
vn -0.1705 -0.9705 -0.1705
vn -0.0275 -0.9982 -0.0525
vn -0.0275 -0.9982 -0.0525
vn -0.0078 -0.9929 -0.1189
vn -0.1297 -0.9074 -0.3999
vn -0.0078 -0.9929 -0.1189
vn 0.0000 -0.9808 -0.1948
vn -0.0369 -0.8669 -0.4971
vn -0.0369 -0.8669 -0.4971
vn -0.1297 -0.9074 -0.3999
vn -0.0078 -0.9929 -0.1189
vn -0.1297 -0.9074 -0.3999
vn -0.0369 -0.8669 -0.4971
vn -0.1096 -0.5307 -0.8404
vn -0.1096 -0.5307 -0.8404
vn -0.4369 -0.5753 -0.6914
vn -0.1297 -0.9074 -0.3999
vn -0.5697 -0.5924 -0.5697
vn -0.6914 -0.5753 -0.4369
vn -0.3999 -0.9074 -0.1297
vn -0.3999 -0.9074 -0.1297
vn -0.1705 -0.9705 -0.1705
vn -0.5697 -0.5924 -0.5697
vn -0.5011 -0.1644 0.8496
vn -0.1942 -0.1942 0.9616
vn -0.1095 -0.5307 0.8404
vn -0.1095 -0.5307 0.8404
vn -0.4369 -0.5753 0.6914
vn -0.5011 -0.1644 0.8496
vn -0.1297 -0.9074 0.3999
vn -0.4369 -0.5753 0.6914
vn -0.1095 -0.5307 0.8404
vn -0.1095 -0.5307 0.8404
vn -0.0369 -0.8669 0.4971
vn -0.1297 -0.9074 0.3999
vn -0.0369 -0.8669 0.4971
vn 0.0000 -0.9808 0.1948
vn -0.0078 -0.9929 0.1189
vn -0.0078 -0.9929 0.1189
vn -0.1297 -0.9074 0.3999
vn -0.0369 -0.8669 0.4971
vn -0.1297 -0.9074 0.3999
vn -0.0078 -0.9929 0.1189
vn -0.0275 -0.9982 0.0525
vn -0.0275 -0.9982 0.0525
vn -0.1705 -0.9705 0.1705
vn -0.1297 -0.9074 0.3999
vn -0.0275 -0.9982 0.0525
vn 0.0000 -1.0000 -0.0000
vn -0.0525 -0.9982 0.0275
vn -0.0525 -0.9982 0.0275
vn -0.1705 -0.9705 0.1705
vn -0.0275 -0.9982 0.0525
vn -0.3999 -0.9074 0.1297
vn -0.1705 -0.9705 0.1705
vn -0.0525 -0.9982 0.0275
vn -0.0525 -0.9982 0.0275
vn -0.1189 -0.9929 0.0078
vn -0.3999 -0.9074 0.1297
vn -0.1189 -0.9929 0.0078
vn -0.1948 -0.9808 -0.0000
vn -0.4971 -0.8669 0.0369
vn -0.4971 -0.8669 0.0369
vn -0.3999 -0.9074 0.1297
vn -0.1189 -0.9929 0.0078
vn -0.3999 -0.9074 0.1297
vn -0.4971 -0.8669 0.0369
vn -0.8404 -0.5307 0.1096
vn -0.8404 -0.5307 0.1096
vn -0.6914 -0.5753 0.4369
vn -0.3999 -0.9074 0.1297
vn -0.8404 -0.5307 0.1096
vn -0.9616 -0.1942 0.1942
vn -0.8496 -0.1644 0.5011
vn -0.8496 -0.1644 0.5011
vn -0.6914 -0.5753 0.4369
vn -0.8404 -0.5307 0.1096
vn -0.5697 -0.5924 0.5697
vn -0.6914 -0.5753 0.4369
vn -0.8496 -0.1644 0.5011
vn -0.8496 -0.1644 0.5011
vn -0.6977 -0.1626 0.6977
vn -0.5697 -0.5924 0.5697
vn -0.3999 -0.9074 0.1297
vn -0.6914 -0.5753 0.4369
vn -0.5697 -0.5924 0.5697
vn -0.5697 -0.5924 0.5697
vn -0.1705 -0.9705 0.1705
vn -0.3999 -0.9074 0.1297
vn -0.0432 -0.1413 -0.9890
vn -0.0143 -0.1841 -0.9828
vn -0.0391 -0.5094 -0.8596
vn -0.0391 -0.5094 -0.8596
vn -0.1440 -0.4774 -0.8668
vn -0.0432 -0.1413 -0.9890
vn -0.1440 -0.4774 -0.8668
vn -0.0391 -0.5094 -0.8596
vn -0.0706 -0.8478 -0.5256
vn -0.0706 -0.8478 -0.5256
vn -0.2474 -0.7945 -0.5545
vn -0.1440 -0.4774 -0.8668
vn -0.2474 -0.7945 -0.5545
vn -0.0706 -0.8478 -0.5256
vn -0.1329 -0.9676 -0.2145
vn -0.1329 -0.9676 -0.2145
vn -0.2987 -0.9385 -0.1730
vn -0.2474 -0.7945 -0.5545
vn -0.2474 -0.7945 -0.5545
vn -0.2987 -0.9385 -0.1730
vn -0.5096 -0.8429 -0.1730
vn -0.5096 -0.8429 -0.1730
vn -0.4351 -0.7094 -0.5545
vn -0.2474 -0.7945 -0.5545
vn -0.4351 -0.7094 -0.5545
vn -0.5096 -0.8429 -0.1730
vn -0.6407 -0.7372 -0.2145
vn -0.6407 -0.7372 -0.2145
vn -0.5915 -0.6114 -0.5256
vn -0.4351 -0.7094 -0.5545
vn -0.2645 -0.4227 -0.8668
vn -0.4351 -0.7094 -0.5545
vn -0.5915 -0.6114 -0.5256
vn -0.5915 -0.6114 -0.5256
vn -0.3577 -0.3649 -0.8596
vn -0.2645 -0.4227 -0.8668
vn -0.3577 -0.3649 -0.8596
vn -0.1291 -0.1320 -0.9828
vn -0.0779 -0.1255 -0.9890
vn -0.0779 -0.1255 -0.9890
vn -0.2645 -0.4227 -0.8668
vn -0.3577 -0.3649 -0.8596
vn -0.2645 -0.4227 -0.8668
vn -0.0779 -0.1255 -0.9890
vn -0.0432 -0.1413 -0.9890
vn -0.0432 -0.1413 -0.9890
vn -0.1440 -0.4774 -0.8668
vn -0.2645 -0.4227 -0.8668
vn -0.2645 -0.4227 -0.8668
vn -0.1440 -0.4774 -0.8668
vn -0.2474 -0.7945 -0.5545
vn -0.2474 -0.7945 -0.5545
vn -0.4351 -0.7094 -0.5545
vn -0.2645 -0.4227 -0.8668
vn -0.4351 -0.7094 0.5545
vn -0.5915 -0.6114 0.5256
vn -0.6407 -0.7372 0.2145
vn -0.6407 -0.7372 0.2145
vn -0.5096 -0.8429 0.1730
vn -0.4351 -0.7094 0.5545
vn -0.4351 -0.7094 0.5545
vn -0.5096 -0.8429 0.1730
vn -0.2987 -0.9385 0.1730
vn -0.2987 -0.9385 0.1730
vn -0.2474 -0.7945 0.5545
vn -0.4351 -0.7094 0.5545
vn -0.2474 -0.7945 0.5545
vn -0.2987 -0.9385 0.1730
vn -0.1329 -0.9676 0.2145
vn -0.1329 -0.9676 0.2145
vn -0.0706 -0.8478 0.5256
vn -0.2474 -0.7945 0.5545
vn -0.1440 -0.4774 0.8668
vn -0.2474 -0.7945 0.5545
vn -0.0706 -0.8478 0.5256
vn -0.0706 -0.8478 0.5256
vn -0.0391 -0.5094 0.8596
vn -0.1440 -0.4774 0.8668
vn -0.0391 -0.5094 0.8596
vn -0.0143 -0.1841 0.9828
vn -0.0432 -0.1413 0.9890
vn -0.0432 -0.1413 0.9890
vn -0.1440 -0.4774 0.8668
vn -0.0391 -0.5094 0.8596
vn -0.1440 -0.4774 0.8668
vn -0.0432 -0.1413 0.9890
vn -0.0779 -0.1255 0.9890
vn -0.0779 -0.1255 0.9890
vn -0.2645 -0.4227 0.8668
vn -0.1440 -0.4774 0.8668
vn -0.0779 -0.1255 0.9890
vn -0.1291 -0.1320 0.9828
vn -0.3577 -0.3649 0.8596
vn -0.3577 -0.3649 0.8596
vn -0.2645 -0.4227 0.8668
vn -0.0779 -0.1255 0.9890
vn -0.2645 -0.4227 0.8668
vn -0.3577 -0.3649 0.8596
vn -0.5915 -0.6114 0.5256
vn -0.5915 -0.6114 0.5256
vn -0.4351 -0.7094 0.5545
vn -0.2645 -0.4227 0.8668
vn -0.2645 -0.4227 0.8668
vn -0.4351 -0.7094 0.5545
vn -0.2474 -0.7945 0.5545
vn -0.2474 -0.7945 0.5545
vn -0.1440 -0.4774 0.8668
vn -0.2645 -0.4227 0.8668
vn -0.5011 0.1644 -0.8496
vn -0.1942 0.1942 -0.9616
vn -0.1096 0.5307 -0.8404
vn -0.1096 0.5307 -0.8404
vn -0.4369 0.5753 -0.6914
vn -0.5011 0.1644 -0.8496
vn -0.1297 0.9074 -0.3999
vn -0.4369 0.5753 -0.6914
vn -0.1096 0.5307 -0.8404
vn -0.1096 0.5307 -0.8404
vn -0.0369 0.8669 -0.4971
vn -0.1297 0.9074 -0.3999
vn -0.0369 0.8669 -0.4971
vn 0.0000 0.9892 -0.1463
vn -0.0078 0.9929 -0.1189
vn -0.0078 0.9929 -0.1189
vn -0.1297 0.9074 -0.3999
vn -0.0369 0.8669 -0.4971
vn -0.1297 0.9074 -0.3999
vn -0.0078 0.9929 -0.1189
vn -0.0149 0.9978 -0.0651
vn -0.0149 0.9978 -0.0651
vn -0.1582 0.9747 -0.1582
vn -0.1297 0.9074 -0.3999
vn -0.0651 0.9978 -0.0149
vn -0.1582 0.9747 -0.1582
vn -0.0127 0.9998 -0.0127
vn -0.3999 0.9073 -0.1297
vn -0.1582 0.9747 -0.1582
vn -0.0651 0.9978 -0.0149
vn -0.0651 0.9978 -0.0149
vn -0.1189 0.9929 -0.0078
vn -0.3999 0.9073 -0.1297
vn -0.1189 0.9929 -0.0078
vn -0.1463 0.9892 -0.0000
vn -0.4971 0.8669 -0.0369
vn -0.4971 0.8669 -0.0369
vn -0.3999 0.9073 -0.1297
vn -0.1189 0.9929 -0.0078
vn -0.3999 0.9073 -0.1297
vn -0.4971 0.8669 -0.0369
vn -0.8404 0.5307 -0.1096
vn -0.8404 0.5307 -0.1096
vn -0.6914 0.5753 -0.4369
vn -0.3999 0.9073 -0.1297
vn -0.8404 0.5307 -0.1096
vn -0.9616 0.1942 -0.1942
vn -0.8496 0.1644 -0.5011
vn -0.8496 0.1644 -0.5011
vn -0.6914 0.5753 -0.4369
vn -0.8404 0.5307 -0.1096
vn -0.5697 0.5924 -0.5697
vn -0.6914 0.5753 -0.4369
vn -0.8496 0.1644 -0.5011
vn -0.8496 0.1644 -0.5011
vn -0.6977 0.1626 -0.6977
vn -0.5697 0.5924 -0.5697
vn -0.3999 0.9073 -0.1297
vn -0.6914 0.5753 -0.4369
vn -0.5697 0.5924 -0.5697
vn -0.5697 0.5924 -0.5697
vn -0.1582 0.9747 -0.1582
vn -0.3999 0.9073 -0.1297
vn -0.0149 0.9978 0.0651
vn -0.1582 0.9747 0.1582
vn -0.0127 0.9998 0.0127
vn -0.1297 0.9073 0.3999
vn -0.1582 0.9747 0.1582
vn -0.0149 0.9978 0.0651
vn -0.0149 0.9978 0.0651
vn -0.0078 0.9929 0.1189
vn -0.1297 0.9073 0.3999
vn -0.0078 0.9929 0.1189
vn 0.0000 0.9892 0.1463
vn -0.0369 0.8669 0.4971
vn -0.0369 0.8669 0.4971
vn -0.1297 0.9073 0.3999
vn -0.0078 0.9929 0.1189
vn -0.1297 0.9073 0.3999
vn -0.0369 0.8669 0.4971
vn -0.1096 0.5307 0.8404
vn -0.1096 0.5307 0.8404
vn -0.4369 0.5753 0.6914
vn -0.1297 0.9073 0.3999
vn -0.1096 0.5307 0.8404
vn -0.1942 0.1942 0.9616
vn -0.5011 0.1644 0.8496
vn -0.5011 0.1644 0.8496
vn -0.4369 0.5753 0.6914
vn -0.1096 0.5307 0.8404
vn -0.5697 0.5924 0.5697
vn -0.4369 0.5753 0.6914
vn -0.5011 0.1644 0.8496
vn -0.5011 0.1644 0.8496
vn -0.6977 0.1626 0.6977
vn -0.5697 0.5924 0.5697
vn -0.8496 0.1644 0.5011
vn -0.9616 0.1942 0.1942
vn -0.8404 0.5307 0.1096
vn -0.8404 0.5307 0.1096
vn -0.6914 0.5753 0.4369
vn -0.8496 0.1644 0.5011
vn -0.3999 0.9074 0.1297
vn -0.6914 0.5753 0.4369
vn -0.8404 0.5307 0.1096
vn -0.8404 0.5307 0.1096
vn -0.4971 0.8669 0.0369
vn -0.3999 0.9074 0.1297
vn -0.4971 0.8669 0.0369
vn -0.1463 0.9892 -0.0000
vn -0.1189 0.9929 0.0078
vn -0.1189 0.9929 0.0078
vn -0.3999 0.9074 0.1297
vn -0.4971 0.8669 0.0369
vn -0.3999 0.9074 0.1297
vn -0.1189 0.9929 0.0078
vn -0.0651 0.9978 0.0149
vn -0.0651 0.9978 0.0149
vn -0.1582 0.9747 0.1582
vn -0.3999 0.9074 0.1297
vn -0.5697 0.5924 0.5697
vn -0.6914 0.5753 0.4369
vn -0.3999 0.9074 0.1297
vn -0.3999 0.9074 0.1297
vn -0.1582 0.9747 0.1582
vn -0.5697 0.5924 0.5697
vn 0.1526 0.4605 -0.8744
vn 0.0537 0.4872 -0.8716
vn 0.0198 0.1970 -0.9802
vn 0.0198 0.1970 -0.9802
vn 0.0396 0.1249 -0.9914
vn 0.1526 0.4605 -0.8744
vn 0.1526 0.4605 -0.8744
vn 0.0396 0.1249 -0.9914
vn 0.0680 0.1120 -0.9914
vn 0.0680 0.1120 -0.9914
vn 0.2460 0.4181 -0.8744
vn 0.1526 0.4605 -0.8744
vn 0.2460 0.4181 -0.8744
vn 0.0680 0.1120 -0.9914
vn 0.1352 0.1447 -0.9802
vn 0.1352 0.1447 -0.9802
vn 0.3314 0.3612 -0.8716
vn 0.2460 0.4181 -0.8744
vn 0.4227 0.7172 -0.5540
vn 0.2460 0.4181 -0.8744
vn 0.3314 0.3612 -0.8716
vn 0.3314 0.3612 -0.8716
vn 0.5766 0.6199 -0.5322
vn 0.4227 0.7172 -0.5540
vn 0.5766 0.6199 -0.5322
vn 0.6558 0.7261 -0.2066
vn 0.5139 0.8413 -0.1677
vn 0.5139 0.8413 -0.1677
vn 0.4227 0.7172 -0.5540
vn 0.5766 0.6199 -0.5322
vn 0.4227 0.7172 -0.5540
vn 0.5139 0.8413 -0.1677
vn 0.2948 0.9407 -0.1677
vn 0.2948 0.9407 -0.1677
vn 0.2615 0.7904 -0.5540
vn 0.4227 0.7172 -0.5540
vn 0.2948 0.9407 -0.1677
vn 0.0864 0.9840 -0.1557
vn 0.0869 0.8421 -0.5322
vn 0.0869 0.8421 -0.5322
vn 0.2615 0.7904 -0.5540
vn 0.2948 0.9407 -0.1677
vn 0.2615 0.7904 -0.5540
vn 0.0869 0.8421 -0.5322
vn 0.0537 0.4872 -0.8716
vn 0.0537 0.4872 -0.8716
vn 0.1526 0.4605 -0.8744
vn 0.2615 0.7904 -0.5540
vn 0.2615 0.7904 -0.5540
vn 0.1526 0.4605 -0.8744
vn 0.2460 0.4181 -0.8744
vn 0.2460 0.4181 -0.8744
vn 0.4227 0.7172 -0.5540
vn 0.2615 0.7904 -0.5540
vn 0.1526 0.4605 0.8745
vn 0.0396 0.1249 0.9914
vn 0.0198 0.1970 0.9802
vn 0.0198 0.1970 0.9802
vn 0.0537 0.4872 0.8716
vn 0.1526 0.4605 0.8745
vn 0.2615 0.7904 0.5540
vn 0.1526 0.4605 0.8745
vn 0.0537 0.4872 0.8716
vn 0.0537 0.4872 0.8716
vn 0.0869 0.8421 0.5322
vn 0.2615 0.7904 0.5540
vn 0.0869 0.8421 0.5322
vn 0.0864 0.9840 0.1557
vn 0.2948 0.9407 0.1677
vn 0.2948 0.9407 0.1677
vn 0.2615 0.7904 0.5540
vn 0.0869 0.8421 0.5322
vn 0.2615 0.7904 0.5540
vn 0.2948 0.9407 0.1677
vn 0.5139 0.8413 0.1677
vn 0.5139 0.8413 0.1677
vn 0.4227 0.7173 0.5540
vn 0.2615 0.7904 0.5540
vn 0.5139 0.8413 0.1677
vn 0.6558 0.7261 0.2066
vn 0.5766 0.6199 0.5322
vn 0.5766 0.6199 0.5322
vn 0.4227 0.7173 0.5540
vn 0.5139 0.8413 0.1677
vn 0.4227 0.7173 0.5540
vn 0.5766 0.6199 0.5322
vn 0.3314 0.3612 0.8716
vn 0.3314 0.3612 0.8716
vn 0.2460 0.4181 0.8744
vn 0.4227 0.7173 0.5540
vn 0.2460 0.4181 0.8744
vn 0.3314 0.3612 0.8716
vn 0.1352 0.1447 0.9802
vn 0.1352 0.1447 0.9802
vn 0.0680 0.1120 0.9914
vn 0.2460 0.4181 0.8744
vn 0.2460 0.4181 0.8744
vn 0.0680 0.1120 0.9914
vn 0.0396 0.1249 0.9914
vn 0.0396 0.1249 0.9914
vn 0.1526 0.4605 0.8745
vn 0.2460 0.4181 0.8744
vn 0.2460 0.4181 0.8744
vn 0.1526 0.4605 0.8745
vn 0.2615 0.7904 0.5540
vn 0.2615 0.7904 0.5540
vn 0.4227 0.7173 0.5540
vn 0.2460 0.4181 0.8744
vn -0.8131 -0.2132 -0.5417
vn -0.9530 -0.2542 -0.1649
vn -0.9715 -0.1128 -0.2083
vn -0.9715 -0.1128 -0.2083
vn -0.8516 -0.0619 -0.5205
vn -0.8131 -0.2132 -0.5417
vn -0.4908 -0.1253 -0.8622
vn -0.8131 -0.2132 -0.5417
vn -0.8516 -0.0619 -0.5205
vn -0.8516 -0.0619 -0.5205
vn -0.5117 -0.0347 -0.8584
vn -0.4908 -0.1253 -0.8622
vn -0.5117 -0.0347 -0.8584
vn -0.1863 -0.0131 -0.9824
vn -0.1447 -0.0376 -0.9888
vn -0.1447 -0.0376 -0.9888
vn -0.4908 -0.1253 -0.8622
vn -0.5117 -0.0347 -0.8584
vn -0.4908 -0.1253 -0.8622
vn -0.1447 -0.0376 -0.9888
vn -0.1336 -0.0670 -0.9888
vn -0.1336 -0.0670 -0.9888
vn -0.4519 -0.2290 -0.8622
vn -0.4908 -0.1253 -0.8622
vn -0.1336 -0.0670 -0.9888
vn -0.1488 -0.1130 -0.9824
vn -0.4079 -0.3111 -0.8584
vn -0.4079 -0.3111 -0.8584
vn -0.4519 -0.2290 -0.8622
vn -0.1336 -0.0670 -0.9888
vn -0.4519 -0.2290 -0.8622
vn -0.4079 -0.3111 -0.8584
vn -0.6816 -0.5142 -0.5205
vn -0.6816 -0.5142 -0.5205
vn -0.7523 -0.3750 -0.5417
vn -0.4519 -0.2290 -0.8622
vn -0.7523 -0.3750 -0.5417
vn -0.6816 -0.5142 -0.5205
vn -0.8054 -0.5549 -0.2083
vn -0.8054 -0.5549 -0.2083
vn -0.8846 -0.4363 -0.1649
vn -0.7523 -0.3750 -0.5417
vn -0.7523 -0.3750 -0.5417
vn -0.8846 -0.4363 -0.1649
vn -0.9530 -0.2542 -0.1649
vn -0.9530 -0.2542 -0.1649
vn -0.8131 -0.2132 -0.5417
vn -0.7523 -0.3750 -0.5417
vn -0.7523 -0.3750 -0.5417
vn -0.8131 -0.2132 -0.5417
vn -0.4908 -0.1253 -0.8622
vn -0.4908 -0.1253 -0.8622
vn -0.4519 -0.2290 -0.8622
vn -0.7523 -0.3750 -0.5417
vn -0.8131 -0.2132 0.5417
vn -0.8516 -0.0620 0.5205
vn -0.9715 -0.1129 0.2082
vn -0.9715 -0.1129 0.2082
vn -0.9530 -0.2542 0.1649
vn -0.8131 -0.2132 0.5417
vn -0.8131 -0.2132 0.5417
vn -0.9530 -0.2542 0.1649
vn -0.8846 -0.4363 0.1649
vn -0.8846 -0.4363 0.1649
vn -0.7523 -0.3750 0.5417
vn -0.8131 -0.2132 0.5417
vn -0.7523 -0.3750 0.5417
vn -0.8846 -0.4363 0.1649
vn -0.8054 -0.5549 0.2083
vn -0.8054 -0.5549 0.2083
vn -0.6816 -0.5142 0.5205
vn -0.7523 -0.3750 0.5417
vn -0.4519 -0.2289 0.8622
vn -0.7523 -0.3750 0.5417
vn -0.6816 -0.5142 0.5205
vn -0.6816 -0.5142 0.5205
vn -0.4079 -0.3111 0.8584
vn -0.4519 -0.2289 0.8622
vn -0.4079 -0.3111 0.8584
vn -0.1488 -0.1130 0.9824
vn -0.1336 -0.0670 0.9888
vn -0.1336 -0.0670 0.9888
vn -0.4519 -0.2289 0.8622
vn -0.4079 -0.3111 0.8584
vn -0.4519 -0.2289 0.8622
vn -0.1336 -0.0670 0.9888
vn -0.1447 -0.0376 0.9888
vn -0.1447 -0.0376 0.9888
vn -0.4908 -0.1253 0.8622
vn -0.4519 -0.2289 0.8622
vn -0.1447 -0.0376 0.9888
vn -0.1864 -0.0129 0.9824
vn -0.5117 -0.0346 0.8585
vn -0.5117 -0.0346 0.8585
vn -0.4908 -0.1253 0.8622
vn -0.1447 -0.0376 0.9888
vn -0.4908 -0.1253 0.8622
vn -0.5117 -0.0346 0.8585
vn -0.8516 -0.0620 0.5205
vn -0.8516 -0.0620 0.5205
vn -0.8131 -0.2132 0.5417
vn -0.4908 -0.1253 0.8622
vn -0.4908 -0.1253 0.8622
vn -0.8131 -0.2132 0.5417
vn -0.7523 -0.3750 0.5417
vn -0.7523 -0.3750 0.5417
vn -0.4519 -0.2289 0.8622
vn -0.4908 -0.1253 0.8622
vn 0.8462 0.0742 -0.5278
vn 0.9740 0.0991 -0.2037
vn 0.9541 0.2511 -0.1630
vn 0.9541 0.2511 -0.1630
vn 0.8076 0.2237 -0.5456
vn 0.8462 0.0742 -0.5278
vn 0.8076 0.2237 -0.5456
vn 0.9541 0.2511 -0.1630
vn 0.8834 0.4393 -0.1630
vn 0.8834 0.4393 -0.1630
vn 0.7551 0.3634 -0.5456
vn 0.8076 0.2237 -0.5456
vn 0.8834 0.4393 -0.1630
vn 0.7983 0.5667 -0.2038
vn 0.6857 0.5012 -0.5278
vn 0.6857 0.5012 -0.5278
vn 0.7551 0.3634 -0.5456
vn 0.8834 0.4393 -0.1630
vn 0.7551 0.3634 -0.5456
vn 0.6857 0.5012 -0.5278
vn 0.4008 0.2897 -0.8692
vn 0.4008 0.2897 -0.8692
vn 0.4439 0.2131 -0.8704
vn 0.7551 0.3634 -0.5456
vn 0.4439 0.2131 -0.8704
vn 0.4008 0.2897 -0.8692
vn 0.1594 0.1173 -0.9802
vn 0.1594 0.1173 -0.9802
vn 0.1207 0.0597 -0.9909
vn 0.4439 0.2131 -0.8704
vn 0.4439 0.2131 -0.8704
vn 0.1207 0.0597 -0.9909
vn 0.1302 0.0346 -0.9909
vn 0.1302 0.0346 -0.9909
vn 0.4744 0.1319 -0.8704
vn 0.4439 0.2131 -0.8704
vn 0.4744 0.1319 -0.8704
vn 0.1302 0.0346 -0.9909
vn 0.1972 0.0166 -0.9802
vn 0.1972 0.0166 -0.9802
vn 0.4923 0.0458 -0.8692
vn 0.4744 0.1319 -0.8704
vn 0.8076 0.2237 -0.5456
vn 0.4744 0.1319 -0.8704
vn 0.4923 0.0458 -0.8692
vn 0.4923 0.0458 -0.8692
vn 0.8462 0.0742 -0.5278
vn 0.8076 0.2237 -0.5456
vn 0.4744 0.1319 -0.8704
vn 0.8076 0.2237 -0.5456
vn 0.7551 0.3634 -0.5456
vn 0.7551 0.3634 -0.5456
vn 0.4439 0.2131 -0.8704
vn 0.4744 0.1319 -0.8704
vn 0.9541 0.2511 0.1630
vn 0.9740 0.0992 0.2038
vn 0.8462 0.0742 0.5277
vn 0.8462 0.0742 0.5277
vn 0.8076 0.2237 0.5456
vn 0.9541 0.2511 0.1630
vn 0.8076 0.2237 0.5456
vn 0.8462 0.0742 0.5277
vn 0.4924 0.0457 0.8692
vn 0.4924 0.0457 0.8692
vn 0.4744 0.1319 0.8704
vn 0.8076 0.2237 0.5456
vn 0.4744 0.1319 0.8704
vn 0.4924 0.0457 0.8692
vn 0.1971 0.0165 0.9802
vn 0.1971 0.0165 0.9802
vn 0.1302 0.0346 0.9909
vn 0.4744 0.1319 0.8704
vn 0.4744 0.1319 0.8704
vn 0.1302 0.0346 0.9909
vn 0.1207 0.0597 0.9909
vn 0.1207 0.0597 0.9909
vn 0.4439 0.2131 0.8704
vn 0.4744 0.1319 0.8704
vn 0.4439 0.2131 0.8704
vn 0.1207 0.0597 0.9909
vn 0.1594 0.1173 0.9802
vn 0.1594 0.1173 0.9802
vn 0.4008 0.2897 0.8692
vn 0.4439 0.2131 0.8704
vn 0.7551 0.3634 0.5456
vn 0.4439 0.2131 0.8704
vn 0.4008 0.2897 0.8692
vn 0.4008 0.2897 0.8692
vn 0.6857 0.5012 0.5278
vn 0.7551 0.3634 0.5456
vn 0.6857 0.5012 0.5278
vn 0.7983 0.5667 0.2038
vn 0.8834 0.4393 0.1630
vn 0.8834 0.4393 0.1630
vn 0.7551 0.3634 0.5456
vn 0.6857 0.5012 0.5278
vn 0.7551 0.3634 0.5456
vn 0.8834 0.4393 0.1630
vn 0.9541 0.2511 0.1630
vn 0.9541 0.2511 0.1630
vn 0.8076 0.2237 0.5456
vn 0.7551 0.3634 0.5456
vn 0.7551 0.3634 0.5456
vn 0.8076 0.2237 0.5456
vn 0.4744 0.1319 0.8704
vn 0.4744 0.1319 0.8704
vn 0.4439 0.2131 0.8704
vn 0.7551 0.3634 0.5456
vn -0.5545 -0.7094 0.4351
vn -0.1730 -0.8429 0.5096
vn -0.2145 -0.7372 0.6407
vn -0.2145 -0.7372 0.6407
vn -0.5256 -0.6114 0.5915
vn -0.5545 -0.7094 0.4351
vn -0.8668 -0.4227 0.2645
vn -0.5545 -0.7094 0.4351
vn -0.5256 -0.6114 0.5915
vn -0.5256 -0.6114 0.5915
vn -0.8596 -0.3649 0.3577
vn -0.8668 -0.4227 0.2645
vn -0.8596 -0.3649 0.3577
vn -0.9828 -0.1320 0.1291
vn -0.9890 -0.1255 0.0779
vn -0.9890 -0.1255 0.0779
vn -0.8668 -0.4227 0.2645
vn -0.8596 -0.3649 0.3577
vn -0.8668 -0.4227 0.2645
vn -0.9890 -0.1255 0.0779
vn -0.9890 -0.1413 0.0432
vn -0.9890 -0.1413 0.0432
vn -0.8668 -0.4774 0.1440
vn -0.8668 -0.4227 0.2645
vn -0.9890 -0.1413 0.0432
vn -0.9828 -0.1841 0.0143
vn -0.8596 -0.5094 0.0391
vn -0.8596 -0.5094 0.0391
vn -0.8668 -0.4774 0.1440
vn -0.9890 -0.1413 0.0432
vn -0.8668 -0.4774 0.1440
vn -0.8596 -0.5094 0.0391
vn -0.5256 -0.8478 0.0706
vn -0.5256 -0.8478 0.0706
vn -0.5545 -0.7945 0.2474
vn -0.8668 -0.4774 0.1440
vn -0.5545 -0.7945 0.2474
vn -0.5256 -0.8478 0.0706
vn -0.2145 -0.9676 0.1329
vn -0.2145 -0.9676 0.1329
vn -0.1730 -0.9385 0.2987
vn -0.5545 -0.7945 0.2474
vn -0.5545 -0.7945 0.2474
vn -0.1730 -0.9385 0.2987
vn -0.1730 -0.8429 0.5096
vn -0.1730 -0.8429 0.5096
vn -0.5545 -0.7094 0.4351
vn -0.5545 -0.7945 0.2474
vn -0.5545 -0.7945 0.2474
vn -0.5545 -0.7094 0.4351
vn -0.8668 -0.4227 0.2645
vn -0.8668 -0.4227 0.2645
vn -0.8668 -0.4774 0.1440
vn -0.5545 -0.7945 0.2474
vn 0.5545 -0.7094 0.4351
vn 0.5256 -0.6114 0.5915
vn 0.2145 -0.7372 0.6407
vn 0.2145 -0.7372 0.6407
vn 0.1730 -0.8429 0.5096
vn 0.5545 -0.7094 0.4351
vn 0.5545 -0.7094 0.4351
vn 0.1730 -0.8429 0.5096
vn 0.1730 -0.9385 0.2987
vn 0.1730 -0.9385 0.2987
vn 0.5545 -0.7945 0.2474
vn 0.5545 -0.7094 0.4351
vn 0.5545 -0.7945 0.2474
vn 0.1730 -0.9385 0.2987
vn 0.2145 -0.9676 0.1329
vn 0.2145 -0.9676 0.1329
vn 0.5256 -0.8478 0.0706
vn 0.5545 -0.7945 0.2474
vn 0.8668 -0.4774 0.1440
vn 0.5545 -0.7945 0.2474
vn 0.5256 -0.8478 0.0706
vn 0.5256 -0.8478 0.0706
vn 0.8596 -0.5094 0.0391
vn 0.8668 -0.4774 0.1440
vn 0.8596 -0.5094 0.0391
vn 0.9828 -0.1841 0.0143
vn 0.9890 -0.1413 0.0432
vn 0.9890 -0.1413 0.0432
vn 0.8668 -0.4774 0.1440
vn 0.8596 -0.5094 0.0391
vn 0.8668 -0.4774 0.1440
vn 0.9890 -0.1413 0.0432
vn 0.9890 -0.1255 0.0779
vn 0.9890 -0.1255 0.0779
vn 0.8668 -0.4227 0.2645
vn 0.8668 -0.4774 0.1440
vn 0.9890 -0.1255 0.0779
vn 0.9828 -0.1320 0.1291
vn 0.8596 -0.3649 0.3577
vn 0.8596 -0.3649 0.3577
vn 0.8668 -0.4227 0.2645
vn 0.9890 -0.1255 0.0779
vn 0.8668 -0.4227 0.2645
vn 0.8596 -0.3649 0.3577
vn 0.5256 -0.6114 0.5915
vn 0.5256 -0.6114 0.5915
vn 0.5545 -0.7094 0.4351
vn 0.8668 -0.4227 0.2645
vn 0.8668 -0.4227 0.2645
vn 0.5545 -0.7094 0.4351
vn 0.5545 -0.7945 0.2474
vn 0.5545 -0.7945 0.2474
vn 0.8668 -0.4774 0.1440
vn 0.8668 -0.4227 0.2645
vn -0.5322 0.6199 -0.5766
vn -0.2066 0.7261 -0.6558
vn -0.1677 0.8413 -0.5139
vn -0.1677 0.8413 -0.5139
vn -0.5540 0.7173 -0.4227
vn -0.5322 0.6199 -0.5766
vn -0.5540 0.7173 -0.4227
vn -0.1677 0.8413 -0.5139
vn -0.1677 0.9407 -0.2948
vn -0.1677 0.9407 -0.2948
vn -0.5540 0.7904 -0.2615
vn -0.5540 0.7173 -0.4227
vn -0.1677 0.9407 -0.2948
vn -0.1557 0.9840 -0.0864
vn -0.5322 0.8421 -0.0869
vn -0.5322 0.8421 -0.0869
vn -0.5540 0.7904 -0.2615
vn -0.1677 0.9407 -0.2948
vn -0.5540 0.7904 -0.2615
vn -0.5322 0.8421 -0.0869
vn -0.8716 0.4873 -0.0537
vn -0.8716 0.4873 -0.0537
vn -0.8744 0.4605 -0.1526
vn -0.5540 0.7904 -0.2615
vn -0.8744 0.4605 -0.1526
vn -0.8716 0.4873 -0.0537
vn -0.9802 0.1970 -0.0198
vn -0.9802 0.1970 -0.0198
vn -0.9914 0.1249 -0.0396
vn -0.8744 0.4605 -0.1526
vn -0.8744 0.4605 -0.1526
vn -0.9914 0.1249 -0.0396
vn -0.9914 0.1120 -0.0680
vn -0.9914 0.1120 -0.0680
vn -0.8744 0.4181 -0.2460
vn -0.8744 0.4605 -0.1526
vn -0.8744 0.4181 -0.2460
vn -0.9914 0.1120 -0.0680
vn -0.9802 0.1447 -0.1352
vn -0.9802 0.1447 -0.1352
vn -0.8716 0.3612 -0.3314
vn -0.8744 0.4181 -0.2460
vn -0.5540 0.7173 -0.4227
vn -0.8744 0.4181 -0.2460
vn -0.8716 0.3612 -0.3314
vn -0.8716 0.3612 -0.3314
vn -0.5322 0.6199 -0.5766
vn -0.5540 0.7173 -0.4227
vn -0.8744 0.4181 -0.2460
vn -0.5540 0.7173 -0.4227
vn -0.5540 0.7904 -0.2615
vn -0.5540 0.7904 -0.2615
vn -0.8744 0.4605 -0.1526
vn -0.8744 0.4181 -0.2460
vn 0.1677 0.8413 -0.5139
vn 0.2066 0.7261 -0.6558
vn 0.5322 0.6199 -0.5766
vn 0.5322 0.6199 -0.5766
vn 0.5540 0.7172 -0.4227
vn 0.1677 0.8413 -0.5139
vn 0.5540 0.7172 -0.4227
vn 0.5322 0.6199 -0.5766
vn 0.8716 0.3612 -0.3314
vn 0.8716 0.3612 -0.3314
vn 0.8744 0.4181 -0.2460
vn 0.5540 0.7172 -0.4227
vn 0.8744 0.4181 -0.2460
vn 0.8716 0.3612 -0.3314
vn 0.9802 0.1447 -0.1352
vn 0.9802 0.1447 -0.1352
vn 0.9914 0.1120 -0.0680
vn 0.8744 0.4181 -0.2460
vn 0.8744 0.4181 -0.2460
vn 0.9914 0.1120 -0.0680
vn 0.9914 0.1249 -0.0396
vn 0.9914 0.1249 -0.0396
vn 0.8745 0.4605 -0.1526
vn 0.8744 0.4181 -0.2460
vn 0.8745 0.4605 -0.1526
vn 0.9914 0.1249 -0.0396
vn 0.9802 0.1970 -0.0198
vn 0.9802 0.1970 -0.0198
vn 0.8716 0.4873 -0.0537
vn 0.8745 0.4605 -0.1526
vn 0.5540 0.7904 -0.2615
vn 0.8745 0.4605 -0.1526
vn 0.8716 0.4873 -0.0537
vn 0.8716 0.4873 -0.0537
vn 0.5322 0.8421 -0.0869
vn 0.5540 0.7904 -0.2615
vn 0.5322 0.8421 -0.0869
vn 0.1557 0.9840 -0.0864
vn 0.1677 0.9407 -0.2948
vn 0.1677 0.9407 -0.2948
vn 0.5540 0.7904 -0.2615
vn 0.5322 0.8421 -0.0869
vn 0.5540 0.7904 -0.2615
vn 0.1677 0.9407 -0.2948
vn 0.1677 0.8413 -0.5139
vn 0.1677 0.8413 -0.5139
vn 0.5540 0.7172 -0.4227
vn 0.5540 0.7904 -0.2615
vn 0.5540 0.7904 -0.2615
vn 0.5540 0.7172 -0.4227
vn 0.8744 0.4181 -0.2460
vn 0.8744 0.4181 -0.2460
vn 0.8745 0.4605 -0.1526
vn 0.5540 0.7904 -0.2615
vn -0.5417 -0.2132 0.8131
vn -0.1649 -0.2542 0.9530
vn -0.2083 -0.1128 0.9715
vn -0.2083 -0.1128 0.9715
vn -0.5205 -0.0619 0.8516
vn -0.5417 -0.2132 0.8131
vn -0.8622 -0.1253 0.4908
vn -0.5417 -0.2132 0.8131
vn -0.5205 -0.0619 0.8516
vn -0.5205 -0.0619 0.8516
vn -0.8584 -0.0347 0.5117
vn -0.8622 -0.1253 0.4908
vn -0.8584 -0.0347 0.5117
vn -0.9824 -0.0131 0.1863
vn -0.9888 -0.0376 0.1447
vn -0.9888 -0.0376 0.1447
vn -0.8622 -0.1253 0.4908
vn -0.8584 -0.0347 0.5117
vn -0.8622 -0.1253 0.4908
vn -0.9888 -0.0376 0.1447
vn -0.9888 -0.0670 0.1336
vn -0.9888 -0.0670 0.1336
vn -0.8622 -0.2290 0.4519
vn -0.8622 -0.1253 0.4908
vn -0.9888 -0.0670 0.1336
vn -0.9824 -0.1130 0.1488
vn -0.8584 -0.3111 0.4079
vn -0.8584 -0.3111 0.4079
vn -0.8622 -0.2290 0.4519
vn -0.9888 -0.0670 0.1336
vn -0.8622 -0.2290 0.4519
vn -0.8584 -0.3111 0.4079
vn -0.5205 -0.5142 0.6816
vn -0.5205 -0.5142 0.6816
vn -0.5417 -0.3750 0.7523
vn -0.8622 -0.2290 0.4519
vn -0.5417 -0.3750 0.7523
vn -0.5205 -0.5142 0.6816
vn -0.2083 -0.5549 0.8054
vn -0.2083 -0.5549 0.8054
vn -0.1649 -0.4363 0.8846
vn -0.5417 -0.3750 0.7523
vn -0.5417 -0.3750 0.7523
vn -0.1649 -0.4363 0.8846
vn -0.1649 -0.2542 0.9530
vn -0.1649 -0.2542 0.9530
vn -0.5417 -0.2132 0.8131
vn -0.5417 -0.3750 0.7523
vn -0.5417 -0.3750 0.7523
vn -0.5417 -0.2132 0.8131
vn -0.8622 -0.1253 0.4908
vn -0.8622 -0.1253 0.4908
vn -0.8622 -0.2290 0.4519
vn -0.5417 -0.3750 0.7523
vn 0.5417 -0.2132 0.8131
vn 0.5205 -0.0620 0.8516
vn 0.2082 -0.1129 0.9715
vn 0.2082 -0.1129 0.9715
vn 0.1649 -0.2542 0.9530
vn 0.5417 -0.2132 0.8131
vn 0.5417 -0.2132 0.8131
vn 0.1649 -0.2542 0.9530
vn 0.1649 -0.4363 0.8846
vn 0.1649 -0.4363 0.8846
vn 0.5417 -0.3750 0.7523
vn 0.5417 -0.2132 0.8131
vn 0.5417 -0.3750 0.7523
vn 0.1649 -0.4363 0.8846
vn 0.2083 -0.5549 0.8054
vn 0.2083 -0.5549 0.8054
vn 0.5205 -0.5142 0.6816
vn 0.5417 -0.3750 0.7523
vn 0.8622 -0.2289 0.4519
vn 0.5417 -0.3750 0.7523
vn 0.5205 -0.5142 0.6816
vn 0.5205 -0.5142 0.6816
vn 0.8584 -0.3111 0.4079
vn 0.8622 -0.2289 0.4519
vn 0.8584 -0.3111 0.4079
vn 0.9824 -0.1130 0.1488
vn 0.9888 -0.0670 0.1336
vn 0.9888 -0.0670 0.1336
vn 0.8622 -0.2289 0.4519
vn 0.8584 -0.3111 0.4079
vn 0.8622 -0.2289 0.4519
vn 0.9888 -0.0670 0.1336
vn 0.9888 -0.0376 0.1447
vn 0.9888 -0.0376 0.1447
vn 0.8622 -0.1253 0.4908
vn 0.8622 -0.2289 0.4519
vn 0.9888 -0.0376 0.1447
vn 0.9824 -0.0130 0.1864
vn 0.8585 -0.0346 0.5117
vn 0.8585 -0.0346 0.5117
vn 0.8622 -0.1253 0.4908
vn 0.9888 -0.0376 0.1447
vn 0.8622 -0.1253 0.4908
vn 0.8585 -0.0346 0.5117
vn 0.5205 -0.0620 0.8516
vn 0.5205 -0.0620 0.8516
vn 0.5417 -0.2132 0.8131
vn 0.8622 -0.1253 0.4908
vn 0.8622 -0.1253 0.4908
vn 0.5417 -0.2132 0.8131
vn 0.5417 -0.3750 0.7523
vn 0.5417 -0.3750 0.7523
vn 0.8622 -0.2289 0.4519
vn 0.8622 -0.1253 0.4908
vn -0.5278 0.0742 -0.8462
vn -0.2037 0.0991 -0.9740
vn -0.1630 0.2511 -0.9541
vn -0.1630 0.2511 -0.9541
vn -0.5456 0.2237 -0.8076
vn -0.5278 0.0742 -0.8462
vn -0.5456 0.2237 -0.8076
vn -0.1630 0.2511 -0.9541
vn -0.1630 0.4393 -0.8834
vn -0.1630 0.4393 -0.8834
vn -0.5456 0.3634 -0.7551
vn -0.5456 0.2237 -0.8076
vn -0.1630 0.4393 -0.8834
vn -0.2038 0.5667 -0.7983
vn -0.5278 0.5012 -0.6857
vn -0.5278 0.5012 -0.6857
vn -0.5456 0.3634 -0.7551
vn -0.1630 0.4393 -0.8834
vn -0.5456 0.3634 -0.7551
vn -0.5278 0.5012 -0.6857
vn -0.8692 0.2897 -0.4008
vn -0.8692 0.2897 -0.4008
vn -0.8704 0.2131 -0.4439
vn -0.5456 0.3634 -0.7551
vn -0.8704 0.2131 -0.4439
vn -0.8692 0.2897 -0.4008
vn -0.9802 0.1173 -0.1594
vn -0.9802 0.1173 -0.1594
vn -0.9909 0.0597 -0.1207
vn -0.8704 0.2131 -0.4439
vn -0.8704 0.2131 -0.4439
vn -0.9909 0.0597 -0.1207
vn -0.9909 0.0346 -0.1302
vn -0.9909 0.0346 -0.1302
vn -0.8704 0.1319 -0.4744
vn -0.8704 0.2131 -0.4439
vn -0.8704 0.1319 -0.4744
vn -0.9909 0.0346 -0.1302
vn -0.9802 0.0166 -0.1972
vn -0.9802 0.0166 -0.1972
vn -0.8692 0.0458 -0.4923
vn -0.8704 0.1319 -0.4744
vn -0.5456 0.2237 -0.8076
vn -0.8704 0.1319 -0.4744
vn -0.8692 0.0458 -0.4923
vn -0.8692 0.0458 -0.4923
vn -0.5278 0.0742 -0.8462
vn -0.5456 0.2237 -0.8076
vn -0.8704 0.1319 -0.4744
vn -0.5456 0.2237 -0.8076
vn -0.5456 0.3634 -0.7551
vn -0.5456 0.3634 -0.7551
vn -0.8704 0.2131 -0.4439
vn -0.8704 0.1319 -0.4744
vn 0.1630 0.2511 -0.9541
vn 0.2038 0.0992 -0.9740
vn 0.5277 0.0742 -0.8462
vn 0.5277 0.0742 -0.8462
vn 0.5456 0.2237 -0.8076
vn 0.1630 0.2511 -0.9541
vn 0.5456 0.2237 -0.8076
vn 0.5277 0.0742 -0.8462
vn 0.8692 0.0457 -0.4924
vn 0.8692 0.0457 -0.4924
vn 0.8704 0.1319 -0.4744
vn 0.5456 0.2237 -0.8076
vn 0.8704 0.1319 -0.4744
vn 0.8692 0.0457 -0.4924
vn 0.9802 0.0165 -0.1971
vn 0.9802 0.0165 -0.1971
vn 0.9909 0.0346 -0.1302
vn 0.8704 0.1319 -0.4744
vn 0.8704 0.1319 -0.4744
vn 0.9909 0.0346 -0.1302
vn 0.9909 0.0597 -0.1207
vn 0.9909 0.0597 -0.1207
vn 0.8704 0.2132 -0.4439
vn 0.8704 0.1319 -0.4744
vn 0.8704 0.2132 -0.4439
vn 0.9909 0.0597 -0.1207
vn 0.9802 0.1173 -0.1594
vn 0.9802 0.1173 -0.1594
vn 0.8692 0.2897 -0.4008
vn 0.8704 0.2132 -0.4439
vn 0.5456 0.3635 -0.7551
vn 0.8704 0.2132 -0.4439
vn 0.8692 0.2897 -0.4008
vn 0.8692 0.2897 -0.4008
vn 0.5278 0.5012 -0.6857
vn 0.5456 0.3635 -0.7551
vn 0.5278 0.5012 -0.6857
vn 0.2038 0.5667 -0.7983
vn 0.1630 0.4393 -0.8834
vn 0.1630 0.4393 -0.8834
vn 0.5456 0.3635 -0.7551
vn 0.5278 0.5012 -0.6857
vn 0.5456 0.3635 -0.7551
vn 0.1630 0.4393 -0.8834
vn 0.1630 0.2511 -0.9541
vn 0.1630 0.2511 -0.9541
vn 0.5456 0.2237 -0.8076
vn 0.5456 0.3635 -0.7551
vn 0.5456 0.3635 -0.7551
vn 0.5456 0.2237 -0.8076
vn 0.8704 0.1319 -0.4744
vn 0.8704 0.1319 -0.4744
vn 0.8704 0.2132 -0.4439
vn 0.5456 0.3635 -0.7551
vn -0.5545 -0.7094 -0.4351
vn -0.5256 -0.6114 -0.5915
vn -0.2145 -0.7372 -0.6407
vn -0.2145 -0.7372 -0.6407
vn -0.1730 -0.8429 -0.5096
vn -0.5545 -0.7094 -0.4351
vn -0.5545 -0.7094 -0.4351
vn -0.1730 -0.8429 -0.5096
vn -0.1730 -0.9385 -0.2987
vn -0.1730 -0.9385 -0.2987
vn -0.5545 -0.7945 -0.2474
vn -0.5545 -0.7094 -0.4351
vn -0.5545 -0.7945 -0.2474
vn -0.1730 -0.9385 -0.2987
vn -0.2145 -0.9676 -0.1329
vn -0.2145 -0.9676 -0.1329
vn -0.5256 -0.8478 -0.0706
vn -0.5545 -0.7945 -0.2474
vn -0.8668 -0.4774 -0.1440
vn -0.5545 -0.7945 -0.2474
vn -0.5256 -0.8478 -0.0706
vn -0.5256 -0.8478 -0.0706
vn -0.8596 -0.5094 -0.0391
vn -0.8668 -0.4774 -0.1440
vn -0.8596 -0.5094 -0.0391
vn -0.9828 -0.1841 -0.0143
vn -0.9890 -0.1413 -0.0432
vn -0.9890 -0.1413 -0.0432
vn -0.8668 -0.4774 -0.1440
vn -0.8596 -0.5094 -0.0391
vn -0.8668 -0.4774 -0.1440
vn -0.9890 -0.1413 -0.0432
vn -0.9890 -0.1255 -0.0779
vn -0.9890 -0.1255 -0.0779
vn -0.8668 -0.4227 -0.2645
vn -0.8668 -0.4774 -0.1440
vn -0.9890 -0.1255 -0.0779
vn -0.9828 -0.1320 -0.1291
vn -0.8596 -0.3649 -0.3577
vn -0.8596 -0.3649 -0.3577
vn -0.8668 -0.4227 -0.2645
vn -0.9890 -0.1255 -0.0779
vn -0.8668 -0.4227 -0.2645
vn -0.8596 -0.3649 -0.3577
vn -0.5256 -0.6114 -0.5915
vn -0.5256 -0.6114 -0.5915
vn -0.5545 -0.7094 -0.4351
vn -0.8668 -0.4227 -0.2645
vn -0.8668 -0.4227 -0.2645
vn -0.5545 -0.7094 -0.4351
vn -0.5545 -0.7945 -0.2474
vn -0.5545 -0.7945 -0.2474
vn -0.8668 -0.4774 -0.1440
vn -0.8668 -0.4227 -0.2645
vn 0.5545 -0.7094 -0.4351
vn 0.1730 -0.8429 -0.5096
vn 0.2145 -0.7372 -0.6407
vn 0.2145 -0.7372 -0.6407
vn 0.5256 -0.6114 -0.5915
vn 0.5545 -0.7094 -0.4351
vn 0.8668 -0.4227 -0.2645
vn 0.5545 -0.7094 -0.4351
vn 0.5256 -0.6114 -0.5915
vn 0.5256 -0.6114 -0.5915
vn 0.8596 -0.3649 -0.3577
vn 0.8668 -0.4227 -0.2645
vn 0.8596 -0.3649 -0.3577
vn 0.9828 -0.1320 -0.1291
vn 0.9890 -0.1255 -0.0779
vn 0.9890 -0.1255 -0.0779
vn 0.8668 -0.4227 -0.2645
vn 0.8596 -0.3649 -0.3577
vn 0.8668 -0.4227 -0.2645
vn 0.9890 -0.1255 -0.0779
vn 0.9890 -0.1413 -0.0432
vn 0.9890 -0.1413 -0.0432
vn 0.8668 -0.4774 -0.1440
vn 0.8668 -0.4227 -0.2645
vn 0.9890 -0.1413 -0.0432
vn 0.9885 -0.1506 -0.0117
vn 0.8596 -0.5094 -0.0391
vn 0.8596 -0.5094 -0.0391
vn 0.8668 -0.4774 -0.1440
vn 0.9890 -0.1413 -0.0432
vn 0.8668 -0.4774 -0.1440
vn 0.8596 -0.5094 -0.0391
vn 0.5256 -0.8478 -0.0706
vn 0.5256 -0.8478 -0.0706
vn 0.5545 -0.7945 -0.2474
vn 0.8668 -0.4774 -0.1440
vn 0.5545 -0.7945 -0.2474
vn 0.5256 -0.8478 -0.0706
vn 0.2145 -0.9676 -0.1329
vn 0.2145 -0.9676 -0.1329
vn 0.1730 -0.9385 -0.2987
vn 0.5545 -0.7945 -0.2474
vn 0.5545 -0.7945 -0.2474
vn 0.1730 -0.9385 -0.2987
vn 0.1730 -0.8429 -0.5096
vn 0.1730 -0.8429 -0.5096
vn 0.5545 -0.7094 -0.4351
vn 0.5545 -0.7945 -0.2474
vn 0.5545 -0.7945 -0.2474
vn 0.5545 -0.7094 -0.4351
vn 0.8668 -0.4227 -0.2645
vn 0.8668 -0.4227 -0.2645
vn 0.8668 -0.4774 -0.1440
vn 0.5545 -0.7945 -0.2474
vn -0.1677 0.8413 0.5139
vn -0.2066 0.7261 0.6558
vn -0.5322 0.6199 0.5766
vn -0.5322 0.6199 0.5766
vn -0.5540 0.7172 0.4227
vn -0.1677 0.8413 0.5139
vn -0.5540 0.7172 0.4227
vn -0.5322 0.6199 0.5766
vn -0.8716 0.3612 0.3314
vn -0.8716 0.3612 0.3314
vn -0.8744 0.4181 0.2460
vn -0.5540 0.7172 0.4227
vn -0.8744 0.4181 0.2460
vn -0.8716 0.3612 0.3314
vn -0.9802 0.1447 0.1352
vn -0.9802 0.1447 0.1352
vn -0.9914 0.1120 0.0680
vn -0.8744 0.4181 0.2460
vn -0.8744 0.4181 0.2460
vn -0.9914 0.1120 0.0680
vn -0.9914 0.1249 0.0396
vn -0.9914 0.1249 0.0396
vn -0.8745 0.4605 0.1526
vn -0.8744 0.4181 0.2460
vn -0.8745 0.4605 0.1526
vn -0.9914 0.1249 0.0396
vn -0.9802 0.1970 0.0198
vn -0.9802 0.1970 0.0198
vn -0.8716 0.4873 0.0537
vn -0.8745 0.4605 0.1526
vn -0.5540 0.7904 0.2615
vn -0.8745 0.4605 0.1526
vn -0.8716 0.4873 0.0537
vn -0.8716 0.4873 0.0537
vn -0.5322 0.8421 0.0869
vn -0.5540 0.7904 0.2615
vn -0.5322 0.8421 0.0869
vn -0.1557 0.9840 0.0864
vn -0.1677 0.9407 0.2948
vn -0.1677 0.9407 0.2948
vn -0.5540 0.7904 0.2615
vn -0.5322 0.8421 0.0869
vn -0.5540 0.7904 0.2615
vn -0.1677 0.9407 0.2948
vn -0.1677 0.8413 0.5139
vn -0.1677 0.8413 0.5139
vn -0.5540 0.7172 0.4227
vn -0.5540 0.7904 0.2615
vn -0.5540 0.7904 0.2615
vn -0.5540 0.7172 0.4227
vn -0.8744 0.4181 0.2460
vn -0.8744 0.4181 0.2460
vn -0.8745 0.4605 0.1526
vn -0.5540 0.7904 0.2615
vn 0.5322 0.6199 0.5766
vn 0.2066 0.7261 0.6558
vn 0.1677 0.8413 0.5139
vn 0.1677 0.8413 0.5139
vn 0.5540 0.7172 0.4227
vn 0.5322 0.6199 0.5766
vn 0.5540 0.7172 0.4227
vn 0.1677 0.8413 0.5139
vn 0.1677 0.9407 0.2948
vn 0.1677 0.9407 0.2948
vn 0.5540 0.7904 0.2615
vn 0.5540 0.7172 0.4227
vn 0.1677 0.9407 0.2948
vn 0.1557 0.9840 0.0864
vn 0.5322 0.8421 0.0869
vn 0.5322 0.8421 0.0869
vn 0.5540 0.7904 0.2615
vn 0.1677 0.9407 0.2948
vn 0.5540 0.7904 0.2615
vn 0.5322 0.8421 0.0869
vn 0.8716 0.4872 0.0537
vn 0.8716 0.4872 0.0537
vn 0.8744 0.4605 0.1526
vn 0.5540 0.7904 0.2615
vn 0.8744 0.4605 0.1526
vn 0.8716 0.4872 0.0537
vn 0.9908 0.1347 0.0136
vn 0.9908 0.1347 0.0136
vn 0.9914 0.1249 0.0396
vn 0.8744 0.4605 0.1526
vn 0.8744 0.4605 0.1526
vn 0.9914 0.1249 0.0396
vn 0.9914 0.1120 0.0680
vn 0.9914 0.1120 0.0680
vn 0.8744 0.4181 0.2460
vn 0.8744 0.4605 0.1526
vn 0.8744 0.4181 0.2460
vn 0.9914 0.1120 0.0680
vn 0.9802 0.1447 0.1352
vn 0.9802 0.1447 0.1352
vn 0.8716 0.3612 0.3314
vn 0.8744 0.4181 0.2460
vn 0.5540 0.7172 0.4227
vn 0.8744 0.4181 0.2460
vn 0.8716 0.3612 0.3314
vn 0.8716 0.3612 0.3314
vn 0.5322 0.6199 0.5766
vn 0.5540 0.7172 0.4227
vn 0.8744 0.4181 0.2460
vn 0.5540 0.7172 0.4227
vn 0.5540 0.7904 0.2615
vn 0.5540 0.7904 0.2615
vn 0.8744 0.4605 0.1526
vn 0.8744 0.4181 0.2460
vn -0.5417 -0.2132 -0.8131
vn -0.5205 -0.0620 -0.8516
vn -0.2082 -0.1129 -0.9715
vn -0.2082 -0.1129 -0.9715
vn -0.1649 -0.2542 -0.9530
vn -0.5417 -0.2132 -0.8131
vn -0.5417 -0.2132 -0.8131
vn -0.1649 -0.2542 -0.9530
vn -0.1649 -0.4363 -0.8846
vn -0.1649 -0.4363 -0.8846
vn -0.5417 -0.3750 -0.7523
vn -0.5417 -0.2132 -0.8131
vn -0.5417 -0.3750 -0.7523
vn -0.1649 -0.4363 -0.8846
vn -0.2083 -0.5549 -0.8054
vn -0.2083 -0.5549 -0.8054
vn -0.5205 -0.5142 -0.6816
vn -0.5417 -0.3750 -0.7523
vn -0.8622 -0.2290 -0.4519
vn -0.5417 -0.3750 -0.7523
vn -0.5205 -0.5142 -0.6816
vn -0.5205 -0.5142 -0.6816
vn -0.8584 -0.3111 -0.4079
vn -0.8622 -0.2290 -0.4519
vn -0.8584 -0.3111 -0.4079
vn -0.9824 -0.1130 -0.1488
vn -0.9888 -0.0670 -0.1336
vn -0.9888 -0.0670 -0.1336
vn -0.8622 -0.2290 -0.4519
vn -0.8584 -0.3111 -0.4079
vn -0.8622 -0.2290 -0.4519
vn -0.9888 -0.0670 -0.1336
vn -0.9888 -0.0376 -0.1447
vn -0.9888 -0.0376 -0.1447
vn -0.8622 -0.1253 -0.4908
vn -0.8622 -0.2290 -0.4519
vn -0.9888 -0.0376 -0.1447
vn -0.9824 -0.0129 -0.1864
vn -0.8585 -0.0346 -0.5117
vn -0.8585 -0.0346 -0.5117
vn -0.8622 -0.1253 -0.4908
vn -0.9888 -0.0376 -0.1447
vn -0.8622 -0.1253 -0.4908
vn -0.8585 -0.0346 -0.5117
vn -0.5205 -0.0620 -0.8516
vn -0.5205 -0.0620 -0.8516
vn -0.5417 -0.2132 -0.8131
vn -0.8622 -0.1253 -0.4908
vn -0.8622 -0.1253 -0.4908
vn -0.5417 -0.2132 -0.8131
vn -0.5417 -0.3750 -0.7523
vn -0.5417 -0.3750 -0.7523
vn -0.8622 -0.2290 -0.4519
vn -0.8622 -0.1253 -0.4908
vn 0.5417 -0.2132 -0.8131
vn 0.1649 -0.2542 -0.9530
vn 0.2083 -0.1128 -0.9715
vn 0.2083 -0.1128 -0.9715
vn 0.5205 -0.0619 -0.8516
vn 0.5417 -0.2132 -0.8131
vn 0.8622 -0.1253 -0.4908
vn 0.5417 -0.2132 -0.8131
vn 0.5205 -0.0619 -0.8516
vn 0.5205 -0.0619 -0.8516
vn 0.8584 -0.0347 -0.5117
vn 0.8622 -0.1253 -0.4908
vn 0.8584 -0.0347 -0.5117
vn 0.9824 -0.0131 -0.1863
vn 0.9888 -0.0376 -0.1447
vn 0.9888 -0.0376 -0.1447
vn 0.8622 -0.1253 -0.4908
vn 0.8584 -0.0347 -0.5117
vn 0.8622 -0.1253 -0.4908
vn 0.9888 -0.0376 -0.1447
vn 0.9888 -0.0670 -0.1336
vn 0.9888 -0.0670 -0.1336
vn 0.8622 -0.2290 -0.4519
vn 0.8622 -0.1253 -0.4908
vn 0.9888 -0.0670 -0.1336
vn 0.9824 -0.1130 -0.1488
vn 0.8584 -0.3111 -0.4079
vn 0.8584 -0.3111 -0.4079
vn 0.8622 -0.2290 -0.4519
vn 0.9888 -0.0670 -0.1336
vn 0.8622 -0.2290 -0.4519
vn 0.8584 -0.3111 -0.4079
vn 0.5205 -0.5142 -0.6816
vn 0.5205 -0.5142 -0.6816
vn 0.5417 -0.3750 -0.7523
vn 0.8622 -0.2290 -0.4519
vn 0.5417 -0.3750 -0.7523
vn 0.5205 -0.5142 -0.6816
vn 0.2083 -0.5549 -0.8054
vn 0.2083 -0.5549 -0.8054
vn 0.1649 -0.4363 -0.8846
vn 0.5417 -0.3750 -0.7523
vn 0.5417 -0.3750 -0.7523
vn 0.1649 -0.4363 -0.8846
vn 0.1649 -0.2542 -0.9530
vn 0.1649 -0.2542 -0.9530
vn 0.5417 -0.2132 -0.8131
vn 0.5417 -0.3750 -0.7523
vn 0.5417 -0.3750 -0.7523
vn 0.5417 -0.2132 -0.8131
vn 0.8622 -0.1253 -0.4908
vn 0.8622 -0.1253 -0.4908
vn 0.8622 -0.2290 -0.4519
vn 0.5417 -0.3750 -0.7523
vn -0.1630 0.2511 0.9541
vn -0.2038 0.0993 0.9740
vn -0.5277 0.0742 0.8462
vn -0.5277 0.0742 0.8462
vn -0.5456 0.2237 0.8076
vn -0.1630 0.2511 0.9541
vn -0.5456 0.2237 0.8076
vn -0.5277 0.0742 0.8462
vn -0.8692 0.0457 0.4924
vn -0.8692 0.0457 0.4924
vn -0.8704 0.1319 0.4744
vn -0.5456 0.2237 0.8076
vn -0.8704 0.1319 0.4744
vn -0.8692 0.0457 0.4924
vn -0.9802 0.0165 0.1971
vn -0.9802 0.0165 0.1971
vn -0.9909 0.0346 0.1302
vn -0.8704 0.1319 0.4744
vn -0.8704 0.1319 0.4744
vn -0.9909 0.0346 0.1302
vn -0.9909 0.0597 0.1207
vn -0.9909 0.0597 0.1207
vn -0.8704 0.2131 0.4439
vn -0.8704 0.1319 0.4744
vn -0.8704 0.2131 0.4439
vn -0.9909 0.0597 0.1207
vn -0.9802 0.1173 0.1594
vn -0.9802 0.1173 0.1594
vn -0.8692 0.2897 0.4008
vn -0.8704 0.2131 0.4439
vn -0.5456 0.3634 0.7551
vn -0.8704 0.2131 0.4439
vn -0.8692 0.2897 0.4008
vn -0.8692 0.2897 0.4008
vn -0.5278 0.5012 0.6857
vn -0.5456 0.3634 0.7551
vn -0.5278 0.5012 0.6857
vn -0.2038 0.5667 0.7983
vn -0.1630 0.4393 0.8834
vn -0.1630 0.4393 0.8834
vn -0.5456 0.3634 0.7551
vn -0.5278 0.5012 0.6857
vn -0.5456 0.3634 0.7551
vn -0.1630 0.4393 0.8834
vn -0.1630 0.2511 0.9541
vn -0.1630 0.2511 0.9541
vn -0.5456 0.2237 0.8076
vn -0.5456 0.3634 0.7551
vn -0.5456 0.3634 0.7551
vn -0.5456 0.2237 0.8076
vn -0.8704 0.1319 0.4744
vn -0.8704 0.1319 0.4744
vn -0.8704 0.2131 0.4439
vn -0.5456 0.3634 0.7551
vn 0.5278 0.0742 0.8462
vn 0.2037 0.0991 0.9740
vn 0.1630 0.2511 0.9541
vn 0.1630 0.2511 0.9541
vn 0.5456 0.2237 0.8076
vn 0.5278 0.0742 0.8462
vn 0.5456 0.2237 0.8076
vn 0.1630 0.2511 0.9541
vn 0.1630 0.4393 0.8834
vn 0.1630 0.4393 0.8834
vn 0.5456 0.3634 0.7551
vn 0.5456 0.2237 0.8076
vn 0.1630 0.4393 0.8834
vn 0.2038 0.5667 0.7983
vn 0.5278 0.5012 0.6857
vn 0.5278 0.5012 0.6857
vn 0.5456 0.3634 0.7551
vn 0.1630 0.4393 0.8834
vn 0.5456 0.3634 0.7551
vn 0.5278 0.5012 0.6857
vn 0.8692 0.2897 0.4008
vn 0.8692 0.2897 0.4008
vn 0.8704 0.2131 0.4439
vn 0.5456 0.3634 0.7551
vn 0.8704 0.2131 0.4439
vn 0.8692 0.2897 0.4008
vn 0.9802 0.1173 0.1594
vn 0.9802 0.1173 0.1594
vn 0.9909 0.0597 0.1207
vn 0.8704 0.2131 0.4439
vn 0.8704 0.2131 0.4439
vn 0.9909 0.0597 0.1207
vn 0.9909 0.0346 0.1302
vn 0.9909 0.0346 0.1302
vn 0.8704 0.1319 0.4744
vn 0.8704 0.2131 0.4439
vn 0.8704 0.1319 0.4744
vn 0.9909 0.0346 0.1302
vn 0.9802 0.0166 0.1972
vn 0.9802 0.0166 0.1972
vn 0.8692 0.0458 0.4923
vn 0.8704 0.1319 0.4744
vn 0.5456 0.2237 0.8076
vn 0.8704 0.1319 0.4744
vn 0.8692 0.0458 0.4923
vn 0.8692 0.0458 0.4923
vn 0.5278 0.0742 0.8462
vn 0.5456 0.2237 0.8076
vn 0.8704 0.1319 0.4744
vn 0.5456 0.2237 0.8076
vn 0.5456 0.3634 0.7551
vn 0.5456 0.3634 0.7551
vn 0.8704 0.2131 0.4439
vn 0.8704 0.1319 0.4744
vn 0.0706 -0.8478 -0.5256
vn 0.1329 -0.9676 -0.2145
vn -0.0000 -0.9808 -0.1948
vn -0.0000 -0.9808 -0.1948
vn 0.0369 -0.8669 -0.4971
vn 0.0706 -0.8478 -0.5256
vn 0.0391 -0.5094 -0.8596
vn 0.0706 -0.8478 -0.5256
vn 0.0369 -0.8669 -0.4971
vn 0.0369 -0.8669 -0.4971
vn 0.1096 -0.5307 -0.8404
vn 0.0391 -0.5094 -0.8596
vn 0.0143 -0.1841 -0.9828
vn 0.0391 -0.5094 -0.8596
vn 0.1096 -0.5307 -0.8404
vn 0.1096 -0.5307 -0.8404
vn 0.1942 -0.1942 -0.9616
vn 0.0143 -0.1841 -0.9828
vn 0.0078 -0.9929 -0.1189
vn -0.0000 -0.9808 -0.1948
vn -0.0000 -0.9808 0.1948
vn -0.0000 -0.9808 0.1948
vn 0.0078 -0.9929 0.1189
vn 0.0078 -0.9929 -0.1189
vn 0.0275 -0.9982 -0.0525
vn 0.0078 -0.9929 -0.1189
vn 0.0078 -0.9929 0.1189
vn 0.0078 -0.9929 0.1189
vn 0.0275 -0.9982 0.0525
vn 0.0275 -0.9982 -0.0525
vn 0.0000 -1.0000 -0.0000
vn 0.0275 -0.9982 -0.0525
vn 0.0275 -0.9982 0.0525
vn 0.0275 -0.9982 0.0525
vn 0.0000 -1.0000 -0.0000
vn 0.0000 -1.0000 -0.0000
vn 0.0706 -0.8478 0.5256
vn 0.0369 -0.8669 0.4971
vn -0.0000 -0.9808 0.1948
vn -0.0000 -0.9808 0.1948
vn 0.1329 -0.9676 0.2145
vn 0.0706 -0.8478 0.5256
vn 0.0391 -0.5094 0.8596
vn 0.1096 -0.5307 0.8404
vn 0.0369 -0.8669 0.4971
vn 0.0369 -0.8669 0.4971
vn 0.0706 -0.8478 0.5256
vn 0.0391 -0.5094 0.8596
vn 0.0143 -0.1841 0.9828
vn 0.1942 -0.1942 0.9616
vn 0.1096 -0.5307 0.8404
vn 0.1096 -0.5307 0.8404
vn 0.0391 -0.5094 0.8596
vn 0.0143 -0.1841 0.9828
vn 0.2987 -0.9385 0.1730
vn 0.1329 -0.9676 0.2145
vn 0.1329 -0.9676 -0.2145
vn 0.1329 -0.9676 -0.2145
vn 0.2987 -0.9385 -0.1730
vn 0.2987 -0.9385 0.1730
vn 0.5096 -0.8429 0.1730
vn 0.2987 -0.9385 0.1730
vn 0.2987 -0.9385 -0.1730
vn 0.2987 -0.9385 -0.1730
vn 0.5096 -0.8429 -0.1730
vn 0.5096 -0.8429 0.1730
vn 0.6407 -0.7372 0.2145
vn 0.5096 -0.8429 0.1730
vn 0.5096 -0.8429 -0.1730
vn 0.5096 -0.8429 -0.1730
vn 0.6407 -0.7372 -0.2145
vn 0.6407 -0.7372 0.2145
vn 0.0369 0.8669 -0.4971
vn 0.0000 0.9892 -0.1463
vn -0.0864 0.9840 -0.1557
vn -0.0864 0.9840 -0.1557
vn -0.0869 0.8421 -0.5322
vn 0.0369 0.8669 -0.4971
vn 0.1096 0.5307 -0.8404
vn 0.0369 0.8669 -0.4971
vn -0.0869 0.8421 -0.5322
vn -0.0869 0.8421 -0.5322
vn -0.0537 0.4872 -0.8716
vn 0.1096 0.5307 -0.8404
vn 0.1942 0.1942 -0.9616
vn 0.1096 0.5307 -0.8404
vn -0.0537 0.4872 -0.8716
vn -0.0537 0.4872 -0.8716
vn -0.0198 0.1970 -0.9802
vn 0.1942 0.1942 -0.9616
vn -0.2948 0.9407 -0.1677
vn -0.0864 0.9840 -0.1557
vn -0.0864 0.9840 0.1557
vn -0.0864 0.9840 0.1557
vn -0.2948 0.9407 0.1677
vn -0.2948 0.9407 -0.1677
vn -0.5139 0.8413 -0.1677
vn -0.2948 0.9407 -0.1677
vn -0.2948 0.9407 0.1677
vn -0.2948 0.9407 0.1677
vn -0.5139 0.8413 0.1677
vn -0.5139 0.8413 -0.1677
vn -0.6837 0.7130 -0.1557
vn -0.5139 0.8413 -0.1677
vn -0.5139 0.8413 0.1677
vn -0.5139 0.8413 0.1677
vn -0.6837 0.7130 0.1557
vn -0.6837 0.7130 -0.1557
vn 0.0369 0.8669 0.4971
vn -0.0869 0.8421 0.5322
vn -0.0864 0.9840 0.1557
vn -0.0864 0.9840 0.1557
vn 0.0000 0.9892 0.1463
vn 0.0369 0.8669 0.4971
vn 0.1096 0.5307 0.8404
vn -0.0537 0.4872 0.8716
vn -0.0869 0.8421 0.5322
vn -0.0869 0.8421 0.5322
vn 0.0369 0.8669 0.4971
vn 0.1096 0.5307 0.8404
vn 0.1942 0.1942 0.9616
vn -0.0198 0.1970 0.9802
vn -0.0537 0.4872 0.8716
vn -0.0537 0.4872 0.8716
vn 0.1096 0.5307 0.8404
vn 0.1942 0.1942 0.9616
vn 0.0078 0.9929 0.1189
vn 0.0000 0.9892 0.1463
vn 0.0000 0.9892 -0.1463
vn 0.0000 0.9892 -0.1463
vn 0.0078 0.9929 -0.1189
vn 0.0078 0.9929 0.1189
vn 0.0149 0.9978 0.0651
vn 0.0078 0.9929 0.1189
vn 0.0078 0.9929 -0.1189
vn 0.0078 0.9929 -0.1189
vn 0.0149 0.9978 -0.0651
vn 0.0149 0.9978 0.0651
vn 0.0127 0.9998 0.0127
vn 0.0149 0.9978 0.0651
vn 0.0149 0.9978 -0.0651
vn 0.0149 0.9978 -0.0651
vn 0.0127 0.9998 -0.0127
vn 0.0127 0.9998 0.0127
vn 0.5011 0.1644 -0.8496
vn 0.1942 0.1942 -0.9616
vn 0.1942 -0.1942 -0.9616
vn 0.1942 -0.1942 -0.9616
vn 0.5011 -0.1644 -0.8496
vn 0.5011 0.1644 -0.8496
vn 0.8496 -0.1644 -0.5011
vn 0.8496 0.1644 -0.5011
vn 0.6977 0.1626 -0.6977
vn 0.6977 0.1626 -0.6977
vn 0.6977 -0.1626 -0.6977
vn 0.8496 -0.1644 -0.5011
vn 0.9783 0.1467 -0.1467
vn 0.8496 0.1644 -0.5011
vn 0.8496 -0.1644 -0.5011
vn 0.8496 -0.1644 -0.5011
vn 0.9783 -0.1467 -0.1467
vn 0.9783 0.1467 -0.1467
vn -0.0396 0.1249 -0.9914
vn 0.0432 -0.1413 -0.9890
vn 0.0143 -0.1841 -0.9828
vn 0.0143 -0.1841 -0.9828
vn -0.0198 0.1970 -0.9802
vn -0.0396 0.1249 -0.9914
vn 0.0779 -0.1255 -0.9890
vn 0.0432 -0.1413 -0.9890
vn -0.0396 0.1249 -0.9914
vn -0.0396 0.1249 -0.9914
vn -0.0680 0.1120 -0.9914
vn 0.0779 -0.1255 -0.9890
vn 0.1291 -0.1320 -0.9828
vn 0.0779 -0.1255 -0.9890
vn -0.0680 0.1120 -0.9914
vn -0.0680 0.1120 -0.9914
vn -0.1352 0.1447 -0.9802
vn 0.1291 -0.1320 -0.9828
vn -0.0396 0.1249 0.9914
vn -0.0198 0.1970 0.9802
vn 0.0143 -0.1841 0.9828
vn 0.0143 -0.1841 0.9828
vn 0.0432 -0.1413 0.9890
vn -0.0396 0.1249 0.9914
vn -0.0680 0.1120 0.9914
vn -0.0396 0.1249 0.9914
vn 0.0432 -0.1413 0.9890
vn 0.0432 -0.1413 0.9890
vn 0.0779 -0.1255 0.9890
vn -0.0680 0.1120 0.9914
vn 0.1291 -0.1320 0.9828
vn -0.1352 0.1447 0.9802
vn -0.0680 0.1120 0.9914
vn -0.0680 0.1120 0.9914
vn 0.0779 -0.1255 0.9890
vn 0.1291 -0.1320 0.9828
vn 0.5011 -0.1644 0.8496
vn 0.1942 -0.1942 0.9616
vn 0.1942 0.1942 0.9616
vn 0.1942 0.1942 0.9616
vn 0.5011 0.1644 0.8496
vn 0.5011 -0.1644 0.8496
vn 0.8496 0.1644 0.5011
vn 0.8496 -0.1644 0.5011
vn 0.6977 -0.1626 0.6977
vn 0.6977 -0.1626 0.6977
vn 0.6977 0.1626 0.6977
vn 0.8496 0.1644 0.5011
vn 0.9616 -0.1942 0.1942
vn 0.8496 -0.1644 0.5011
vn 0.8496 0.1644 0.5011
vn 0.8496 0.1644 0.5011
vn 0.9616 0.1942 0.1942
vn 0.9616 -0.1942 0.1942
vn 0.8846 -0.4363 0.1649
vn 0.8054 -0.5549 0.2083
vn 0.8054 -0.5549 -0.2083
vn 0.8054 -0.5549 -0.2083
vn 0.8846 -0.4363 -0.1649
vn 0.8846 -0.4363 0.1649
vn 0.9530 -0.2542 0.1649
vn 0.8846 -0.4363 0.1649
vn 0.8846 -0.4363 -0.1649
vn 0.8846 -0.4363 -0.1649
vn 0.9530 -0.2542 -0.1649
vn 0.9530 -0.2542 0.1649
vn 0.9715 -0.1128 0.2083
vn 0.9530 -0.2542 0.1649
vn 0.9530 -0.2542 -0.1649
vn 0.9530 -0.2542 -0.1649
vn 0.9715 -0.1129 -0.2082
vn 0.9715 -0.1128 0.2083
vn -0.8834 0.4393 -0.1630
vn -0.7908 0.5926 -0.1535
vn -0.7907 0.5926 0.1535
vn -0.7907 0.5926 0.1535
vn -0.8834 0.4393 0.1630
vn -0.8834 0.4393 -0.1630
vn -0.9541 0.2511 -0.1630
vn -0.8834 0.4393 -0.1630
vn -0.8834 0.4393 0.1630
vn -0.8834 0.4393 0.1630
vn -0.9541 0.2511 0.1630
vn -0.9541 0.2511 -0.1630
vn -0.9740 0.0992 -0.2038
vn -0.9541 0.2511 -0.1630
vn -0.9541 0.2511 0.1630
vn -0.9541 0.2511 0.1630
vn -0.9740 0.0991 0.2037
vn -0.9740 0.0992 -0.2038
vn -0.1207 0.0597 -0.9909
vn 0.1336 -0.0670 -0.9888
vn 0.1488 -0.1130 -0.9824
vn 0.1488 -0.1130 -0.9824
vn -0.1594 0.1173 -0.9802
vn -0.1207 0.0597 -0.9909
vn 0.1447 -0.0376 -0.9888
vn 0.1336 -0.0670 -0.9888
vn -0.1207 0.0597 -0.9909
vn -0.1207 0.0597 -0.9909
vn -0.1302 0.0346 -0.9909
vn 0.1447 -0.0376 -0.9888
vn 0.1864 -0.0129 -0.9824
vn 0.1447 -0.0376 -0.9888
vn -0.1302 0.0346 -0.9909
vn -0.1302 0.0346 -0.9909
vn -0.1971 0.0165 -0.9802
vn 0.1864 -0.0129 -0.9824
vn -0.1207 0.0597 0.9909
vn -0.1594 0.1173 0.9802
vn 0.1488 -0.1130 0.9824
vn 0.1488 -0.1130 0.9824
vn 0.1336 -0.0670 0.9888
vn -0.1207 0.0597 0.9909
vn -0.1302 0.0346 0.9909
vn -0.1207 0.0597 0.9909
vn 0.1336 -0.0670 0.9888
vn 0.1336 -0.0670 0.9888
vn 0.1447 -0.0376 0.9888
vn -0.1302 0.0346 0.9909
vn 0.1863 -0.0131 0.9824
vn -0.1972 0.0166 0.9802
vn -0.1302 0.0346 0.9909
vn -0.1302 0.0346 0.9909
vn 0.1447 -0.0376 0.9888
vn 0.1863 -0.0131 0.9824
vn -0.0706 -0.8478 -0.5256
vn -0.0369 -0.8669 -0.4971
vn 0.0000 -0.9808 -0.1948
vn 0.0000 -0.9808 -0.1948
vn -0.1329 -0.9676 -0.2145
vn -0.0706 -0.8478 -0.5256
vn -0.0391 -0.5094 -0.8596
vn -0.1096 -0.5307 -0.8404
vn -0.0369 -0.8669 -0.4971
vn -0.0369 -0.8669 -0.4971
vn -0.0706 -0.8478 -0.5256
vn -0.0391 -0.5094 -0.8596
vn -0.0143 -0.1841 -0.9828
vn -0.1942 -0.1942 -0.9616
vn -0.1096 -0.5307 -0.8404
vn -0.1096 -0.5307 -0.8404
vn -0.0391 -0.5094 -0.8596
vn -0.0143 -0.1841 -0.9828
vn -0.2987 -0.9385 -0.1730
vn -0.1329 -0.9676 -0.2145
vn -0.1329 -0.9676 0.2145
vn -0.1329 -0.9676 0.2145
vn -0.2987 -0.9385 0.1730
vn -0.2987 -0.9385 -0.1730
vn -0.5096 -0.8429 -0.1730
vn -0.2987 -0.9385 -0.1730
vn -0.2987 -0.9385 0.1730
vn -0.2987 -0.9385 0.1730
vn -0.5096 -0.8429 0.1730
vn -0.5096 -0.8429 -0.1730
vn -0.6407 -0.7372 -0.2145
vn -0.5096 -0.8429 -0.1730
vn -0.5096 -0.8429 0.1730
vn -0.5096 -0.8429 0.1730
vn -0.6407 -0.7372 0.2145
vn -0.6407 -0.7372 -0.2145
vn -0.0706 -0.8478 0.5256
vn -0.1329 -0.9676 0.2145
vn 0.0000 -0.9808 0.1948
vn 0.0000 -0.9808 0.1948
vn -0.0369 -0.8669 0.4971
vn -0.0706 -0.8478 0.5256
vn -0.0391 -0.5094 0.8596
vn -0.0706 -0.8478 0.5256
vn -0.0369 -0.8669 0.4971
vn -0.0369 -0.8669 0.4971
vn -0.1095 -0.5307 0.8404
vn -0.0391 -0.5094 0.8596
vn -0.0143 -0.1841 0.9828
vn -0.0391 -0.5094 0.8596
vn -0.1095 -0.5307 0.8404
vn -0.1095 -0.5307 0.8404
vn -0.1942 -0.1942 0.9616
vn -0.0143 -0.1841 0.9828
vn -0.0078 -0.9929 0.1189
vn 0.0000 -0.9808 0.1948
vn 0.0000 -0.9808 -0.1948
vn 0.0000 -0.9808 -0.1948
vn -0.0078 -0.9929 -0.1189
vn -0.0078 -0.9929 0.1189
vn -0.0275 -0.9982 0.0525
vn -0.0078 -0.9929 0.1189
vn -0.0078 -0.9929 -0.1189
vn -0.0078 -0.9929 -0.1189
vn -0.0275 -0.9982 -0.0525
vn -0.0275 -0.9982 0.0525
vn 0.0000 -1.0000 -0.0000
vn -0.0275 -0.9982 0.0525
vn -0.0275 -0.9982 -0.0525
vn -0.0275 -0.9982 -0.0525
vn 0.0000 -1.0000 -0.0000
vn 0.0000 -1.0000 -0.0000
vn -0.0369 0.8669 -0.4971
vn 0.0869 0.8421 -0.5322
vn 0.0864 0.9840 -0.1557
vn 0.0864 0.9840 -0.1557
vn 0.0000 0.9892 -0.1463
vn -0.0369 0.8669 -0.4971
vn -0.1096 0.5307 -0.8404
vn 0.0537 0.4872 -0.8716
vn 0.0869 0.8421 -0.5322
vn 0.0869 0.8421 -0.5322
vn -0.0369 0.8669 -0.4971
vn -0.1096 0.5307 -0.8404
vn -0.1942 0.1942 -0.9616
vn 0.0198 0.1970 -0.9802
vn 0.0537 0.4872 -0.8716
vn 0.0537 0.4872 -0.8716
vn -0.1096 0.5307 -0.8404
vn -0.1942 0.1942 -0.9616
vn -0.0078 0.9929 -0.1189
vn 0.0000 0.9892 -0.1463
vn 0.0000 0.9892 0.1463
vn 0.0000 0.9892 0.1463
vn -0.0078 0.9929 0.1189
vn -0.0078 0.9929 -0.1189
vn -0.0149 0.9978 -0.0651
vn -0.0078 0.9929 -0.1189
vn -0.0078 0.9929 0.1189
vn -0.0078 0.9929 0.1189
vn -0.0149 0.9978 0.0651
vn -0.0149 0.9978 -0.0651
vn -0.0127 0.9998 -0.0127
vn -0.0149 0.9978 -0.0651
vn -0.0149 0.9978 0.0651
vn -0.0149 0.9978 0.0651
vn -0.0127 0.9998 0.0127
vn -0.0127 0.9998 -0.0127
vn -0.0369 0.8669 0.4971
vn 0.0000 0.9892 0.1463
vn 0.0864 0.9840 0.1557
vn 0.0864 0.9840 0.1557
vn 0.0869 0.8421 0.5322
vn -0.0369 0.8669 0.4971
vn -0.1096 0.5307 0.8404
vn -0.0369 0.8669 0.4971
vn 0.0869 0.8421 0.5322
vn 0.0869 0.8421 0.5322
vn 0.0537 0.4872 0.8716
vn -0.1096 0.5307 0.8404
vn -0.1942 0.1942 0.9616
vn -0.1096 0.5307 0.8404
vn 0.0537 0.4872 0.8716
vn 0.0537 0.4872 0.8716
vn 0.0198 0.1970 0.9802
vn -0.1942 0.1942 0.9616
vn 0.2948 0.9407 0.1677
vn 0.0864 0.9840 0.1557
vn 0.0864 0.9840 -0.1557
vn 0.0864 0.9840 -0.1557
vn 0.2948 0.9407 -0.1677
vn 0.2948 0.9407 0.1677
vn 0.5139 0.8413 0.1677
vn 0.2948 0.9407 0.1677
vn 0.2948 0.9407 -0.1677
vn 0.2948 0.9407 -0.1677
vn 0.5139 0.8413 -0.1677
vn 0.5139 0.8413 0.1677
vn 0.6558 0.7261 0.2066
vn 0.5139 0.8413 0.1677
vn 0.5139 0.8413 -0.1677
vn 0.5139 0.8413 -0.1677
vn 0.6558 0.7261 -0.2066
vn 0.6558 0.7261 0.2066
vn 0.0396 0.1249 -0.9914
vn 0.0198 0.1970 -0.9802
vn -0.0143 -0.1841 -0.9828
vn -0.0143 -0.1841 -0.9828
vn -0.0432 -0.1413 -0.9890
vn 0.0396 0.1249 -0.9914
vn 0.0680 0.1120 -0.9914
vn 0.0396 0.1249 -0.9914
vn -0.0432 -0.1413 -0.9890
vn -0.0432 -0.1413 -0.9890
vn -0.0779 -0.1255 -0.9890
vn 0.0680 0.1120 -0.9914
vn -0.1291 -0.1320 -0.9828
vn 0.1352 0.1447 -0.9802
vn 0.0680 0.1120 -0.9914
vn 0.0680 0.1120 -0.9914
vn -0.0779 -0.1255 -0.9890
vn -0.1291 -0.1320 -0.9828
vn -0.5011 -0.1644 -0.8496
vn -0.1942 -0.1942 -0.9616
vn -0.1942 0.1942 -0.9616
vn -0.1942 0.1942 -0.9616
vn -0.5011 0.1644 -0.8496
vn -0.5011 -0.1644 -0.8496
vn -0.8496 0.1644 -0.5011
vn -0.8496 -0.1644 -0.5011
vn -0.6977 -0.1626 -0.6977
vn -0.6977 -0.1626 -0.6977
vn -0.6977 0.1626 -0.6977
vn -0.8496 0.1644 -0.5011
vn -0.9616 -0.1942 -0.1942
vn -0.8496 -0.1644 -0.5011
vn -0.8496 0.1644 -0.5011
vn -0.8496 0.1644 -0.5011
vn -0.9616 0.1942 -0.1942
vn -0.9616 -0.1942 -0.1942
vn -0.5011 0.1644 0.8496
vn -0.1942 0.1942 0.9616
vn -0.1942 -0.1942 0.9616
vn -0.1942 -0.1942 0.9616
vn -0.5011 -0.1644 0.8496
vn -0.5011 0.1644 0.8496
vn -0.8496 -0.1644 0.5011
vn -0.8496 0.1644 0.5011
vn -0.6977 0.1626 0.6977
vn -0.6977 0.1626 0.6977
vn -0.6977 -0.1626 0.6977
vn -0.8496 -0.1644 0.5011
vn -0.9616 0.1942 0.1942
vn -0.8496 0.1644 0.5011
vn -0.8496 -0.1644 0.5011
vn -0.8496 -0.1644 0.5011
vn -0.9616 -0.1942 0.1942
vn -0.9616 0.1942 0.1942
vn 0.0396 0.1249 0.9914
vn -0.0432 -0.1413 0.9890
vn -0.0143 -0.1841 0.9828
vn -0.0143 -0.1841 0.9828
vn 0.0198 0.1970 0.9802
vn 0.0396 0.1249 0.9914
vn -0.0779 -0.1255 0.9890
vn -0.0432 -0.1413 0.9890
vn 0.0396 0.1249 0.9914
vn 0.0396 0.1249 0.9914
vn 0.0680 0.1120 0.9914
vn -0.0779 -0.1255 0.9890
vn -0.1291 -0.1320 0.9828
vn -0.0779 -0.1255 0.9890
vn 0.0680 0.1120 0.9914
vn 0.0680 0.1120 0.9914
vn 0.1352 0.1447 0.9802
vn -0.1291 -0.1320 0.9828
vn -0.8846 -0.4363 -0.1649
vn -0.8054 -0.5549 -0.2083
vn -0.8054 -0.5549 0.2083
vn -0.8054 -0.5549 0.2083
vn -0.8846 -0.4363 0.1649
vn -0.8846 -0.4363 -0.1649
vn -0.9530 -0.2542 -0.1649
vn -0.8846 -0.4363 -0.1649
vn -0.8846 -0.4363 0.1649
vn -0.8846 -0.4363 0.1649
vn -0.9530 -0.2542 0.1649
vn -0.9530 -0.2542 -0.1649
vn -0.9715 -0.1128 -0.2083
vn -0.9530 -0.2542 -0.1649
vn -0.9530 -0.2542 0.1649
vn -0.9530 -0.2542 0.1649
vn -0.9715 -0.1129 0.2082
vn -0.9715 -0.1128 -0.2083
vn 0.8834 0.4393 0.1630
vn 0.7983 0.5667 0.2038
vn 0.7983 0.5667 -0.2038
vn 0.7983 0.5667 -0.2038
vn 0.8834 0.4393 -0.1630
vn 0.8834 0.4393 0.1630
vn 0.9541 0.2511 0.1630
vn 0.8834 0.4393 0.1630
vn 0.8834 0.4393 -0.1630
vn 0.8834 0.4393 -0.1630
vn 0.9541 0.2511 -0.1630
vn 0.9541 0.2511 0.1630
vn 0.9740 0.0992 0.2038
vn 0.9541 0.2511 0.1630
vn 0.9541 0.2511 -0.1630
vn 0.9541 0.2511 -0.1630
vn 0.9740 0.0991 -0.2037
vn 0.9740 0.0992 0.2038
vn 0.1207 0.0597 -0.9909
vn 0.1594 0.1173 -0.9802
vn -0.1488 -0.1130 -0.9824
vn -0.1488 -0.1130 -0.9824
vn -0.1336 -0.0670 -0.9888
vn 0.1207 0.0597 -0.9909
vn 0.1302 0.0346 -0.9909
vn 0.1207 0.0597 -0.9909
vn -0.1336 -0.0670 -0.9888
vn -0.1336 -0.0670 -0.9888
vn -0.1447 -0.0376 -0.9888
vn 0.1302 0.0346 -0.9909
vn -0.1863 -0.0131 -0.9824
vn 0.1972 0.0166 -0.9802
vn 0.1302 0.0346 -0.9909
vn 0.1302 0.0346 -0.9909
vn -0.1447 -0.0376 -0.9888
vn -0.1863 -0.0131 -0.9824
vn 0.1207 0.0597 0.9909
vn -0.1336 -0.0670 0.9888
vn -0.1488 -0.1130 0.9824
vn -0.1488 -0.1130 0.9824
vn 0.1594 0.1173 0.9802
vn 0.1207 0.0597 0.9909
vn -0.1447 -0.0376 0.9888
vn -0.1336 -0.0670 0.9888
vn 0.1207 0.0597 0.9909
vn 0.1207 0.0597 0.9909
vn 0.1302 0.0346 0.9909
vn -0.1447 -0.0376 0.9888
vn -0.1864 -0.0129 0.9824
vn -0.1447 -0.0376 0.9888
vn 0.1302 0.0346 0.9909
vn 0.1302 0.0346 0.9909
vn 0.1971 0.0165 0.9802
vn -0.1864 -0.0129 0.9824
vn -0.1730 -0.9385 0.2987
vn -0.2145 -0.9676 0.1329
vn 0.2145 -0.9676 0.1329
vn 0.2145 -0.9676 0.1329
vn 0.1730 -0.9385 0.2987
vn -0.1730 -0.9385 0.2987
vn -0.1730 -0.8429 0.5096
vn -0.1730 -0.9385 0.2987
vn 0.1730 -0.9385 0.2987
vn 0.1730 -0.9385 0.2987
vn 0.1730 -0.8429 0.5096
vn -0.1730 -0.8429 0.5096
vn -0.2145 -0.7372 0.6407
vn -0.1730 -0.8429 0.5096
vn 0.1730 -0.8429 0.5096
vn 0.1730 -0.8429 0.5096
vn 0.2145 -0.7372 0.6407
vn -0.2145 -0.7372 0.6407
vn 0.1677 0.9407 -0.2948
vn 0.1557 0.9840 -0.0864
vn -0.1557 0.9840 -0.0864
vn -0.1557 0.9840 -0.0864
vn -0.1677 0.9407 -0.2948
vn 0.1677 0.9407 -0.2948
vn 0.1677 0.8413 -0.5139
vn 0.1677 0.9407 -0.2948
vn -0.1677 0.9407 -0.2948
vn -0.1677 0.9407 -0.2948
vn -0.1677 0.8413 -0.5139
vn 0.1677 0.8413 -0.5139
vn 0.2066 0.7261 -0.6558
vn 0.1677 0.8413 -0.5139
vn -0.1677 0.8413 -0.5139
vn -0.1677 0.8413 -0.5139
vn -0.2066 0.7261 -0.6558
vn 0.2066 0.7261 -0.6558
vn -0.9914 0.1120 -0.0680
vn -0.9890 -0.1255 0.0779
vn -0.9828 -0.1320 0.1291
vn -0.9828 -0.1320 0.1291
vn -0.9802 0.1447 -0.1352
vn -0.9914 0.1120 -0.0680
vn -0.9890 -0.1413 0.0432
vn -0.9890 -0.1255 0.0779
vn -0.9914 0.1120 -0.0680
vn -0.9914 0.1120 -0.0680
vn -0.9914 0.1249 -0.0396
vn -0.9890 -0.1413 0.0432
vn -0.9828 -0.1841 0.0143
vn -0.9890 -0.1413 0.0432
vn -0.9914 0.1249 -0.0396
vn -0.9914 0.1249 -0.0396
vn -0.9802 0.1970 -0.0198
vn -0.9828 -0.1841 0.0143
vn 0.9914 0.1120 -0.0680
vn 0.9802 0.1447 -0.1352
vn 0.9828 -0.1320 0.1291
vn 0.9828 -0.1320 0.1291
vn 0.9890 -0.1255 0.0779
vn 0.9914 0.1120 -0.0680
vn 0.9914 0.1249 -0.0396
vn 0.9914 0.1120 -0.0680
vn 0.9890 -0.1255 0.0779
vn 0.9890 -0.1255 0.0779
vn 0.9890 -0.1413 0.0432
vn 0.9914 0.1249 -0.0396
vn 0.9828 -0.1841 0.0143
vn 0.9802 0.1970 -0.0198
vn 0.9914 0.1249 -0.0396
vn 0.9914 0.1249 -0.0396
vn 0.9890 -0.1413 0.0432
vn 0.9828 -0.1841 0.0143
vn -0.1649 -0.4363 0.8846
vn -0.2083 -0.5549 0.8054
vn 0.2083 -0.5549 0.8054
vn 0.2083 -0.5549 0.8054
vn 0.1649 -0.4363 0.8846
vn -0.1649 -0.4363 0.8846
vn -0.1649 -0.2542 0.9530
vn -0.1649 -0.4363 0.8846
vn 0.1649 -0.4363 0.8846
vn 0.1649 -0.4363 0.8846
vn 0.1649 -0.2542 0.9530
vn -0.1649 -0.2542 0.9530
vn -0.2083 -0.1128 0.9715
vn -0.1649 -0.2542 0.9530
vn 0.1649 -0.2542 0.9530
vn 0.1649 -0.2542 0.9530
vn 0.2082 -0.1129 0.9715
vn -0.2083 -0.1128 0.9715
vn 0.1630 0.4393 -0.8834
vn 0.2038 0.5667 -0.7983
vn -0.2038 0.5667 -0.7983
vn -0.2038 0.5667 -0.7983
vn -0.1630 0.4393 -0.8834
vn 0.1630 0.4393 -0.8834
vn 0.1630 0.2511 -0.9541
vn 0.1630 0.4393 -0.8834
vn -0.1630 0.4393 -0.8834
vn -0.1630 0.4393 -0.8834
vn -0.1630 0.2511 -0.9541
vn 0.1630 0.2511 -0.9541
vn 0.2038 0.0992 -0.9740
vn 0.1630 0.2511 -0.9541
vn -0.1630 0.2511 -0.9541
vn -0.1630 0.2511 -0.9541
vn -0.2037 0.0991 -0.9740
vn 0.2038 0.0992 -0.9740
vn -0.9909 0.0346 -0.1302
vn -0.9888 -0.0376 0.1447
vn -0.9824 -0.0131 0.1863
vn -0.9824 -0.0131 0.1863
vn -0.9802 0.0166 -0.1972
vn -0.9909 0.0346 -0.1302
vn -0.9888 -0.0670 0.1336
vn -0.9888 -0.0376 0.1447
vn -0.9909 0.0346 -0.1302
vn -0.9909 0.0346 -0.1302
vn -0.9909 0.0597 -0.1207
vn -0.9888 -0.0670 0.1336
vn -0.9824 -0.1130 0.1488
vn -0.9888 -0.0670 0.1336
vn -0.9909 0.0597 -0.1207
vn -0.9909 0.0597 -0.1207
vn -0.9802 0.1173 -0.1594
vn -0.9824 -0.1130 0.1488
vn 0.9909 0.0346 -0.1302
vn 0.9802 0.0165 -0.1971
vn 0.9824 -0.0130 0.1864
vn 0.9824 -0.0130 0.1864
vn 0.9888 -0.0376 0.1447
vn 0.9909 0.0346 -0.1302
vn 0.9909 0.0597 -0.1207
vn 0.9909 0.0346 -0.1302
vn 0.9888 -0.0376 0.1447
vn 0.9888 -0.0376 0.1447
vn 0.9888 -0.0670 0.1336
vn 0.9909 0.0597 -0.1207
vn 0.9824 -0.1130 0.1488
vn 0.9802 0.1173 -0.1594
vn 0.9909 0.0597 -0.1207
vn 0.9909 0.0597 -0.1207
vn 0.9888 -0.0670 0.1336
vn 0.9824 -0.1130 0.1488
vn 0.1730 -0.9385 -0.2987
vn 0.2145 -0.9676 -0.1329
vn -0.2145 -0.9676 -0.1329
vn -0.2145 -0.9676 -0.1329
vn -0.1730 -0.9385 -0.2987
vn 0.1730 -0.9385 -0.2987
vn 0.1730 -0.8429 -0.5096
vn 0.1730 -0.9385 -0.2987
vn -0.1730 -0.9385 -0.2987
vn -0.1730 -0.9385 -0.2987
vn -0.1730 -0.8429 -0.5096
vn 0.1730 -0.8429 -0.5096
vn 0.2145 -0.7372 -0.6407
vn 0.1730 -0.8429 -0.5096
vn -0.1730 -0.8429 -0.5096
vn -0.1730 -0.8429 -0.5096
vn -0.2145 -0.7372 -0.6407
vn 0.2145 -0.7372 -0.6407
vn -0.1677 0.9407 0.2948
vn -0.1557 0.9840 0.0864
vn 0.1557 0.9840 0.0864
vn 0.1557 0.9840 0.0864
vn 0.1677 0.9407 0.2948
vn -0.1677 0.9407 0.2948
vn -0.1677 0.8413 0.5139
vn -0.1677 0.9407 0.2948
vn 0.1677 0.9407 0.2948
vn 0.1677 0.9407 0.2948
vn 0.1677 0.8413 0.5139
vn -0.1677 0.8413 0.5139
vn -0.2066 0.7261 0.6558
vn -0.1677 0.8413 0.5139
vn 0.1677 0.8413 0.5139
vn 0.1677 0.8413 0.5139
vn 0.2066 0.7261 0.6558
vn -0.2066 0.7261 0.6558
vn -0.9914 0.1120 0.0680
vn -0.9802 0.1447 0.1352
vn -0.9828 -0.1320 -0.1291
vn -0.9828 -0.1320 -0.1291
vn -0.9890 -0.1255 -0.0779
vn -0.9914 0.1120 0.0680
vn -0.9914 0.1249 0.0396
vn -0.9914 0.1120 0.0680
vn -0.9890 -0.1255 -0.0779
vn -0.9890 -0.1255 -0.0779
vn -0.9890 -0.1413 -0.0432
vn -0.9914 0.1249 0.0396
vn -0.9828 -0.1841 -0.0143
vn -0.9802 0.1970 0.0198
vn -0.9914 0.1249 0.0396
vn -0.9914 0.1249 0.0396
vn -0.9890 -0.1413 -0.0432
vn -0.9828 -0.1841 -0.0143
vn 0.9914 0.1120 0.0680
vn 0.9890 -0.1255 -0.0779
vn 0.9828 -0.1320 -0.1291
vn 0.9828 -0.1320 -0.1291
vn 0.9802 0.1447 0.1352
vn 0.9914 0.1120 0.0680
vn 0.9890 -0.1413 -0.0432
vn 0.9890 -0.1255 -0.0779
vn 0.9914 0.1120 0.0680
vn 0.9914 0.1120 0.0680
vn 0.9914 0.1249 0.0396
vn 0.9890 -0.1413 -0.0432
vn 0.9885 -0.1506 -0.0117
vn 0.9890 -0.1413 -0.0432
vn 0.9914 0.1249 0.0396
vn 0.9914 0.1249 0.0396
vn 0.9908 0.1347 0.0136
vn 0.9885 -0.1506 -0.0117
vn 0.1649 -0.4363 -0.8846
vn 0.2083 -0.5549 -0.8054
vn -0.2083 -0.5549 -0.8054
vn -0.2083 -0.5549 -0.8054
vn -0.1649 -0.4363 -0.8846
vn 0.1649 -0.4363 -0.8846
vn 0.1649 -0.2542 -0.9530
vn 0.1649 -0.4363 -0.8846
vn -0.1649 -0.4363 -0.8846
vn -0.1649 -0.4363 -0.8846
vn -0.1649 -0.2542 -0.9530
vn 0.1649 -0.2542 -0.9530
vn 0.2083 -0.1128 -0.9715
vn 0.1649 -0.2542 -0.9530
vn -0.1649 -0.2542 -0.9530
vn -0.1649 -0.2542 -0.9530
vn -0.2082 -0.1129 -0.9715
vn 0.2083 -0.1128 -0.9715
vn -0.1630 0.4393 0.8834
vn -0.2038 0.5667 0.7983
vn 0.2038 0.5667 0.7983
vn 0.2038 0.5667 0.7983
vn 0.1630 0.4393 0.8834
vn -0.1630 0.4393 0.8834
vn -0.1630 0.2511 0.9541
vn -0.1630 0.4393 0.8834
vn 0.1630 0.4393 0.8834
vn 0.1630 0.4393 0.8834
vn 0.1630 0.2511 0.9541
vn -0.1630 0.2511 0.9541
vn -0.2038 0.0993 0.9740
vn -0.1630 0.2511 0.9541
vn 0.1630 0.2511 0.9541
vn 0.1630 0.2511 0.9541
vn 0.2037 0.0991 0.9740
vn -0.2038 0.0993 0.9740
vn -0.9909 0.0346 0.1302
vn -0.9802 0.0165 0.1971
vn -0.9824 -0.0129 -0.1864
vn -0.9824 -0.0129 -0.1864
vn -0.9888 -0.0376 -0.1447
vn -0.9909 0.0346 0.1302
vn -0.9909 0.0597 0.1207
vn -0.9909 0.0346 0.1302
vn -0.9888 -0.0376 -0.1447
vn -0.9888 -0.0376 -0.1447
vn -0.9888 -0.0670 -0.1336
vn -0.9909 0.0597 0.1207
vn -0.9824 -0.1130 -0.1488
vn -0.9802 0.1173 0.1594
vn -0.9909 0.0597 0.1207
vn -0.9909 0.0597 0.1207
vn -0.9888 -0.0670 -0.1336
vn -0.9824 -0.1130 -0.1488
vn 0.9909 0.0346 0.1302
vn 0.9888 -0.0376 -0.1447
vn 0.9824 -0.0131 -0.1863
vn 0.9824 -0.0131 -0.1863
vn 0.9802 0.0166 0.1972
vn 0.9909 0.0346 0.1302
vn 0.9888 -0.0670 -0.1336
vn 0.9888 -0.0376 -0.1447
vn 0.9909 0.0346 0.1302
vn 0.9909 0.0346 0.1302
vn 0.9909 0.0597 0.1207
vn 0.9888 -0.0670 -0.1336
vn 0.9824 -0.1130 -0.1488
vn 0.9888 -0.0670 -0.1336
vn 0.9909 0.0597 0.1207
vn 0.9909 0.0597 0.1207
vn 0.9802 0.1173 0.1594
vn 0.9824 -0.1130 -0.1488
vn 0.6816 -0.5142 -0.5205
vn 0.8054 -0.5549 -0.2083
vn 0.6407 -0.7372 -0.2145
vn 0.6407 -0.7372 -0.2145
vn 0.5915 -0.6114 -0.5256
vn 0.6816 -0.5142 -0.5205
vn 0.4079 -0.3111 -0.8584
vn 0.6816 -0.5142 -0.5205
vn 0.5915 -0.6114 -0.5256
vn 0.5915 -0.6114 -0.5256
vn 0.3577 -0.3649 -0.8596
vn 0.4079 -0.3111 -0.8584
vn 0.1488 -0.1130 -0.9824
vn 0.4079 -0.3111 -0.8584
vn 0.3577 -0.3649 -0.8596
vn 0.3577 -0.3649 -0.8596
vn 0.1291 -0.1320 -0.9828
vn 0.1488 -0.1130 -0.9824
vn 0.5915 -0.6114 0.5256
vn 0.6407 -0.7372 0.2145
vn 0.8054 -0.5549 0.2083
vn 0.8054 -0.5549 0.2083
vn 0.6816 -0.5142 0.5205
vn 0.5915 -0.6114 0.5256
vn 0.3577 -0.3649 0.8596
vn 0.5915 -0.6114 0.5256
vn 0.6816 -0.5142 0.5205
vn 0.6816 -0.5142 0.5205
vn 0.4079 -0.3111 0.8584
vn 0.3577 -0.3649 0.8596
vn 0.1291 -0.1320 0.9828
vn 0.3577 -0.3649 0.8596
vn 0.4079 -0.3111 0.8584
vn 0.4079 -0.3111 0.8584
vn 0.1488 -0.1130 0.9824
vn 0.1291 -0.1320 0.9828
vn -0.5766 0.6199 -0.5322
vn -0.6837 0.7130 -0.1557
vn -0.7908 0.5926 -0.1535
vn -0.7908 0.5926 -0.1535
vn -0.6857 0.5012 -0.5278
vn -0.5766 0.6199 -0.5322
vn -0.3314 0.3612 -0.8716
vn -0.5766 0.6199 -0.5322
vn -0.6857 0.5012 -0.5278
vn -0.6857 0.5012 -0.5278
vn -0.4008 0.2897 -0.8692
vn -0.3314 0.3612 -0.8716
vn -0.1352 0.1447 -0.9802
vn -0.3314 0.3612 -0.8716
vn -0.4008 0.2897 -0.8692
vn -0.4008 0.2897 -0.8692
vn -0.1594 0.1173 -0.9802
vn -0.1352 0.1447 -0.9802
vn -0.6857 0.5012 0.5278
vn -0.7907 0.5926 0.1535
vn -0.6837 0.7130 0.1557
vn -0.6837 0.7130 0.1557
vn -0.5766 0.6199 0.5322
vn -0.6857 0.5012 0.5278
vn -0.4008 0.2897 0.8692
vn -0.6857 0.5012 0.5278
vn -0.5766 0.6199 0.5322
vn -0.5766 0.6199 0.5322
vn -0.3314 0.3612 0.8716
vn -0.4008 0.2897 0.8692
vn -0.1594 0.1173 0.9802
vn -0.4008 0.2897 0.8692
vn -0.3314 0.3612 0.8716
vn -0.3314 0.3612 0.8716
vn -0.1352 0.1447 0.9802
vn -0.1594 0.1173 0.9802
vn 0.8660 0.0001 -0.5000
vn 0.9659 0.0002 -0.2589
vn 0.9715 -0.1129 -0.2082
vn 0.9715 -0.1129 -0.2082
vn 0.8516 -0.0620 -0.5205
vn 0.8660 0.0001 -0.5000
vn 0.5000 -0.0001 -0.8660
vn 0.8660 0.0001 -0.5000
vn 0.8516 -0.0620 -0.5205
vn 0.8516 -0.0620 -0.5205
vn 0.5117 -0.0346 -0.8585
vn 0.5000 -0.0001 -0.8660
vn 0.2589 -0.0002 -0.9659
vn 0.5000 -0.0001 -0.8660
vn 0.5117 -0.0346 -0.8585
vn 0.5117 -0.0346 -0.8585
vn 0.1864 -0.0129 -0.9824
vn 0.2589 -0.0002 -0.9659
vn 0.8516 -0.0619 0.5205
vn 0.9715 -0.1128 0.2083
vn 0.9659 -0.0002 0.2589
vn 0.9659 -0.0002 0.2589
vn 0.8660 -0.0001 0.5000
vn 0.8516 -0.0619 0.5205
vn 0.5117 -0.0347 0.8584
vn 0.8516 -0.0619 0.5205
vn 0.8660 -0.0001 0.5000
vn 0.8660 -0.0001 0.5000
vn 0.5000 0.0001 0.8660
vn 0.5117 -0.0347 0.8584
vn 0.1863 -0.0131 0.9824
vn 0.5117 -0.0347 0.8584
vn 0.5000 0.0001 0.8660
vn 0.5000 0.0001 0.8660
vn 0.2589 0.0002 0.9659
vn 0.1863 -0.0131 0.9824
vn -0.8462 0.0742 -0.5277
vn -0.9740 0.0992 -0.2038
vn -0.9659 -0.0002 -0.2589
vn -0.9659 -0.0002 -0.2589
vn -0.8660 -0.0001 -0.5000
vn -0.8462 0.0742 -0.5277
vn -0.4924 0.0457 -0.8692
vn -0.8462 0.0742 -0.5277
vn -0.8660 -0.0001 -0.5000
vn -0.8660 -0.0001 -0.5000
vn -0.5001 0.0001 -0.8660
vn -0.4924 0.0457 -0.8692
vn -0.1971 0.0165 -0.9802
vn -0.4924 0.0457 -0.8692
vn -0.5001 0.0001 -0.8660
vn -0.5001 0.0001 -0.8660
vn -0.2589 0.0002 -0.9659
vn -0.1971 0.0165 -0.9802
vn -0.8660 0.0001 0.5000
vn -0.9659 0.0002 0.2589
vn -0.9740 0.0991 0.2037
vn -0.9740 0.0991 0.2037
vn -0.8462 0.0742 0.5278
vn -0.8660 0.0001 0.5000
vn -0.5001 -0.0001 0.8660
vn -0.8660 0.0001 0.5000
vn -0.8462 0.0742 0.5278
vn -0.8462 0.0742 0.5278
vn -0.4923 0.0458 0.8692
vn -0.5001 -0.0001 0.8660
vn -0.2589 -0.0002 0.9659
vn -0.5001 -0.0001 0.8660
vn -0.4923 0.0458 0.8692
vn -0.4923 0.0458 0.8692
vn -0.1972 0.0166 0.9802
vn -0.2589 -0.0002 0.9659
vn -0.5915 -0.6114 -0.5256
vn -0.6407 -0.7372 -0.2145
vn -0.8054 -0.5549 -0.2083
vn -0.8054 -0.5549 -0.2083
vn -0.6816 -0.5142 -0.5205
vn -0.5915 -0.6114 -0.5256
vn -0.3577 -0.3649 -0.8596
vn -0.5915 -0.6114 -0.5256
vn -0.6816 -0.5142 -0.5205
vn -0.6816 -0.5142 -0.5205
vn -0.4079 -0.3111 -0.8584
vn -0.3577 -0.3649 -0.8596
vn -0.1291 -0.1320 -0.9828
vn -0.3577 -0.3649 -0.8596
vn -0.4079 -0.3111 -0.8584
vn -0.4079 -0.3111 -0.8584
vn -0.1488 -0.1130 -0.9824
vn -0.1291 -0.1320 -0.9828
vn -0.6816 -0.5142 0.5205
vn -0.8054 -0.5549 0.2083
vn -0.6407 -0.7372 0.2145
vn -0.6407 -0.7372 0.2145
vn -0.5915 -0.6114 0.5256
vn -0.6816 -0.5142 0.5205
vn -0.4079 -0.3111 0.8584
vn -0.6816 -0.5142 0.5205
vn -0.5915 -0.6114 0.5256
vn -0.5915 -0.6114 0.5256
vn -0.3577 -0.3649 0.8596
vn -0.4079 -0.3111 0.8584
vn -0.1488 -0.1130 0.9824
vn -0.4079 -0.3111 0.8584
vn -0.3577 -0.3649 0.8596
vn -0.3577 -0.3649 0.8596
vn -0.1291 -0.1320 0.9828
vn -0.1488 -0.1130 0.9824
vn 0.6857 0.5012 -0.5278
vn 0.7983 0.5667 -0.2038
vn 0.6558 0.7261 -0.2066
vn 0.6558 0.7261 -0.2066
vn 0.5766 0.6199 -0.5322
vn 0.6857 0.5012 -0.5278
vn 0.4008 0.2897 -0.8692
vn 0.6857 0.5012 -0.5278
vn 0.5766 0.6199 -0.5322
vn 0.5766 0.6199 -0.5322
vn 0.3314 0.3612 -0.8716
vn 0.4008 0.2897 -0.8692
vn 0.1594 0.1173 -0.9802
vn 0.4008 0.2897 -0.8692
vn 0.3314 0.3612 -0.8716
vn 0.3314 0.3612 -0.8716
vn 0.1352 0.1447 -0.9802
vn 0.1594 0.1173 -0.9802
vn 0.5766 0.6199 0.5322
vn 0.6558 0.7261 0.2066
vn 0.7983 0.5667 0.2038
vn 0.7983 0.5667 0.2038
vn 0.6857 0.5012 0.5278
vn 0.5766 0.6199 0.5322
vn 0.3314 0.3612 0.8716
vn 0.5766 0.6199 0.5322
vn 0.6857 0.5012 0.5278
vn 0.6857 0.5012 0.5278
vn 0.4008 0.2897 0.8692
vn 0.3314 0.3612 0.8716
vn 0.1352 0.1447 0.9802
vn 0.3314 0.3612 0.8716
vn 0.4008 0.2897 0.8692
vn 0.4008 0.2897 0.8692
vn 0.1594 0.1173 0.9802
vn 0.1352 0.1447 0.9802
vn -0.8516 -0.0619 -0.5205
vn -0.9715 -0.1128 -0.2083
vn -0.9659 -0.0002 -0.2589
vn -0.9659 -0.0002 -0.2589
vn -0.8660 -0.0001 -0.5000
vn -0.8516 -0.0619 -0.5205
vn -0.5117 -0.0347 -0.8584
vn -0.8516 -0.0619 -0.5205
vn -0.8660 -0.0001 -0.5000
vn -0.8660 -0.0001 -0.5000
vn -0.5000 0.0001 -0.8660
vn -0.5117 -0.0347 -0.8584
vn -0.1863 -0.0131 -0.9824
vn -0.5117 -0.0347 -0.8584
vn -0.5000 0.0001 -0.8660
vn -0.5000 0.0001 -0.8660
vn -0.2589 0.0002 -0.9659
vn -0.1863 -0.0131 -0.9824
vn -0.8660 0.0001 0.5000
vn -0.9659 0.0002 0.2589
vn -0.9715 -0.1129 0.2082
vn -0.9715 -0.1129 0.2082
vn -0.8516 -0.0620 0.5205
vn -0.8660 0.0001 0.5000
vn -0.5000 -0.0001 0.8660
vn -0.8660 0.0001 0.5000
vn -0.8516 -0.0620 0.5205
vn -0.8516 -0.0620 0.5205
vn -0.5117 -0.0346 0.8585
vn -0.5000 -0.0001 0.8660
vn -0.2589 -0.0002 0.9659
vn -0.5000 -0.0001 0.8660
vn -0.5117 -0.0346 0.8585
vn -0.5117 -0.0346 0.8585
vn -0.1864 -0.0129 0.9824
vn -0.2589 -0.0002 0.9659
vn 0.8660 0.0001 -0.5000
vn 0.9659 0.0002 -0.2589
vn 0.9740 0.0991 -0.2037
vn 0.9740 0.0991 -0.2037
vn 0.8462 0.0742 -0.5278
vn 0.8660 0.0001 -0.5000
vn 0.5001 -0.0001 -0.8660
vn 0.8660 0.0001 -0.5000
vn 0.8462 0.0742 -0.5278
vn 0.8462 0.0742 -0.5278
vn 0.4923 0.0458 -0.8692
vn 0.5001 -0.0001 -0.8660
vn 0.2589 -0.0002 -0.9659
vn 0.5001 -0.0001 -0.8660
vn 0.4923 0.0458 -0.8692
vn 0.4923 0.0458 -0.8692
vn 0.1972 0.0166 -0.9802
vn 0.2589 -0.0002 -0.9659
vn 0.8462 0.0742 0.5277
vn 0.9740 0.0992 0.2038
vn 0.9659 -0.0002 0.2589
vn 0.9659 -0.0002 0.2589
vn 0.8660 -0.0001 0.5000
vn 0.8462 0.0742 0.5277
vn 0.4924 0.0457 0.8692
vn 0.8462 0.0742 0.5277
vn 0.8660 -0.0001 0.5000
vn 0.8660 -0.0001 0.5000
vn 0.5001 0.0001 0.8660
vn 0.4924 0.0457 0.8692
vn 0.1971 0.0165 0.9802
vn 0.4924 0.0457 0.8692
vn 0.5001 0.0001 0.8660
vn 0.5001 0.0001 0.8660
vn 0.2589 0.0002 0.9659
vn 0.1971 0.0165 0.9802
vn 0.5256 -0.8478 0.0706
vn 0.2145 -0.9676 0.1329
vn 0.1948 -0.9808 -0.0000
vn 0.1948 -0.9808 -0.0000
vn 0.4971 -0.8669 0.0369
vn 0.5256 -0.8478 0.0706
vn 0.8596 -0.5094 0.0391
vn 0.5256 -0.8478 0.0706
vn 0.4971 -0.8669 0.0369
vn 0.4971 -0.8669 0.0369
vn 0.8404 -0.5307 0.1096
vn 0.8596 -0.5094 0.0391
vn 0.9828 -0.1841 0.0143
vn 0.8596 -0.5094 0.0391
vn 0.8404 -0.5307 0.1096
vn 0.8404 -0.5307 0.1096
vn 0.9616 -0.1942 0.1942
vn 0.9828 -0.1841 0.0143
vn 0.1189 -0.9929 0.0078
vn 0.1948 -0.9808 -0.0000
vn -0.1948 -0.9808 -0.0000
vn -0.1948 -0.9808 -0.0000
vn -0.1189 -0.9929 0.0078
vn 0.1189 -0.9929 0.0078
vn 0.0525 -0.9982 0.0275
vn 0.1189 -0.9929 0.0078
vn -0.1189 -0.9929 0.0078
vn -0.1189 -0.9929 0.0078
vn -0.0525 -0.9982 0.0275
vn 0.0525 -0.9982 0.0275
vn 0.0000 -1.0000 -0.0000
vn 0.0525 -0.9982 0.0275
vn -0.0525 -0.9982 0.0275
vn -0.0525 -0.9982 0.0275
vn 0.0000 -1.0000 -0.0000
vn 0.0000 -1.0000 -0.0000
vn -0.5256 -0.8478 0.0706
vn -0.4971 -0.8669 0.0369
vn -0.1948 -0.9808 -0.0000
vn -0.1948 -0.9808 -0.0000
vn -0.2145 -0.9676 0.1329
vn -0.5256 -0.8478 0.0706
vn -0.8596 -0.5094 0.0391
vn -0.8404 -0.5307 0.1096
vn -0.4971 -0.8669 0.0369
vn -0.4971 -0.8669 0.0369
vn -0.5256 -0.8478 0.0706
vn -0.8596 -0.5094 0.0391
vn -0.9828 -0.1841 0.0143
vn -0.9616 -0.1942 0.1942
vn -0.8404 -0.5307 0.1096
vn -0.8404 -0.5307 0.1096
vn -0.8596 -0.5094 0.0391
vn -0.9828 -0.1841 0.0143
vn 0.4971 0.8669 0.0369
vn 0.1463 0.9892 -0.0000
vn 0.1557 0.9840 -0.0864
vn 0.1557 0.9840 -0.0864
vn 0.5322 0.8421 -0.0869
vn 0.4971 0.8669 0.0369
vn 0.8404 0.5307 0.1096
vn 0.4971 0.8669 0.0369
vn 0.5322 0.8421 -0.0869
vn 0.5322 0.8421 -0.0869
vn 0.8716 0.4873 -0.0537
vn 0.8404 0.5307 0.1096
vn 0.9616 0.1942 0.1942
vn 0.8404 0.5307 0.1096
vn 0.8716 0.4873 -0.0537
vn 0.8716 0.4873 -0.0537
vn 0.9802 0.1970 -0.0198
vn 0.9616 0.1942 0.1942
vn -0.4971 0.8669 0.0369
vn -0.5322 0.8421 -0.0869
vn -0.1557 0.9840 -0.0864
vn -0.1557 0.9840 -0.0864
vn -0.1463 0.9892 -0.0000
vn -0.4971 0.8669 0.0369
vn -0.8404 0.5307 0.1096
vn -0.8716 0.4873 -0.0537
vn -0.5322 0.8421 -0.0869
vn -0.5322 0.8421 -0.0869
vn -0.4971 0.8669 0.0369
vn -0.8404 0.5307 0.1096
vn -0.9616 0.1942 0.1942
vn -0.9802 0.1970 -0.0198
vn -0.8716 0.4873 -0.0537
vn -0.8716 0.4873 -0.0537
vn -0.8404 0.5307 0.1096
vn -0.9616 0.1942 0.1942
vn -0.1189 0.9929 0.0078
vn -0.1463 0.9892 -0.0000
vn 0.1463 0.9892 -0.0000
vn 0.1463 0.9892 -0.0000
vn 0.1189 0.9929 0.0078
vn -0.1189 0.9929 0.0078
vn -0.0651 0.9978 0.0149
vn -0.1189 0.9929 0.0078
vn 0.1189 0.9929 0.0078
vn 0.1189 0.9929 0.0078
vn 0.0651 0.9978 0.0149
vn -0.0651 0.9978 0.0149
vn -0.0127 0.9998 0.0127
vn -0.0651 0.9978 0.0149
vn 0.0651 0.9978 0.0149
vn 0.0651 0.9978 0.0149
vn 0.0127 0.9998 0.0127
vn -0.0127 0.9998 0.0127
vn 0.5205 -0.5142 0.6816
vn 0.2083 -0.5549 0.8054
vn 0.2145 -0.7372 0.6407
vn 0.2145 -0.7372 0.6407
vn 0.5256 -0.6114 0.5915
vn 0.5205 -0.5142 0.6816
vn 0.8584 -0.3111 0.4079
vn 0.5205 -0.5142 0.6816
vn 0.5256 -0.6114 0.5915
vn 0.5256 -0.6114 0.5915
vn 0.8596 -0.3649 0.3577
vn 0.8584 -0.3111 0.4079
vn 0.9824 -0.1130 0.1488
vn 0.8584 -0.3111 0.4079
vn 0.8596 -0.3649 0.3577
vn 0.8596 -0.3649 0.3577
vn 0.9828 -0.1320 0.1291
vn 0.9824 -0.1130 0.1488
vn -0.5256 -0.6114 0.5915
vn -0.2145 -0.7372 0.6407
vn -0.2083 -0.5549 0.8054
vn -0.2083 -0.5549 0.8054
vn -0.5205 -0.5142 0.6816
vn -0.5256 -0.6114 0.5915
vn -0.8596 -0.3649 0.3577
vn -0.5256 -0.6114 0.5915
vn -0.5205 -0.5142 0.6816
vn -0.5205 -0.5142 0.6816
vn -0.8584 -0.3111 0.4079
vn -0.8596 -0.3649 0.3577
vn -0.9828 -0.1320 0.1291
vn -0.8596 -0.3649 0.3577
vn -0.8584 -0.3111 0.4079
vn -0.8584 -0.3111 0.4079
vn -0.9824 -0.1130 0.1488
vn -0.9828 -0.1320 0.1291
vn 0.5322 0.6199 -0.5766
vn 0.2066 0.7261 -0.6558
vn 0.2038 0.5667 -0.7983
vn 0.2038 0.5667 -0.7983
vn 0.5278 0.5012 -0.6857
vn 0.5322 0.6199 -0.5766
vn 0.8716 0.3612 -0.3314
vn 0.5322 0.6199 -0.5766
vn 0.5278 0.5012 -0.6857
vn 0.5278 0.5012 -0.6857
vn 0.8692 0.2897 -0.4008
vn 0.8716 0.3612 -0.3314
vn 0.9802 0.1447 -0.1352
vn 0.8716 0.3612 -0.3314
vn 0.8692 0.2897 -0.4008
vn 0.8692 0.2897 -0.4008
vn 0.9802 0.1173 -0.1594
vn 0.9802 0.1447 -0.1352
vn -0.5278 0.5012 -0.6857
vn -0.2038 0.5667 -0.7983
vn -0.2066 0.7261 -0.6558
vn -0.2066 0.7261 -0.6558
vn -0.5322 0.6199 -0.5766
vn -0.5278 0.5012 -0.6857
vn -0.8692 0.2897 -0.4008
vn -0.5278 0.5012 -0.6857
vn -0.5322 0.6199 -0.5766
vn -0.5322 0.6199 -0.5766
vn -0.8716 0.3612 -0.3314
vn -0.8692 0.2897 -0.4008
vn -0.9802 0.1173 -0.1594
vn -0.8692 0.2897 -0.4008
vn -0.8716 0.3612 -0.3314
vn -0.8716 0.3612 -0.3314
vn -0.9802 0.1447 -0.1352
vn -0.9802 0.1173 -0.1594
vn 0.5000 0.0001 0.8660
vn 0.2589 0.0002 0.9659
vn 0.2082 -0.1129 0.9715
vn 0.2082 -0.1129 0.9715
vn 0.5205 -0.0620 0.8516
vn 0.5000 0.0001 0.8660
vn 0.8660 -0.0001 0.5000
vn 0.5000 0.0001 0.8660
vn 0.5205 -0.0620 0.8516
vn 0.5205 -0.0620 0.8516
vn 0.8585 -0.0346 0.5117
vn 0.8660 -0.0001 0.5000
vn 0.9659 -0.0002 0.2589
vn 0.8660 -0.0001 0.5000
vn 0.8585 -0.0346 0.5117
vn 0.8585 -0.0346 0.5117
vn 0.9824 -0.0130 0.1864
vn 0.9659 -0.0002 0.2589
vn -0.5205 -0.0619 0.8516
vn -0.2083 -0.1128 0.9715
vn -0.2589 -0.0002 0.9659
vn -0.2589 -0.0002 0.9659
vn -0.5000 -0.0001 0.8660
vn -0.5205 -0.0619 0.8516
vn -0.8584 -0.0347 0.5117
vn -0.5205 -0.0619 0.8516
vn -0.5000 -0.0001 0.8660
vn -0.5000 -0.0001 0.8660
vn -0.8660 0.0001 0.5000
vn -0.8584 -0.0347 0.5117
vn -0.9824 -0.0131 0.1863
vn -0.8584 -0.0347 0.5117
vn -0.8660 0.0001 0.5000
vn -0.8660 0.0001 0.5000
vn -0.9659 0.0002 0.2589
vn -0.9824 -0.0131 0.1863
vn 0.5277 0.0742 -0.8462
vn 0.2038 0.0992 -0.9740
vn 0.2589 -0.0002 -0.9659
vn 0.2589 -0.0002 -0.9659
vn 0.5000 -0.0001 -0.8660
vn 0.5277 0.0742 -0.8462
vn 0.8692 0.0457 -0.4924
vn 0.5277 0.0742 -0.8462
vn 0.5000 -0.0001 -0.8660
vn 0.5000 -0.0001 -0.8660
vn 0.8660 0.0001 -0.5001
vn 0.8692 0.0457 -0.4924
vn 0.9802 0.0165 -0.1971
vn 0.8692 0.0457 -0.4924
vn 0.8660 0.0001 -0.5001
vn 0.8660 0.0001 -0.5001
vn 0.9659 0.0002 -0.2589
vn 0.9802 0.0165 -0.1971
vn -0.5000 0.0001 -0.8660
vn -0.2589 0.0002 -0.9659
vn -0.2037 0.0991 -0.9740
vn -0.2037 0.0991 -0.9740
vn -0.5278 0.0742 -0.8462
vn -0.5000 0.0001 -0.8660
vn -0.8660 -0.0001 -0.5001
vn -0.5000 0.0001 -0.8660
vn -0.5278 0.0742 -0.8462
vn -0.5278 0.0742 -0.8462
vn -0.8692 0.0458 -0.4923
vn -0.8660 -0.0001 -0.5001
vn -0.9659 -0.0002 -0.2589
vn -0.8660 -0.0001 -0.5001
vn -0.8692 0.0458 -0.4923
vn -0.8692 0.0458 -0.4923
vn -0.9802 0.0166 -0.1972
vn -0.9659 -0.0002 -0.2589
vn 0.5256 -0.8478 -0.0706
vn 0.4971 -0.8669 -0.0369
vn 0.1948 -0.9808 0.0000
vn 0.1948 -0.9808 0.0000
vn 0.2145 -0.9676 -0.1329
vn 0.5256 -0.8478 -0.0706
vn 0.8596 -0.5094 -0.0391
vn 0.8404 -0.5307 -0.1096
vn 0.4971 -0.8669 -0.0369
vn 0.4971 -0.8669 -0.0369
vn 0.5256 -0.8478 -0.0706
vn 0.8596 -0.5094 -0.0391
vn 0.9885 -0.1506 -0.0117
vn 0.9783 -0.1467 -0.1467
vn 0.8404 -0.5307 -0.1096
vn 0.8404 -0.5307 -0.1096
vn 0.8596 -0.5094 -0.0391
vn 0.9885 -0.1506 -0.0117
vn -0.5256 -0.8478 -0.0706
vn -0.2145 -0.9676 -0.1329
vn -0.1948 -0.9808 0.0000
vn -0.1948 -0.9808 0.0000
vn -0.4971 -0.8669 -0.0369
vn -0.5256 -0.8478 -0.0706
vn -0.8596 -0.5094 -0.0391
vn -0.5256 -0.8478 -0.0706
vn -0.4971 -0.8669 -0.0369
vn -0.4971 -0.8669 -0.0369
vn -0.8404 -0.5307 -0.1096
vn -0.8596 -0.5094 -0.0391
vn -0.9828 -0.1841 -0.0143
vn -0.8596 -0.5094 -0.0391
vn -0.8404 -0.5307 -0.1096
vn -0.8404 -0.5307 -0.1096
vn -0.9616 -0.1942 -0.1942
vn -0.9828 -0.1841 -0.0143
vn -0.1189 -0.9929 -0.0078
vn -0.1948 -0.9808 0.0000
vn 0.1948 -0.9808 0.0000
vn 0.1948 -0.9808 0.0000
vn 0.1189 -0.9929 -0.0078
vn -0.1189 -0.9929 -0.0078
vn -0.0525 -0.9982 -0.0275
vn -0.1189 -0.9929 -0.0078
vn 0.1189 -0.9929 -0.0078
vn 0.1189 -0.9929 -0.0078
vn 0.0525 -0.9982 -0.0275
vn -0.0525 -0.9982 -0.0275
vn 0.0000 -1.0000 -0.0000
vn -0.0525 -0.9982 -0.0275
vn 0.0525 -0.9982 -0.0275
vn 0.0525 -0.9982 -0.0275
vn 0.0000 -1.0000 -0.0000
vn 0.0000 -1.0000 -0.0000
vn 0.4971 0.8669 -0.0369
vn 0.5322 0.8421 0.0869
vn 0.1557 0.9840 0.0864
vn 0.1557 0.9840 0.0864
vn 0.1463 0.9892 -0.0000
vn 0.4971 0.8669 -0.0369
vn 0.8404 0.5307 -0.1096
vn 0.8716 0.4872 0.0537
vn 0.5322 0.8421 0.0869
vn 0.5322 0.8421 0.0869
vn 0.4971 0.8669 -0.0369
vn 0.8404 0.5307 -0.1096
vn 0.9783 0.1467 -0.1467
vn 0.9908 0.1347 0.0136
vn 0.8716 0.4872 0.0537
vn 0.8716 0.4872 0.0537
vn 0.8404 0.5307 -0.1096
vn 0.9783 0.1467 -0.1467
vn 0.1189 0.9929 -0.0078
vn 0.1463 0.9892 -0.0000
vn -0.1463 0.9892 -0.0000
vn -0.1463 0.9892 -0.0000
vn -0.1189 0.9929 -0.0078
vn 0.1189 0.9929 -0.0078
vn 0.0651 0.9978 -0.0149
vn 0.1189 0.9929 -0.0078
vn -0.1189 0.9929 -0.0078
vn -0.1189 0.9929 -0.0078
vn -0.0651 0.9978 -0.0149
vn 0.0651 0.9978 -0.0149
vn 0.0127 0.9998 -0.0127
vn 0.0651 0.9978 -0.0149
vn -0.0651 0.9978 -0.0149
vn -0.0651 0.9978 -0.0149
vn -0.0127 0.9998 -0.0127
vn 0.0127 0.9998 -0.0127
vn -0.4971 0.8669 -0.0369
vn -0.1463 0.9892 -0.0000
vn -0.1557 0.9840 0.0864
vn -0.1557 0.9840 0.0864
vn -0.5322 0.8421 0.0869
vn -0.4971 0.8669 -0.0369
vn -0.8404 0.5307 -0.1096
vn -0.4971 0.8669 -0.0369
vn -0.5322 0.8421 0.0869
vn -0.5322 0.8421 0.0869
vn -0.8716 0.4873 0.0537
vn -0.8404 0.5307 -0.1096
vn -0.9616 0.1942 -0.1942
vn -0.8404 0.5307 -0.1096
vn -0.8716 0.4873 0.0537
vn -0.8716 0.4873 0.0537
vn -0.9802 0.1970 0.0198
vn -0.9616 0.1942 -0.1942
vn 0.5256 -0.6114 -0.5915
vn 0.2145 -0.7372 -0.6407
vn 0.2083 -0.5549 -0.8054
vn 0.2083 -0.5549 -0.8054
vn 0.5205 -0.5142 -0.6816
vn 0.5256 -0.6114 -0.5915
vn 0.8596 -0.3649 -0.3577
vn 0.5256 -0.6114 -0.5915
vn 0.5205 -0.5142 -0.6816
vn 0.5205 -0.5142 -0.6816
vn 0.8584 -0.3111 -0.4079
vn 0.8596 -0.3649 -0.3577
vn 0.9828 -0.1320 -0.1291
vn 0.8596 -0.3649 -0.3577
vn 0.8584 -0.3111 -0.4079
vn 0.8584 -0.3111 -0.4079
vn 0.9824 -0.1130 -0.1488
vn 0.9828 -0.1320 -0.1291
vn -0.5205 -0.5142 -0.6816
vn -0.2083 -0.5549 -0.8054
vn -0.2145 -0.7372 -0.6407
vn -0.2145 -0.7372 -0.6407
vn -0.5256 -0.6114 -0.5915
vn -0.5205 -0.5142 -0.6816
vn -0.8584 -0.3111 -0.4079
vn -0.5205 -0.5142 -0.6816
vn -0.5256 -0.6114 -0.5915
vn -0.5256 -0.6114 -0.5915
vn -0.8596 -0.3649 -0.3577
vn -0.8584 -0.3111 -0.4079
vn -0.9824 -0.1130 -0.1488
vn -0.8584 -0.3111 -0.4079
vn -0.8596 -0.3649 -0.3577
vn -0.8596 -0.3649 -0.3577
vn -0.9828 -0.1320 -0.1291
vn -0.9824 -0.1130 -0.1488
vn 0.5278 0.5012 0.6857
vn 0.2038 0.5667 0.7983
vn 0.2066 0.7261 0.6558
vn 0.2066 0.7261 0.6558
vn 0.5322 0.6199 0.5766
vn 0.5278 0.5012 0.6857
vn 0.8692 0.2897 0.4008
vn 0.5278 0.5012 0.6857
vn 0.5322 0.6199 0.5766
vn 0.5322 0.6199 0.5766
vn 0.8716 0.3612 0.3314
vn 0.8692 0.2897 0.4008
vn 0.9802 0.1173 0.1594
vn 0.8692 0.2897 0.4008
vn 0.8716 0.3612 0.3314
vn 0.8716 0.3612 0.3314
vn 0.9802 0.1447 0.1352
vn 0.9802 0.1173 0.1594
vn -0.5322 0.6199 0.5766
vn -0.2066 0.7261 0.6558
vn -0.2038 0.5667 0.7983
vn -0.2038 0.5667 0.7983
vn -0.5278 0.5012 0.6857
vn -0.5322 0.6199 0.5766
vn -0.8716 0.3612 0.3314
vn -0.5322 0.6199 0.5766
vn -0.5278 0.5012 0.6857
vn -0.5278 0.5012 0.6857
vn -0.8692 0.2897 0.4008
vn -0.8716 0.3612 0.3314
vn -0.9802 0.1447 0.1352
vn -0.8716 0.3612 0.3314
vn -0.8692 0.2897 0.4008
vn -0.8692 0.2897 0.4008
vn -0.9802 0.1173 0.1594
vn -0.9802 0.1447 0.1352
vn 0.5205 -0.0619 -0.8516
vn 0.2083 -0.1128 -0.9715
vn 0.2589 -0.0002 -0.9659
vn 0.2589 -0.0002 -0.9659
vn 0.5000 -0.0001 -0.8660
vn 0.5205 -0.0619 -0.8516
vn 0.8584 -0.0347 -0.5117
vn 0.5205 -0.0619 -0.8516
vn 0.5000 -0.0001 -0.8660
vn 0.5000 -0.0001 -0.8660
vn 0.8660 0.0001 -0.5000
vn 0.8584 -0.0347 -0.5117
vn 0.9824 -0.0131 -0.1863
vn 0.8584 -0.0347 -0.5117
vn 0.8660 0.0001 -0.5000
vn 0.8660 0.0001 -0.5000
vn 0.9659 0.0002 -0.2589
vn 0.9824 -0.0131 -0.1863
vn -0.5000 0.0001 -0.8660
vn -0.2589 0.0002 -0.9659
vn -0.2082 -0.1129 -0.9715
vn -0.2082 -0.1129 -0.9715
vn -0.5205 -0.0620 -0.8516
vn -0.5000 0.0001 -0.8660
vn -0.8660 -0.0001 -0.5000
vn -0.5000 0.0001 -0.8660
vn -0.5205 -0.0620 -0.8516
vn -0.5205 -0.0620 -0.8516
vn -0.8585 -0.0346 -0.5117
vn -0.8660 -0.0001 -0.5000
vn -0.9659 -0.0002 -0.2589
vn -0.8660 -0.0001 -0.5000
vn -0.8585 -0.0346 -0.5117
vn -0.8585 -0.0346 -0.5117
vn -0.9824 -0.0129 -0.1864
vn -0.9659 -0.0002 -0.2589
vn 0.5000 0.0001 0.8660
vn 0.2589 0.0002 0.9659
vn 0.2037 0.0991 0.9740
vn 0.2037 0.0991 0.9740
vn 0.5278 0.0742 0.8462
vn 0.5000 0.0001 0.8660
vn 0.8660 -0.0001 0.5001
vn 0.5000 0.0001 0.8660
vn 0.5278 0.0742 0.8462
vn 0.5278 0.0742 0.8462
vn 0.8692 0.0458 0.4923
vn 0.8660 -0.0001 0.5001
vn 0.9659 -0.0002 0.2589
vn 0.8660 -0.0001 0.5001
vn 0.8692 0.0458 0.4923
vn 0.8692 0.0458 0.4923
vn 0.9802 0.0166 0.1972
vn 0.9659 -0.0002 0.2589
vn -0.5277 0.0742 0.8462
vn -0.2038 0.0993 0.9740
vn -0.2589 -0.0002 0.9659
vn -0.2589 -0.0002 0.9659
vn -0.5000 -0.0001 0.8660
vn -0.5277 0.0742 0.8462
vn -0.8692 0.0457 0.4924
vn -0.5277 0.0742 0.8462
vn -0.5000 -0.0001 0.8660
vn -0.5000 -0.0001 0.8660
vn -0.8660 0.0001 0.5001
vn -0.8692 0.0457 0.4924
vn -0.9802 0.0165 0.1971
vn -0.8692 0.0457 0.4924
vn -0.8660 0.0001 0.5001
vn -0.8660 0.0001 0.5001
vn -0.9659 0.0002 0.2589
vn -0.9802 0.0165 0.1971
vn 0.0000 0.0000 -1.0000
vn 0.0000 0.0000 -1.0000
vn 0.0000 0.0000 -1.0000
vn 0.0000 0.0000 -1.0000
vn 0.0000 0.0000 -1.0000
vn 0.0000 0.0000 -1.0000
vn 0.9908 0.1347 0.0136
vn 0.9783 0.1467 -0.1467
vn 0.9783 -0.1467 -0.1467
vn 0.9783 -0.1467 -0.1467
vn 0.9885 -0.1506 -0.0117
vn 0.9908 0.1347 0.0136
vn 0.0000 -1.0000 -0.0000
vn 0.0000 -1.0000 -0.0000
vn 0.0000 -1.0000 -0.0000
vn 0.0000 -1.0000 -0.0000
vn 0.0000 -1.0000 -0.0000
vn 0.0000 -1.0000 -0.0000
vn 0.0000 -1.0000 -0.0000
vn 0.0000 -1.0000 -0.0000
vn 0.0000 -1.0000 -0.0000
vn 0.0000 -1.0000 -0.0000
vn 0.0000 -1.0000 -0.0000
vn 0.0000 -1.0000 -0.0000
vn 0.0000 -1.0000 -0.0000
vn 0.0000 -1.0000 -0.0000
vn 0.0000 -1.0000 -0.0000
vn 0.0000 -1.0000 -0.0000
vn 0.0000 -1.0000 -0.0000
vn 0.0000 -1.0000 -0.0000
vn 0.0000 -0.0000 1.0000
vn 0.0000 -0.0000 1.0000
vn 0.0000 -0.0000 1.0000
vn 0.0000 -0.0000 1.0000
vn 0.0000 -0.0000 1.0000
vn 0.0000 -0.0000 1.0000
vn 1.0000 0.0000 -0.0000
vn 1.0000 0.0000 -0.0000
vn 1.0000 0.0000 -0.0000
vn 1.0000 0.0000 -0.0000
vn 1.0000 0.0000 -0.0000
vn 1.0000 0.0000 -0.0000
vn 0.0000 -1.0000 -0.0000
vn 0.0000 -1.0000 -0.0000
vn 0.0000 -1.0000 -0.0000
vn 0.0000 -1.0000 -0.0000
vn 0.0000 -1.0000 -0.0000
vn 0.0000 -1.0000 -0.0000
vn -0.0000 0.0000 -1.0000
vn -0.0000 0.0000 -1.0000
vn -0.0000 0.0000 -1.0000
vn -0.0000 0.0000 -1.0000
vn 0.0000 0.0000 -1.0000
vn -0.0000 0.0000 -1.0000
vn 0.7526 -0.6585 -0.0000
vn 0.7526 -0.6585 -0.0000
vn 0.7526 -0.6585 -0.0000
vn 0.7526 -0.6585 -0.0000
vn 0.7526 -0.6585 -0.0000
vn 0.7526 -0.6585 -0.0000
vn -0.0000 -0.0000 1.0000
vn 0.0000 -0.0000 1.0000
vn -0.0000 -0.0000 1.0000
vn -0.0000 -0.0000 1.0000
vn -0.0000 -0.0000 1.0000
vn -0.0000 -0.0000 1.0000
vn -0.0864 0.9840 0.1557
vn -0.0864 0.9840 -0.1557
vn 0.0000 0.9892 -0.1463
vn 0.0000 0.9892 -0.1463
vn 0.0000 0.9892 0.1463
vn -0.0864 0.9840 0.1557
vn -0.1463 0.9892 -0.0000
vn 0.1463 0.9892 -0.0000
vn 0.1557 0.9840 0.0864
vn 0.1557 0.9840 0.0864
vn -0.1557 0.9840 0.0864
vn -0.1463 0.9892 -0.0000
vn -0.0127 0.9998 -0.0127
vn -0.0127 0.9998 0.0127
vn 0.0127 0.9998 0.0127
vn 0.0127 0.9998 0.0127
vn 0.0127 0.9998 -0.0127
vn -0.0127 0.9998 -0.0127
vn -0.1557 0.9840 -0.0864
vn 0.1557 0.9840 -0.0864
vn 0.1463 0.9892 -0.0000
vn 0.1463 0.9892 -0.0000
vn -0.1463 0.9892 -0.0000
vn -0.1557 0.9840 -0.0864
vn -0.7907 0.5926 0.1535
vn -0.7908 0.5926 -0.1535
vn -0.6837 0.7130 -0.1557
vn -0.6837 0.7130 -0.1557
vn -0.6837 0.7130 0.1557
vn -0.7907 0.5926 0.1535
vn 1.0000 0.0000 -0.0000
vn 1.0000 0.0000 -0.0000
vn 1.0000 0.0000 -0.0000
vn 1.0000 0.0000 -0.0000
vn 1.0000 0.0000 -0.0000
vn 1.0000 0.0000 -0.0000
vn 0.0000 0.0000 -1.0000
vn 0.0000 0.0000 -1.0000
vn 0.0000 0.0000 -1.0000
vn 0.0000 0.0000 -1.0000
vn 0.0000 0.0000 -1.0000
vn 0.0000 0.0000 -1.0000
vn -0.0000 -0.0000 1.0000
vn -0.0000 -0.0000 1.0000
vn -0.0000 -0.0000 1.0000
vn -0.0000 -0.0000 1.0000
vn 0.0000 -0.0000 1.0000
vn -0.0000 -0.0000 1.0000
vn -1.0000 0.0000 -0.0000
vn -1.0000 0.0000 -0.0000
vn -1.0000 0.0000 -0.0000
vn -1.0000 0.0000 -0.0000
vn -1.0000 0.0000 -0.0000
vn -1.0000 0.0000 -0.0000
vn 0.0000 0.0000 -1.0000
vn 0.0000 0.0000 -1.0000
vn 0.0000 0.0000 -1.0000
vn 0.0000 0.0000 -1.0000
vn 0.0000 0.0000 -1.0000
vn 0.0000 0.0000 -1.0000
vn 0.0000 -1.0000 -0.0000
vn 0.0000 -1.0000 -0.0000
vn 0.0000 -1.0000 -0.0000
vn 0.0000 -1.0000 -0.0000
vn 0.0000 -1.0000 -0.0000
vn 0.0000 -1.0000 -0.0000
vn -1.0000 0.0000 -0.0000
vn -1.0000 0.0000 -0.0000
vn -1.0000 0.0000 -0.0000
vn -1.0000 0.0000 -0.0000
vn -1.0000 0.0000 -0.0000
vn -1.0000 0.0000 -0.0000
vn 0.0000 -0.0000 1.0000
vn 0.0000 -0.0000 1.0000
vn 0.0000 -0.0000 1.0000
vn 0.0000 -0.0000 1.0000
vn 0.0000 -0.0000 1.0000
vn 0.0000 -0.0000 1.0000
vn -1.0000 0.0000 -0.0000
vn -1.0000 0.0000 -0.0000
vn -1.0000 0.0000 -0.0000
vn -1.0000 0.0000 -0.0000
vn -1.0000 0.0000 -0.0000
vn -1.0000 0.0000 -0.0000
vn 0.0000 0.0000 -1.0000
vn 0.0000 0.0000 -1.0000
vn 0.0000 0.0000 -1.0000
vn 0.0000 0.0000 -1.0000
vn 0.0000 0.0000 -1.0000
vn 0.0000 0.0000 -1.0000
vn -0.7526 -0.6585 -0.0000
vn -0.7526 -0.6585 -0.0000
vn -0.7526 -0.6585 -0.0000
vn -0.7526 -0.6585 -0.0000
vn -0.7526 -0.6585 -0.0000
vn -0.7526 -0.6585 -0.0000
vn 0.0000 -0.0000 1.0000
vn -0.0000 -0.0000 1.0000
vn 0.0000 -0.0000 1.0000
vn 0.0000 -0.0000 1.0000
vn 0.0000 -0.0000 1.0000
vn 0.0000 -0.0000 1.0000
vn 0.0000 0.9892 0.1463
vn 0.0000 0.9892 -0.1463
vn 0.0864 0.9840 -0.1557
vn 0.0864 0.9840 -0.1557
vn 0.0864 0.9840 0.1557
vn 0.0000 0.9892 0.1463
vn 0.7526 0.6585 0.0000
vn 0.7526 0.6585 -0.0000
vn 0.7526 0.6585 0.0000
vn 0.7526 0.6585 0.0000
vn 0.7526 0.6585 0.0000
vn 0.7526 0.6585 0.0000
vn -1.0000 0.0000 -0.0000
vn -1.0000 0.0000 -0.0000
vn -1.0000 0.0000 -0.0000
vn -1.0000 0.0000 -0.0000
vn -1.0000 0.0000 -0.0000
vn -1.0000 0.0000 -0.0000
vn -0.0000 0.0000 -1.0000
vn -0.0000 0.0000 -1.0000
vn -0.0000 0.0000 -1.0000
vn -0.0000 0.0000 -1.0000
vn 0.0000 0.0000 -1.0000
vn -0.0000 0.0000 -1.0000
vn 0.0000 -0.0000 1.0000
vn 0.0000 -0.0000 1.0000
vn 0.0000 -0.0000 1.0000
vn 0.0000 -0.0000 1.0000
vn 0.0000 -0.0000 1.0000
vn 0.0000 -0.0000 1.0000
vn 1.0000 0.0000 -0.0000
vn 1.0000 0.0000 -0.0000
vn 1.0000 0.0000 -0.0000
vn 1.0000 0.0000 -0.0000
vn 1.0000 0.0000 -0.0000
vn 1.0000 0.0000 -0.0000
vn 0.0000 -0.6585 0.7526
vn 0.0000 -0.6585 0.7526
vn 0.0000 -0.6585 0.7526
vn 0.0000 -0.6585 0.7526
vn 0.0000 -0.6585 0.7526
vn 0.0000 -0.6585 0.7526
vn -1.0000 0.0000 -0.0000
vn -1.0000 0.0000 -0.0000
vn -1.0000 0.0000 -0.0000
vn -1.0000 0.0000 -0.0000
vn -1.0000 0.0000 -0.0000
vn -1.0000 0.0000 -0.0000
vn 1.0000 0.0000 -0.0000
vn 1.0000 0.0000 -0.0000
vn 1.0000 0.0000 -0.0000
vn 1.0000 0.0000 -0.0000
vn 1.0000 0.0000 -0.0000
vn 1.0000 0.0000 -0.0000
vn 0.0000 0.6585 -0.7526
vn 0.0000 0.6585 -0.7526
vn 0.0000 0.6585 -0.7526
vn 0.0000 0.6585 -0.7526
vn 0.0000 0.6585 -0.7526
vn 0.0000 0.6585 -0.7526
vn 0.0000 -0.0000 1.0000
vn 0.0000 -0.0000 1.0000
vn 0.0000 -0.0000 1.0000
vn 0.0000 -0.0000 1.0000
vn 0.0000 -0.0000 1.0000
vn 0.0000 -0.0000 1.0000
vn -1.0000 0.0000 -0.0000
vn -1.0000 0.0000 -0.0000
vn -1.0000 0.0000 -0.0000
vn -1.0000 0.0000 -0.0000
vn -1.0000 0.0000 -0.0000
vn -1.0000 0.0000 -0.0000
vn 1.0000 0.0000 -0.0000
vn 1.0000 0.0000 -0.0000
vn 1.0000 0.0000 -0.0000
vn 1.0000 0.0000 -0.0000
vn 1.0000 0.0000 -0.0000
vn 1.0000 0.0000 -0.0000
vn 0.0000 0.0000 -1.0000
vn 0.0000 0.0000 -1.0000
vn 0.0000 0.0000 -1.0000
vn 0.0000 0.0000 -1.0000
vn 0.0000 0.0000 -1.0000
vn 0.0000 0.0000 -1.0000
vn 0.0000 -0.6585 -0.7526
vn 0.0000 -0.6585 -0.7526
vn 0.0000 -0.6585 -0.7526
vn 0.0000 -0.6585 -0.7526
vn 0.0000 -0.6585 -0.7526
vn 0.0000 -0.6585 -0.7526
vn -1.0000 0.0000 -0.0000
vn -1.0000 0.0000 -0.0000
vn -1.0000 0.0000 -0.0000
vn -1.0000 0.0000 -0.0000
vn -1.0000 0.0000 -0.0000
vn -1.0000 0.0000 -0.0000
vn 1.0000 0.0000 -0.0000
vn 1.0000 0.0000 -0.0000
vn 1.0000 0.0000 -0.0000
vn 1.0000 0.0000 -0.0000
vn 1.0000 0.0000 -0.0000
vn 1.0000 0.0000 -0.0000
vn 0.0000 0.6585 0.7526
vn 0.0000 0.6585 0.7526
vn 0.0000 0.6585 0.7526
vn 0.0000 0.6585 0.7526
vn 0.0000 0.6585 0.7526
vn 0.0000 0.6585 0.7526
vn 0.0000 0.0000 -1.0000
vn 0.0000 0.0000 -1.0000
vn 0.0000 0.0000 -1.0000
vn 0.0000 0.0000 -1.0000
vn 0.0000 0.0000 -1.0000
vn 0.0000 0.0000 -1.0000
vn -1.0000 0.0000 -0.0000
vn -1.0000 0.0000 -0.0000
vn -1.0000 0.0000 -0.0000
vn -1.0000 0.0000 -0.0000
vn -1.0000 0.0000 -0.0000
vn -1.0000 0.0000 -0.0000
vn 1.0000 0.0000 -0.0000
vn 1.0000 0.0000 -0.0000
vn 1.0000 0.0000 -0.0000
vn 1.0000 0.0000 -0.0000
vn 1.0000 0.0000 -0.0000
vn 1.0000 0.0000 -0.0000
vn 0.0000 -0.0000 1.0000
vn 0.0000 -0.0000 1.0000
vn 0.0000 -0.0000 1.0000
vn 0.0000 -0.0000 1.0000
vn 0.0000 -0.0000 1.0000
vn 0.0000 -0.0000 1.0000
vn 0.5697 -0.5924 -0.5697
vn 0.6977 -0.1626 -0.6977
vn 0.5011 -0.1644 -0.8496
vn 0.5011 -0.1644 -0.8496
vn 0.4369 -0.5753 -0.6914
vn 0.5697 -0.5924 -0.5697
vn 0.5697 0.5924 -0.5697
vn 0.6977 0.1626 -0.6977
vn 0.8496 0.1644 -0.5011
vn 0.8496 0.1644 -0.5011
vn 0.6914 0.5753 -0.4369
vn 0.5697 0.5924 -0.5697
vn 0.6977 -0.1626 -0.6977
vn 0.6977 0.1626 -0.6977
vn 0.5011 0.1644 -0.8496
vn 0.5011 0.1644 -0.8496
vn 0.5011 -0.1644 -0.8496
vn 0.6977 -0.1626 -0.6977
vn -0.5697 -0.5924 -0.5697
vn -0.6977 -0.1626 -0.6977
vn -0.8496 -0.1644 -0.5011
vn -0.8496 -0.1644 -0.5011
vn -0.6914 -0.5753 -0.4369
vn -0.5697 -0.5924 -0.5697
vn -0.5697 0.5924 -0.5697
vn -0.6977 0.1626 -0.6977
vn -0.5011 0.1644 -0.8496
vn -0.5011 0.1644 -0.8496
vn -0.4369 0.5753 -0.6914
vn -0.5697 0.5924 -0.5697
vn -0.6977 0.1626 -0.6977
vn -0.6977 -0.1626 -0.6977
vn -0.5011 -0.1644 -0.8496
vn -0.5011 -0.1644 -0.8496
vn -0.5011 0.1644 -0.8496
vn -0.6977 0.1626 -0.6977
vn -0.5697 -0.5924 0.5697
vn -0.6977 -0.1626 0.6977
vn -0.5011 -0.1644 0.8496
vn -0.5011 -0.1644 0.8496
vn -0.4369 -0.5753 0.6914
vn -0.5697 -0.5924 0.5697
vn -0.5697 0.5924 0.5697
vn -0.6977 0.1626 0.6977
vn -0.8496 0.1644 0.5011
vn -0.8496 0.1644 0.5011
vn -0.6914 0.5753 0.4369
vn -0.5697 0.5924 0.5697
vn -0.6977 -0.1626 0.6977
vn -0.6977 0.1626 0.6977
vn -0.5011 0.1644 0.8496
vn -0.5011 0.1644 0.8496
vn -0.5011 -0.1644 0.8496
vn -0.6977 -0.1626 0.6977
vn 0.5697 -0.5924 0.5697
vn 0.6977 -0.1626 0.6977
vn 0.8496 -0.1644 0.5011
vn 0.8496 -0.1644 0.5011
vn 0.6914 -0.5753 0.4369
vn 0.5697 -0.5924 0.5697
vn 0.5697 0.5924 0.5697
vn 0.6977 0.1626 0.6977
vn 0.5011 0.1644 0.8496
vn 0.5011 0.1644 0.8496
vn 0.4369 0.5753 0.6914
vn 0.5697 0.5924 0.5697
vn 0.6977 0.1626 0.6977
vn 0.6977 -0.1626 0.6977
vn 0.5011 -0.1644 0.8496
vn 0.5011 -0.1644 0.8496
vn 0.5011 0.1644 0.8496
vn 0.6977 0.1626 0.6977
vn 0.5697 -0.5924 0.5697
vn 0.1705 -0.9705 0.1705
vn 0.1297 -0.9074 0.3999
vn 0.1297 -0.9074 0.3999
vn 0.4369 -0.5753 0.6914
vn 0.5697 -0.5924 0.5697
vn 0.1297 -0.9074 -0.3999
vn 0.1705 -0.9705 -0.1705
vn 0.5697 -0.5924 -0.5697
vn 0.5697 -0.5924 -0.5697
vn 0.4369 -0.5753 -0.6914
vn 0.1297 -0.9074 -0.3999
vn -0.5697 -0.5924 -0.5697
vn -0.1705 -0.9705 -0.1705
vn -0.1297 -0.9074 -0.3999
vn -0.1297 -0.9074 -0.3999
vn -0.4369 -0.5753 -0.6914
vn -0.5697 -0.5924 -0.5697
vn -0.1297 -0.9074 0.3999
vn -0.1705 -0.9705 0.1705
vn -0.5697 -0.5924 0.5697
vn -0.5697 -0.5924 0.5697
vn -0.4369 -0.5753 0.6914
vn -0.1297 -0.9074 0.3999
vn 0.5697 0.5924 -0.5697
vn 0.1582 0.9747 -0.1582
vn 0.1297 0.9073 -0.3999
vn 0.1297 0.9073 -0.3999
vn 0.4369 0.5753 -0.6914
vn 0.5697 0.5924 -0.5697
vn 0.1297 0.9074 0.3999
vn 0.1582 0.9747 0.1582
vn 0.5697 0.5924 0.5697
vn 0.5697 0.5924 0.5697
vn 0.4369 0.5753 0.6914
vn 0.1297 0.9074 0.3999
vn -0.5697 0.5924 0.5697
vn -0.1582 0.9747 0.1582
vn -0.1297 0.9073 0.3999
vn -0.1297 0.9073 0.3999
vn -0.4369 0.5753 0.6914
vn -0.5697 0.5924 0.5697
vn -0.1297 0.9074 -0.3999
vn -0.1582 0.9747 -0.1582
vn -0.5697 0.5924 -0.5697
vn -0.5697 0.5924 -0.5697
vn -0.4369 0.5753 -0.6914
vn -0.1297 0.9074 -0.3999
vn -0.1582 0.9747 0.1582
vn -0.0651 0.9978 0.0149
vn -0.0127 0.9998 0.0127
vn -0.1582 0.9747 -0.1582
vn -0.0149 0.9978 -0.0651
vn -0.0127 0.9998 -0.0127
vn 0.1582 0.9747 0.1582
vn 0.0149 0.9978 0.0651
vn 0.0127 0.9998 0.0127
vn 0.1582 0.9747 -0.1582
vn 0.0651 0.9978 -0.0149
vn 0.0127 0.9998 -0.0127
# 8664 vertex normals

vt 0.8336 0.8820 -9.5632
vt 0.8334 0.8843 -9.5632
vt 0.8315 0.8837 -9.5632
vt 0.8318 0.8819 -9.5632
vt 0.8354 0.8820 -9.5632
vt 0.8353 0.8843 -9.5632
vt 0.8373 0.8842 -9.5632
vt 0.8372 0.8820 -9.5632
vt 0.8375 0.8864 -9.5632
vt 0.8354 0.8866 -9.5632
vt 0.2108 0.9006 -7.8294
vt 0.2108 0.9029 -7.8294
vt 0.4115 0.8756 -3.7665
vt 0.4136 0.8758 -3.7665
vt 0.4136 0.8735 -3.7665
vt 0.4116 0.8734 -3.7665
vt 0.4154 0.8736 -3.7665
vt 0.4154 0.8757 -3.7665
vt 0.4172 0.8753 -3.7665
vt 0.4172 0.8736 -3.7665
vt 0.4173 0.8761 -3.7665
vt 0.4157 0.8766 -3.7665
vt 0.8894 0.8862 -9.5632
vt 0.2130 0.9573 -7.8294
vt 0.2108 0.9573 -7.8294
vt 0.2108 0.9550 -7.8294
vt 0.8894 0.8840 -9.5632
vt 0.8915 0.8841 -9.5632
vt 0.8912 0.8818 -9.5632
vt 0.8895 0.8818 -9.5632
vt 0.8930 0.8818 -9.5632
vt 0.8933 0.8839 -9.5632
vt 0.8951 0.8833 -9.5632
vt 0.8947 0.8816 -9.5632
vt 0.8954 0.8842 -9.5632
vt 0.1196 0.8809 -11.1357
vt 0.1202 0.8778 -11.1357
vt 0.1200 0.8800 -11.1357
vt 0.1181 0.8794 -11.1357
vt 0.1184 0.8776 -11.1357
vt 0.1220 0.8778 -11.1357
vt 0.1218 0.8801 -11.1357
vt 0.1239 0.8799 -11.1357
vt 0.1237 0.8777 -11.1357
vt 0.8328 0.8164 -9.5632
vt 0.8346 0.8160 -9.5632
vt 0.8345 0.8182 -9.5632
vt 0.8329 0.8185 -9.5632
vt 0.8324 0.8140 -9.5632
vt 0.8343 0.8138 -9.5632
vt 0.8334 0.8116 -9.5632
vt 0.8315 0.8120 -9.5632
vt 0.8353 0.8114 9.5632
vt 0.8358 0.8136 -9.5632
vt 0.8372 0.8116 -9.5632
vt 0.8375 0.8135 -9.5632
vt 0.8377 0.8155 -9.5632
vt 0.8361 0.8157 -9.5632
vt 0.8377 0.8173 -9.5632
vt 0.8361 0.8177 -9.5632
vt 0.8928 0.8181 -9.5632
vt 0.8927 0.8160 -9.5632
vt 0.8945 0.8163 -9.5632
vt 0.8945 0.8184 -9.5632
vt 0.8912 0.8177 -9.5632
vt 0.8912 0.8157 -9.5632
vt 0.8896 0.8173 -9.5632
vt 0.8896 0.8155 -9.5632
vt 0.8898 0.8135 -9.5632
vt 0.8915 0.8137 -9.5632
vt 0.8901 0.8116 -9.5632
vt 0.8920 0.8115 -9.5632
vt 0.8939 0.8117 -9.5632
vt 0.8930 0.8138 -9.5632
vt 0.8948 0.8140 -9.5632
vt 0.8957 0.8121 -9.5632
vt 0.7800 0.8777 -9.5632
vt 0.7780 0.8780 -9.5632
vt 0.7782 0.8757 -9.5632
vt 0.7801 0.8759 -9.5632
vt 0.4686 0.8705 -3.7665
vt 0.7783 0.8789 -9.5632
vt 0.4705 0.8679 -3.7665
vt 0.4705 0.8700 -3.7665
vt 0.4687 0.8696 -3.7665
vt 0.4687 0.8679 -3.7665
vt 0.4723 0.8679 -3.7665
vt 0.4723 0.8701 -3.7665
vt 0.4743 0.8698 -3.7665
vt 0.4740 0.8677 -3.7665
vt 0.4747 0.8720 -3.7665
vt 0.4725 0.8724 -3.7665
vt 0.7737 0.8796 -9.5632
vt 0.2442 0.8737 -3.7665
vt 0.7741 0.8774 -9.5632
vt 0.7762 0.8778 -9.5632
vt 0.7763 0.8754 -9.5632
vt 0.7745 0.8752 -9.5632
vt 0.9498 0.8721 -9.5632
vt 0.9502 0.8743 -9.5632
vt 0.9482 0.8742 -9.5632
vt 0.9480 0.8724 -9.5632
vt 0.9516 0.8716 -9.5632
vt 0.9520 0.8739 -9.5632
vt 0.9539 0.8733 -9.5632
vt 0.9533 0.8712 -9.5632
vt 0.9546 0.8752 -9.5632
vt 0.0615 0.8769 -11.1357
vt 0.0594 0.8765 -11.1357
vt 0.7224 0.8767 -9.5632
vt 0.0598 0.8743 -11.1357
vt 0.0619 0.8747 -11.1357
vt 0.0620 0.8723 -11.1357
vt 0.0602 0.8720 -11.1357
vt 0.0639 0.8726 -11.1357
vt 0.0637 0.8749 -11.1357
vt 0.0657 0.8746 -11.1357
vt 0.0658 0.8728 -11.1357
vt 0.0658 0.8755 -11.1357
vt 0.0640 0.8758 -11.1357
vt 0.7803 0.8315 -9.5632
vt 0.7785 0.8316 -9.5632
vt 0.7784 0.8294 -9.5632
vt 0.7804 0.8293 -9.5632
vt 0.7766 0.8318 -9.5632
vt 0.7767 0.8297 -9.5632
vt 0.7747 0.8300 -9.5632
vt 0.7747 0.8321 -9.5632
vt 0.7745 0.8276 -9.5632
vt 0.7764 0.8276 -9.5632
vt 0.7760 0.8257 -9.5632
vt 0.7743 0.8256 -9.5632
vt 0.7776 0.8254 -9.5632
vt 0.7781 0.8273 -9.5632
vt 0.7791 0.8249 -9.5632
vt 0.7799 0.8269 -9.5632
vt 0.9532 0.8276 -9.5632
vt 0.9515 0.8274 -9.5632
vt 0.9521 0.8256 -9.5632
vt 0.7224 0.8258 -9.5632
vt 0.9529 0.8296 -9.5632
vt 0.9512 0.8293 -9.5632
vt 0.9512 0.8313 -9.5632
vt 0.9530 0.8316 -9.5632
vt 0.9494 0.8311 -9.5632
vt 0.9495 0.8291 -9.5632
vt 0.9477 0.8311 -9.5632
vt 0.9477 0.8289 -9.5632
vt 0.9481 0.8265 -9.5632
vt 0.9499 0.8271 -9.5632
vt 0.9490 0.8247 -9.5632
vt 0.9505 0.8252 -9.5632
vt 0.1227 0.6442 -14.2692
vt 0.1228 0.6462 -14.2692
vt 0.1210 0.6464 -14.2692
vt 0.1205 0.6441 -14.2692
vt 0.1229 0.6485 -14.2692
vt 0.1212 0.6486 -14.2692
vt 0.1229 0.6504 -14.2692
vt 0.1213 0.6509 -14.2692
vt 0.1197 0.6513 -14.2692
vt 0.1197 0.6489 -14.2692
vt 0.1179 0.6494 -14.2692
vt 0.1181 0.6516 -14.2692
vt 0.1174 0.6470 -14.2692
vt 0.1193 0.6466 -14.2692
vt 0.1184 0.6444 -14.2692
vt 0.1164 0.6450 -14.2692
vt 0.1752 0.6442 -14.2692
vt 0.1773 0.6442 -14.2692
vt 0.1769 0.6464 -14.2692
vt 0.1750 0.6462 -14.2692
vt 0.1794 0.6444 -14.2692
vt 0.1786 0.6466 -14.2692
vt 0.1805 0.6470 -14.2692
vt 0.1814 0.6451 -14.2692
vt 0.1799 0.6494 -14.2692
vt 0.1781 0.6489 -14.2692
vt 0.1781 0.6513 -14.2692
vt 0.1797 0.6516 -14.2692
vt 0.1765 0.6509 -14.2692
vt 0.1766 0.6486 -14.2692
vt 0.1749 0.6504 -14.2692
vt 0.1749 0.6485 -14.2692
vt 0.0613 0.6655 -14.2692
vt 0.0619 0.6675 -14.2692
vt 0.0601 0.6676 -14.2692
vt 0.0599 0.6656 -13.4863
vt 0.0628 0.6652 -14.2692
vt 0.0634 0.6671 -14.2692
vt 0.0642 0.6646 -14.2692
vt 0.0651 0.6665 -14.2692
vt 0.0657 0.6689 -14.2692
vt 0.0638 0.6692 -14.2692
vt 0.0659 0.6710 -14.2692
vt 0.0640 0.6712 -14.2692
vt 0.0622 0.6716 -14.2692
vt 0.0622 0.6695 -14.2692
vt 0.0603 0.6699 -14.2692
vt 0.0604 0.6719 -14.2692
vt 0.2379 0.6680 -14.2692
vt 0.2361 0.6676 -14.2692
vt 0.2369 0.6658 -14.2692
vt 0.0079 0.6656 -14.2692
vt 0.2373 0.6701 -14.2692
vt 0.2355 0.6696 -14.2692
vt 0.2353 0.6716 -14.2692
vt 0.2370 0.6721 -14.2692
vt 0.2336 0.6713 -14.2692
vt 0.2339 0.6692 -14.2692
vt 0.2319 0.6710 -14.2692
vt 0.2321 0.6688 -14.2692
vt 0.2328 0.6665 -14.2692
vt 0.2345 0.6672 -14.2692
vt 0.2338 0.6646 -14.2692
vt 0.2353 0.6653 -14.2692
vt 0.6532 0.8834 -11.1397
vt 0.6514 0.8840 -11.1397
vt 0.6511 0.8819 -11.1397
vt 0.6528 0.8817 -11.1397
vt 0.6534 0.8843 -11.1397
vt 0.6518 0.8849 -11.1397
vt 0.3556 0.8720 -3.7665
vt 0.3553 0.8741 -3.7665
vt 0.3535 0.8735 -3.7665
vt 0.3536 0.8718 -3.7665
vt 0.3574 0.8722 -3.7665
vt 0.3571 0.8744 -3.7665
vt 0.3592 0.8745 -3.7665
vt 0.3593 0.8723 -3.7665
vt 0.3592 0.8767 -3.7665
vt 0.3571 0.8767 -3.7665
vt 0.1564 0.9028 7.8294
vt 0.1586 0.9028 -7.8294
vt 0.6475 0.8841 -11.1397
vt 0.6496 0.8842 -11.1397
vt 0.6493 0.8819 -11.1397
vt 0.6476 0.8819 -11.1397
vt 0.5917 0.8820 -11.1397
vt 0.5915 0.8842 -11.1397
vt 0.5896 0.8837 -11.1397
vt 0.5899 0.8819 -11.1397
vt 0.5935 0.8820 -11.1397
vt 0.5934 0.8843 -11.1397
vt 0.5954 0.8842 -11.1397
vt 0.5953 0.8820 -11.1397
vt 0.5956 0.8864 -11.1397
vt 0.5935 0.8866 -11.1397
vt 0.1759 0.8821 -11.1357
vt 0.1586 0.9550 -7.8294
vt 0.1759 0.8799 -11.1357
vt 0.1780 0.8800 -11.1357
vt 0.1777 0.8777 -11.1357
vt 0.1760 0.8777 -11.1357
vt 0.1795 0.8776 -11.1357
vt 0.1798 0.8798 -11.1357
vt 0.1816 0.8792 -11.1357
vt 0.1813 0.8775 -11.1357
vt 0.1819 0.8801 -11.1357
vt 0.1802 0.8807 -11.1357
vt 0.6510 0.8182 -11.1397
vt 0.6509 0.8160 -11.1397
vt 0.6527 0.8164 -11.1397
vt 0.6527 0.8185 -11.1397
vt 0.6494 0.8178 -11.1397
vt 0.6494 0.8158 -11.1397
vt 0.6478 0.8174 -11.1397
vt 0.6479 0.8156 -11.1397
vt 0.6480 0.8136 -11.1397
vt 0.6497 0.8138 -11.1397
vt 0.6483 0.8117 -11.1397
vt 0.6502 0.8116 11.1397
vt 0.6521 0.8117 -11.1397
vt 0.6512 0.8139 -11.1397
vt 0.6531 0.8141 -11.1397
vt 0.6539 0.8122 -11.1397
vt 0.5954 0.8116 -11.1397
vt 0.5957 0.8135 -11.1397
vt 0.5941 0.8136 -11.1397
vt 0.5935 0.8114 -11.1397
vt 0.5959 0.8155 -11.1397
vt 0.5943 0.8157 -11.1397
vt 0.5960 0.8173 -11.1397
vt 0.5944 0.8177 -11.1397
vt 0.5927 0.8182 -11.1397
vt 0.5928 0.8159 -11.1397
vt 0.5910 0.8164 -11.1397
vt 0.5911 0.8185 -11.1397
vt 0.5906 0.8140 -11.1397
vt 0.5925 0.8138 -11.1397
vt 0.5916 0.8116 -11.1397
vt 0.5898 0.8120 -11.1397
vt 0.7079 0.8723 -11.1397
vt 0.7083 0.8745 -11.1397
vt 0.7063 0.8744 -11.1397
vt 0.7061 0.8726 -11.1397
vt 0.7097 0.8718 -11.1397
vt 0.7101 0.8741 -11.1397
vt 0.7120 0.8735 -11.1397
vt 0.7114 0.8714 -11.1397
vt 0.7127 0.8754 -11.1397
vt 0.2985 0.8742 -3.7665
vt 0.2964 0.8739 -3.7665
vt 0.2962 0.8762 0.8566
vt 0.2966 0.8717 -3.7665
vt 0.2986 0.8719 -3.7665
vt 0.2986 0.8696 -3.7665
vt 0.2968 0.8695 -3.7665
vt 0.3004 0.8698 -3.7665
vt 0.3004 0.8718 -3.7665
vt 0.3023 0.8715 -3.7665
vt 0.3022 0.8699 -3.7665
vt 0.3023 0.8724 -3.7665
vt 0.3008 0.8727 -3.7665
vt 0.5309 0.8807 -11.1397
vt 0.5330 0.8812 -11.1397
vt 0.2412 0.8713 -11.1357
vt 0.0090 0.8722 -11.1357
vt 0.5313 0.8785 -11.1397
vt 0.5334 0.8789 -11.1397
vt 0.5335 0.8766 -11.1397
vt 0.5317 0.8763 -11.1397
vt 0.5354 0.8768 -11.1397
vt 0.5352 0.8791 -11.1397
vt 0.5372 0.8789 -11.1397
vt 0.5373 0.8770 -11.1397
vt 0.2347 0.8712 -11.1357
vt 0.2365 0.8713 -11.1357
vt 0.2364 0.8681 -11.1357
vt 0.2367 0.8703 -11.1357
vt 0.2347 0.8702 -11.1357
vt 0.2346 0.8684 -11.1357
vt 0.2381 0.8677 -11.1357
vt 0.2385 0.8700 -11.1357
vt 0.2404 0.8693 -11.1357
vt 0.2398 0.8673 -11.1357
vt 0.7059 0.8312 -11.1397
vt 0.7059 0.8291 -11.1397
vt 0.7077 0.8293 -11.1397
vt 0.7076 0.8313 -11.1397
vt 0.7063 0.8267 -11.1397
vt 0.7081 0.8273 -11.1397
vt 0.7072 0.8248 -11.1397
vt 0.7087 0.8254 -11.1397
vt 0.7103 0.8258 -11.1397
vt 0.7097 0.8276 -11.1397
vt 0.7114 0.8278 -11.1397
vt 0.7120 0.8260 -11.1397
vt 0.7111 0.8298 -11.1397
vt 0.7094 0.8295 -11.1397
vt 0.7094 0.8315 -11.1397
vt 0.7112 0.8317 -11.1397
vt 0.5379 0.8309 -11.1397
vt 0.5361 0.8310 -11.1397
vt 0.5360 0.8289 -11.1397
vt 0.5379 0.8287 -11.1397
vt 0.5342 0.8313 -11.1397
vt 0.5342 0.8291 -11.1397
vt 0.5323 0.8294 -11.1397
vt 0.5323 0.8315 -11.1397
vt 0.5321 0.8271 -11.1397
vt 0.5340 0.8270 -11.1397
vt 0.5336 0.8251 -11.1397
vt 0.5319 0.8250 -11.1397
vt 0.5352 0.8249 -11.1397
vt 0.5357 0.8268 -11.1397
vt 0.5367 0.8244 -11.1397
vt 0.5375 0.8263 -11.1397
vt 0.4103 0.6442 -11.7267
vt 0.4124 0.6442 -11.7267
vt 0.4120 0.6464 -11.7267
vt 0.4101 0.6462 -11.7267
vt 0.4145 0.6445 -11.7267
vt 0.4137 0.6467 -11.7267
vt 0.4156 0.6470 -11.7267
vt 0.4165 0.6451 -11.7267
vt 0.4150 0.6494 -11.7267
vt 0.4132 0.6489 -11.7267
vt 0.4132 0.6513 -11.7267
vt 0.4148 0.6517 -11.7267
vt 0.4116 0.6509 -11.7267
vt 0.4117 0.6486 -11.7267
vt 0.4100 0.6505 -11.7267
vt 0.4100 0.6485 -11.7267
vt 0.3577 0.6442 -11.7267
vt 0.3579 0.6462 -11.7267
vt 0.3560 0.6464 -11.7267
vt 0.3556 0.6442 -11.7267
vt 0.3580 0.6485 -11.7267
vt 0.3563 0.6486 -11.7267
vt 0.3580 0.6505 -11.7267
vt 0.3564 0.6509 -11.7267
vt 0.3548 0.6513 -11.7267
vt 0.3547 0.6489 -11.7267
vt 0.3530 0.6494 -11.7267
vt 0.3531 0.6516 -11.7267
vt 0.3524 0.6470 -11.7267
vt 0.3543 0.6466 -11.7267
vt 0.3535 0.6444 -11.7267
vt 0.3515 0.6450 -11.7267
vt 0.4729 0.6680 -11.7267
vt 0.4712 0.6676 -11.7267
vt 0.4720 0.6658 -11.7267
vt 0.4737 0.6662 -11.7267
vt 0.4723 0.6702 -11.7267
vt 0.4706 0.6696 -11.7267
vt 0.4704 0.6717 -11.7267
vt 0.4721 0.6721 -11.7267
vt 0.4687 0.6713 -11.7267
vt 0.4690 0.6692 -11.7267
vt 0.4669 0.6710 -11.7267
vt 0.4672 0.6688 -11.7267
vt 0.4679 0.6665 -11.7267
vt 0.4696 0.6672 -11.7267
vt 0.4689 0.6646 -11.7267
vt 0.4704 0.6653 -11.7267
vt 0.2964 0.6656 -11.7267
vt 0.2969 0.6675 -11.7267
vt 0.2952 0.6676 -11.7267
vt 0.2949 0.6656 -11.0833
vt 0.2978 0.6652 -11.7267
vt 0.2985 0.6672 -11.7267
vt 0.2993 0.6646 -11.7267
vt 0.3002 0.6665 -11.7267
vt 0.3008 0.6689 -11.7267
vt 0.2989 0.6692 -11.7267
vt 0.3009 0.6710 -11.7267
vt 0.2991 0.6713 -11.7267
vt 0.2973 0.6716 -11.7267
vt 0.2972 0.6695 -11.7267
vt 0.2954 0.6699 -11.7267
vt 0.2955 0.6719 -11.7267
vt 0.1768 0.8075 -11.1357
vt 0.1786 0.8074 11.1357
vt 0.1781 0.8096 -11.1357
vt 0.1765 0.8094 -11.1357
vt 0.1805 0.8075 -11.1357
vt 0.1797 0.8097 -11.1357
vt 0.1815 0.8099 -11.1357
vt 0.1823 0.8080 -11.1357
vt 0.1811 0.8122 -11.1357
vt 0.1794 0.8118 -11.1357
vt 0.1795 0.8140 -11.1357
vt 0.1811 0.8143 -11.1357
vt 0.1779 0.8136 -11.1357
vt 0.1779 0.8116 -11.1357
vt 0.1763 0.8132 -11.1357
vt 0.1763 0.8114 -11.1357
vt 0.1239 0.8074 -11.1357
vt 0.1242 0.8093 -11.1357
vt 0.1225 0.8094 -11.1357
vt 0.1220 0.8072 -11.1357
vt 0.1244 0.8113 -11.1357
vt 0.1228 0.8115 -11.1357
vt 0.1244 0.8131 -11.1357
vt 0.1228 0.8135 -11.1357
vt 0.1212 0.8140 -11.1357
vt 0.1213 0.8117 -11.1357
vt 0.1195 0.8122 -11.1357
vt 0.1195 0.8143 -11.1357
vt 0.1191 0.8098 -11.1357
vt 0.1209 0.8096 -11.1357
vt 0.1201 0.8074 -11.1357
vt 0.1182 0.8078 -11.1357
vt 0.2399 0.8236 -11.1357
vt 0.2382 0.8234 -11.1357
vt 0.2388 0.8216 -11.1357
vt 0.2404 0.8218 -11.1357
vt 0.2396 0.8257 -11.1357
vt 0.2378 0.8253 -11.1357
vt 0.2379 0.8274 -11.1357
vt 0.2396 0.8276 -11.1357
vt 0.2361 0.8272 -11.1357
vt 0.2362 0.8251 -11.1357
vt 0.2343 0.8271 -11.1357
vt 0.2343 0.8249 -11.1357
vt 0.2348 0.8226 -11.1357
vt 0.2366 0.8231 -11.1357
vt 0.2357 0.8207 -11.1357
vt 0.2372 0.8212 -11.1357
vt 0.0626 0.8223 -11.1357
vt 0.0631 0.8242 -11.1357
vt 0.0612 0.8243 -11.1357
vt 0.0609 0.8223 -11.1357
vt 0.0642 0.8221 -11.1357
vt 0.0647 0.8240 -11.1357
vt 0.0657 0.8216 -11.1357
vt 0.0665 0.8235 -11.1357
vt 0.0670 0.8259 -11.1357
vt 0.0650 0.8261 -11.1357
vt 0.0669 0.8282 -11.1357
vt 0.0651 0.8283 -11.1357
vt 0.0632 0.8285 -11.1357
vt 0.0633 0.8263 -11.1357
vt 0.0613 0.8266 -11.1357
vt 0.0613 0.8288 -11.1357
vt 0.6494 0.6462 -15.6359
vt 0.6515 0.6461 -15.6359
vt 0.6510 0.6483 -15.6359
vt 0.6492 0.6481 -15.6359
vt 0.6536 0.6464 -15.6359
vt 0.6527 0.6486 -15.6359
vt 0.6546 0.6490 -15.6359
vt 0.6556 0.6471 -15.6359
vt 0.6540 0.6514 -15.6359
vt 0.6523 0.6509 -15.6359
vt 0.6522 0.6533 -15.6359
vt 0.6538 0.6536 -15.6359
vt 0.6506 0.6528 -15.6359
vt 0.6507 0.6506 -15.6359
vt 0.6490 0.6524 -15.6359
vt 0.6491 0.6504 -15.6359
vt 0.5968 0.6456 -15.6359
vt 0.5969 0.6476 -15.6359
vt 0.5951 0.6478 -15.6359
vt 0.5947 0.6455 -15.6359
vt 0.5970 0.6499 -15.6359
vt 0.5953 0.6500 -15.6359
vt 0.5970 0.6518 -15.6359
vt 0.5954 0.6522 -15.6359
vt 0.5938 0.6526 -15.6359
vt 0.5938 0.6503 -15.6359
vt 0.5920 0.6507 -15.6359
vt 0.5922 0.6530 -15.6359
vt 0.5915 0.6483 -15.6359
vt 0.5934 0.6480 -15.6359
vt 0.5926 0.6458 -15.6359
vt 0.5906 0.6463 -15.6359
vt 0.7118 0.6706 -15.6359
vt 0.7100 0.6702 -15.6359
vt 0.7109 0.6684 -15.6359
vt 0.7125 0.6688 -15.6359
vt 0.7111 0.6727 -15.6359
vt 0.7094 0.6722 -15.6359
vt 0.7092 0.6742 -15.6359
vt 0.7109 0.6746 -15.6359
vt 0.7075 0.6738 -15.6359
vt 0.7078 0.6717 -15.6359
vt 0.7057 0.6735 -15.6359
vt 0.7060 0.6713 -15.6359
vt 0.7067 0.6690 -15.6359
vt 0.7084 0.6697 -15.6359
vt 0.7077 0.6671 -15.6359
vt 0.7093 0.6678 -15.6359
vt 0.5353 0.6663 -15.6359
vt 0.5358 0.6683 -15.6359
vt 0.5340 0.6683 -15.6359
vt 0.5338 0.6663 -14.7780
vt 0.5367 0.6660 -15.6359
vt 0.5374 0.6679 -15.6359
vt 0.5381 0.6654 -15.6359
vt 0.5391 0.6673 -15.6359
vt 0.5396 0.6697 -15.6359
vt 0.5377 0.6700 -15.6359
vt 0.5398 0.6718 -15.6359
vt 0.5379 0.6721 -15.6359
vt 0.5361 0.6724 -15.6359
vt 0.5361 0.6703 -15.6359
vt 0.5342 0.6706 -15.6359
vt 0.5343 0.6727 -15.6359
vt 0.3607 0.7994 -3.7665
vt 0.3608 0.8014 -3.7665
vt 0.3589 0.8015 -3.7665
vt 0.3585 0.7992 -3.7665
vt 0.3608 0.8035 -3.7665
vt 0.3591 0.8037 -3.7665
vt 0.3607 0.8055 -3.7665
vt 0.3592 0.8059 -3.7665
vt 0.3576 0.8064 -3.7665
vt 0.3576 0.8040 -3.7665
vt 0.3559 0.8045 -3.7665
vt 0.3560 0.8067 -3.7665
vt 0.3553 0.8021 -3.7665
vt 0.3572 0.8017 -3.7665
vt 0.3563 0.7995 -3.7665
vt 0.3543 0.8001 -3.7665
vt 0.4132 0.8007 -3.7665
vt 0.4155 0.8007 3.7665
vt 0.4148 0.8029 -3.7665
vt 0.4130 0.8026 -3.7665
vt 0.4176 0.8012 -3.7665
vt 0.4165 0.8033 -3.7665
vt 0.4184 0.8039 -3.7665
vt 0.4196 0.8020 -3.7665
vt 0.4176 0.8062 -3.7665
vt 0.4158 0.8055 -3.7665
vt 0.4155 0.8079 -3.7665
vt 0.4172 0.8085 -3.7665
vt 0.4140 0.8073 -3.7665
vt 0.4144 0.8050 -3.7665
vt 0.4126 0.8066 -3.7665
vt 0.4128 0.8047 -3.7665
vt 0.2984 0.8229 -3.7665
vt 0.2990 0.8248 -3.7665
vt 0.2972 0.8248 -3.7665
vt 0.2970 0.8229 -3.7665
vt 0.2998 0.8225 -3.7665
vt 0.3006 0.8244 -3.7665
vt 0.3012 0.8219 -3.7665
vt 0.3023 0.8237 -3.7665
vt 0.3029 0.8261 -3.7665
vt 0.3010 0.8264 -3.7665
vt 0.3030 0.8283 -3.7665
vt 0.3011 0.8285 -3.7665
vt 0.2993 0.8287 -3.7665
vt 0.2993 0.8267 -3.7665
vt 0.2974 0.8270 -3.7665
vt 0.2974 0.8290 -3.7665
vt 0.4756 0.8295 -3.7665
vt 0.4738 0.8290 -3.7665
vt 0.4748 0.8273 -3.7665
vt 0.2442 0.8208 -3.7665
vt 0.4749 0.8315 -3.7665
vt 0.4732 0.8309 -3.7665
vt 0.4729 0.8329 -3.7665
vt 0.4746 0.8334 -3.7665
vt 0.4712 0.8325 -3.7665
vt 0.4716 0.8304 -3.7665
vt 0.4694 0.8321 -3.7665
vt 0.4697 0.8299 -3.7665
vt 0.4706 0.8276 -3.7665
vt 0.4723 0.8285 -3.7665
vt 0.4718 0.8258 -3.7665
vt 0.4732 0.8267 -3.7665
vt 0.8392 0.6447 -18.8357
vt 0.8393 0.6467 -18.8357
vt 0.8375 0.6468 -18.8357
vt 0.8371 0.6446 -18.8357
vt 0.8394 0.6489 -18.8357
vt 0.8377 0.6490 -18.8357
vt 0.8394 0.6509 -18.8357
vt 0.8378 0.6513 -18.8357
vt 0.8361 0.6517 -18.8357
vt 0.8362 0.6493 -18.8357
vt 0.8344 0.6498 -18.8357
vt 0.8345 0.6520 -18.8357
vt 0.8339 0.6473 -18.8357
vt 0.8358 0.6470 -18.8357
vt 0.8350 0.6448 -18.8357
vt 0.8330 0.6454 -18.8357
vt 0.8917 0.6453 -18.8357
vt 0.8939 0.6453 -18.8357
vt 0.8934 0.6475 -18.8357
vt 0.8915 0.6473 -18.8357
vt 0.8960 0.6456 -18.8357
vt 0.8951 0.6478 -18.8357
vt 0.8970 0.6482 -18.8357
vt 0.8980 0.6462 -18.8357
vt 0.8964 0.6506 -18.8357
vt 0.8946 0.6500 -18.8357
vt 0.8945 0.6524 -18.8357
vt 0.8961 0.6528 -18.8357
vt 0.8930 0.6520 -18.8357
vt 0.8931 0.6497 -18.8357
vt 0.8914 0.6515 -18.8357
vt 0.8914 0.6495 -18.8357
vt 0.7776 0.6652 -18.8357
vt 0.7781 0.6672 -18.8357
vt 0.7763 0.6673 -18.8357
vt 0.7761 0.6653 -17.8023
vt 0.7791 0.6649 -18.8357
vt 0.7797 0.6669 -18.8357
vt 0.7805 0.6643 -18.8357
vt 0.7814 0.6663 -18.8357
vt 0.7819 0.6686 -18.8357
vt 0.7801 0.6689 -18.8357
vt 0.7821 0.6708 -18.8357
vt 0.7803 0.6710 -18.8357
vt 0.7784 0.6713 -18.8357
vt 0.7784 0.6692 -18.8357
vt 0.7765 0.6695 -18.8357
vt 0.7766 0.6716 -18.8357
vt 0.9541 0.6699 -18.8357
vt 0.9523 0.6695 -18.8357
vt 0.9532 0.6676 -18.8357
vt 0.7241 0.6647 -18.8357
vt 0.9535 0.6720 -18.8357
vt 0.9517 0.6714 -18.8357
vt 0.9515 0.6735 -18.8357
vt 0.9532 0.6739 -18.8357
vt 0.9498 0.6731 -18.8357
vt 0.9502 0.6710 -18.8357
vt 0.9481 0.6728 -18.8357
vt 0.9483 0.6706 -18.8357
vt 0.9490 0.6682 -18.8357
vt 0.9508 0.6690 -18.8357
vt 0.9501 0.6664 -18.8357
vt 0.9516 0.6671 -18.8357
vt 0.6054 0.4624 32.1082
vt 0.6084 0.4649 32.1082
vt 0.6024 0.4624 32.1082
vt 0.5994 0.4649 32.1082
vt 0.6604 0.4649 32.1082
vt 0.6634 0.4649 32.1082
vt 0.6664 0.4649 32.1082
vt 0.6693 0.4649 32.1082
vt 0.5395 0.4648 32.1082
vt 0.5421 0.4648 32.1082
vt 0.5447 0.4649 32.1082
vt 0.5474 0.4649 32.1082
vt 0.7263 0.4648 32.1082
vt 0.7289 0.4648 -32.1082
vt 0.7237 0.4649 32.1082
vt 0.7210 0.4649 32.1082
vt 0.9202 0.4650 32.1283
vt 0.9232 0.4650 32.1283
vt 0.9262 0.4649 32.1283
vt 0.9292 0.4649 32.1283
vt 0.8651 0.4650 32.1283
vt 0.8681 0.4650 32.1283
vt 0.8621 0.4649 32.1283
vt 0.8592 0.4649 32.1283
vt 0.9861 0.4649 32.1283
vt 0.9887 0.4649 -32.1283
vt 0.9835 0.4649 32.1283
vt 0.9809 0.4649 32.1283
vt 0.7992 0.4649 32.1283
vt 0.8018 0.4649 32.1283
vt 0.8045 0.4649 32.1283
vt 0.8071 0.4649 32.1283
vt 0.3591 0.4624 -30.8742
vt 0.3608 0.4624 21.5769
vt 0.3573 0.4624 21.5769
vt 0.3556 0.4624 21.5769
vt 0.4130 0.4624 21.5769
vt 0.4147 0.4624 21.5769
vt 0.4164 0.4624 21.5769
vt 0.4182 0.4624 21.5769
vt 0.2982 0.4624 21.5769
vt 0.3000 0.4624 21.5769
vt 0.3017 0.4624 21.5769
vt 0.3034 0.4624 21.5769
vt 0.4738 0.4624 21.5769
vt 0.4755 0.4624 21.5769
vt 0.4721 0.4624 21.5769
vt 0.4703 0.4624 21.5769
vt 0.1743 0.4633 19.5737
vt 0.1761 0.4633 19.5737
vt 0.1778 0.4633 -28.0078
vt 0.1795 0.4633 19.5737
vt 0.1204 0.4633 19.5737
vt 0.1222 0.4633 19.5737
vt 0.1187 0.4633 19.5737
vt 0.1170 0.4633 19.5737
vt 0.2352 0.4633 19.5737
vt 0.2369 0.4633 19.5737
vt 0.2334 0.4633 19.5737
vt 0.2317 0.4633 19.5737
vt 0.0596 0.4633 19.5737
vt 0.0613 0.4633 19.5737
vt 0.0631 0.4633 19.5737
vt 0.0648 0.4633 19.5737
vt 0.2130 0.9029 -7.8294
vt 0.2130 0.9006 -7.8294
vt 0.4134 0.8780 -3.7665
vt 0.4113 0.8778 -3.7665
vt 0.8313 0.8846 -9.5632
vt 0.8330 0.8851 -9.5632
vt 0.2131 0.9550 7.8294
vt 0.8915 0.8864 -9.5632
vt 0.1219 0.8824 -11.1357
vt 0.1240 0.8821 -11.1357
vt 0.1179 0.8803 -11.1357
vt 0.8937 0.8848 -9.5632
vt 0.1193 0.7987 -14.2692
vt 0.1176 0.7980 -14.2692
vt 0.1211 0.7995 -14.2692
vt 0.1228 0.8001 14.2692
vt 0.1750 0.8001 -14.2692
vt 0.1768 0.7995 -14.2692
vt 0.1785 0.7988 -14.2692
vt 0.1803 0.7981 -14.2692
vt 0.7801 0.8787 -9.5632
vt 0.4702 0.8709 -3.7665
vt 0.2442 0.8693 -3.7665
vt 0.2442 0.8671 -3.7665
vt 0.2442 0.8715 -3.7665
vt 0.7758 0.8801 -9.5632
vt 0.4751 0.8742 -3.7665
vt 0.7733 0.8818 2.1750
vt 0.1484 0.9010 4.6969
vt 0.7224 0.8723 -9.5632
vt 0.7224 0.8701 -9.5632
vt 0.7224 0.8745 -9.5632
vt 0.9527 0.8760 -9.5632
vt 0.0963 0.9010 -4.6969
vt 0.9554 0.8772 -9.5632
vt 0.0590 0.8787 2.5326
vt 0.9482 0.8751 -9.5632
vt 0.9500 0.8752 -9.5632
vt 0.0621 0.7732 -14.2692
vt 0.0604 0.7728 -14.2692
vt 0.0638 0.7737 -14.2692
vt 0.0655 0.7741 -14.2692
vt 0.7224 0.8279 -9.5632
vt 0.2358 0.7733 -14.2692
vt 0.0082 0.7728 -14.2692
vt 0.9538 0.8258 -9.5632
vt 0.2375 0.7729 -14.2692
vt 0.7224 0.8302 -9.5632
vt 0.7224 0.8322 -9.5632
vt 0.2324 0.7741 -14.2692
vt 0.2341 0.7737 -14.2692
vt 0.6084 0.6377 32.1082
vt 0.6054 0.6347 32.1082
vt 0.6024 0.6341 32.1082
vt 0.5994 0.6361 32.1082
vt 0.6604 0.6376 32.1082
vt 0.6634 0.6368 32.1082
vt 0.6664 0.6359 32.1082
vt 0.6694 0.6351 32.1082
vt 0.5421 0.6159 32.1082
vt 0.5395 0.6155 32.1082
vt 0.5447 0.6162 32.1082
vt 0.5474 0.6166 32.1082
vt 0.0079 0.6676 -14.2692
vt 0.7263 0.6145 32.1082
vt 0.4875 0.6155 32.1082
vt 0.2386 0.6662 -14.2692
vt 0.7289 0.6140 32.1082
vt 0.0081 0.6699 -14.2692
vt 0.0082 0.6719 -14.2692
vt 0.7211 0.6156 32.1082
vt 0.7237 0.6151 32.1082
vt 0.3533 0.8744 -3.7665
vt 0.3549 0.8749 -3.7665
vt 0.1586 0.9006 -7.8294
vt 0.6496 0.8864 -11.1397
vt 0.1564 0.9006 -7.8294
vt 0.6475 0.8863 -11.1397
vt 0.1564 0.9550 -7.8294
vt 0.1564 0.9572 -7.8294
vt 0.1780 0.8822 -11.1357
vt 0.1586 0.9572 -7.8294
vt 0.5894 0.8846 -11.1397
vt 0.5911 0.8851 -11.1397
vt 0.4101 0.8002 11.7267
vt 0.4118 0.7995 -11.7267
vt 0.4136 0.7988 -11.7267
vt 0.4154 0.7981 -11.7267
vt 0.3579 0.8002 -11.7267
vt 0.3561 0.7995 -11.7267
vt 0.3544 0.7988 -11.7267
vt 0.3526 0.7981 -11.7267
vt 0.4806 0.8721 -11.1397
vt 0.4806 0.8699 -11.1397
vt 0.4806 0.8743 -11.1397
vt 0.7108 0.8763 -11.1397
vt 0.1484 0.9532 -4.6969
vt 0.4806 0.8765 -11.1397
vt 0.7135 0.8774 -11.1397
vt 0.7063 0.8753 -11.1397
vt 0.7081 0.8754 -11.1397
vt 0.2392 0.8721 -11.1357
vt 0.0090 0.8700 -11.1357
vt 0.0963 0.9532 4.6969
vt 0.5305 0.8829 2.5335
vt 0.2420 0.8733 -11.1357
vt 0.5373 0.8798 -11.1397
vt 0.5355 0.8800 -11.1397
vt 0.0090 0.8678 -11.1357
vt 0.0090 0.8656 -11.1357
vt 0.4674 0.7741 -11.7267
vt 0.4692 0.7737 -11.7267
vt 0.4709 0.7733 -11.7267
vt 0.4806 0.8277 -11.1397
vt 0.4726 0.7729 -11.7267
vt 0.4806 0.8257 -11.1397
vt 0.2433 0.7728 -11.7267
vt 0.4806 0.8300 -11.1397
vt 0.4806 0.8320 -11.1397
vt 0.2971 0.7732 -11.7267
vt 0.2954 0.7728 -11.7267
vt 0.2988 0.7737 -11.7267
vt 0.3005 0.7741 -11.7267
vt 0.9202 0.6378 32.1283
vt 0.9232 0.6370 32.1283
vt 0.9262 0.6360 32.1283
vt 0.9292 0.6352 32.1283
vt 0.8682 0.6378 32.1283
vt 0.8652 0.6373 32.1283
vt 0.8622 0.6368 32.1283
vt 0.8592 0.6363 32.1283
vt 0.2430 0.6676 -11.7267
vt 0.9861 0.6147 32.1283
vt 0.2429 0.6656 -11.7267
vt 0.9888 0.6142 32.1283
vt 0.7472 0.6157 32.1283
vt 0.2432 0.6699 -11.7267
vt 0.2433 0.6719 -11.7267
vt 0.9809 0.6158 32.1283
vt 0.9835 0.6153 32.1283
vt 0.8018 0.6160 32.1283
vt 0.7992 0.6157 32.1283
vt 0.8045 0.6164 32.1283
vt 0.8071 0.6167 32.1283
vt 0.6476 0.8021 15.6359
vt 0.6494 0.8015 -15.6359
vt 0.6511 0.8007 -15.6359
vt 0.6529 0.8001 -15.6359
vt 0.5954 0.8015 -15.6359
vt 0.5937 0.8009 -15.6359
vt 0.5919 0.8001 -15.6359
vt 0.5902 0.7994 -15.6359
vt 0.0090 0.8234 -11.1357
vt 0.7086 0.7758 -15.6359
vt 0.0090 0.8214 -11.1357
vt 0.7103 0.7755 -15.6359
vt 0.4811 0.7731 -15.6359
vt 0.0090 0.8257 -11.1357
vt 0.0090 0.8277 -11.1357
vt 0.7052 0.7766 -15.6359
vt 0.7069 0.7763 -15.6359
vt 0.5350 0.7740 -15.6359
vt 0.5333 0.7736 -15.6359
vt 0.5366 0.7745 -15.6359
vt 0.5383 0.7749 -15.6359
vt 0.4130 0.6356 30.8742
vt 0.4147 0.6352 21.5769
vt 0.4164 0.6346 21.5769
vt 0.4182 0.6341 21.5769
vt 0.3608 0.6356 21.5769
vt 0.3591 0.6352 21.5769
vt 0.3573 0.6346 21.5769
vt 0.3556 0.6341 21.5769
vt 0.4819 0.6679 -15.6359
vt 0.4738 0.6138 21.5769
vt 0.4818 0.6659 -15.6359
vt 0.4755 0.6135 21.5769
vt 0.2461 0.6135 21.5769
vt 0.4820 0.6702 -15.6359
vt 0.4821 0.6722 -15.6359
vt 0.4703 0.6145 21.5769
vt 0.4721 0.6142 21.5769
vt 0.3000 0.6138 21.5769
vt 0.2983 0.6135 21.5769
vt 0.3017 0.6142 21.5769
vt 0.3034 0.6145 21.5769
vt 0.8375 0.8006 18.8357
vt 0.8357 0.7999 -18.8357
vt 0.8340 0.7991 -18.8357
vt 0.8323 0.7984 -18.8357
vt 0.8897 0.8012 -18.8357
vt 0.8914 0.8006 -18.8357
vt 0.8932 0.7999 -18.8357
vt 0.8950 0.7992 -18.8357
vt 0.7771 0.7729 -18.8357
vt 0.7754 0.7725 -18.8357
vt 0.7788 0.7734 -18.8357
vt 0.7805 0.7739 -18.8357
vt 0.2442 0.8228 -3.7665
vt 0.9507 0.7751 -18.8357
vt 0.7232 0.7719 -18.8357
vt 0.4765 0.8278 -3.7665
vt 0.9525 0.7748 -18.8357
vt 0.2442 0.8250 -3.7665
vt 0.2442 0.8270 -3.7665
vt 0.9473 0.7759 -18.8357
vt 0.9490 0.7755 -18.8357
vt 0.1222 0.6366 28.0078
vt 0.1204 0.6361 19.5737
vt 0.1187 0.6356 19.5737
vt 0.1170 0.6351 19.5737
vt 0.1743 0.6366 19.5737
vt 0.1761 0.6361 19.5737
vt 0.1778 0.6355 19.5737
vt 0.1795 0.6351 19.5737
vt 0.0614 0.6148 19.5737
vt 0.0597 0.6145 19.5737
vt 0.0631 0.6151 19.5737
vt 0.0648 0.6155 19.5737
vt 0.7242 0.6667 -18.8357
vt 0.2351 0.6148 19.5737
vt 0.0075 0.6145 19.5737
vt 0.9549 0.6680 -18.8357
vt 0.2368 0.6144 19.5737
vt 0.7243 0.6690 -18.8357
vt 0.7244 0.6710 -18.8357
vt 0.2317 0.6155 19.5737
vt 0.2334 0.6151 19.5737
vt 0.4874 0.4648 -32.1082
vt 0.7471 0.4649 -32.1283
vt 0.2461 0.4624 21.5769
vt 0.0074 0.4634 19.5737
vt 0.1628 0.0261 -9.5632
vt 0.1630 0.0239 -9.5632
vt 0.1649 0.0244 -9.5632
vt 0.1646 0.0262 -9.5632
vt 0.1610 0.0261 -9.5632
vt 0.1612 0.0238 -9.5632
vt 0.1591 0.0239 -9.5632
vt 0.1593 0.0261 -9.5632
vt 0.1590 0.0217 -9.5632
vt 0.1611 0.0215 -9.5632
vt 0.2199 0.9571 -7.8294
vt 0.2199 0.9549 -7.8294
vt 0.5850 0.0325 -3.7665
vt 0.5829 0.0323 -3.7665
vt 0.5829 0.0346 -3.7665
vt 0.5848 0.0347 -3.7665
vt 0.5810 0.0345 -3.7665
vt 0.5811 0.0324 -3.7665
vt 0.5792 0.0328 -3.7665
vt 0.5792 0.0345 -3.7665
vt 0.5791 0.0320 -3.7665
vt 0.5807 0.0316 -3.7665
vt 0.1071 0.0219 -9.5632
vt 0.2176 0.9005 -7.8294
vt 0.2199 0.9005 -7.8294
vt 0.2199 0.9027 -7.8294
vt 0.1070 0.0241 -9.5632
vt 0.1050 0.0240 -9.5632
vt 0.1052 0.0263 -9.5632
vt 0.1070 0.0263 -9.5632
vt 0.1035 0.0263 -9.5632
vt 0.1032 0.0242 -9.5632
vt 0.1013 0.0248 -9.5632
vt 0.1017 0.0265 -9.5632
vt 0.1011 0.0239 -9.5632
vt 0.8769 0.0272 -11.1357
vt 0.8763 0.0303 -11.1357
vt 0.8765 0.0281 -11.1357
vt 0.8784 0.0287 -11.1357
vt 0.8780 0.0305 -11.1357
vt 0.8745 0.0303 -11.1357
vt 0.8746 0.0280 -11.1357
vt 0.8726 0.0282 -11.1357
vt 0.8727 0.0304 -11.1357
vt 0.1636 0.0917 -9.5632
vt 0.1618 0.0922 -9.5632
vt 0.1619 0.0899 -9.5632
vt 0.1636 0.0896 -9.5632
vt 0.1640 0.0941 -9.5632
vt 0.1622 0.0943 -9.5632
vt 0.1631 0.0965 -9.5632
vt 0.1649 0.0961 -9.5632
vt 0.1611 0.0967 9.5632
vt 0.1606 0.0945 -9.5632
vt 0.1592 0.0966 -9.5632
vt 0.1589 0.0946 -9.5632
vt 0.1587 0.0926 -9.5632
vt 0.1603 0.0924 -9.5632
vt 0.1587 0.0908 -9.5632
vt 0.1603 0.0904 -9.5632
vt 0.1036 0.0900 -9.5632
vt 0.1037 0.0922 -9.5632
vt 0.1020 0.0918 -9.5632
vt 0.1020 0.0897 -9.5632
vt 0.1052 0.0904 -9.5632
vt 0.1052 0.0924 -9.5632
vt 0.1068 0.0908 -9.5632
vt 0.1068 0.0926 -9.5632
vt 0.1066 0.0946 -9.5632
vt 0.1050 0.0944 -9.5632
vt 0.1064 0.0965 -9.5632
vt 0.1045 0.0966 -9.5632
vt 0.1026 0.0965 -9.5632
vt 0.1034 0.0943 -9.5632
vt 0.1016 0.0941 -9.5632
vt 0.1008 0.0960 -9.5632
vt 0.2164 0.0304 -9.5632
vt 0.2184 0.0301 -9.5632
vt 0.2183 0.0324 -9.5632
vt 0.2164 0.0322 -9.5632
vt 0.5279 0.0376 -3.7665
vt 0.2181 0.0292 -9.5632
vt 0.5259 0.0402 -3.7665
vt 0.5259 0.0381 -3.7665
vt 0.5278 0.0385 -3.7665
vt 0.5277 0.0402 -3.7665
vt 0.5242 0.0403 -3.7665
vt 0.5242 0.0380 -3.7665
vt 0.5221 0.0383 -3.7665
vt 0.5225 0.0404 -3.7665
vt 0.5217 0.0361 -3.7665
vt 0.5239 0.0357 -3.7665
vt 0.2227 0.0285 -9.5632
vt 0.7522 0.0344 -3.7665
vt 0.2223 0.0307 -9.5632
vt 0.2203 0.0303 -9.5632
vt 0.2201 0.0327 -9.5632
vt 0.2220 0.0329 -9.5632
vt 0.0466 0.0360 -9.5632
vt 0.0463 0.0338 -9.5632
vt 0.0483 0.0339 -9.5632
vt 0.0484 0.0357 -9.5632
vt 0.0449 0.0365 -9.5632
vt 0.0445 0.0342 -9.5632
vt 0.0426 0.0349 -9.5632
vt 0.0432 0.0369 -9.5632
vt 0.0418 0.0329 -9.5632
vt 0.9349 0.0312 -11.1357
vt 0.9371 0.0316 -11.1357
vt 0.2740 0.0314 -9.5632
vt 0.9366 0.0338 -11.1357
vt 0.9346 0.0334 -11.1357
vt 0.9344 0.0358 -11.1357
vt 0.9363 0.0361 -11.1357
vt 0.9326 0.0355 -11.1357
vt 0.9327 0.0332 -11.1357
vt 0.9307 0.0335 -11.1357
vt 0.9307 0.0353 -11.1357
vt 0.9307 0.0326 -11.1357
vt 0.9324 0.0323 -11.1357
vt 0.2161 0.0766 -9.5632
vt 0.2179 0.0765 -9.5632
vt 0.2180 0.0787 -9.5632
vt 0.2161 0.0788 -9.5632
vt 0.2198 0.0763 -9.5632
vt 0.2198 0.0784 -9.5632
vt 0.2217 0.0781 -9.5632
vt 0.2217 0.0760 -9.5632
vt 0.2219 0.0805 -9.5632
vt 0.2200 0.0805 -9.5632
vt 0.2205 0.0824 -9.5632
vt 0.2221 0.0825 -9.5632
vt 0.2189 0.0827 -9.5632
vt 0.2183 0.0808 -9.5632
vt 0.2173 0.0832 -9.5632
vt 0.2165 0.0812 -9.5632
vt 0.0432 0.0805 -9.5632
vt 0.0449 0.0807 -9.5632
vt 0.0443 0.0825 -9.5632
vt 0.2740 0.0823 -9.5632
vt 0.0435 0.0785 -9.5632
vt 0.0453 0.0788 -9.5632
vt 0.0452 0.0768 -9.5632
vt 0.0435 0.0766 -9.5632
vt 0.0470 0.0770 -9.5632
vt 0.0469 0.0790 -9.5632
vt 0.0488 0.0771 -9.5632
vt 0.0488 0.0792 -9.5632
vt 0.0483 0.0816 -9.5632
vt 0.0465 0.0810 -9.5632
vt 0.0474 0.0835 -9.5632
vt 0.0459 0.0829 -9.5632
vt 0.8738 0.2639 -14.2692
vt 0.8736 0.2619 -14.2692
vt 0.8755 0.2617 -14.2692
vt 0.8759 0.2640 -14.2692
vt 0.8736 0.2597 -14.2692
vt 0.8752 0.2595 -14.2692
vt 0.8736 0.2577 -14.2692
vt 0.8751 0.2573 -14.2692
vt 0.8768 0.2568 -14.2692
vt 0.8768 0.2592 -14.2692
vt 0.8785 0.2587 -14.2692
vt 0.8784 0.2565 -14.2692
vt 0.8791 0.2611 -14.2692
vt 0.8772 0.2615 -14.2692
vt 0.8780 0.2637 -14.2692
vt 0.8800 0.2631 -14.2692
vt 0.8212 0.2639 -14.2692
vt 0.8191 0.2639 -14.2692
vt 0.8195 0.2617 -14.2692
vt 0.8214 0.2619 -14.2692
vt 0.8170 0.2637 -14.2692
vt 0.8179 0.2615 -14.2692
vt 0.8159 0.2611 -14.2692
vt 0.8150 0.2630 -14.2692
vt 0.8166 0.2587 -14.2692
vt 0.8183 0.2592 -14.2692
vt 0.8183 0.2568 -14.2692
vt 0.8167 0.2565 -14.2692
vt 0.8199 0.2572 -14.2692
vt 0.8198 0.2595 -14.2692
vt 0.8215 0.2577 -14.2692
vt 0.8215 0.2597 -14.2692
vt 0.9351 0.2426 -14.2692
vt 0.9346 0.2406 -14.2692
vt 0.9364 0.2405 -14.2692
vt 0.9366 0.2425 -13.4863
vt 0.9337 0.2429 -14.2692
vt 0.9330 0.2410 -14.2692
vt 0.9323 0.2435 -14.2692
vt 0.9313 0.2416 -14.2692
vt 0.9307 0.2392 -14.2692
vt 0.9326 0.2389 -14.2692
vt 0.9306 0.2371 -14.2692
vt 0.9324 0.2369 -14.2692
vt 0.9342 0.2365 -14.2692
vt 0.9343 0.2386 -14.2692
vt 0.9361 0.2382 -14.2692
vt 0.9360 0.2362 -14.2692
vt 0.7586 0.2401 -14.2692
vt 0.7604 0.2405 -14.2692
vt 0.7595 0.2423 -14.2692
vt 0.9886 0.2425 -14.2692
vt 0.7592 0.2380 -14.2692
vt 0.7609 0.2385 -14.2692
vt 0.7611 0.2365 -14.2692
vt 0.7594 0.2361 -14.2692
vt 0.7628 0.2368 -14.2692
vt 0.7625 0.2389 -14.2692
vt 0.7646 0.2371 -14.2692
vt 0.7643 0.2393 -14.2692
vt 0.7637 0.2417 -14.2692
vt 0.7619 0.2409 -14.2692
vt 0.7626 0.2436 -14.2692
vt 0.7611 0.2429 -14.2692
vt 0.3432 0.0247 -11.1397
vt 0.3451 0.0241 -11.1397
vt 0.3454 0.0262 -11.1397
vt 0.3436 0.0264 -11.1397
vt 0.3430 0.0238 -11.1397
vt 0.3447 0.0232 -11.1397
vt 0.6409 0.0361 -3.7665
vt 0.6411 0.0340 -3.7665
vt 0.6430 0.0346 -3.7665
vt 0.6428 0.0363 -3.7665
vt 0.6390 0.0359 -3.7665
vt 0.6393 0.0337 -3.7665
vt 0.6372 0.0337 -3.7665
vt 0.6372 0.0358 -3.7665
vt 0.6372 0.0314 -3.7665
vt 0.6394 0.0314 -3.7665
vt 0.2743 0.9549 7.8294
vt 0.2721 0.9549 -7.8294
vt 0.3489 0.0240 -11.1397
vt 0.3469 0.0239 -11.1397
vt 0.3471 0.0262 -11.1397
vt 0.3489 0.0262 -11.1397
vt 0.4047 0.0261 -11.1397
vt 0.4049 0.0239 -11.1397
vt 0.4068 0.0244 -11.1397
vt 0.4065 0.0262 -11.1397
vt 0.4029 0.0261 -11.1397
vt 0.4031 0.0238 -11.1397
vt 0.4010 0.0239 -11.1397
vt 0.4012 0.0262 -11.1397
vt 0.4009 0.0217 -11.1397
vt 0.4030 0.0215 -11.1397
vt 0.8206 0.0260 -11.1357
vt 0.2720 0.9027 -7.8294
vt 0.8205 0.0282 -11.1357
vt 0.8185 0.0281 -11.1357
vt 0.8187 0.0304 -11.1357
vt 0.8205 0.0304 -11.1357
vt 0.8170 0.0305 -11.1357
vt 0.8167 0.0283 -11.1357
vt 0.8148 0.0289 -11.1357
vt 0.8152 0.0306 -11.1357
vt 0.8146 0.0281 -11.1357
vt 0.8162 0.0275 -11.1357
vt 0.3454 0.0899 -11.1397
vt 0.3455 0.0921 -11.1397
vt 0.3438 0.0917 -11.1397
vt 0.3438 0.0896 -11.1397
vt 0.3470 0.0903 -11.1397
vt 0.3470 0.0923 -11.1397
vt 0.3486 0.0907 -11.1397
vt 0.3486 0.0925 -11.1397
vt 0.3484 0.0945 -11.1397
vt 0.3468 0.0943 -11.1397
vt 0.3481 0.0964 -11.1397
vt 0.3463 0.0965 11.1397
vt 0.3443 0.0964 -11.1397
vt 0.3452 0.0942 -11.1397
vt 0.3434 0.0940 -11.1397
vt 0.3426 0.0959 -11.1397
vt 0.4010 0.0966 -11.1397
vt 0.4007 0.0946 -11.1397
vt 0.4024 0.0945 -11.1397
vt 0.4029 0.0967 -11.1397
vt 0.4005 0.0926 -11.1397
vt 0.4021 0.0924 -11.1397
vt 0.4005 0.0908 -11.1397
vt 0.4021 0.0904 -11.1397
vt 0.4037 0.0900 -11.1397
vt 0.4036 0.0922 -11.1397
vt 0.4054 0.0917 -11.1397
vt 0.4054 0.0896 -11.1397
vt 0.4058 0.0941 -11.1397
vt 0.4040 0.0943 -11.1397
vt 0.4048 0.0965 -11.1397
vt 0.4067 0.0961 -11.1397
vt 0.2885 0.0358 -11.1397
vt 0.2882 0.0336 -11.1397
vt 0.2902 0.0337 -11.1397
vt 0.2903 0.0355 -11.1397
vt 0.2868 0.0363 -11.1397
vt 0.2864 0.0340 -11.1397
vt 0.2845 0.0346 -11.1397
vt 0.2851 0.0367 -11.1397
vt 0.2837 0.0327 -11.1397
vt 0.6979 0.0340 -3.7665
vt 0.7001 0.0342 -3.7665
vt 0.7002 0.0319 0.8566
vt 0.6999 0.0364 -3.7665
vt 0.6978 0.0362 -3.7665
vt 0.6979 0.0385 -3.7665
vt 0.6997 0.0386 -3.7665
vt 0.6960 0.0383 -3.7665
vt 0.6960 0.0363 -3.7665
vt 0.6942 0.0366 -3.7665
vt 0.6942 0.0382 -3.7665
vt 0.6941 0.0357 -3.7665
vt 0.6957 0.0354 -3.7665
vt 0.4655 0.0274 -11.1397
vt 0.4634 0.0269 -11.1397
vt 0.7553 0.0368 -11.1357
vt 0.9874 0.0359 -11.1357
vt 0.4651 0.0296 -11.1397
vt 0.4631 0.0292 -11.1397
vt 0.4629 0.0316 -11.1397
vt 0.4648 0.0318 -11.1397
vt 0.4611 0.0313 -11.1397
vt 0.4612 0.0290 -11.1397
vt 0.4592 0.0293 -11.1397
vt 0.4592 0.0311 -11.1397
vt 0.7617 0.0369 -11.1357
vt 0.7599 0.0368 -11.1357
vt 0.7601 0.0400 -11.1357
vt 0.7597 0.0378 -11.1357
vt 0.7617 0.0379 -11.1357
vt 0.7619 0.0397 -11.1357
vt 0.7583 0.0404 -11.1357
vt 0.7579 0.0381 -11.1357
vt 0.7560 0.0388 -11.1357
vt 0.7566 0.0408 -11.1357
vt 0.2906 0.0769 -11.1397
vt 0.2906 0.0790 -11.1397
vt 0.2887 0.0788 -11.1397
vt 0.2888 0.0768 -11.1397
vt 0.2901 0.0814 -11.1397
vt 0.2883 0.0808 -11.1397
vt 0.2892 0.0833 -11.1397
vt 0.2877 0.0827 -11.1397
vt 0.2861 0.0823 -11.1397
vt 0.2867 0.0805 -11.1397
vt 0.2850 0.0803 -11.1397
vt 0.2845 0.0821 -11.1397
vt 0.2853 0.0783 -11.1397
vt 0.2871 0.0786 -11.1397
vt 0.2871 0.0766 -11.1397
vt 0.2853 0.0764 -11.1397
vt 0.4585 0.0772 -11.1397
vt 0.4604 0.0771 -11.1397
vt 0.4605 0.0792 -11.1397
vt 0.4585 0.0794 -11.1397
vt 0.4623 0.0768 -11.1397
vt 0.4622 0.0790 -11.1397
vt 0.4642 0.0787 -11.1397
vt 0.4642 0.0766 -11.1397
vt 0.4643 0.0811 -11.1397
vt 0.4624 0.0811 -11.1397
vt 0.4629 0.0830 -11.1397
vt 0.4645 0.0831 -11.1397
vt 0.4613 0.0832 -11.1397
vt 0.4608 0.0813 -11.1397
vt 0.4598 0.0837 -11.1397
vt 0.4590 0.0818 -11.1397
vt 0.5862 0.2639 -11.7267
vt 0.5841 0.2639 -11.7267
vt 0.5845 0.2617 -11.7267
vt 0.5863 0.2619 -11.7267
vt 0.5819 0.2636 -11.7267
vt 0.5828 0.2614 -11.7267
vt 0.5809 0.2611 -11.7267
vt 0.5799 0.2630 -11.7267
vt 0.5815 0.2587 -11.7267
vt 0.5832 0.2592 -11.7267
vt 0.5833 0.2568 -11.7267
vt 0.5817 0.2564 -11.7267
vt 0.5849 0.2572 -11.7267
vt 0.5848 0.2595 -11.7267
vt 0.5865 0.2577 -11.7267
vt 0.5864 0.2596 -11.7267
vt 0.6387 0.2639 -11.7267
vt 0.6386 0.2619 -11.7267
vt 0.6404 0.2617 -11.7267
vt 0.6408 0.2639 -11.7267
vt 0.6385 0.2596 -11.7267
vt 0.6402 0.2595 -11.7267
vt 0.6385 0.2577 -11.7267
vt 0.6401 0.2572 -11.7267
vt 0.6417 0.2568 -11.7267
vt 0.6417 0.2592 -11.7267
vt 0.6435 0.2587 -11.7267
vt 0.6433 0.2565 -11.7267
vt 0.6440 0.2611 -11.7267
vt 0.6421 0.2615 -11.7267
vt 0.6429 0.2637 -11.7267
vt 0.6449 0.2631 -11.7267
vt 0.5235 0.2401 -11.7267
vt 0.5253 0.2405 -11.7267
vt 0.5244 0.2423 -11.7267
vt 0.5228 0.2419 -11.7267
vt 0.5241 0.2379 -11.7267
vt 0.5259 0.2385 -11.7267
vt 0.5261 0.2364 -11.7267
vt 0.5244 0.2360 -11.7267
vt 0.5278 0.2368 -11.7267
vt 0.5274 0.2389 -11.7267
vt 0.5295 0.2371 -11.7267
vt 0.5293 0.2393 -11.7267
vt 0.5286 0.2416 -11.7267
vt 0.5269 0.2409 -11.7267
vt 0.5276 0.2435 -11.7267
vt 0.5260 0.2428 -11.7267
vt 0.7001 0.2425 -11.7267
vt 0.6995 0.2406 -11.7267
vt 0.7013 0.2405 -11.7267
vt 0.7015 0.2425 -11.0833
vt 0.6986 0.2429 -11.7267
vt 0.6980 0.2409 -11.7267
vt 0.6972 0.2435 -11.7267
vt 0.6962 0.2416 -11.7267
vt 0.6957 0.2392 -11.7267
vt 0.6975 0.2389 -11.7267
vt 0.6955 0.2371 -11.7267
vt 0.6973 0.2368 -11.7267
vt 0.6991 0.2365 -11.7267
vt 0.6992 0.2386 -11.7267
vt 0.7011 0.2382 -11.7267
vt 0.7010 0.2362 -11.7267
vt 0.8197 0.1006 -11.1357
vt 0.8178 0.1007 11.1357
vt 0.8183 0.0986 -11.1357
vt 0.8200 0.0987 -11.1357
vt 0.8159 0.1006 -11.1357
vt 0.8168 0.0984 -11.1357
vt 0.8149 0.0982 -11.1357
vt 0.8141 0.1001 -11.1357
vt 0.8153 0.0959 -11.1357
vt 0.8171 0.0963 -11.1357
vt 0.8170 0.0941 -11.1357
vt 0.8153 0.0938 -11.1357
vt 0.8186 0.0945 -11.1357
vt 0.8185 0.0965 -11.1357
vt 0.8202 0.0949 -11.1357
vt 0.8201 0.0967 -11.1357
vt 0.8725 0.1007 -11.1357
vt 0.8723 0.0988 -11.1357
vt 0.8739 0.0987 -11.1357
vt 0.8744 0.1009 -11.1357
vt 0.8721 0.0968 -11.1357
vt 0.8737 0.0966 -11.1357
vt 0.8720 0.0950 -11.1357
vt 0.8736 0.0946 -11.1357
vt 0.8753 0.0942 -11.1357
vt 0.8752 0.0964 -11.1357
vt 0.8769 0.0959 -11.1357
vt 0.8769 0.0938 -11.1357
vt 0.8774 0.0983 -11.1357
vt 0.8755 0.0985 -11.1357
vt 0.8764 0.1007 -11.1357
vt 0.8782 0.1003 -11.1357
vt 0.7565 0.0845 -11.1357
vt 0.7583 0.0847 -11.1357
vt 0.7576 0.0865 -11.1357
vt 0.7560 0.0863 -11.1357
vt 0.7568 0.0824 -11.1357
vt 0.7586 0.0828 -11.1357
vt 0.7586 0.0808 -11.1357
vt 0.7568 0.0805 -11.1357
vt 0.7603 0.0810 -11.1357
vt 0.7602 0.0830 -11.1357
vt 0.7621 0.0811 -11.1357
vt 0.7621 0.0832 -11.1357
vt 0.7616 0.0856 -11.1357
vt 0.7599 0.0850 -11.1357
vt 0.7608 0.0874 -11.1357
vt 0.7592 0.0869 -11.1357
vt 0.9338 0.0858 -11.1357
vt 0.9334 0.0839 -11.1357
vt 0.9353 0.0838 -11.1357
vt 0.9355 0.0858 -11.1357
vt 0.9322 0.0860 -11.1357
vt 0.9317 0.0841 -11.1357
vt 0.9307 0.0865 -11.1357
vt 0.9299 0.0846 -11.1357
vt 0.9295 0.0822 -11.1357
vt 0.9314 0.0820 -11.1357
vt 0.9295 0.0800 -11.1357
vt 0.9313 0.0798 -11.1357
vt 0.9332 0.0796 -11.1357
vt 0.9332 0.0818 -11.1357
vt 0.9351 0.0815 -11.1357
vt 0.9351 0.0794 -11.1357
vt 0.3471 0.2620 -15.6359
vt 0.3450 0.2620 -15.6359
vt 0.3454 0.2598 -15.6359
vt 0.3473 0.2600 -15.6359
vt 0.3429 0.2617 -15.6359
vt 0.3437 0.2595 -15.6359
vt 0.3418 0.2591 -15.6359
vt 0.3409 0.2610 -15.6359
vt 0.3425 0.2567 -15.6359
vt 0.3442 0.2572 -15.6359
vt 0.3443 0.2549 -15.6359
vt 0.3427 0.2545 -15.6359
vt 0.3459 0.2553 -15.6359
vt 0.3457 0.2575 -15.6359
vt 0.3474 0.2557 -15.6359
vt 0.3474 0.2577 -15.6359
vt 0.3996 0.2625 -15.6359
vt 0.3995 0.2605 -15.6359
vt 0.4014 0.2603 -15.6359
vt 0.4017 0.2626 -15.6359
vt 0.3994 0.2582 -15.6359
vt 0.4011 0.2581 -15.6359
vt 0.3995 0.2563 -15.6359
vt 0.4011 0.2559 -15.6359
vt 0.4027 0.2555 -15.6359
vt 0.4027 0.2578 -15.6359
vt 0.4044 0.2574 -15.6359
vt 0.4043 0.2552 -15.6359
vt 0.4050 0.2598 -15.6359
vt 0.4030 0.2601 -15.6359
vt 0.4039 0.2624 -15.6359
vt 0.4059 0.2618 -15.6359
vt 0.2847 0.2375 -15.6359
vt 0.2865 0.2379 -15.6359
vt 0.2856 0.2398 -15.6359
vt 0.2839 0.2393 -15.6359
vt 0.2853 0.2354 -15.6359
vt 0.2870 0.2359 -15.6359
vt 0.2873 0.2339 -15.6359
vt 0.2856 0.2335 -15.6359
vt 0.2890 0.2343 -15.6359
vt 0.2886 0.2364 -15.6359
vt 0.2907 0.2346 -15.6359
vt 0.2904 0.2368 -15.6359
vt 0.2897 0.2391 -15.6359
vt 0.2880 0.2384 -15.6359
vt 0.2887 0.2410 -15.6359
vt 0.2872 0.2403 -15.6359
vt 0.4612 0.2418 -15.6359
vt 0.4607 0.2398 -15.6359
vt 0.4624 0.2398 -15.6359
vt 0.4626 0.2418 -14.7780
vt 0.4597 0.2421 -15.6359
vt 0.4591 0.2402 -15.6359
vt 0.4583 0.2427 -15.6359
vt 0.4574 0.2408 -15.6359
vt 0.4568 0.2384 -15.6359
vt 0.4587 0.2381 -15.6359
vt 0.4567 0.2363 -15.6359
vt 0.4585 0.2361 -15.6359
vt 0.4603 0.2358 -15.6359
vt 0.4604 0.2378 -15.6359
vt 0.4622 0.2375 -15.6359
vt 0.4622 0.2354 -15.6359
vt 0.6358 0.1087 -3.7665
vt 0.6357 0.1068 -3.7665
vt 0.6375 0.1066 -3.7665
vt 0.6380 0.1089 -3.7665
vt 0.6357 0.1046 -3.7665
vt 0.6373 0.1044 -3.7665
vt 0.6357 0.1026 -3.7665
vt 0.6373 0.1022 -3.7665
vt 0.6389 0.1017 -3.7665
vt 0.6388 0.1041 -3.7665
vt 0.6406 0.1036 -3.7665
vt 0.6404 0.1014 -3.7665
vt 0.6412 0.1060 -3.7665
vt 0.6392 0.1064 -3.7665
vt 0.6401 0.1086 -3.7665
vt 0.6422 0.1080 -3.7665
vt 0.5832 0.1074 -3.7665
vt 0.5810 0.1074 3.7665
vt 0.5816 0.1052 -3.7665
vt 0.5835 0.1055 -3.7665
vt 0.5788 0.1069 -3.7665
vt 0.5800 0.1048 -3.7665
vt 0.5781 0.1042 -3.7665
vt 0.5769 0.1061 -3.7665
vt 0.5789 0.1019 -3.7665
vt 0.5806 0.1026 -3.7665
vt 0.5809 0.1002 -3.7665
vt 0.5792 0.0996 -3.7665
vt 0.5824 0.1008 -3.7665
vt 0.5821 0.1031 -3.7665
vt 0.5838 0.1015 -3.7665
vt 0.5837 0.1034 -3.7665
vt 0.6980 0.0852 -3.7665
vt 0.6974 0.0833 -3.7665
vt 0.6992 0.0833 -3.7665
vt 0.6994 0.0852 -3.7665
vt 0.6966 0.0856 -3.7665
vt 0.6959 0.0837 -3.7665
vt 0.6953 0.0863 -3.7665
vt 0.6942 0.0844 -3.7665
vt 0.6936 0.0820 -3.7665
vt 0.6955 0.0817 -3.7665
vt 0.6935 0.0799 -3.7665
vt 0.6953 0.0796 -3.7665
vt 0.6972 0.0794 -3.7665
vt 0.6972 0.0814 -3.7665
vt 0.6990 0.0811 -3.7665
vt 0.6990 0.0791 -3.7665
vt 0.5209 0.0786 -3.7665
vt 0.5226 0.0791 -3.7665
vt 0.5216 0.0808 -3.7665
vt 0.7522 0.0873 -3.7665
vt 0.5216 0.0766 -3.7665
vt 0.5233 0.0772 -3.7665
vt 0.5235 0.0752 -3.7665
vt 0.5218 0.0748 -3.7665
vt 0.5253 0.0756 -3.7665
vt 0.5249 0.0777 -3.7665
vt 0.5270 0.0760 -3.7665
vt 0.5267 0.0782 -3.7665
vt 0.5259 0.0805 -3.7665
vt 0.5242 0.0796 -3.7665
vt 0.5246 0.0823 -3.7665
vt 0.5232 0.0814 -3.7665
vt 0.1572 0.2634 -18.8357
vt 0.1571 0.2614 -18.8357
vt 0.1590 0.2613 -18.8357
vt 0.1594 0.2635 -18.8357
vt 0.1571 0.2592 -18.8357
vt 0.1588 0.2591 -18.8357
vt 0.1571 0.2572 -18.8357
vt 0.1587 0.2568 -18.8357
vt 0.1603 0.2564 -18.8357
vt 0.1603 0.2588 -18.8357
vt 0.1621 0.2583 -18.8357
vt 0.1619 0.2561 -18.8357
vt 0.1626 0.2608 -18.8357
vt 0.1607 0.2611 -18.8357
vt 0.1615 0.2633 -18.8357
vt 0.1635 0.2627 -18.8357
vt 0.1047 0.2628 -18.8357
vt 0.1026 0.2628 -18.8357
vt 0.1030 0.2606 -18.8357
vt 0.1049 0.2608 -18.8357
vt 0.1005 0.2625 -18.8357
vt 0.1014 0.2603 -18.8357
vt 0.0994 0.2599 -18.8357
vt 0.0985 0.2619 -18.8357
vt 0.1001 0.2575 -18.8357
vt 0.1018 0.2581 -18.8357
vt 0.1019 0.2557 -18.8357
vt 0.1003 0.2553 -18.8357
vt 0.1035 0.2561 -18.8357
vt 0.1033 0.2584 -18.8357
vt 0.1051 0.2566 -18.8357
vt 0.1050 0.2586 -18.8357
vt 0.2189 0.2429 -18.8357
vt 0.2183 0.2409 -18.8357
vt 0.2201 0.2408 -18.8357
vt 0.2203 0.2429 -17.8023
vt 0.2174 0.2432 -18.8357
vt 0.2168 0.2412 -18.8357
vt 0.2160 0.2438 -18.8357
vt 0.2150 0.2419 -18.8357
vt 0.2145 0.2395 -18.8357
vt 0.2164 0.2392 -18.8357
vt 0.2144 0.2374 -18.8357
vt 0.2162 0.2371 -18.8357
vt 0.2180 0.2368 -18.8357
vt 0.2181 0.2389 -18.8357
vt 0.2199 0.2386 -18.8357
vt 0.2198 0.2365 -18.8357
vt 0.0424 0.2382 -18.8357
vt 0.0441 0.2387 -18.8357
vt 0.0432 0.2405 -18.8357
vt 0.2723 0.2434 -18.8357
vt 0.0430 0.2361 -18.8357
vt 0.0447 0.2367 -18.8357
vt 0.0449 0.2346 -18.8357
vt 0.0433 0.2342 -18.8357
vt 0.0466 0.2350 -18.8357
vt 0.0463 0.2371 -18.8357
vt 0.0484 0.2353 -18.8357
vt 0.0481 0.2375 -18.8357
vt 0.0474 0.2399 -18.8357
vt 0.0457 0.2391 -18.8357
vt 0.0464 0.2418 -18.8357
vt 0.0448 0.2410 -18.8357
vt 0.3911 0.4457 32.1082
vt 0.3881 0.4432 32.1082
vt 0.3941 0.4457 32.1082
vt 0.3971 0.4432 32.1082
vt 0.3361 0.4432 32.1082
vt 0.3331 0.4432 32.1082
vt 0.3301 0.4432 32.1082
vt 0.3271 0.4432 32.1082
vt 0.4570 0.4433 32.1082
vt 0.4544 0.4433 32.1082
vt 0.4517 0.4433 32.1082
vt 0.4491 0.4432 32.1082
vt 0.2702 0.4433 32.1082
vt 0.2676 0.4433 -32.1082
vt 0.2728 0.4433 32.1082
vt 0.2754 0.4432 32.1082
vt 0.0763 0.4431 32.1283
vt 0.0733 0.4431 32.1283
vt 0.0703 0.4432 32.1283
vt 0.0673 0.4432 32.1283
vt 0.1313 0.4431 32.1283
vt 0.1283 0.4431 32.1283
vt 0.1343 0.4432 32.1283
vt 0.1373 0.4432 32.1283
vt 0.0103 0.4432 32.1283
vt 0.0077 0.4432 -32.1283
vt 0.0129 0.4432 32.1283
vt 0.0156 0.4432 32.1283
vt 0.1973 0.4432 32.1283
vt 0.1946 0.4432 32.1283
vt 0.1920 0.4432 32.1283
vt 0.1893 0.4432 32.1283
vt 0.6374 0.4457 -30.8742
vt 0.6356 0.4457 21.5769
vt 0.6391 0.4457 21.5769
vt 0.6408 0.4457 21.5769
vt 0.5835 0.4457 21.5769
vt 0.5817 0.4457 21.5769
vt 0.5800 0.4457 21.5769
vt 0.5783 0.4457 21.5769
vt 0.6982 0.4457 21.5769
vt 0.6965 0.4457 21.5769
vt 0.6947 0.4457 21.5769
vt 0.6930 0.4457 21.5769
vt 0.5226 0.4457 21.5769
vt 0.5209 0.4457 21.5769
vt 0.5244 0.4457 21.5769
vt 0.5261 0.4457 21.5769
vt 0.8221 0.4448 19.5737
vt 0.8204 0.4448 19.5737
vt 0.8186 0.4448 -28.0078
vt 0.8169 0.4448 19.5737
vt 0.8760 0.4448 19.5737
vt 0.8743 0.4448 19.5737
vt 0.8777 0.4448 19.5737
vt 0.8795 0.4448 19.5737
vt 0.7613 0.4448 19.5737
vt 0.7595 0.4448 19.5737
vt 0.7630 0.4448 19.5737
vt 0.7647 0.4448 19.5737
vt 0.9368 0.4448 19.5737
vt 0.9351 0.4448 19.5737
vt 0.9334 0.4448 19.5737
vt 0.9316 0.4448 19.5737
vt 0.2176 0.9549 -7.8294
vt 0.2177 0.9571 -7.8294
vt 0.5830 0.0301 -3.7665
vt 0.5851 0.0303 -3.7665
vt 0.1651 0.0235 -9.5632
vt 0.1634 0.0230 -9.5632
vt 0.2176 0.9027 7.8294
vt 0.1050 0.0218 -9.5632
vt 0.8745 0.0257 -11.1357
vt 0.8724 0.0260 -11.1357
vt 0.8786 0.0278 -11.1357
vt 0.1027 0.0233 -9.5632
vt 0.8771 0.1094 -14.2692
vt 0.8789 0.1101 -14.2692
vt 0.8754 0.1086 -14.2692
vt 0.8736 0.1080 14.2692
vt 0.8214 0.1080 -14.2692
vt 0.8197 0.1086 -14.2692
vt 0.8179 0.1094 -14.2692
vt 0.8162 0.1100 -14.2692
vt 0.2164 0.0295 -9.5632
vt 0.5263 0.0372 -3.7665
vt 0.7522 0.0388 -3.7665
vt 0.7522 0.0410 -3.7665
vt 0.7522 0.0366 -3.7665
vt 0.2206 0.0280 -9.5632
vt 0.5213 0.0339 -3.7665
vt 0.2231 0.0263 2.1750
vt 0.0401 0.9511 4.6969
vt 0.2740 0.0359 -9.5632
vt 0.2740 0.0381 -9.5632
vt 0.2740 0.0336 -9.5632
vt 0.0438 0.0321 -9.5632
vt 0.0922 0.9511 -4.6969
vt 0.0410 0.0309 -9.5632
vt 0.9374 0.0294 2.5326
vt 0.0483 0.0330 -9.5632
vt 0.0464 0.0329 -9.5632
vt 0.9344 0.1349 -14.2692
vt 0.9361 0.1353 -14.2692
vt 0.9327 0.1344 -14.2692
vt 0.9310 0.1340 -14.2692
vt 0.2740 0.0802 -9.5632
vt 0.7607 0.1348 -14.2692
vt 0.9882 0.1353 -14.2692
vt 0.0427 0.0823 -9.5632
vt 0.7589 0.1352 -14.2692
vt 0.2740 0.0780 -9.5632
vt 0.2740 0.0759 -9.5632
vt 0.7641 0.1340 -14.2692
vt 0.7624 0.1344 -14.2692
vt 0.3881 0.2705 32.1082
vt 0.3911 0.2734 32.1082
vt 0.3941 0.2740 32.1082
vt 0.3970 0.2720 32.1082
vt 0.3360 0.2705 32.1082
vt 0.3330 0.2713 32.1082
vt 0.3300 0.2722 32.1082
vt 0.3271 0.2731 32.1082
vt 0.4543 0.2923 32.1082
vt 0.4570 0.2926 32.1082
vt 0.4517 0.2919 32.1082
vt 0.4491 0.2915 32.1082
vt 0.9885 0.2405 -14.2692
vt 0.2701 0.2936 32.1082
vt 0.5090 0.2926 32.1082
vt 0.7578 0.2419 -14.2692
vt 0.2675 0.2941 32.1082
vt 0.9884 0.2382 -14.2692
vt 0.9883 0.2362 -14.2692
vt 0.2754 0.2925 32.1082
vt 0.2728 0.2930 32.1082
vt 0.6431 0.0338 -3.7665
vt 0.6415 0.0332 -3.7665
vt 0.2720 0.9571 -7.8294
vt 0.3469 0.0217 -11.1397
vt 0.2743 0.9571 -7.8294
vt 0.3490 0.0218 -11.1397
vt 0.2743 0.9027 -7.8294
vt 0.2743 0.9005 -7.8294
vt 0.8185 0.0259 -11.1357
vt 0.2720 0.9005 -7.8294
vt 0.4070 0.0235 -11.1397
vt 0.4053 0.0230 -11.1397
vt 0.5864 0.1079 11.7267
vt 0.5846 0.1086 -11.7267
vt 0.5828 0.1093 -11.7267
vt 0.5811 0.1100 -11.7267
vt 0.6386 0.1079 -11.7267
vt 0.6403 0.1086 -11.7267
vt 0.6421 0.1094 -11.7267
vt 0.6438 0.1100 -11.7267
vt 0.5159 0.0360 -11.1397
vt 0.5159 0.0383 -11.1397
vt 0.5159 0.0338 -11.1397
vt 0.2857 0.0319 -11.1397
vt 0.0401 0.8990 -4.6969
vt 0.5159 0.0316 -11.1397
vt 0.2829 0.0307 -11.1397
vt 0.2902 0.0328 -11.1397
vt 0.2883 0.0327 -11.1397
vt 0.7572 0.0360 -11.1357
vt 0.9874 0.0381 -11.1357
vt 0.0922 0.8990 4.6969
vt 0.4659 0.0252 2.5335
vt 0.7545 0.0348 -11.1357
vt 0.4592 0.0283 -11.1397
vt 0.4609 0.0281 -11.1397
vt 0.9874 0.0403 -11.1357
vt 0.9874 0.0425 -11.1357
vt 0.5290 0.1340 -11.7267
vt 0.5273 0.1344 -11.7267
vt 0.5256 0.1348 -11.7267
vt 0.5159 0.0804 -11.1397
vt 0.5239 0.1352 -11.7267
vt 0.5159 0.0825 -11.1397
vt 0.7532 0.1353 -11.7267
vt 0.5159 0.0781 -11.1397
vt 0.5159 0.0761 -11.1397
vt 0.6993 0.1349 -11.7267
vt 0.7010 0.1353 -11.7267
vt 0.6976 0.1344 -11.7267
vt 0.6959 0.1340 -11.7267
vt 0.0762 0.2703 32.1283
vt 0.0732 0.2711 32.1283
vt 0.0702 0.2721 32.1283
vt 0.0673 0.2729 32.1283
vt 0.1283 0.2703 32.1283
vt 0.1313 0.2708 32.1283
vt 0.1343 0.2713 32.1283
vt 0.1373 0.2718 32.1283
vt 0.7534 0.2405 -11.7267
vt 0.0103 0.2934 32.1283
vt 0.7535 0.2425 -11.7267
vt 0.0077 0.2939 32.1283
vt 0.2493 0.2924 32.1283
vt 0.7533 0.2382 -11.7267
vt 0.7532 0.2362 -11.7267
vt 0.0155 0.2923 32.1283
vt 0.0129 0.2928 32.1283
vt 0.1946 0.2921 32.1283
vt 0.1972 0.2925 32.1283
vt 0.1920 0.2917 32.1283
vt 0.1893 0.2914 32.1283
vt 0.3489 0.1060 15.6359
vt 0.3471 0.1067 -15.6359
vt 0.3453 0.1074 -15.6359
vt 0.3436 0.1080 -15.6359
vt 0.4011 0.1066 -15.6359
vt 0.4028 0.1072 -15.6359
vt 0.4045 0.1080 -15.6359
vt 0.4063 0.1087 -15.6359
vt 0.9874 0.0847 -11.1357
vt 0.2878 0.1323 -15.6359
vt 0.9874 0.0867 -11.1357
vt 0.2861 0.1326 -15.6359
vt 0.5153 0.1350 -15.6359
vt 0.9874 0.0824 -11.1357
vt 0.9874 0.0804 -11.1357
vt 0.2913 0.1315 -15.6359
vt 0.2895 0.1319 -15.6359
vt 0.4615 0.1341 -15.6359
vt 0.4632 0.1345 -15.6359
vt 0.4598 0.1336 -15.6359
vt 0.4581 0.1332 -15.6359
vt 0.5835 0.2725 30.8742
vt 0.5817 0.2730 21.5769
vt 0.5800 0.2735 21.5769
vt 0.5783 0.2740 21.5769
vt 0.6356 0.2725 21.5769
vt 0.6374 0.2730 21.5769
vt 0.6391 0.2735 21.5769
vt 0.6408 0.2740 21.5769
vt 0.5146 0.2402 -15.6359
vt 0.5227 0.2943 21.5769
vt 0.5147 0.2422 -15.6359
vt 0.5210 0.2946 21.5769
vt 0.7503 0.2946 21.5769
vt 0.5145 0.2379 -15.6359
vt 0.5144 0.2359 -15.6359
vt 0.5261 0.2936 21.5769
vt 0.5244 0.2939 21.5769
vt 0.6964 0.2943 21.5769
vt 0.6982 0.2946 21.5769
vt 0.6947 0.2939 21.5769
vt 0.6930 0.2936 21.5769
vt 0.1590 0.1075 18.8357
vt 0.1607 0.1082 -18.8357
vt 0.1625 0.1090 -18.8357
vt 0.1642 0.1097 -18.8357
vt 0.1068 0.1069 -18.8357
vt 0.1050 0.1075 -18.8357
vt 0.1033 0.1082 -18.8357
vt 0.1015 0.1089 -18.8357
vt 0.2194 0.1352 -18.8357
vt 0.2211 0.1356 -18.8357
vt 0.2177 0.1347 -18.8357
vt 0.2160 0.1342 -18.8357
vt 0.7522 0.0853 -3.7665
vt 0.0457 0.1330 -18.8357
vt 0.2732 0.1362 -18.8357
vt 0.5200 0.0803 -3.7665
vt 0.0440 0.1334 -18.8357
vt 0.7522 0.0831 -3.7665
vt 0.7522 0.0811 -3.7665
vt 0.0491 0.1322 -18.8357
vt 0.0474 0.1326 -18.8357
vt 0.8743 0.2715 28.0078
vt 0.8760 0.2720 19.5737
vt 0.8777 0.2726 19.5737
vt 0.8795 0.2730 19.5737
vt 0.8221 0.2715 19.5737
vt 0.8204 0.2720 19.5737
vt 0.8186 0.2726 19.5737
vt 0.8169 0.2730 19.5737
vt 0.9351 0.2933 19.5737
vt 0.9368 0.2937 19.5737
vt 0.9333 0.2930 19.5737
vt 0.9316 0.2926 19.5737
vt 0.2723 0.2414 -18.8357
vt 0.7613 0.2933 19.5737
vt 0.9889 0.2936 19.5737
vt 0.0416 0.2401 -18.8357
vt 0.7596 0.2937 19.5737
vt 0.2721 0.2391 -18.8357
vt 0.2721 0.2371 -18.8357
vt 0.7647 0.2926 19.5737
vt 0.7630 0.2930 19.5737
vt 0.5090 0.4433 -32.1082
vt 0.2493 0.4432 -32.1283
vt 0.7504 0.4457 21.5769
vt 0.9890 0.4448 19.5737
# 1968 texture coords

o cross_clean
g cross_clean
usemtl default
s 1
f 7/3/1 1/4/2 6/1/3 
f 6/1/4 8/2/5 7/3/6 
f 11/6/7 8/2/8 6/1/9 
f 6/1/10 10/5/11 11/6/12 
f 10/5/13 2/8/14 9/7/15 
f 9/7/16 11/6/17 10/5/18 
f 11/6/19 9/7/20 13/9/21 
f 13/9/22 14/10/23 11/6/24 
f 13/753/25 3/12/26 12/11/27 
f 12/11/28 14/754/29 13/753/30 
f 17/14/31 14/755/32 12/756/33 
f 12/756/34 16/13/35 17/14/36 
f 16/13/37 4/16/38 15/15/39 
f 15/15/40 17/14/41 16/13/42 
f 17/14/43 15/15/44 19/17/45 
f 19/17/46 20/18/47 17/14/48 
f 19/17/49 5/20/50 18/19/51 
f 18/19/52 20/18/53 19/17/54 
f 674/22/55 20/18/56 18/19/57 
f 18/19/58 673/21/59 674/22/60 
f 17/14/61 20/18/62 674/22/63 
f 674/22/64 14/755/65 17/14/66 
f 27/25/67 21/26/68 26/759/69 
f 26/759/70 28/24/71 27/25/72 
f 31/28/73 28/760/74 26/23/75 
f 26/23/76 30/27/77 31/28/78 
f 30/27/79 22/30/80 29/29/81 
f 29/29/82 31/28/83 30/27/84 
f 31/28/85 29/29/86 33/31/87 
f 33/31/88 34/32/89 31/28/90 
f 33/31/91 23/34/92 32/33/93 
f 32/33/94 34/32/95 33/31/96 
f 686/764/97 34/32/98 32/33/99 
f 32/33/100 685/35/101 686/764/102 
f 36/39/103 24/40/104 35/37/105 
f 35/37/106 37/38/107 36/39/108 
f 40/42/109 37/38/110 35/37/111 
f 35/37/112 39/41/113 40/42/114 
f 39/41/115 25/44/116 38/43/117 
f 38/43/118 40/42/119 39/41/120 
f 40/42/121 38/43/122 27/762/123 
f 27/762/124 28/761/125 40/42/126 
f 686/36/127 37/38/128 40/42/129 
f 40/42/130 28/761/131 686/36/132 
f 46/47/133 41/48/134 45/45/135 
f 45/45/136 47/46/137 46/47/138 
f 47/46/139 45/45/140 49/49/141 
f 49/49/142 50/50/143 47/46/144 
f 49/49/145 42/52/146 48/51/147 
f 48/51/148 50/50/149 49/49/150 
f 50/50/151 48/51/152 52/53/153 
f 52/53/154 53/54/155 50/50/156 
f 53/54/157 52/53/158 43/55/159 
f 43/55/160 51/56/161 53/54/162 
f 53/54/163 51/56/164 55/57/165 
f 55/57/166 56/58/167 53/54/168 
f 56/58/169 55/57/170 44/59/171 
f 44/59/172 54/60/173 56/58/174 
f 47/46/175 56/58/176 54/60/177 
f 54/60/178 46/47/179 47/46/180 
f 56/58/181 47/46/182 50/50/183 
f 50/50/184 53/54/185 56/58/186 
f 62/63/187 57/64/188 61/61/189 
f 61/61/190 63/62/191 62/63/192 
f 63/62/193 61/61/194 65/65/195 
f 65/65/196 66/66/197 63/62/198 
f 66/66/199 65/65/200 58/67/201 
f 58/67/202 64/68/203 66/66/204 
f 66/66/205 64/68/206 68/69/207 
f 68/69/208 69/70/209 66/66/210 
f 69/70/211 68/69/212 59/71/213 
f 59/71/214 67/72/215 69/70/216 
f 72/74/217 69/70/218 67/72/219 
f 67/72/220 71/73/221 72/74/222 
f 71/73/223 60/76/224 70/75/225 
f 70/75/226 72/74/227 71/73/228 
f 72/74/229 70/75/230 62/63/231 
f 62/63/232 63/62/233 72/74/234 
f 72/74/235 63/62/236 66/66/237 
f 66/66/238 69/70/239 72/74/240 
f 79/79/241 73/80/242 78/77/243 
f 78/77/244 80/78/245 79/79/246 
f 676/82/247 80/78/248 78/77/249 
f 78/77/250 675/773/251 676/82/252 
f 82/85/253 74/86/254 81/83/255 
f 81/83/256 83/84/257 82/85/258 
f 86/88/259 83/84/260 81/83/261 
f 81/83/262 85/87/263 86/88/264 
f 85/87/265 75/90/266 84/89/267 
f 84/89/268 86/88/269 85/87/270 
f 86/88/271 84/89/272 88/91/273 
f 88/91/274 89/92/275 86/88/276 
f 87/93/277 89/778/278 76/780/279 
f 92/96/280 89/778/281 87/93/282 
f 87/93/283 91/95/284 92/96/285 
f 91/95/286 77/98/287 90/97/288 
f 90/97/289 92/96/290 91/95/291 
f 92/96/292 90/97/293 79/79/294 
f 79/79/295 80/78/296 92/96/297 
f 676/774/298 83/84/299 86/88/300 
f 86/88/301 89/92/302 676/774/303 
f 99/101/304 93/102/305 98/99/306 
f 98/99/307 100/100/308 99/101/309 
f 103/104/310 100/100/311 98/99/312 
f 98/99/313 102/103/314 103/104/315 
f 102/103/316 94/106/317 101/105/318 
f 101/105/319 103/104/320 102/103/321 
f 103/104/322 101/105/323 105/107/324 
f 105/107/325 106/785/326 103/104/327 
f 104/109/328 106/108/329 95/788/330 
f 109/112/331 106/108/332 104/109/333 
f 104/109/334 108/111/335 109/112/336 
f 108/111/337 96/114/338 107/113/339 
f 107/113/340 109/112/341 108/111/342 
f 109/112/343 107/113/344 111/115/345 
f 111/115/346 112/116/347 109/112/348 
f 111/115/349 97/118/350 110/117/351 
f 110/117/352 112/116/353 111/115/354 
f 688/120/355 112/116/356 110/117/357 
f 110/117/358 687/119/359 688/120/360 
f 109/112/361 112/116/362 688/120/363 
f 688/120/364 106/108/365 109/112/366 
f 119/123/367 118/124/368 113/121/369 
f 113/121/370 117/122/371 119/123/372 
f 122/126/373 119/123/374 117/122/375 
f 117/122/376 121/125/377 122/126/378 
f 121/125/379 114/128/380 120/127/381 
f 120/127/382 122/126/383 121/125/384 
f 122/126/385 120/127/386 124/129/387 
f 124/129/388 125/130/389 122/126/390 
f 124/129/391 115/132/392 123/131/393 
f 123/131/394 125/130/395 124/129/396 
f 125/130/397 123/131/398 127/133/399 
f 127/133/400 128/134/401 125/130/402 
f 128/134/403 127/133/404 116/135/405 
f 116/135/406 126/136/407 128/134/408 
f 128/134/409 126/136/410 118/124/411 
f 118/124/412 119/123/413 128/134/414 
f 128/134/415 119/123/416 122/126/417 
f 122/126/418 125/130/419 128/134/420 
f 134/139/421 129/798/422 133/137/423 
f 133/137/424 135/138/425 134/139/426 
f 135/138/427 133/137/428 137/141/429 
f 137/141/430 138/142/431 135/138/432 
f 137/141/433 130/144/434 136/143/435 
f 136/143/436 138/142/437 137/141/438 
f 138/142/439 136/143/440 140/145/441 
f 140/145/442 141/146/443 138/142/444 
f 141/146/445 140/145/446 131/147/447 
f 131/147/448 139/148/449 141/146/450 
f 141/146/451 139/148/452 143/149/453 
f 143/149/454 144/150/455 141/146/456 
f 144/150/457 143/149/458 132/151/459 
f 132/151/460 142/152/461 144/150/462 
f 135/138/463 144/150/464 142/152/465 
f 142/152/466 134/139/467 135/138/468 
f 144/150/469 135/138/470 138/142/471 
f 138/142/472 141/146/473 144/150/474 
f 151/155/475 150/156/476 145/153/477 
f 145/153/478 149/154/479 151/155/480 
f 151/155/481 149/154/482 153/157/483 
f 153/157/484 154/158/485 151/155/486 
f 154/158/487 153/157/488 146/159/489 
f 146/159/490 152/160/491 154/158/492 
f 157/162/493 154/158/494 152/160/495 
f 152/160/496 156/161/497 157/162/498 
f 156/161/499 147/164/500 155/163/501 
f 155/163/502 157/162/503 156/161/504 
f 157/162/505 155/163/506 159/165/507 
f 159/165/508 160/166/509 157/162/510 
f 159/165/511 148/168/512 158/167/513 
f 158/167/514 160/166/515 159/165/516 
f 160/166/517 158/167/518 150/156/519 
f 150/156/520 151/155/521 160/166/522 
f 160/166/523 151/155/524 154/158/525 
f 154/158/526 157/162/527 160/166/528 
f 167/171/529 166/172/530 161/169/531 
f 161/169/532 165/170/533 167/171/534 
f 170/174/535 167/171/536 165/170/537 
f 165/170/538 169/173/539 170/174/540 
f 169/173/541 162/176/542 168/175/543 
f 168/175/544 170/174/545 169/173/546 
f 170/174/547 168/175/548 172/177/549 
f 172/177/550 173/178/551 170/174/552 
f 172/177/553 163/180/554 171/179/555 
f 171/179/556 173/178/557 172/177/558 
f 173/178/559 171/179/560 175/181/561 
f 175/181/562 176/182/563 173/178/564 
f 176/182/565 175/181/566 164/183/567 
f 164/183/568 174/184/569 176/182/570 
f 176/182/571 174/184/572 166/172/573 
f 166/172/574 167/171/575 176/182/576 
f 176/182/577 167/171/578 170/174/579 
f 170/174/580 173/178/581 176/182/582 
f 182/187/583 177/188/584 181/185/585 
f 181/185/586 183/186/587 182/187/588 
f 183/186/589 181/185/590 185/189/591 
f 185/189/592 186/190/593 183/186/594 
f 186/190/595 185/189/596 178/191/597 
f 178/191/598 184/192/599 186/190/600 
f 186/190/601 184/192/602 188/193/603 
f 188/193/604 189/194/605 186/190/606 
f 189/194/607 188/193/608 179/195/609 
f 179/195/610 187/196/611 189/194/612 
f 192/198/613 189/194/614 187/196/615 
f 187/196/616 191/197/617 192/198/618 
f 191/197/619 180/200/620 190/199/621 
f 190/199/622 192/198/623 191/197/624 
f 192/198/625 190/199/626 182/187/627 
f 182/187/628 183/186/629 192/198/630 
f 192/198/631 183/186/632 186/190/633 
f 186/190/634 189/194/635 192/198/636 
f 198/203/637 193/819/638 197/201/639 
f 197/201/640 199/202/641 198/203/642 
f 199/202/643 197/201/644 201/205/645 
f 201/205/646 202/206/647 199/202/648 
f 201/205/649 194/208/650 200/207/651 
f 200/207/652 202/206/653 201/205/654 
f 202/206/655 200/207/656 204/209/657 
f 204/209/658 205/210/659 202/206/660 
f 205/210/661 204/209/662 195/211/663 
f 195/211/664 203/212/665 205/210/666 
f 205/210/667 203/212/668 207/213/669 
f 207/213/670 208/214/671 205/210/672 
f 208/214/673 207/213/674 196/215/675 
f 196/215/676 206/216/677 208/214/678 
f 199/202/679 208/214/680 206/216/681 
f 206/216/682 198/203/683 199/202/684 
f 208/214/685 199/202/686 202/206/687 
f 202/206/688 205/210/689 208/214/690 
f 215/219/691 209/220/692 214/217/693 
f 214/217/694 216/218/695 215/219/696 
f 678/222/697 216/218/698 214/217/699 
f 214/217/700 677/221/701 678/222/702 
f 218/225/703 210/226/704 217/223/705 
f 217/223/706 219/224/707 218/225/708 
f 222/228/709 219/224/710 217/223/711 
f 217/223/712 221/227/713 222/228/714 
f 221/227/715 211/230/716 220/229/717 
f 220/229/718 222/228/719 221/227/720 
f 222/228/721 220/229/722 224/231/723 
f 224/231/724 225/232/725 222/228/726 
f 224/827/727 212/234/728 223/233/729 
f 223/233/730 225/829/731 224/827/732 
f 228/236/733 225/828/734 223/830/735 
f 223/830/736 227/235/737 228/236/738 
f 227/235/739 213/238/740 226/237/741 
f 226/237/742 228/236/743 227/235/744 
f 228/236/745 226/237/746 215/219/747 
f 215/219/748 216/218/749 228/236/750 
f 678/826/751 219/224/752 222/228/753 
f 222/228/754 225/232/755 678/826/756 
f 235/241/757 229/242/758 234/239/759 
f 234/239/760 236/240/761 235/241/762 
f 239/244/763 236/240/764 234/239/765 
f 234/239/766 238/243/767 239/244/768 
f 238/243/769 230/246/770 237/245/771 
f 237/245/772 239/244/773 238/243/774 
f 239/244/775 237/245/776 241/247/777 
f 241/247/778 242/248/779 239/244/780 
f 241/831/781 231/250/782 240/834/783 
f 240/834/784 242/832/785 241/831/786 
f 245/252/787 242/833/788 240/249/789 
f 240/249/790 244/251/791 245/252/792 
f 244/251/793 232/254/794 243/253/795 
f 243/253/796 245/252/797 244/251/798 
f 245/252/799 243/253/800 247/255/801 
f 247/255/802 248/256/803 245/252/804 
f 247/255/805 233/258/806 246/257/807 
f 246/257/808 248/256/809 247/255/810 
f 682/260/811 248/256/812 246/257/813 
f 246/257/814 681/259/815 682/260/816 
f 245/252/817 248/256/818 682/260/819 
f 682/260/820 242/833/821 245/252/822 
f 254/263/823 249/264/824 253/261/825 
f 253/261/826 255/262/827 254/263/828 
f 255/262/829 253/261/830 257/265/831 
f 257/265/832 258/266/833 255/262/834 
f 258/266/835 257/265/836 250/267/837 
f 250/267/838 256/268/839 258/266/840 
f 258/266/841 256/268/842 260/269/843 
f 260/269/844 261/270/845 258/266/846 
f 261/270/847 260/269/848 251/271/849 
f 251/271/850 259/272/851 261/270/852 
f 264/274/853 261/270/854 259/272/855 
f 259/272/856 263/273/857 264/274/858 
f 263/273/859 252/276/860 262/275/861 
f 262/275/862 264/274/863 263/273/864 
f 264/274/865 262/275/866 254/263/867 
f 254/263/868 255/262/869 264/274/870 
f 264/274/871 255/262/872 258/266/873 
f 258/266/874 261/270/875 264/274/876 
f 271/279/877 270/280/878 265/277/879 
f 265/277/880 269/278/881 271/279/882 
f 271/279/883 269/278/884 273/281/885 
f 273/281/886 274/282/887 271/279/888 
f 274/282/889 273/281/890 266/283/891 
f 266/283/892 272/284/893 274/282/894 
f 277/286/895 274/282/896 272/284/897 
f 272/284/898 276/285/899 277/286/900 
f 276/285/901 267/288/902 275/287/903 
f 275/287/904 277/286/905 276/285/906 
f 277/286/907 275/287/908 279/289/909 
f 279/289/910 280/290/911 277/286/912 
f 279/289/913 268/292/914 278/291/915 
f 278/291/916 280/290/917 279/289/918 
f 280/290/919 278/291/920 270/280/921 
f 270/280/922 271/279/923 280/290/924 
f 280/290/925 271/279/926 274/282/927 
f 274/282/928 277/286/929 280/290/930 
f 287/295/931 281/296/932 286/293/933 
f 286/293/934 288/294/935 287/295/936 
f 291/298/937 288/294/938 286/293/939 
f 286/293/940 290/297/941 291/298/942 
f 290/297/943 282/300/944 289/299/945 
f 289/299/946 291/298/947 290/297/948 
f 291/298/949 289/299/950 293/301/951 
f 293/301/952 294/848/953 291/298/954 
f 292/303/955 294/302/956 283/304/957 
f 297/306/958 294/302/959 292/303/960 
f 292/303/961 296/305/962 297/306/963 
f 296/305/964 284/308/965 295/307/966 
f 295/307/967 297/306/968 296/305/969 
f 297/306/970 295/307/971 299/309/972 
f 299/309/973 300/310/974 297/306/975 
f 299/309/976 285/312/977 298/311/978 
f 298/311/979 300/310/980 299/309/981 
f 680/314/982 300/310/983 298/311/984 
f 298/311/985 679/313/986 680/314/987 
f 297/306/988 300/310/989 680/314/990 
f 680/314/991 294/302/992 297/306/993 
f 306/315/994 308/316/995 301/857/996 
f 311/320/997 308/316/998 306/315/999 
f 306/315/1000 310/319/1001 311/320/1002 
f 310/319/1003 302/322/1004 309/321/1005 
f 309/321/1006 311/320/1007 310/319/1008 
f 311/320/1009 309/321/1010 313/323/1011 
f 313/323/1012 314/324/1013 311/320/1014 
f 313/323/1015 303/326/1016 312/325/1017 
f 312/325/1018 314/324/1019 313/323/1020 
f 684/860/1021 314/324/1022 312/325/1023 
f 312/325/1024 683/859/1025 684/860/1026 
f 316/331/1027 304/332/1028 315/329/1029 
f 315/329/1030 317/330/1031 316/331/1032 
f 320/334/1033 317/330/1034 315/329/1035 
f 315/329/1036 319/333/1037 320/334/1038 
f 319/333/1039 305/336/1040 318/335/1041 
f 318/335/1042 320/334/1043 319/333/1044 
f 320/334/1045 318/335/1046 307/317/1047 
f 307/317/1048 308/854/1049 320/334/1050 
f 684/328/1051 317/330/1052 320/334/1053 
f 320/334/1054 308/854/1055 684/328/1056 
f 327/339/1057 326/340/1058 321/337/1059 
f 321/337/1060 325/338/1061 327/339/1062 
f 327/339/1063 325/338/1064 329/341/1065 
f 329/341/1066 330/342/1067 327/339/1068 
f 330/342/1069 329/341/1070 322/343/1071 
f 322/343/1072 328/344/1073 330/342/1074 
f 333/346/1075 330/342/1076 328/344/1077 
f 328/344/1078 332/345/1079 333/346/1080 
f 332/345/1081 323/348/1082 331/347/1083 
f 331/347/1084 333/346/1085 332/345/1086 
f 333/346/1087 331/347/1088 335/349/1089 
f 335/349/1090 336/350/1091 333/346/1092 
f 335/349/1093 324/352/1094 334/351/1095 
f 334/351/1096 336/350/1097 335/349/1098 
f 336/350/1099 334/351/1100 326/340/1101 
f 326/340/1102 327/339/1103 336/350/1104 
f 336/350/1105 327/339/1106 330/342/1107 
f 330/342/1108 333/346/1109 336/350/1110 
f 343/355/1111 342/356/1112 337/353/1113 
f 337/353/1114 341/354/1115 343/355/1116 
f 346/358/1117 343/355/1118 341/354/1119 
f 341/354/1120 345/357/1121 346/358/1122 
f 345/357/1123 338/360/1124 344/359/1125 
f 344/359/1126 346/358/1127 345/357/1128 
f 346/358/1129 344/359/1130 348/361/1131 
f 348/361/1132 349/362/1133 346/358/1134 
f 348/361/1135 339/364/1136 347/363/1137 
f 347/363/1138 349/362/1139 348/361/1140 
f 349/362/1141 347/363/1142 351/365/1143 
f 351/365/1144 352/366/1145 349/362/1146 
f 352/366/1147 351/365/1148 340/367/1149 
f 340/367/1150 350/368/1151 352/366/1152 
f 352/366/1153 350/368/1154 342/356/1155 
f 342/356/1156 343/355/1157 352/366/1158 
f 352/366/1159 343/355/1160 346/358/1161 
f 346/358/1162 349/362/1163 352/366/1164 
f 359/371/1165 358/372/1166 353/369/1167 
f 353/369/1168 357/370/1169 359/371/1170 
f 362/374/1171 359/371/1172 357/370/1173 
f 357/370/1174 361/373/1175 362/374/1176 
f 361/373/1177 354/376/1178 360/375/1179 
f 360/375/1180 362/374/1181 361/373/1182 
f 362/374/1183 360/375/1184 364/377/1185 
f 364/377/1186 365/378/1187 362/374/1188 
f 364/377/1189 355/380/1190 363/379/1191 
f 363/379/1192 365/378/1193 364/377/1194 
f 365/378/1195 363/379/1196 367/381/1197 
f 367/381/1198 368/382/1199 365/378/1200 
f 368/382/1201 367/381/1202 356/383/1203 
f 356/383/1204 366/384/1205 368/382/1206 
f 368/382/1207 366/384/1208 358/372/1209 
f 358/372/1210 359/371/1211 368/382/1212 
f 368/382/1213 359/371/1214 362/374/1215 
f 362/374/1216 365/378/1217 368/382/1218 
f 375/387/1219 374/388/1220 369/385/1221 
f 369/385/1222 373/386/1223 375/387/1224 
f 375/387/1225 373/386/1226 377/389/1227 
f 377/389/1228 378/390/1229 375/387/1230 
f 378/390/1231 377/389/1232 370/391/1233 
f 370/391/1234 376/392/1235 378/390/1236 
f 381/394/1237 378/390/1238 376/392/1239 
f 376/392/1240 380/393/1241 381/394/1242 
f 380/393/1243 371/396/1244 379/395/1245 
f 379/395/1246 381/394/1247 380/393/1248 
f 381/394/1249 379/395/1250 383/397/1251 
f 383/397/1252 384/398/1253 381/394/1254 
f 383/397/1255 372/400/1256 382/399/1257 
f 382/399/1258 384/398/1259 383/397/1260 
f 384/398/1261 382/399/1262 374/388/1263 
f 374/388/1264 375/387/1265 384/398/1266 
f 384/398/1267 375/387/1268 378/390/1269 
f 378/390/1270 381/394/1271 384/398/1272 
f 390/403/1273 385/404/1274 389/401/1275 
f 389/401/1276 391/402/1277 390/403/1278 
f 391/402/1279 389/401/1280 393/405/1281 
f 393/405/1282 394/406/1283 391/402/1284 
f 393/405/1285 386/408/1286 392/407/1287 
f 392/407/1288 394/406/1289 393/405/1290 
f 394/406/1291 392/407/1292 396/409/1293 
f 396/409/1294 397/410/1295 394/406/1296 
f 397/410/1297 396/409/1298 387/411/1299 
f 387/411/1300 395/412/1301 397/410/1302 
f 397/410/1303 395/412/1304 399/413/1305 
f 399/413/1306 400/414/1307 397/410/1308 
f 400/414/1309 399/413/1310 388/415/1311 
f 388/415/1312 398/416/1313 400/414/1314 
f 391/402/1315 400/414/1316 398/416/1317 
f 398/416/1318 390/403/1319 391/402/1320 
f 400/414/1321 391/402/1322 394/406/1323 
f 394/406/1324 397/410/1325 400/414/1326 
f 406/419/1327 401/420/1328 405/417/1329 
f 405/417/1330 407/418/1331 406/419/1332 
f 407/418/1333 405/417/1334 409/421/1335 
f 409/421/1336 410/422/1337 407/418/1338 
f 410/422/1339 409/421/1340 402/423/1341 
f 402/423/1342 408/424/1343 410/422/1344 
f 410/422/1345 408/424/1346 412/425/1347 
f 412/425/1348 413/426/1349 410/422/1350 
f 413/426/1351 412/425/1352 403/427/1353 
f 403/427/1354 411/428/1355 413/426/1356 
f 416/430/1357 413/426/1358 411/428/1359 
f 411/428/1360 415/429/1361 416/430/1362 
f 415/429/1363 404/432/1364 414/431/1365 
f 414/431/1366 416/430/1367 415/429/1368 
f 416/430/1369 414/431/1370 406/419/1371 
f 406/419/1372 407/418/1373 416/430/1374 
f 416/430/1375 407/418/1376 410/422/1377 
f 410/422/1378 413/426/1379 416/430/1380 
f 423/435/1381 422/436/1382 417/433/1383 
f 417/433/1384 421/434/1385 423/435/1386 
f 426/438/1387 423/435/1388 421/434/1389 
f 421/434/1390 425/437/1391 426/438/1392 
f 425/437/1393 418/440/1394 424/439/1395 
f 424/439/1396 426/438/1397 425/437/1398 
f 426/438/1399 424/439/1400 428/441/1401 
f 428/441/1402 429/442/1403 426/438/1404 
f 428/441/1405 419/444/1406 427/443/1407 
f 427/443/1408 429/442/1409 428/441/1410 
f 429/442/1411 427/443/1412 431/445/1413 
f 431/445/1414 432/446/1415 429/442/1416 
f 432/446/1417 431/445/1418 420/447/1419 
f 420/447/1420 430/448/1421 432/446/1422 
f 432/446/1423 430/448/1424 422/436/1425 
f 422/436/1426 423/435/1427 432/446/1428 
f 432/446/1429 423/435/1430 426/438/1431 
f 426/438/1432 429/442/1433 432/446/1434 
f 439/451/1435 438/452/1436 433/449/1437 
f 433/449/1438 437/450/1439 439/451/1440 
f 439/451/1441 437/450/1442 441/453/1443 
f 441/453/1444 442/454/1445 439/451/1446 
f 442/454/1447 441/453/1448 434/455/1449 
f 434/455/1450 440/456/1451 442/454/1452 
f 445/458/1453 442/454/1454 440/456/1455 
f 440/456/1456 444/457/1457 445/458/1458 
f 444/457/1459 435/460/1460 443/459/1461 
f 443/459/1462 445/458/1463 444/457/1464 
f 445/458/1465 443/459/1466 447/461/1467 
f 447/461/1468 448/462/1469 445/458/1470 
f 447/461/1471 436/464/1472 446/463/1473 
f 446/463/1474 448/462/1475 447/461/1476 
f 448/462/1477 446/463/1478 438/452/1479 
f 438/452/1480 439/451/1481 448/462/1482 
f 448/462/1483 439/451/1484 442/454/1485 
f 442/454/1486 445/458/1487 448/462/1488 
f 454/467/1489 449/468/1490 453/465/1491 
f 453/465/1492 455/466/1493 454/467/1494 
f 455/466/1495 453/465/1496 457/469/1497 
f 457/469/1498 458/470/1499 455/466/1500 
f 457/469/1501 450/472/1502 456/471/1503 
f 456/471/1504 458/470/1505 457/469/1506 
f 458/470/1507 456/471/1508 460/473/1509 
f 460/473/1510 461/474/1511 458/470/1512 
f 461/474/1513 460/473/1514 451/475/1515 
f 451/475/1516 459/476/1517 461/474/1518 
f 461/474/1519 459/476/1520 463/477/1521 
f 463/477/1522 464/478/1523 461/474/1524 
f 464/478/1525 463/477/1526 452/479/1527 
f 452/479/1528 462/480/1529 464/478/1530 
f 455/466/1531 464/478/1532 462/480/1533 
f 462/480/1534 454/467/1535 455/466/1536 
f 464/478/1537 455/466/1538 458/470/1539 
f 458/470/1540 461/474/1541 464/478/1542 
f 470/483/1543 465/484/1544 469/481/1545 
f 469/481/1546 471/482/1547 470/483/1548 
f 471/482/1549 469/481/1550 473/485/1551 
f 473/485/1552 474/486/1553 471/482/1554 
f 474/486/1555 473/485/1556 466/487/1557 
f 466/487/1558 472/488/1559 474/486/1560 
f 474/486/1561 472/488/1562 476/489/1563 
f 476/489/1564 477/490/1565 474/486/1566 
f 477/490/1567 476/489/1568 467/491/1569 
f 467/491/1570 475/492/1571 477/490/1572 
f 480/494/1573 477/490/1574 475/492/1575 
f 475/492/1576 479/493/1577 480/494/1578 
f 479/493/1579 468/496/1580 478/495/1581 
f 478/495/1582 480/494/1583 479/493/1584 
f 480/494/1585 478/495/1586 470/483/1587 
f 470/483/1588 471/482/1589 480/494/1590 
f 480/494/1591 471/482/1592 474/486/1593 
f 474/486/1594 477/490/1595 480/494/1596 
f 487/499/1597 486/500/1598 481/497/1599 
f 481/497/1600 485/498/1601 487/499/1602 
f 490/502/1603 487/499/1604 485/498/1605 
f 485/498/1606 489/501/1607 490/502/1608 
f 489/501/1609 482/504/1610 488/503/1611 
f 488/503/1612 490/502/1613 489/501/1614 
f 490/502/1615 488/503/1616 492/505/1617 
f 492/505/1618 493/506/1619 490/502/1620 
f 492/505/1621 483/508/1622 491/507/1623 
f 491/507/1624 493/506/1625 492/505/1626 
f 493/506/1627 491/507/1628 495/509/1629 
f 495/509/1630 496/510/1631 493/506/1632 
f 496/510/1633 495/509/1634 484/511/1635 
f 484/511/1636 494/512/1637 496/510/1638 
f 496/510/1639 494/512/1640 486/500/1641 
f 486/500/1642 487/499/1643 496/510/1644 
f 496/510/1645 487/499/1646 490/502/1647 
f 490/502/1648 493/506/1649 496/510/1650 
f 503/515/1651 502/516/1652 497/513/1653 
f 497/513/1654 501/514/1655 503/515/1656 
f 503/515/1657 501/514/1658 505/517/1659 
f 505/517/1660 506/518/1661 503/515/1662 
f 506/518/1663 505/517/1664 498/519/1665 
f 498/519/1666 504/520/1667 506/518/1668 
f 509/522/1669 506/518/1670 504/520/1671 
f 504/520/1672 508/521/1673 509/522/1674 
f 508/521/1675 499/524/1676 507/523/1677 
f 507/523/1678 509/522/1679 508/521/1680 
f 509/522/1681 507/523/1682 511/525/1683 
f 511/525/1684 512/526/1685 509/522/1686 
f 511/525/1687 500/528/1688 510/527/1689 
f 510/527/1690 512/526/1691 511/525/1692 
f 512/526/1693 510/527/1694 502/516/1695 
f 502/516/1696 503/515/1697 512/526/1698 
f 512/526/1699 503/515/1700 506/518/1701 
f 506/518/1702 509/522/1703 512/526/1704 
f 518/531/1705 513/532/1706 517/529/1707 
f 517/529/1708 519/530/1709 518/531/1710 
f 519/530/1711 517/529/1712 521/533/1713 
f 521/533/1714 522/534/1715 519/530/1716 
f 521/533/1717 514/536/1718 520/535/1719 
f 520/535/1720 522/534/1721 521/533/1722 
f 522/534/1723 520/535/1724 524/537/1725 
f 524/537/1726 525/538/1727 522/534/1728 
f 525/538/1729 524/537/1730 515/539/1731 
f 515/539/1732 523/540/1733 525/538/1734 
f 525/538/1735 523/540/1736 527/541/1737 
f 527/541/1738 528/542/1739 525/538/1740 
f 528/542/1741 527/541/1742 516/543/1743 
f 516/543/1744 526/544/1745 528/542/1746 
f 519/530/1747 528/542/1748 526/544/1749 
f 526/544/1750 518/531/1751 519/530/1752 
f 528/542/1753 519/530/1754 522/534/1755 
f 522/534/1756 525/538/1757 528/542/1758 
f 534/547/1759 529/548/1760 533/545/1761 
f 533/545/1762 535/546/1763 534/547/1764 
f 535/546/1765 533/545/1766 537/549/1767 
f 537/549/1768 538/550/1769 535/546/1770 
f 538/550/1771 537/549/1772 530/551/1773 
f 530/551/1774 536/552/1775 538/550/1776 
f 538/550/1777 536/552/1778 540/553/1779 
f 540/553/1780 541/554/1781 538/550/1782 
f 541/554/1783 540/553/1784 531/555/1785 
f 531/555/1786 539/556/1787 541/554/1788 
f 544/558/1789 541/554/1790 539/556/1791 
f 539/556/1792 543/557/1793 544/558/1794 
f 543/557/1795 532/560/1796 542/559/1797 
f 542/559/1798 544/558/1799 543/557/1800 
f 544/558/1801 542/559/1802 534/547/1803 
f 534/547/1804 535/546/1805 544/558/1806 
f 544/558/1807 535/546/1808 538/550/1809 
f 538/550/1810 541/554/1811 544/558/1812 
f 551/563/1813 550/564/1814 545/561/1815 
f 545/561/1816 549/562/1817 551/563/1818 
f 551/563/1819 549/562/1820 553/565/1821 
f 553/565/1822 554/566/1823 551/563/1824 
f 554/566/1825 553/565/1826 546/567/1827 
f 546/567/1828 552/568/1829 554/566/1830 
f 557/570/1831 554/566/1832 552/568/1833 
f 552/568/1834 556/569/1835 557/570/1836 
f 556/569/1837 547/572/1838 555/571/1839 
f 555/571/1840 557/570/1841 556/569/1842 
f 557/570/1843 555/571/1844 559/573/1845 
f 559/573/1846 560/574/1847 557/570/1848 
f 559/573/1849 548/576/1850 558/575/1851 
f 558/575/1852 560/574/1853 559/573/1854 
f 560/574/1855 558/575/1856 550/564/1857 
f 550/564/1858 551/563/1859 560/574/1860 
f 560/574/1861 551/563/1862 554/566/1863 
f 554/566/1864 557/570/1865 560/574/1866 
f 567/579/1867 566/580/1868 561/577/1869 
f 561/577/1870 565/578/1871 567/579/1872 
f 570/582/1873 567/579/1874 565/578/1875 
f 565/578/1876 569/581/1877 570/582/1878 
f 569/581/1879 562/584/1880 568/583/1881 
f 568/583/1882 570/582/1883 569/581/1884 
f 570/582/1885 568/583/1886 572/585/1887 
f 572/585/1888 573/586/1889 570/582/1890 
f 572/585/1891 563/588/1892 571/587/1893 
f 571/587/1894 573/586/1895 572/585/1896 
f 573/586/1897 571/587/1898 575/589/1899 
f 575/589/1900 576/590/1901 573/586/1902 
f 576/590/1903 575/589/1904 564/591/1905 
f 564/591/1906 574/592/1907 576/590/1908 
f 576/590/1909 574/592/1910 566/580/1911 
f 566/580/1912 567/579/1913 576/590/1914 
f 576/590/1915 567/579/1916 570/582/1917 
f 570/582/1918 573/586/1919 576/590/1920 
f 582/595/1921 577/596/1922 581/593/1923 
f 581/593/1924 583/594/1925 582/595/1926 
f 583/594/1927 581/593/1928 585/597/1929 
f 585/597/1930 586/598/1931 583/594/1932 
f 586/598/1933 585/597/1934 578/599/1935 
f 578/599/1936 584/600/1937 586/598/1938 
f 586/598/1939 584/600/1940 588/601/1941 
f 588/601/1942 589/602/1943 586/598/1944 
f 589/602/1945 588/601/1946 579/603/1947 
f 579/603/1948 587/604/1949 589/602/1950 
f 592/606/1951 589/602/1952 587/604/1953 
f 587/604/1954 591/605/1955 592/606/1956 
f 591/605/1957 580/608/1958 590/607/1959 
f 590/607/1960 592/606/1961 591/605/1962 
f 592/606/1963 590/607/1964 582/595/1965 
f 582/595/1966 583/594/1967 592/606/1968 
f 592/606/1969 583/594/1970 586/598/1971 
f 586/598/1972 589/602/1973 592/606/1974 
f 598/611/1975 593/954/1976 597/609/1977 
f 597/609/1978 599/610/1979 598/611/1980 
f 599/610/1981 597/609/1982 601/613/1983 
f 601/613/1984 602/614/1985 599/610/1986 
f 601/613/1987 594/616/1988 600/615/1989 
f 600/615/1990 602/614/1991 601/613/1992 
f 602/614/1993 600/615/1994 604/617/1995 
f 604/617/1996 605/618/1997 602/614/1998 
f 605/618/1999 604/617/2000 595/619/2001 
f 595/619/2002 603/620/2003 605/618/2004 
f 605/618/2005 603/620/2006 607/621/2007 
f 607/621/2008 608/622/2009 605/618/2010 
f 608/622/2011 607/621/2012 596/623/2013 
f 596/623/2014 606/624/2015 608/622/2016 
f 599/610/2017 608/622/2018 606/624/2019 
f 606/624/2020 598/611/2021 599/610/2022 
f 608/622/2023 599/610/2024 602/614/2025 
f 602/614/2026 605/618/2027 608/622/2028 
f 615/627/2029 614/628/2030 609/625/2031 
f 609/625/2032 613/626/2033 615/627/2034 
f 615/627/2035 613/626/2036 617/629/2037 
f 617/629/2038 618/630/2039 615/627/2040 
f 618/630/2041 617/629/2042 610/631/2043 
f 610/631/2044 616/632/2045 618/630/2046 
f 621/634/2047 618/630/2048 616/632/2049 
f 616/632/2050 620/633/2051 621/634/2052 
f 620/633/2053 611/636/2054 619/635/2055 
f 619/635/2056 621/634/2057 620/633/2058 
f 621/634/2059 619/635/2060 623/637/2061 
f 623/637/2062 624/638/2063 621/634/2064 
f 623/637/2065 612/640/2066 622/639/2067 
f 622/639/2068 624/638/2069 623/637/2070 
f 624/638/2071 622/639/2072 614/628/2073 
f 614/628/2074 615/627/2075 624/638/2076 
f 624/638/2077 615/627/2078 618/630/2079 
f 618/630/2080 621/634/2081 624/638/2082 
f 631/643/2083 630/644/2084 625/641/2085 
f 625/641/2086 629/642/2087 631/643/2088 
f 634/646/2089 631/643/2090 629/642/2091 
f 629/642/2092 633/645/2093 634/646/2094 
f 633/645/2095 626/648/2096 632/647/2097 
f 632/647/2098 634/646/2099 633/645/2100 
f 634/646/2101 632/647/2102 636/649/2103 
f 636/649/2104 637/650/2105 634/646/2106 
f 636/649/2107 627/652/2108 635/651/2109 
f 635/651/2110 637/650/2111 636/649/2112 
f 637/650/2113 635/651/2114 639/653/2115 
f 639/653/2116 640/654/2117 637/650/2118 
f 640/654/2119 639/653/2120 628/655/2121 
f 628/655/2122 638/656/2123 640/654/2124 
f 640/654/2125 638/656/2126 630/644/2127 
f 630/644/2128 631/643/2129 640/654/2130 
f 640/654/2131 631/643/2132 634/646/2133 
f 634/646/2134 637/650/2135 640/654/2136 
f 646/659/2137 641/660/2138 645/657/2139 
f 645/657/2140 647/658/2141 646/659/2142 
f 647/658/2143 645/657/2144 649/661/2145 
f 649/661/2146 650/662/2147 647/658/2148 
f 650/662/2149 649/661/2150 642/663/2151 
f 642/663/2152 648/664/2153 650/662/2154 
f 650/662/2155 648/664/2156 652/665/2157 
f 652/665/2158 653/666/2159 650/662/2160 
f 653/666/2161 652/665/2162 643/667/2163 
f 643/667/2164 651/668/2165 653/666/2166 
f 656/670/2167 653/666/2168 651/668/2169 
f 651/668/2170 655/669/2171 656/670/2172 
f 655/669/2173 644/672/2174 654/671/2175 
f 654/671/2176 656/670/2177 655/669/2178 
f 656/670/2179 654/671/2180 646/659/2181 
f 646/659/2182 647/658/2183 656/670/2184 
f 656/670/2185 647/658/2186 650/662/2187 
f 650/662/2188 653/666/2189 656/670/2190 
f 662/675/2191 657/975/2192 661/673/2193 
f 661/673/2194 663/674/2195 662/675/2196 
f 663/674/2197 661/673/2198 665/677/2199 
f 665/677/2200 666/678/2201 663/674/2202 
f 665/677/2203 658/680/2204 664/679/2205 
f 664/679/2206 666/678/2207 665/677/2208 
f 666/678/2209 664/679/2210 668/681/2211 
f 668/681/2212 669/682/2213 666/678/2214 
f 669/682/2215 668/681/2216 659/683/2217 
f 659/683/2218 667/684/2219 669/682/2220 
f 669/682/2221 667/684/2222 671/685/2223 
f 671/685/2224 672/686/2225 669/682/2226 
f 672/686/2227 671/685/2228 660/687/2229 
f 660/687/2230 670/688/2231 672/686/2232 
f 663/674/2233 672/686/2234 670/688/2235 
f 670/688/2236 662/675/2237 663/674/2238 
f 672/686/2239 663/674/2240 666/678/2241 
f 666/678/2242 669/682/2243 672/686/2244 
f 54/60/2245 44/59/2246 2/8/2247 
f 2/8/2248 10/5/2249 54/60/2250 
f 46/47/2251 54/60/2252 10/5/2253 
f 10/5/2254 6/1/2255 46/47/2256 
f 41/48/2257 46/47/2258 6/1/2259 
f 6/1/2260 1/4/2261 41/48/2262 
f 9/7/2263 2/8/2264 22/30/2265 
f 22/30/2266 30/27/2267 9/7/2268 
f 13/9/2269 9/7/2270 30/27/2271 
f 30/27/2272 26/23/2273 13/9/2274 
f 3/12/2275 13/753/2276 26/759/2277 
f 26/759/2278 21/26/2279 3/12/2280 
f 65/65/2281 29/29/2282 22/30/2283 
f 22/30/2284 58/67/2285 65/65/2286 
f 61/61/2287 33/31/2288 29/29/2289 
f 29/29/2290 65/65/2291 61/61/2292 
f 57/64/2293 23/34/2294 33/31/2295 
f 33/31/2296 61/61/2297 57/64/2298 
f 64/68/2299 58/67/2300 44/59/2301 
f 44/59/2302 55/57/2303 64/68/2304 
f 68/69/2305 64/68/2306 55/57/2307 
f 55/57/2308 51/56/2309 68/69/2310 
f 59/71/2311 68/69/2312 51/56/2313 
f 51/56/2314 43/55/2315 59/71/2316 
f 90/97/2317 77/98/2318 114/128/2319 
f 114/128/2320 121/125/2321 90/97/2322 
f 79/79/2323 90/97/2324 121/125/2325 
f 121/125/2326 117/122/2327 79/79/2328 
f 73/80/2329 79/79/2330 117/122/2331 
f 117/122/2332 113/121/2333 73/80/2334 
f 120/127/2335 114/128/2336 130/801/2337 
f 130/801/2338 137/800/2339 120/127/2340 
f 124/129/2341 120/127/2342 137/800/2343 
f 137/800/2344 133/795/2345 124/129/2346 
f 115/132/2347 124/129/2348 133/795/2349 
f 133/795/2350 129/140/2351 115/132/2352 
f 102/103/2353 136/143/2354 130/144/2355 
f 130/144/2356 94/106/2357 102/103/2358 
f 98/99/2359 140/145/2360 136/143/2361 
f 136/143/2362 102/103/2363 98/99/2364 
f 93/102/2365 131/147/2366 140/145/2367 
f 140/145/2368 98/99/2369 93/102/2370 
f 101/782/2371 94/783/2372 77/98/2373 
f 77/98/2374 91/95/2375 101/782/2376 
f 105/784/2377 101/782/2378 91/95/2379 
f 91/95/2380 87/93/2381 105/784/2382 
f 95/110/2383 105/784/2384 87/93/2385 
f 87/93/2386 76/780/2387 95/110/2388 
f 78/77/2389 73/80/2390 1/4/2391 
f 1/4/2392 7/3/2393 78/77/2394 
f 18/19/2395 82/85/2396 675/81/2397 
f 675/81/2398 673/21/2399 18/19/2400 
f 74/86/2401 82/85/2402 18/19/2403 
f 18/19/2404 5/20/2405 74/86/2406 
f 118/124/2407 45/45/2408 41/48/2409 
f 41/48/2410 113/121/2411 118/124/2412 
f 49/49/2413 45/45/2414 118/124/2415 
f 118/124/2416 126/136/2417 49/49/2418 
f 42/52/2419 49/49/2420 126/136/2421 
f 126/136/2422 116/135/2423 42/52/2424 
f 139/148/2425 131/147/2426 57/64/2427 
f 57/64/2428 62/63/2429 139/148/2430 
f 143/149/2431 139/148/2432 62/63/2433 
f 62/63/2434 70/75/2435 143/149/2436 
f 60/76/2437 132/151/2438 143/149/2439 
f 143/149/2440 70/75/2441 60/76/2442 
f 32/33/2443 23/34/2444 93/102/2445 
f 93/102/2446 99/101/2447 32/33/2448 
f 110/117/2449 36/39/2450 685/763/2451 
f 685/763/2452 687/119/2453 110/117/2454 
f 24/40/2455 36/39/2456 110/117/2457 
f 110/117/2458 97/118/2459 24/40/2460 
f 174/184/2461 164/183/2462 146/159/2463 
f 146/159/2464 153/157/2465 174/184/2466 
f 166/172/2467 174/184/2468 153/157/2469 
f 153/157/2470 149/154/2471 166/172/2472 
f 161/169/2473 166/172/2474 149/154/2475 
f 149/154/2476 145/153/2477 161/169/2478 
f 190/199/2479 180/200/2480 194/822/2481 
f 194/822/2482 201/821/2483 190/199/2484 
f 182/187/2485 190/199/2486 201/821/2487 
f 201/821/2488 197/816/2489 182/187/2490 
f 177/188/2491 182/187/2492 197/816/2493 
f 197/816/2494 193/204/2495 177/188/2496 
f 188/193/2497 155/163/2498 147/164/2499 
f 147/164/2500 179/195/2501 188/193/2502 
f 159/165/2503 155/163/2504 188/193/2505 
f 188/193/2506 184/192/2507 159/165/2508 
f 148/168/2509 159/165/2510 184/192/2511 
f 184/192/2512 178/191/2513 148/168/2514 
f 203/212/2515 195/211/2516 163/180/2517 
f 163/180/2518 172/177/2519 203/212/2520 
f 207/213/2521 203/212/2522 172/177/2523 
f 172/177/2524 168/175/2525 207/213/2526 
f 162/176/2527 196/215/2528 207/213/2529 
f 207/213/2530 168/175/2531 162/176/2532 
f 257/265/2533 226/237/2534 213/238/2535 
f 213/238/2536 250/267/2537 257/265/2538 
f 253/261/2539 215/219/2540 226/237/2541 
f 226/237/2542 257/265/2543 253/261/2544 
f 249/264/2545 209/220/2546 215/219/2547 
f 215/219/2548 253/261/2549 249/264/2550 
f 256/268/2551 250/267/2552 266/283/2553 
f 266/283/2554 273/281/2555 256/268/2556 
f 260/269/2557 256/268/2558 273/281/2559 
f 273/281/2560 269/278/2561 260/269/2562 
f 251/271/2563 260/269/2564 269/278/2565 
f 269/278/2566 265/277/2567 251/271/2568 
f 272/284/2569 266/283/2570 230/246/2571 
f 230/246/2572 238/243/2573 272/284/2574 
f 276/285/2575 272/284/2576 238/243/2577 
f 238/243/2578 234/239/2579 276/285/2580 
f 267/288/2581 276/285/2582 234/239/2583 
f 234/239/2584 229/242/2585 267/288/2586 
f 237/245/2587 230/246/2588 213/238/2589 
f 213/238/2590 227/235/2591 237/245/2592 
f 241/247/2593 237/245/2594 227/235/2595 
f 227/235/2596 223/830/2597 241/247/2598 
f 231/250/2599 241/831/2600 223/233/2601 
f 223/233/2602 212/234/2603 231/250/2604 
f 290/297/2605 334/351/2606 324/352/2607 
f 324/352/2608 282/300/2609 290/297/2610 
f 286/293/2611 326/340/2612 334/351/2613 
f 334/351/2614 290/297/2615 286/293/2616 
f 281/296/2617 321/337/2618 326/340/2619 
f 326/340/2620 286/293/2621 281/296/2622 
f 289/845/2623 282/846/2624 302/322/2625 
f 302/322/2626 310/319/2627 289/845/2628 
f 293/847/2629 289/845/2630 310/319/2631 
f 310/319/2632 306/315/2633 293/847/2634 
f 283/850/2635 293/847/2636 306/315/2637 
f 306/315/2638 301/857/2639 283/850/2640 
f 309/321/2641 302/322/2642 338/360/2643 
f 338/360/2644 345/357/2645 309/321/2646 
f 313/323/2647 309/321/2648 345/357/2649 
f 345/357/2650 341/354/2651 313/323/2652 
f 303/326/2653 313/323/2654 341/354/2655 
f 341/354/2656 337/353/2657 303/326/2658 
f 344/359/2659 338/360/2660 324/871/2661 
f 324/871/2662 335/870/2663 344/359/2664 
f 348/361/2665 344/359/2666 335/870/2667 
f 335/870/2668 331/866/2669 348/361/2670 
f 339/364/2671 348/361/2672 331/866/2673 
f 331/866/2674 323/868/2675 339/364/2676 
f 325/338/2677 321/337/2678 249/264/2679 
f 249/264/2680 254/263/2681 325/338/2682 
f 329/341/2683 325/338/2684 254/263/2685 
f 254/263/2686 262/275/2687 329/341/2688 
f 252/276/2689 322/343/2690 329/341/2691 
f 329/341/2692 262/275/2693 252/276/2694 
f 214/217/2695 209/220/2696 281/296/2697 
f 281/296/2698 287/295/2699 214/217/2700 
f 298/311/2701 218/225/2702 677/825/2703 
f 677/825/2704 679/313/2705 298/311/2706 
f 210/226/2707 218/225/2708 298/311/2709 
f 298/311/2710 285/312/2711 210/226/2712 
f 312/325/2713 303/326/2714 229/242/2715 
f 229/242/2716 235/241/2717 312/325/2718 
f 246/257/2719 316/331/2720 683/327/2721 
f 683/327/2722 681/259/2723 246/257/2724 
f 304/332/2725 316/331/2726 246/257/2727 
f 246/257/2728 233/258/2729 304/332/2730 
f 342/356/2731 275/287/2732 267/288/2733 
f 267/288/2734 337/353/2735 342/356/2736 
f 279/289/2737 275/287/2738 342/356/2739 
f 342/356/2740 350/368/2741 279/289/2742 
f 268/292/2743 279/289/2744 350/368/2745 
f 350/368/2746 340/367/2747 268/292/2748 
f 366/384/2749 356/383/2750 370/391/2751 
f 370/391/2752 377/389/2753 366/384/2754 
f 358/372/2755 366/384/2756 377/389/2757 
f 377/389/2758 373/386/2759 358/372/2760 
f 353/369/2761 358/372/2762 373/386/2763 
f 373/386/2764 369/385/2765 353/369/2766 
f 414/431/2767 404/432/2768 386/890/2769 
f 386/890/2770 393/889/2771 414/431/2772 
f 406/419/2773 414/431/2774 393/889/2775 
f 393/889/2776 389/884/2777 406/419/2778 
f 401/420/2779 406/419/2780 389/884/2781 
f 389/884/2782 385/886/2783 401/420/2784 
f 395/412/2785 387/411/2786 355/380/2787 
f 355/380/2788 364/377/2789 395/412/2790 
f 399/413/2791 395/412/2792 364/377/2793 
f 364/377/2794 360/375/2795 399/413/2796 
f 354/376/2797 388/415/2798 399/413/2799 
f 399/413/2800 360/375/2801 354/376/2802 
f 412/425/2803 379/395/2804 371/396/2805 
f 371/396/2806 403/427/2807 412/425/2808 
f 383/397/2809 379/395/2810 412/425/2811 
f 412/425/2812 408/424/2813 383/397/2814 
f 372/400/2815 383/397/2816 408/424/2817 
f 408/424/2818 402/423/2819 372/400/2820 
f 430/448/2821 420/447/2822 434/455/2823 
f 434/455/2824 441/453/2825 430/448/2826 
f 422/436/2827 430/448/2828 441/453/2829 
f 441/453/2830 437/450/2831 422/436/2832 
f 417/433/2833 422/436/2834 437/450/2835 
f 437/450/2836 433/449/2837 417/433/2838 
f 478/495/2839 468/496/2840 450/911/2841 
f 450/911/2842 457/910/2843 478/495/2844 
f 470/483/2845 478/495/2846 457/910/2847 
f 457/910/2848 453/905/2849 470/483/2850 
f 465/484/2851 470/483/2852 453/905/2853 
f 453/905/2854 449/907/2855 465/484/2856 
f 463/477/2857 424/439/2858 418/440/2859 
f 418/440/2860 452/479/2861 463/477/2862 
f 428/441/2863 424/439/2864 463/477/2865 
f 463/477/2866 459/476/2867 428/441/2868 
f 419/444/2869 428/441/2870 459/476/2871 
f 459/476/2872 451/475/2873 419/444/2874 
f 472/488/2875 466/487/2876 436/464/2877 
f 436/464/2878 447/461/2879 472/488/2880 
f 476/489/2881 472/488/2882 447/461/2883 
f 447/461/2884 443/459/2885 476/489/2886 
f 435/460/2887 467/491/2888 476/489/2889 
f 476/489/2890 443/459/2891 435/460/2892 
f 494/512/2893 484/511/2894 498/519/2895 
f 498/519/2896 505/517/2897 494/512/2898 
f 486/500/2899 494/512/2900 505/517/2901 
f 505/517/2902 501/514/2903 486/500/2904 
f 481/497/2905 486/500/2906 501/514/2907 
f 501/514/2908 497/513/2909 481/497/2910 
f 542/559/2911 532/560/2912 514/932/2913 
f 514/932/2914 521/931/2915 542/559/2916 
f 534/547/2917 542/559/2918 521/931/2919 
f 521/931/2920 517/926/2921 534/547/2922 
f 529/548/2923 534/547/2924 517/926/2925 
f 517/926/2926 513/928/2927 529/548/2928 
f 527/541/2929 488/503/2930 482/504/2931 
f 482/504/2932 516/543/2933 527/541/2934 
f 492/505/2935 488/503/2936 527/541/2937 
f 527/541/2938 523/540/2939 492/505/2940 
f 483/508/2941 492/505/2942 523/540/2943 
f 523/540/2944 515/539/2945 483/508/2946 
f 536/552/2947 530/551/2948 500/528/2949 
f 500/528/2950 511/525/2951 536/552/2952 
f 540/553/2953 536/552/2954 511/525/2955 
f 511/525/2956 507/523/2957 540/553/2958 
f 499/524/2959 531/555/2960 540/553/2961 
f 540/553/2962 507/523/2963 499/524/2964 
f 574/592/2965 564/591/2966 546/567/2967 
f 546/567/2968 553/565/2969 574/592/2970 
f 566/580/2971 574/592/2972 553/565/2973 
f 553/565/2974 549/562/2975 566/580/2976 
f 561/577/2977 566/580/2978 549/562/2979 
f 549/562/2980 545/561/2981 561/577/2982 
f 590/607/2983 580/608/2984 594/957/2985 
f 594/957/2986 601/956/2987 590/607/2988 
f 582/595/2989 590/607/2990 601/956/2991 
f 601/956/2992 597/951/2993 582/595/2994 
f 577/596/2995 582/595/2996 597/951/2997 
f 597/951/2998 593/612/2999 577/596/3000 
f 584/600/3001 578/599/3002 548/576/3003 
f 548/576/3004 559/573/3005 584/600/3006 
f 588/601/3007 584/600/3008 559/573/3009 
f 559/573/3010 555/571/3011 588/601/3012 
f 547/572/3013 579/603/3014 588/601/3015 
f 588/601/3016 555/571/3017 547/572/3018 
f 607/621/3019 568/583/3020 562/584/3021 
f 562/584/3022 596/623/3023 607/621/3024 
f 572/585/3025 568/583/3026 607/621/3027 
f 607/621/3028 603/620/3029 572/585/3030 
f 563/588/3031 572/585/3032 603/620/3033 
f 603/620/3034 595/619/3035 563/588/3036 
f 638/656/3037 628/655/3038 610/631/3039 
f 610/631/3040 617/629/3041 638/656/3042 
f 630/644/3043 638/656/3044 617/629/3045 
f 617/629/3046 613/626/3047 630/644/3048 
f 625/641/3049 630/644/3050 613/626/3051 
f 613/626/3052 609/625/3053 625/641/3054 
f 654/671/3055 644/672/3056 658/978/3057 
f 658/978/3058 665/977/3059 654/671/3060 
f 646/659/3061 654/671/3062 665/977/3063 
f 665/977/3064 661/972/3065 646/659/3066 
f 641/660/3067 646/659/3068 661/972/3069 
f 661/972/3070 657/676/3071 641/660/3072 
f 648/664/3073 642/663/3074 612/640/3075 
f 612/640/3076 623/637/3077 648/664/3078 
f 652/665/3079 648/664/3080 623/637/3081 
f 623/637/3082 619/635/3083 652/665/3084 
f 611/636/3085 643/667/3086 652/665/3087 
f 652/665/3088 619/635/3089 611/636/3090 
f 671/685/3091 632/647/3092 626/648/3093 
f 626/648/3094 660/687/3095 671/685/3096 
f 636/649/3097 632/647/3098 671/685/3099 
f 671/685/3100 667/684/3101 636/649/3102 
f 627/652/3103 636/649/3104 667/684/3105 
f 667/684/3106 659/683/3107 627/652/3108 
f 152/160/3109 146/159/3110 43/768/3111 
f 43/768/3112 52/767/3113 152/160/3114 
f 156/161/3115 152/160/3116 52/767/3117 
f 52/767/3118 48/765/3119 156/161/3120 
f 147/164/3121 156/161/3122 48/765/3123 
f 48/765/3124 42/766/3125 147/164/3126 
f 67/770/3127 59/769/3128 164/183/3129 
f 164/183/3130 175/181/3131 67/770/3132 
f 71/771/3133 67/770/3134 175/181/3135 
f 175/181/3136 171/179/3137 71/771/3138 
f 60/772/3139 71/771/3140 171/179/3141 
f 171/179/3142 163/180/3143 60/772/3144 
f 123/791/3145 115/792/3146 180/200/3147 
f 180/200/3148 191/197/3149 123/791/3150 
f 127/793/3151 123/791/3152 191/197/3153 
f 191/197/3154 187/196/3155 127/793/3156 
f 116/794/3157 127/793/3158 187/196/3159 
f 187/196/3160 179/195/3161 116/794/3162 
f 200/207/3163 194/208/3164 129/799/3165 
f 129/799/3166 134/796/3167 200/207/3168 
f 204/209/3169 200/207/3170 134/796/3171 
f 134/796/3172 142/803/3173 204/209/3174 
f 195/211/3175 204/209/3176 142/803/3177 
f 142/803/3178 132/802/3179 195/211/3180 
f 904/689/3181 902/690/3182 145/804/3183 
f 145/804/3184 150/805/3185 904/689/3186 
f 903/691/3187 904/689/3188 150/805/3189 
f 150/805/3190 158/806/3191 903/691/3192 
f 901/692/3193 903/691/3194 158/806/3195 
f 158/806/3196 148/807/3197 901/692/3198 
f 165/809/3199 161/808/3200 897/693/3201 
f 897/693/3202 899/694/3203 165/809/3204 
f 169/810/3205 165/809/3206 899/694/3207 
f 899/694/3208 900/695/3209 169/810/3210 
f 162/811/3211 169/810/3212 900/695/3213 
f 900/695/3214 898/696/3215 162/811/3216 
f 181/812/3217 177/813/3218 909/697/3219 
f 909/697/3220 911/698/3221 181/812/3222 
f 185/814/3223 181/812/3224 911/698/3225 
f 911/698/3226 912/699/3227 185/814/3228 
f 178/815/3229 185/814/3230 912/699/3231 
f 912/699/3232 910/700/3233 178/815/3234 
f 908/701/3235 906/702/3236 193/820/3237 
f 193/820/3238 198/817/3239 908/701/3240 
f 907/703/3241 908/701/3242 198/817/3243 
f 198/817/3244 206/824/3245 907/703/3246 
f 905/704/3247 907/703/3248 206/824/3249 
f 206/824/3250 196/823/3251 905/704/3252 
f 259/838/3253 251/837/3254 356/383/3255 
f 356/383/3256 367/381/3257 259/838/3258 
f 263/839/3259 259/838/3260 367/381/3261 
f 367/381/3262 363/379/3263 263/839/3264 
f 252/840/3265 263/839/3266 363/379/3267 
f 363/379/3268 355/380/3269 252/840/3270 
f 376/392/3271 370/391/3272 265/841/3273 
f 265/841/3274 270/842/3275 376/392/3276 
f 380/393/3277 376/392/3278 270/842/3279 
f 270/842/3280 278/843/3281 380/393/3282 
f 371/396/3283 380/393/3284 278/843/3285 
f 278/843/3286 268/844/3287 371/396/3288 
f 392/407/3289 386/408/3290 323/867/3291 
f 323/867/3292 332/865/3293 392/407/3294 
f 396/409/3295 392/407/3296 332/865/3297 
f 332/865/3298 328/864/3299 396/409/3300 
f 387/411/3301 396/409/3302 328/864/3303 
f 328/864/3304 322/863/3305 387/411/3306 
f 347/872/3307 339/873/3308 404/432/3309 
f 404/432/3310 415/429/3311 347/872/3312 
f 351/874/3313 347/872/3314 415/429/3315 
f 415/429/3316 411/428/3317 351/874/3318 
f 340/875/3319 351/874/3320 411/428/3321 
f 411/428/3322 403/427/3323 340/875/3324 
f 357/877/3325 353/876/3326 1125/705/3327 
f 1125/705/3328 1127/706/3329 357/877/3330 
f 361/878/3331 357/877/3332 1127/706/3333 
f 1127/706/3334 1128/707/3335 361/878/3336 
f 354/879/3337 361/878/3338 1128/707/3339 
f 1128/707/3340 1126/708/3341 354/879/3342 
f 1124/709/3343 1122/710/3344 369/880/3345 
f 369/880/3346 374/881/3347 1124/709/3348 
f 1123/711/3349 1124/709/3350 374/881/3351 
f 374/881/3352 382/882/3353 1123/711/3354 
f 1121/712/3355 1123/711/3356 382/882/3357 
f 382/882/3358 372/883/3359 1121/712/3360 
f 1136/713/3361 1134/714/3362 385/887/3363 
f 385/887/3364 390/885/3365 1136/713/3366 
f 1135/715/3367 1136/713/3368 390/885/3369 
f 390/885/3370 398/892/3371 1135/715/3372 
f 1133/716/3373 1135/715/3374 398/892/3375 
f 398/892/3376 388/891/3377 1133/716/3378 
f 405/893/3379 401/894/3380 1129/717/3381 
f 1129/717/3382 1131/718/3383 405/893/3384 
f 409/895/3385 405/893/3386 1131/718/3387 
f 1131/718/3388 1132/719/3389 409/895/3390 
f 402/896/3391 409/895/3392 1132/719/3393 
f 1132/719/3394 1130/720/3395 402/896/3396 
f 440/456/3397 434/455/3398 25/44/3399 
f 25/44/3400 39/41/3401 440/456/3402 
f 444/457/3403 440/456/3404 39/41/3405 
f 39/41/3406 35/37/3407 444/457/3408 
f 435/460/3409 444/457/3410 35/37/3411 
f 35/37/3412 24/40/3413 435/460/3414 
f 38/43/3415 25/44/3416 232/254/3417 
f 232/254/3418 244/251/3419 38/43/3420 
f 27/762/3421 38/43/3422 244/251/3423 
f 244/251/3424 240/249/3425 27/762/3426 
f 21/26/3427 27/25/3428 240/834/3429 
f 240/834/3430 231/250/3431 21/26/3432 
f 431/445/3433 243/253/3434 232/254/3435 
f 232/254/3436 420/447/3437 431/445/3438 
f 427/443/3439 247/255/3440 243/253/3441 
f 243/253/3442 431/445/3443 427/443/3444 
f 419/444/3445 233/258/3446 247/255/3447 
f 247/255/3448 427/443/3449 419/444/3450 
f 107/113/3451 96/114/3452 468/496/3453 
f 468/496/3454 479/493/3455 107/113/3456 
f 111/115/3457 107/113/3458 479/493/3459 
f 479/493/3460 475/492/3461 111/115/3462 
f 97/118/3463 111/115/3464 475/492/3465 
f 475/492/3466 467/491/3467 97/118/3468 
f 319/333/3469 456/471/3470 450/472/3471 
f 450/472/3472 305/336/3473 319/333/3474 
f 315/329/3475 460/473/3476 456/471/3477 
f 456/471/3478 319/333/3479 315/329/3480 
f 304/332/3481 451/475/3482 460/473/3483 
f 460/473/3484 315/329/3485 304/332/3486 
f 318/861/3487 305/862/3488 96/114/3489 
f 96/114/3490 108/111/3491 318/861/3492 
f 307/855/3493 318/861/3494 108/111/3495 
f 108/111/3496 104/109/3497 307/855/3498 
f 301/318/3499 307/855/3500 104/109/3501 
f 104/109/3502 95/788/3503 301/318/3504 
f 504/520/3505 498/519/3506 433/901/3507 
f 433/901/3508 438/902/3509 504/520/3510 
f 508/521/3511 504/520/3512 438/902/3513 
f 438/902/3514 446/903/3515 508/521/3516 
f 499/524/3517 508/521/3518 446/903/3519 
f 446/903/3520 436/904/3521 499/524/3522 
f 421/898/3523 417/897/3524 484/511/3525 
f 484/511/3526 495/509/3527 421/898/3528 
f 425/899/3529 421/898/3530 495/509/3531 
f 495/509/3532 491/507/3533 425/899/3534 
f 418/900/3535 425/899/3536 491/507/3537 
f 491/507/3538 483/508/3539 418/900/3540 
f 469/914/3541 465/915/3542 532/560/3543 
f 532/560/3544 543/557/3545 469/914/3546 
f 473/916/3547 469/914/3548 543/557/3549 
f 543/557/3550 539/556/3551 473/916/3552 
f 466/917/3553 473/916/3554 539/556/3555 
f 539/556/3556 531/555/3557 466/917/3558 
f 520/535/3559 514/536/3560 449/908/3561 
f 449/908/3562 454/906/3563 520/535/3564 
f 524/537/3565 520/535/3566 454/906/3567 
f 454/906/3568 462/913/3569 524/537/3570 
f 515/539/3571 524/537/3572 462/913/3573 
f 462/913/3574 452/912/3575 515/539/3576 
f 1416/721/3577 1414/722/3578 497/922/3579 
f 497/922/3580 502/923/3581 1416/721/3582 
f 1415/723/3583 1416/721/3584 502/923/3585 
f 502/923/3586 510/924/3587 1415/723/3588 
f 1413/724/3589 1415/723/3590 510/924/3591 
f 510/924/3592 500/925/3593 1413/724/3594 
f 485/919/3595 481/918/3596 1409/725/3597 
f 1409/725/3598 1411/726/3599 485/919/3600 
f 489/920/3601 485/919/3602 1411/726/3603 
f 1411/726/3604 1412/727/3605 489/920/3606 
f 482/921/3607 489/920/3608 1412/727/3609 
f 1412/727/3610 1410/728/3611 482/921/3612 
f 533/935/3613 529/936/3614 1421/729/3615 
f 1421/729/3616 1423/730/3617 533/935/3618 
f 537/937/3619 533/935/3620 1423/730/3621 
f 1423/730/3622 1424/731/3623 537/937/3624 
f 530/938/3625 537/937/3626 1424/731/3627 
f 1424/731/3628 1422/732/3629 530/938/3630 
f 1420/733/3631 1418/734/3632 513/929/3633 
f 513/929/3634 518/927/3635 1420/733/3636 
f 1419/735/3637 1420/733/3638 518/927/3639 
f 518/927/3640 526/934/3641 1419/735/3642 
f 1417/736/3643 1419/735/3644 526/934/3645 
f 526/934/3646 516/933/3647 1417/736/3648 
f 575/589/3649 15/15/3650 4/16/3651 
f 4/16/3652 564/591/3653 575/589/3654 
f 571/587/3655 19/17/3656 15/15/3657 
f 15/15/3658 575/589/3659 571/587/3660 
f 563/588/3661 5/20/3662 19/17/3663 
f 19/17/3664 571/587/3665 563/588/3666 
f 552/568/3667 546/567/3668 211/230/3669 
f 211/230/3670 221/227/3671 552/568/3672 
f 556/569/3673 552/568/3674 221/227/3675 
f 221/227/3676 217/223/3677 556/569/3678 
f 547/572/3679 556/569/3680 217/223/3681 
f 217/223/3682 210/226/3683 547/572/3684 
f 220/229/3685 211/230/3686 4/16/3687 
f 4/16/3688 16/13/3689 220/229/3690 
f 224/231/3691 220/229/3692 16/13/3693 
f 16/13/3694 12/756/3695 224/231/3696 
f 212/234/3697 224/827/3698 12/11/3699 
f 12/11/3700 3/12/3701 212/234/3702 
f 85/87/3703 600/615/3704 594/616/3705 
f 594/616/3706 75/90/3707 85/87/3708 
f 81/83/3709 604/617/3710 600/615/3711 
f 600/615/3712 85/87/3713 81/83/3714 
f 74/86/3715 595/619/3716 604/617/3717 
f 604/617/3718 81/83/3719 74/86/3720 
f 84/775/3721 75/776/3722 284/308/3723 
f 284/308/3724 296/305/3725 84/775/3726 
f 88/777/3727 84/775/3728 296/305/3729 
f 296/305/3730 292/303/3731 88/777/3732 
f 76/94/3733 88/777/3734 292/303/3735 
f 292/303/3736 283/304/3737 76/94/3738 
f 295/307/3739 284/308/3740 580/608/3741 
f 580/608/3742 591/605/3743 295/307/3744 
f 299/309/3745 295/307/3746 591/605/3747 
f 591/605/3748 587/604/3749 299/309/3750 
f 285/312/3751 299/309/3752 587/604/3753 
f 587/604/3754 579/603/3755 285/312/3756 
f 565/944/3757 561/943/3758 628/655/3759 
f 628/655/3760 639/653/3761 565/944/3762 
f 569/945/3763 565/944/3764 639/653/3765 
f 639/653/3766 635/651/3767 569/945/3768 
f 562/946/3769 569/945/3770 635/651/3771 
f 635/651/3772 627/652/3773 562/946/3774 
f 616/632/3775 610/631/3776 545/939/3777 
f 545/939/3778 550/940/3779 616/632/3780 
f 620/633/3781 616/632/3782 550/940/3783 
f 550/940/3784 558/941/3785 620/633/3786 
f 611/636/3787 620/633/3788 558/941/3789 
f 558/941/3790 548/942/3791 611/636/3792 
f 664/679/3793 658/680/3794 593/955/3795 
f 593/955/3796 598/952/3797 664/679/3798 
f 668/681/3799 664/679/3800 598/952/3801 
f 598/952/3802 606/959/3803 668/681/3804 
f 659/683/3805 668/681/3806 606/959/3807 
f 606/959/3808 596/958/3809 659/683/3810 
f 581/947/3811 577/948/3812 644/672/3813 
f 644/672/3814 655/669/3815 581/947/3816 
f 585/949/3817 581/947/3818 655/669/3819 
f 655/669/3820 651/668/3821 585/949/3822 
f 578/950/3823 585/949/3824 651/668/3825 
f 651/668/3826 643/667/3827 578/950/3828 
f 629/965/3829 625/964/3830 1269/737/3831 
f 1269/737/3832 1271/738/3833 629/965/3834 
f 633/966/3835 629/965/3836 1271/738/3837 
f 1271/738/3838 1272/739/3839 633/966/3840 
f 626/967/3841 633/966/3842 1272/739/3843 
f 1272/739/3844 1270/740/3845 626/967/3846 
f 1268/741/3847 1266/742/3848 609/960/3849 
f 609/960/3850 614/961/3851 1268/741/3852 
f 1267/743/3853 1268/741/3854 614/961/3855 
f 614/961/3856 622/962/3857 1267/743/3858 
f 1265/744/3859 1267/743/3860 622/962/3861 
f 622/962/3862 612/963/3863 1265/744/3864 
f 1280/745/3865 1278/746/3866 657/976/3867 
f 657/976/3868 662/973/3869 1280/745/3870 
f 1279/747/3871 1280/745/3872 662/973/3873 
f 662/973/3874 670/980/3875 1279/747/3876 
f 1277/748/3877 1279/747/3878 670/980/3879 
f 670/980/3880 660/979/3881 1277/748/3882 
f 645/968/3883 641/969/3884 1273/749/3885 
f 1273/749/3886 1275/750/3887 645/968/3888 
f 649/970/3889 645/968/3890 1275/750/3891 
f 1275/750/3892 1276/751/3893 649/970/3894 
f 642/971/3895 649/970/3896 1276/751/3897 
f 1276/751/3898 1274/752/3899 642/971/3900 
s 12
f 113/121/3901 41/48/3902 1/4/3903 
f 1/4/3904 73/80/3905 113/121/3906 
s 5
f 595/619/3907 74/86/3908 5/20/3909 
f 5/20/3910 563/588/3911 595/619/3912 
s 2
f 546/567/3913 564/591/3914 4/16/3915 
f 4/16/3916 211/230/3917 546/567/3918 
f 22/30/3919 2/8/3920 44/59/3921 
f 44/59/3922 58/67/3923 22/30/3924 
f 231/250/3925 212/234/3926 3/12/3927 
f 3/12/3928 21/26/3929 231/250/3930 
s 12
f 23/34/3931 57/64/3932 131/147/3933 
f 131/147/3934 93/102/3935 23/34/3936 
f 467/491/3937 435/460/3938 24/40/3939 
f 24/40/3940 97/118/3941 467/491/3942 
s 2
f 232/254/3943 25/44/3944 434/455/3945 
f 434/455/3946 420/447/3947 232/254/3948 
s 12
f 147/164/3949 42/766/3950 116/794/3951 
f 116/794/3952 179/195/3953 147/164/3954 
s 4
f 59/769/3955 43/768/3956 146/159/3957 
f 146/159/3958 164/183/3959 59/769/3960 
s 12
f 132/802/3961 60/772/3962 163/180/3963 
f 163/180/3964 195/211/3965 132/802/3966 
s 1
f 130/801/3967 114/128/3968 77/98/3969 
f 77/98/3970 94/783/3971 130/801/3972 
f 284/308/3973 75/776/3974 594/957/3975 
f 594/957/3976 580/608/3977 284/308/3978 
f 283/849/3979 301/856/3980 95/786/3981 
f 95/786/3982 76/781/3983 283/849/3984 
f 450/911/3985 468/496/3986 96/114/3987 
f 96/114/3988 305/862/3989 450/911/3990 
f 194/822/3991 180/200/3992 115/792/3993 
f 115/792/3994 129/797/3995 194/822/3996 
s 12
f 161/808/3997 145/804/3998 902/690/3999 
f 902/690/4000 897/693/4001 161/808/4002 
f 901/692/4003 148/807/4004 178/815/4005 
f 178/815/4006 910/700/4007 901/692/4008 
f 196/823/4009 162/811/4010 898/696/4011 
f 898/696/4012 905/704/4013 196/823/4014 
f 906/981/4015 909/697/4016 177/813/4017 
f 177/813/4018 193/818/4019 906/981/4020 
f 209/220/4021 249/264/4022 321/337/4023 
f 321/337/4024 281/296/4025 209/220/4026 
s 2
f 266/283/4027 250/267/4028 213/238/4029 
f 213/238/4030 230/246/4031 266/283/4032 
s 12
f 579/603/4033 547/572/4034 210/226/4035 
f 210/226/4036 285/312/4037 579/603/4038 
f 337/353/4039 267/288/4040 229/242/4041 
f 229/242/4042 303/326/4043 337/353/4044 
f 451/475/4045 304/332/4046 233/258/4047 
f 233/258/4048 419/444/4049 451/475/4050 
f 322/863/4051 252/840/4052 355/380/4053 
f 355/380/4054 387/411/4055 322/863/4056 
s 4
f 370/391/4057 356/383/4058 251/837/4059 
f 251/837/4060 265/841/4061 370/391/4062 
s 12
f 371/396/4063 268/844/4064 340/875/4065 
f 340/875/4066 403/427/4067 371/396/4068 
s 1
f 302/322/4069 282/846/4070 324/871/4071 
f 324/871/4072 338/360/4073 302/322/4074 
s 8
f 339/873/4075 323/869/4076 386/890/4077 
f 386/890/4078 404/432/4079 339/873/4080 
s 12
f 1122/710/4081 1125/705/4082 353/876/4083 
f 353/876/4084 369/880/4085 1122/710/4086 
f 388/891/4087 354/879/4088 1126/708/4089 
f 1126/708/4090 1133/716/4091 388/891/4092 
f 1121/712/4093 372/883/4094 402/896/4095 
f 402/896/4096 1130/720/4097 1121/712/4098 
s 14
f 401/894/4099 385/888/4100 1134/982/4101 
f 1134/982/4102 1129/717/4103 401/894/4104 
s 4
f 417/897/4105 433/901/4106 498/519/4107 
f 498/519/4108 484/511/4109 417/897/4110 
s 12
f 452/912/4111 418/900/4112 483/508/4113 
f 483/508/4114 515/539/4115 452/912/4116 
f 466/917/4117 531/555/4118 499/524/4119 
f 499/524/4120 436/904/4121 466/917/4122 
s 8
f 514/932/4123 532/560/4124 465/915/4125 
f 465/915/4126 449/909/4127 514/932/4128 
s 12
f 481/918/4129 497/922/4130 1414/722/4131 
f 1414/722/4132 1409/725/4133 481/918/4134 
f 516/933/4135 482/921/4136 1410/728/4137 
f 1410/728/4138 1417/736/4139 516/933/4140 
f 530/938/4141 1422/732/4142 1413/724/4143 
f 1413/724/4144 500/925/4145 530/938/4146 
f 1418/983/4147 1421/729/4148 529/936/4149 
f 529/936/4150 513/930/4151 1418/983/4152 
s 4
f 610/631/4153 628/655/4154 561/943/4155 
f 561/943/4156 545/939/4157 610/631/4158 
s 12
f 578/950/4159 643/667/4160 611/636/4161 
f 611/636/4162 548/942/4163 578/950/4164 
f 596/958/4165 562/946/4166 627/652/4167 
f 627/652/4168 659/683/4169 596/958/4170 
s 8
f 577/948/4171 593/953/4172 658/978/4173 
f 658/978/4174 644/672/4175 577/948/4176 
s 12
f 1266/742/4177 1269/737/4178 625/964/4179 
f 625/964/4180 609/960/4181 1266/742/4182 
f 642/971/4183 1274/752/4184 1265/744/4185 
f 1265/744/4186 612/963/4187 642/971/4188 
f 660/979/4189 626/967/4190 1270/740/4191 
f 1270/740/4192 1277/748/4193 660/979/4194 
f 641/969/4195 657/974/4196 1278/984/4197 
f 1278/984/4198 1273/749/4199 641/969/4200 
s 1
f 674/758/4201 673/757/4202 7/3/4203 
f 7/3/4204 8/2/4205 674/758/4206 
f 676/774/4207 675/81/4208 82/85/4209 
f 82/85/4210 83/84/4211 676/774/4212 
f 673/757/4213 675/773/4214 78/77/4215 
f 78/77/4216 7/3/4217 673/757/4218 
f 678/826/4219 677/825/4220 218/225/4221 
f 218/225/4222 219/224/4223 678/826/4224 
f 680/853/4225 679/852/4226 287/295/4227 
f 287/295/4228 288/294/4229 680/853/4230 
f 679/852/4231 677/221/4232 214/217/4233 
f 214/217/4234 287/295/4235 679/852/4236 
f 682/836/4237 681/835/4238 235/241/4239 
f 235/241/4240 236/240/4241 682/836/4242 
f 684/328/4243 683/327/4244 316/331/4245 
f 316/331/4246 317/330/4247 684/328/4248 
f 681/835/4249 683/859/4250 312/325/4251 
f 312/325/4252 235/241/4253 681/835/4254 
f 686/36/4255 685/763/4256 36/39/4257 
f 36/39/4258 37/38/4259 686/36/4260 
f 688/790/4261 687/789/4262 99/101/4263 
f 99/101/4264 100/100/4265 688/790/4266 
f 687/789/4267 685/35/4268 32/33/4269 
f 32/33/4270 99/101/4271 687/789/4272 
f 686/764/4273 28/760/4274 31/28/4275 
f 31/28/4276 34/32/4277 686/764/4278 
f 11/6/4279 14/10/4280 674/758/4281 
f 674/758/4282 8/2/4283 11/6/4284 
f 678/222/4285 225/828/4286 228/236/4287 
f 228/236/4288 216/218/4289 678/222/4290 
f 239/244/4291 242/248/4292 682/836/4293 
f 682/836/4294 236/240/4295 239/244/4296 
f 676/82/4297 89/778/4298 92/96/4299 
f 92/96/4300 80/78/4301 676/82/4302 
f 103/104/4303 106/785/4304 688/790/4305 
f 688/790/4306 100/100/4307 103/104/4308 
f 684/860/4309 308/316/4310 311/320/4311 
f 311/320/4312 314/324/4313 684/860/4314 
f 291/298/4315 294/848/4316 680/853/4317 
f 680/853/4318 288/294/4319 291/298/4320 
f 308/854/4321 307/317/4322 301/858/4323 
f 294/848/4324 293/301/4325 283/851/4326 
f 106/785/4327 105/107/4328 95/787/4329 
f 89/92/4330 88/91/4331 76/779/4332 
f 695/987/4333 689/988/4334 694/985/4335 
f 694/985/4336 696/986/4337 695/987/4338 
f 699/990/4339 696/986/4340 694/985/4341 
f 694/985/4342 698/989/4343 699/990/4344 
f 698/989/4345 690/992/4346 697/991/4347 
f 697/991/4348 699/990/4349 698/989/4350 
f 699/990/4351 697/991/4352 701/993/4353 
f 701/993/4354 702/994/4355 699/990/4356 
f 701/1737/4357 691/996/4358 700/995/4359 
f 700/995/4360 702/1738/4361 701/1737/4362 
f 705/998/4363 702/1739/4364 700/1740/4365 
f 700/1740/4366 704/997/4367 705/998/4368 
f 704/997/4369 692/1000/4370 703/999/4371 
f 703/999/4372 705/998/4373 704/997/4374 
f 705/998/4375 703/999/4376 707/1001/4377 
f 707/1001/4378 708/1002/4379 705/998/4380 
f 707/1001/4381 693/1004/4382 706/1003/4383 
f 706/1003/4384 708/1002/4385 707/1001/4386 
f 1426/1006/4387 708/1002/4388 706/1003/4389 
f 706/1003/4390 1425/1005/4391 1426/1006/4392 
f 705/998/4393 708/1002/4394 1426/1006/4395 
f 1426/1006/4396 702/1739/4397 705/998/4398 
f 715/1009/4399 709/1010/4400 714/1743/4401 
f 714/1743/4402 716/1008/4403 715/1009/4404 
f 719/1012/4405 716/1744/4406 714/1007/4407 
f 714/1007/4408 718/1011/4409 719/1012/4410 
f 718/1011/4411 710/1014/4412 717/1013/4413 
f 717/1013/4414 719/1012/4415 718/1011/4416 
f 719/1012/4417 717/1013/4418 721/1015/4419 
f 721/1015/4420 722/1016/4421 719/1012/4422 
f 721/1015/4423 711/1018/4424 720/1017/4425 
f 720/1017/4426 722/1016/4427 721/1015/4428 
f 1438/1748/4429 722/1016/4430 720/1017/4431 
f 720/1017/4432 1437/1019/4433 1438/1748/4434 
f 724/1023/4435 712/1024/4436 723/1021/4437 
f 723/1021/4438 725/1022/4439 724/1023/4440 
f 728/1026/4441 725/1022/4442 723/1021/4443 
f 723/1021/4444 727/1025/4445 728/1026/4446 
f 727/1025/4447 713/1028/4448 726/1027/4449 
f 726/1027/4450 728/1026/4451 727/1025/4452 
f 728/1026/4453 726/1027/4454 715/1746/4455 
f 715/1746/4456 716/1745/4457 728/1026/4458 
f 1438/1020/4459 725/1022/4460 728/1026/4461 
f 728/1026/4462 716/1745/4463 1438/1020/4464 
f 734/1031/4465 729/1032/4466 733/1029/4467 
f 733/1029/4468 735/1030/4469 734/1031/4470 
f 735/1030/4471 733/1029/4472 737/1033/4473 
f 737/1033/4474 738/1034/4475 735/1030/4476 
f 737/1033/4477 730/1036/4478 736/1035/4479 
f 736/1035/4480 738/1034/4481 737/1033/4482 
f 738/1034/4483 736/1035/4484 740/1037/4485 
f 740/1037/4486 741/1038/4487 738/1034/4488 
f 741/1038/4489 740/1037/4490 731/1039/4491 
f 731/1039/4492 739/1040/4493 741/1038/4494 
f 741/1038/4495 739/1040/4496 743/1041/4497 
f 743/1041/4498 744/1042/4499 741/1038/4500 
f 744/1042/4501 743/1041/4502 732/1043/4503 
f 732/1043/4504 742/1044/4505 744/1042/4506 
f 735/1030/4507 744/1042/4508 742/1044/4509 
f 742/1044/4510 734/1031/4511 735/1030/4512 
f 744/1042/4513 735/1030/4514 738/1034/4515 
f 738/1034/4516 741/1038/4517 744/1042/4518 
f 750/1047/4519 745/1048/4520 749/1045/4521 
f 749/1045/4522 751/1046/4523 750/1047/4524 
f 751/1046/4525 749/1045/4526 753/1049/4527 
f 753/1049/4528 754/1050/4529 751/1046/4530 
f 754/1050/4531 753/1049/4532 746/1051/4533 
f 746/1051/4534 752/1052/4535 754/1050/4536 
f 754/1050/4537 752/1052/4538 756/1053/4539 
f 756/1053/4540 757/1054/4541 754/1050/4542 
f 757/1054/4543 756/1053/4544 747/1055/4545 
f 747/1055/4546 755/1056/4547 757/1054/4548 
f 760/1058/4549 757/1054/4550 755/1056/4551 
f 755/1056/4552 759/1057/4553 760/1058/4554 
f 759/1057/4555 748/1060/4556 758/1059/4557 
f 758/1059/4558 760/1058/4559 759/1057/4560 
f 760/1058/4561 758/1059/4562 750/1047/4563 
f 750/1047/4564 751/1046/4565 760/1058/4566 
f 760/1058/4567 751/1046/4568 754/1050/4569 
f 754/1050/4570 757/1054/4571 760/1058/4572 
f 767/1063/4573 761/1064/4574 766/1061/4575 
f 766/1061/4576 768/1062/4577 767/1063/4578 
f 1428/1066/4579 768/1062/4580 766/1061/4581 
f 766/1061/4582 1427/1757/4583 1428/1066/4584 
f 770/1069/4585 762/1070/4586 769/1067/4587 
f 769/1067/4588 771/1068/4589 770/1069/4590 
f 774/1072/4591 771/1068/4592 769/1067/4593 
f 769/1067/4594 773/1071/4595 774/1072/4596 
f 773/1071/4597 763/1074/4598 772/1073/4599 
f 772/1073/4600 774/1072/4601 773/1071/4602 
f 774/1072/4603 772/1073/4604 776/1075/4605 
f 776/1075/4606 777/1076/4607 774/1072/4608 
f 775/1077/4609 777/1762/4610 764/1764/4611 
f 780/1080/4612 777/1762/4613 775/1077/4614 
f 775/1077/4615 779/1079/4616 780/1080/4617 
f 779/1079/4618 765/1082/4619 778/1081/4620 
f 778/1081/4621 780/1080/4622 779/1079/4623 
f 780/1080/4624 778/1081/4625 767/1063/4626 
f 767/1063/4627 768/1062/4628 780/1080/4629 
f 1428/1758/4630 771/1068/4631 774/1072/4632 
f 774/1072/4633 777/1076/4634 1428/1758/4635 
f 787/1085/4636 781/1086/4637 786/1083/4638 
f 786/1083/4639 788/1084/4640 787/1085/4641 
f 791/1088/4642 788/1084/4643 786/1083/4644 
f 786/1083/4645 790/1087/4646 791/1088/4647 
f 790/1087/4648 782/1090/4649 789/1089/4650 
f 789/1089/4651 791/1088/4652 790/1087/4653 
f 791/1088/4654 789/1089/4655 793/1091/4656 
f 793/1091/4657 794/1769/4658 791/1088/4659 
f 792/1093/4660 794/1092/4661 783/1772/4662 
f 797/1096/4663 794/1092/4664 792/1093/4665 
f 792/1093/4666 796/1095/4667 797/1096/4668 
f 796/1095/4669 784/1098/4670 795/1097/4671 
f 795/1097/4672 797/1096/4673 796/1095/4674 
f 797/1096/4675 795/1097/4676 799/1099/4677 
f 799/1099/4678 800/1100/4679 797/1096/4680 
f 799/1099/4681 785/1102/4682 798/1101/4683 
f 798/1101/4684 800/1100/4685 799/1099/4686 
f 1440/1104/4687 800/1100/4688 798/1101/4689 
f 798/1101/4690 1439/1103/4691 1440/1104/4692 
f 797/1096/4693 800/1100/4694 1440/1104/4695 
f 1440/1104/4696 794/1092/4697 797/1096/4698 
f 807/1107/4699 806/1108/4700 801/1105/4701 
f 801/1105/4702 805/1106/4703 807/1107/4704 
f 810/1110/4705 807/1107/4706 805/1106/4707 
f 805/1106/4708 809/1109/4709 810/1110/4710 
f 809/1109/4711 802/1112/4712 808/1111/4713 
f 808/1111/4714 810/1110/4715 809/1109/4716 
f 810/1110/4717 808/1111/4718 812/1113/4719 
f 812/1113/4720 813/1114/4721 810/1110/4722 
f 812/1113/4723 803/1116/4724 811/1115/4725 
f 811/1115/4726 813/1114/4727 812/1113/4728 
f 813/1114/4729 811/1115/4730 815/1117/4731 
f 815/1117/4732 816/1118/4733 813/1114/4734 
f 816/1118/4735 815/1117/4736 804/1119/4737 
f 804/1119/4738 814/1120/4739 816/1118/4740 
f 816/1118/4741 814/1120/4742 806/1108/4743 
f 806/1108/4744 807/1107/4745 816/1118/4746 
f 816/1118/4747 807/1107/4748 810/1110/4749 
f 810/1110/4750 813/1114/4751 816/1118/4752 
f 822/1123/4753 817/1782/4754 821/1121/4755 
f 821/1121/4756 823/1122/4757 822/1123/4758 
f 823/1122/4759 821/1121/4760 825/1125/4761 
f 825/1125/4762 826/1126/4763 823/1122/4764 
f 825/1125/4765 818/1128/4766 824/1127/4767 
f 824/1127/4768 826/1126/4769 825/1125/4770 
f 826/1126/4771 824/1127/4772 828/1129/4773 
f 828/1129/4774 829/1130/4775 826/1126/4776 
f 829/1130/4777 828/1129/4778 819/1131/4779 
f 819/1131/4780 827/1132/4781 829/1130/4782 
f 829/1130/4783 827/1132/4784 831/1133/4785 
f 831/1133/4786 832/1134/4787 829/1130/4788 
f 832/1134/4789 831/1133/4790 820/1135/4791 
f 820/1135/4792 830/1136/4793 832/1134/4794 
f 823/1122/4795 832/1134/4796 830/1136/4797 
f 830/1136/4798 822/1123/4799 823/1122/4800 
f 832/1134/4801 823/1122/4802 826/1126/4803 
f 826/1126/4804 829/1130/4805 832/1134/4806 
f 839/1139/4807 838/1140/4808 833/1137/4809 
f 833/1137/4810 837/1138/4811 839/1139/4812 
f 839/1139/4813 837/1138/4814 841/1141/4815 
f 841/1141/4816 842/1142/4817 839/1139/4818 
f 842/1142/4819 841/1141/4820 834/1143/4821 
f 834/1143/4822 840/1144/4823 842/1142/4824 
f 845/1146/4825 842/1142/4826 840/1144/4827 
f 840/1144/4828 844/1145/4829 845/1146/4830 
f 844/1145/4831 835/1148/4832 843/1147/4833 
f 843/1147/4834 845/1146/4835 844/1145/4836 
f 845/1146/4837 843/1147/4838 847/1149/4839 
f 847/1149/4840 848/1150/4841 845/1146/4842 
f 847/1149/4843 836/1152/4844 846/1151/4845 
f 846/1151/4846 848/1150/4847 847/1149/4848 
f 848/1150/4849 846/1151/4850 838/1140/4851 
f 838/1140/4852 839/1139/4853 848/1150/4854 
f 848/1150/4855 839/1139/4856 842/1142/4857 
f 842/1142/4858 845/1146/4859 848/1150/4860 
f 855/1155/4861 854/1156/4862 849/1153/4863 
f 849/1153/4864 853/1154/4865 855/1155/4866 
f 858/1158/4867 855/1155/4868 853/1154/4869 
f 853/1154/4870 857/1157/4871 858/1158/4872 
f 857/1157/4873 850/1160/4874 856/1159/4875 
f 856/1159/4876 858/1158/4877 857/1157/4878 
f 858/1158/4879 856/1159/4880 860/1161/4881 
f 860/1161/4882 861/1162/4883 858/1158/4884 
f 860/1161/4885 851/1164/4886 859/1163/4887 
f 859/1163/4888 861/1162/4889 860/1161/4890 
f 861/1162/4891 859/1163/4892 863/1165/4893 
f 863/1165/4894 864/1166/4895 861/1162/4896 
f 864/1166/4897 863/1165/4898 852/1167/4899 
f 852/1167/4900 862/1168/4901 864/1166/4902 
f 864/1166/4903 862/1168/4904 854/1156/4905 
f 854/1156/4906 855/1155/4907 864/1166/4908 
f 864/1166/4909 855/1155/4910 858/1158/4911 
f 858/1158/4912 861/1162/4913 864/1166/4914 
f 870/1171/4915 865/1172/4916 869/1169/4917 
f 869/1169/4918 871/1170/4919 870/1171/4920 
f 871/1170/4921 869/1169/4922 873/1173/4923 
f 873/1173/4924 874/1174/4925 871/1170/4926 
f 874/1174/4927 873/1173/4928 866/1175/4929 
f 866/1175/4930 872/1176/4931 874/1174/4932 
f 874/1174/4933 872/1176/4934 876/1177/4935 
f 876/1177/4936 877/1178/4937 874/1174/4938 
f 877/1178/4939 876/1177/4940 867/1179/4941 
f 867/1179/4942 875/1180/4943 877/1178/4944 
f 880/1182/4945 877/1178/4946 875/1180/4947 
f 875/1180/4948 879/1181/4949 880/1182/4950 
f 879/1181/4951 868/1184/4952 878/1183/4953 
f 878/1183/4954 880/1182/4955 879/1181/4956 
f 880/1182/4957 878/1183/4958 870/1171/4959 
f 870/1171/4960 871/1170/4961 880/1182/4962 
f 880/1182/4963 871/1170/4964 874/1174/4965 
f 874/1174/4966 877/1178/4967 880/1182/4968 
f 886/1187/4969 881/1803/4970 885/1185/4971 
f 885/1185/4972 887/1186/4973 886/1187/4974 
f 887/1186/4975 885/1185/4976 889/1189/4977 
f 889/1189/4978 890/1190/4979 887/1186/4980 
f 889/1189/4981 882/1192/4982 888/1191/4983 
f 888/1191/4984 890/1190/4985 889/1189/4986 
f 890/1190/4987 888/1191/4988 892/1193/4989 
f 892/1193/4990 893/1194/4991 890/1190/4992 
f 893/1194/4993 892/1193/4994 883/1195/4995 
f 883/1195/4996 891/1196/4997 893/1194/4998 
f 893/1194/4999 891/1196/5000 895/1197/5001 
f 895/1197/5002 896/1198/5003 893/1194/5004 
f 896/1198/5005 895/1197/5006 884/1199/5007 
f 884/1199/5008 894/1200/5009 896/1198/5010 
f 887/1186/5011 896/1198/5012 894/1200/5013 
f 894/1200/5014 886/1187/5015 887/1186/5016 
f 896/1198/5017 887/1186/5018 890/1190/5019 
f 890/1190/5020 893/1194/5021 896/1198/5022 
f 919/1203/5023 913/1204/5024 918/1201/5025 
f 918/1201/5026 920/1202/5027 919/1203/5028 
f 1430/1206/5029 920/1202/5030 918/1201/5031 
f 918/1201/5032 1429/1205/5033 1430/1206/5034 
f 922/1209/5035 914/1210/5036 921/1207/5037 
f 921/1207/5038 923/1208/5039 922/1209/5040 
f 926/1212/5041 923/1208/5042 921/1207/5043 
f 921/1207/5044 925/1211/5045 926/1212/5046 
f 925/1211/5047 915/1214/5048 924/1213/5049 
f 924/1213/5050 926/1212/5051 925/1211/5052 
f 926/1212/5053 924/1213/5054 928/1215/5055 
f 928/1215/5056 929/1216/5057 926/1212/5058 
f 928/1811/5059 916/1218/5060 927/1217/5061 
f 927/1217/5062 929/1813/5063 928/1811/5064 
f 932/1220/5065 929/1812/5066 927/1814/5067 
f 927/1814/5068 931/1219/5069 932/1220/5070 
f 931/1219/5071 917/1222/5072 930/1221/5073 
f 930/1221/5074 932/1220/5075 931/1219/5076 
f 932/1220/5077 930/1221/5078 919/1203/5079 
f 919/1203/5080 920/1202/5081 932/1220/5082 
f 1430/1810/5083 923/1208/5084 926/1212/5085 
f 926/1212/5086 929/1216/5087 1430/1810/5088 
f 939/1225/5089 933/1226/5090 938/1223/5091 
f 938/1223/5092 940/1224/5093 939/1225/5094 
f 943/1228/5095 940/1224/5096 938/1223/5097 
f 938/1223/5098 942/1227/5099 943/1228/5100 
f 942/1227/5101 934/1230/5102 941/1229/5103 
f 941/1229/5104 943/1228/5105 942/1227/5106 
f 943/1228/5107 941/1229/5108 945/1231/5109 
f 945/1231/5110 946/1232/5111 943/1228/5112 
f 945/1815/5113 935/1234/5114 944/1818/5115 
f 944/1818/5116 946/1816/5117 945/1815/5118 
f 949/1236/5119 946/1817/5120 944/1233/5121 
f 944/1233/5122 948/1235/5123 949/1236/5124 
f 948/1235/5125 936/1238/5126 947/1237/5127 
f 947/1237/5128 949/1236/5129 948/1235/5130 
f 949/1236/5131 947/1237/5132 951/1239/5133 
f 951/1239/5134 952/1240/5135 949/1236/5136 
f 951/1239/5137 937/1242/5138 950/1241/5139 
f 950/1241/5140 952/1240/5141 951/1239/5142 
f 1434/1244/5143 952/1240/5144 950/1241/5145 
f 950/1241/5146 1433/1243/5147 1434/1244/5148 
f 949/1236/5149 952/1240/5150 1434/1244/5151 
f 1434/1244/5152 946/1817/5153 949/1236/5154 
f 958/1247/5155 953/1248/5156 957/1245/5157 
f 957/1245/5158 959/1246/5159 958/1247/5160 
f 959/1246/5161 957/1245/5162 961/1249/5163 
f 961/1249/5164 962/1250/5165 959/1246/5166 
f 962/1250/5167 961/1249/5168 954/1251/5169 
f 954/1251/5170 960/1252/5171 962/1250/5172 
f 962/1250/5173 960/1252/5174 964/1253/5175 
f 964/1253/5176 965/1254/5177 962/1250/5178 
f 965/1254/5179 964/1253/5180 955/1255/5181 
f 955/1255/5182 963/1256/5183 965/1254/5184 
f 968/1258/5185 965/1254/5186 963/1256/5187 
f 963/1256/5188 967/1257/5189 968/1258/5190 
f 967/1257/5191 956/1260/5192 966/1259/5193 
f 966/1259/5194 968/1258/5195 967/1257/5196 
f 968/1258/5197 966/1259/5198 958/1247/5199 
f 958/1247/5200 959/1246/5201 968/1258/5202 
f 968/1258/5203 959/1246/5204 962/1250/5205 
f 962/1250/5206 965/1254/5207 968/1258/5208 
f 975/1263/5209 974/1264/5210 969/1261/5211 
f 969/1261/5212 973/1262/5213 975/1263/5214 
f 975/1263/5215 973/1262/5216 977/1265/5217 
f 977/1265/5218 978/1266/5219 975/1263/5220 
f 978/1266/5221 977/1265/5222 970/1267/5223 
f 970/1267/5224 976/1268/5225 978/1266/5226 
f 981/1270/5227 978/1266/5228 976/1268/5229 
f 976/1268/5230 980/1269/5231 981/1270/5232 
f 980/1269/5233 971/1272/5234 979/1271/5235 
f 979/1271/5236 981/1270/5237 980/1269/5238 
f 981/1270/5239 979/1271/5240 983/1273/5241 
f 983/1273/5242 984/1274/5243 981/1270/5244 
f 983/1273/5245 972/1276/5246 982/1275/5247 
f 982/1275/5248 984/1274/5249 983/1273/5250 
f 984/1274/5251 982/1275/5252 974/1264/5253 
f 974/1264/5254 975/1263/5255 984/1274/5256 
f 984/1274/5257 975/1263/5258 978/1266/5259 
f 978/1266/5260 981/1270/5261 984/1274/5262 
f 991/1279/5263 985/1280/5264 990/1277/5265 
f 990/1277/5266 992/1278/5267 991/1279/5268 
f 995/1282/5269 992/1278/5270 990/1277/5271 
f 990/1277/5272 994/1281/5273 995/1282/5274 
f 994/1281/5275 986/1284/5276 993/1283/5277 
f 993/1283/5278 995/1282/5279 994/1281/5280 
f 995/1282/5281 993/1283/5282 997/1285/5283 
f 997/1285/5284 998/1832/5285 995/1282/5286 
f 996/1287/5287 998/1286/5288 987/1288/5289 
f 1001/1290/5290 998/1286/5291 996/1287/5292 
f 996/1287/5293 1000/1289/5294 1001/1290/5295 
f 1000/1289/5296 988/1292/5297 999/1291/5298 
f 999/1291/5299 1001/1290/5300 1000/1289/5301 
f 1001/1290/5302 999/1291/5303 1003/1293/5304 
f 1003/1293/5305 1004/1294/5306 1001/1290/5307 
f 1003/1293/5308 989/1296/5309 1002/1295/5310 
f 1002/1295/5311 1004/1294/5312 1003/1293/5313 
f 1432/1298/5314 1004/1294/5315 1002/1295/5316 
f 1002/1295/5317 1431/1297/5318 1432/1298/5319 
f 1001/1290/5320 1004/1294/5321 1432/1298/5322 
f 1432/1298/5323 998/1286/5324 1001/1290/5325 
f 1010/1299/5326 1012/1300/5327 1005/1841/5328 
f 1015/1304/5329 1012/1300/5330 1010/1299/5331 
f 1010/1299/5332 1014/1303/5333 1015/1304/5334 
f 1014/1303/5335 1006/1306/5336 1013/1305/5337 
f 1013/1305/5338 1015/1304/5339 1014/1303/5340 
f 1015/1304/5341 1013/1305/5342 1017/1307/5343 
f 1017/1307/5344 1018/1308/5345 1015/1304/5346 
f 1017/1307/5347 1007/1310/5348 1016/1309/5349 
f 1016/1309/5350 1018/1308/5351 1017/1307/5352 
f 1436/1844/5353 1018/1308/5354 1016/1309/5355 
f 1016/1309/5356 1435/1843/5357 1436/1844/5358 
f 1020/1315/5359 1008/1316/5360 1019/1313/5361 
f 1019/1313/5362 1021/1314/5363 1020/1315/5364 
f 1024/1318/5365 1021/1314/5366 1019/1313/5367 
f 1019/1313/5368 1023/1317/5369 1024/1318/5370 
f 1023/1317/5371 1009/1320/5372 1022/1319/5373 
f 1022/1319/5374 1024/1318/5375 1023/1317/5376 
f 1024/1318/5377 1022/1319/5378 1011/1301/5379 
f 1011/1301/5380 1012/1838/5381 1024/1318/5382 
f 1436/1312/5383 1021/1314/5384 1024/1318/5385 
f 1024/1318/5386 1012/1838/5387 1436/1312/5388 
f 1031/1323/5389 1030/1324/5390 1025/1321/5391 
f 1025/1321/5392 1029/1322/5393 1031/1323/5394 
f 1031/1323/5395 1029/1322/5396 1033/1325/5397 
f 1033/1325/5398 1034/1326/5399 1031/1323/5400 
f 1034/1326/5401 1033/1325/5402 1026/1327/5403 
f 1026/1327/5404 1032/1328/5405 1034/1326/5406 
f 1037/1330/5407 1034/1326/5408 1032/1328/5409 
f 1032/1328/5410 1036/1329/5411 1037/1330/5412 
f 1036/1329/5413 1027/1332/5414 1035/1331/5415 
f 1035/1331/5416 1037/1330/5417 1036/1329/5418 
f 1037/1330/5419 1035/1331/5420 1039/1333/5421 
f 1039/1333/5422 1040/1334/5423 1037/1330/5424 
f 1039/1333/5425 1028/1336/5426 1038/1335/5427 
f 1038/1335/5428 1040/1334/5429 1039/1333/5430 
f 1040/1334/5431 1038/1335/5432 1030/1324/5433 
f 1030/1324/5434 1031/1323/5435 1040/1334/5436 
f 1040/1334/5437 1031/1323/5438 1034/1326/5439 
f 1034/1326/5440 1037/1330/5441 1040/1334/5442 
f 1047/1339/5443 1046/1340/5444 1041/1337/5445 
f 1041/1337/5446 1045/1338/5447 1047/1339/5448 
f 1050/1342/5449 1047/1339/5450 1045/1338/5451 
f 1045/1338/5452 1049/1341/5453 1050/1342/5454 
f 1049/1341/5455 1042/1344/5456 1048/1343/5457 
f 1048/1343/5458 1050/1342/5459 1049/1341/5460 
f 1050/1342/5461 1048/1343/5462 1052/1345/5463 
f 1052/1345/5464 1053/1346/5465 1050/1342/5466 
f 1052/1345/5467 1043/1348/5468 1051/1347/5469 
f 1051/1347/5470 1053/1346/5471 1052/1345/5472 
f 1053/1346/5473 1051/1347/5474 1055/1349/5475 
f 1055/1349/5476 1056/1350/5477 1053/1346/5478 
f 1056/1350/5479 1055/1349/5480 1044/1351/5481 
f 1044/1351/5482 1054/1352/5483 1056/1350/5484 
f 1056/1350/5485 1054/1352/5486 1046/1340/5487 
f 1046/1340/5488 1047/1339/5489 1056/1350/5490 
f 1056/1350/5491 1047/1339/5492 1050/1342/5493 
f 1050/1342/5494 1053/1346/5495 1056/1350/5496 
f 1063/1355/5497 1062/1356/5498 1057/1353/5499 
f 1057/1353/5500 1061/1354/5501 1063/1355/5502 
f 1066/1358/5503 1063/1355/5504 1061/1354/5505 
f 1061/1354/5506 1065/1357/5507 1066/1358/5508 
f 1065/1357/5509 1058/1360/5510 1064/1359/5511 
f 1064/1359/5512 1066/1358/5513 1065/1357/5514 
f 1066/1358/5515 1064/1359/5516 1068/1361/5517 
f 1068/1361/5518 1069/1362/5519 1066/1358/5520 
f 1068/1361/5521 1059/1364/5522 1067/1363/5523 
f 1067/1363/5524 1069/1362/5525 1068/1361/5526 
f 1069/1362/5527 1067/1363/5528 1071/1365/5529 
f 1071/1365/5530 1072/1366/5531 1069/1362/5532 
f 1072/1366/5533 1071/1365/5534 1060/1367/5535 
f 1060/1367/5536 1070/1368/5537 1072/1366/5538 
f 1072/1366/5539 1070/1368/5540 1062/1356/5541 
f 1062/1356/5542 1063/1355/5543 1072/1366/5544 
f 1072/1366/5545 1063/1355/5546 1066/1358/5547 
f 1066/1358/5548 1069/1362/5549 1072/1366/5550 
f 1079/1371/5551 1078/1372/5552 1073/1369/5553 
f 1073/1369/5554 1077/1370/5555 1079/1371/5556 
f 1079/1371/5557 1077/1370/5558 1081/1373/5559 
f 1081/1373/5560 1082/1374/5561 1079/1371/5562 
f 1082/1374/5563 1081/1373/5564 1074/1375/5565 
f 1074/1375/5566 1080/1376/5567 1082/1374/5568 
f 1085/1378/5569 1082/1374/5570 1080/1376/5571 
f 1080/1376/5572 1084/1377/5573 1085/1378/5574 
f 1084/1377/5575 1075/1380/5576 1083/1379/5577 
f 1083/1379/5578 1085/1378/5579 1084/1377/5580 
f 1085/1378/5581 1083/1379/5582 1087/1381/5583 
f 1087/1381/5584 1088/1382/5585 1085/1378/5586 
f 1087/1381/5587 1076/1384/5588 1086/1383/5589 
f 1086/1383/5590 1088/1382/5591 1087/1381/5592 
f 1088/1382/5593 1086/1383/5594 1078/1372/5595 
f 1078/1372/5596 1079/1371/5597 1088/1382/5598 
f 1088/1382/5599 1079/1371/5600 1082/1374/5601 
f 1082/1374/5602 1085/1378/5603 1088/1382/5604 
f 1094/1387/5605 1089/1388/5606 1093/1385/5607 
f 1093/1385/5608 1095/1386/5609 1094/1387/5610 
f 1095/1386/5611 1093/1385/5612 1097/1389/5613 
f 1097/1389/5614 1098/1390/5615 1095/1386/5616 
f 1097/1389/5617 1090/1392/5618 1096/1391/5619 
f 1096/1391/5620 1098/1390/5621 1097/1389/5622 
f 1098/1390/5623 1096/1391/5624 1100/1393/5625 
f 1100/1393/5626 1101/1394/5627 1098/1390/5628 
f 1101/1394/5629 1100/1393/5630 1091/1395/5631 
f 1091/1395/5632 1099/1396/5633 1101/1394/5634 
f 1101/1394/5635 1099/1396/5636 1103/1397/5637 
f 1103/1397/5638 1104/1398/5639 1101/1394/5640 
f 1104/1398/5641 1103/1397/5642 1092/1399/5643 
f 1092/1399/5644 1102/1400/5645 1104/1398/5646 
f 1095/1386/5647 1104/1398/5648 1102/1400/5649 
f 1102/1400/5650 1094/1387/5651 1095/1386/5652 
f 1104/1398/5653 1095/1386/5654 1098/1390/5655 
f 1098/1390/5656 1101/1394/5657 1104/1398/5658 
f 1110/1403/5659 1105/1404/5660 1109/1401/5661 
f 1109/1401/5662 1111/1402/5663 1110/1403/5664 
f 1111/1402/5665 1109/1401/5666 1113/1405/5667 
f 1113/1405/5668 1114/1406/5669 1111/1402/5670 
f 1114/1406/5671 1113/1405/5672 1106/1407/5673 
f 1106/1407/5674 1112/1408/5675 1114/1406/5676 
f 1114/1406/5677 1112/1408/5678 1116/1409/5679 
f 1116/1409/5680 1117/1410/5681 1114/1406/5682 
f 1117/1410/5683 1116/1409/5684 1107/1411/5685 
f 1107/1411/5686 1115/1412/5687 1117/1410/5688 
f 1120/1414/5689 1117/1410/5690 1115/1412/5691 
f 1115/1412/5692 1119/1413/5693 1120/1414/5694 
f 1119/1413/5695 1108/1416/5696 1118/1415/5697 
f 1118/1415/5698 1120/1414/5699 1119/1413/5700 
f 1120/1414/5701 1118/1415/5702 1110/1403/5703 
f 1110/1403/5704 1111/1402/5705 1120/1414/5706 
f 1120/1414/5707 1111/1402/5708 1114/1406/5709 
f 1114/1406/5710 1117/1410/5711 1120/1414/5712 
f 1143/1419/5713 1142/1420/5714 1137/1417/5715 
f 1137/1417/5716 1141/1418/5717 1143/1419/5718 
f 1146/1422/5719 1143/1419/5720 1141/1418/5721 
f 1141/1418/5722 1145/1421/5723 1146/1422/5724 
f 1145/1421/5725 1138/1424/5726 1144/1423/5727 
f 1144/1423/5728 1146/1422/5729 1145/1421/5730 
f 1146/1422/5731 1144/1423/5732 1148/1425/5733 
f 1148/1425/5734 1149/1426/5735 1146/1422/5736 
f 1148/1425/5737 1139/1428/5738 1147/1427/5739 
f 1147/1427/5740 1149/1426/5741 1148/1425/5742 
f 1149/1426/5743 1147/1427/5744 1151/1429/5745 
f 1151/1429/5746 1152/1430/5747 1149/1426/5748 
f 1152/1430/5749 1151/1429/5750 1140/1431/5751 
f 1140/1431/5752 1150/1432/5753 1152/1430/5754 
f 1152/1430/5755 1150/1432/5756 1142/1420/5757 
f 1142/1420/5758 1143/1419/5759 1152/1430/5760 
f 1152/1430/5761 1143/1419/5762 1146/1422/5763 
f 1146/1422/5764 1149/1426/5765 1152/1430/5766 
f 1159/1435/5767 1158/1436/5768 1153/1433/5769 
f 1153/1433/5770 1157/1434/5771 1159/1435/5772 
f 1159/1435/5773 1157/1434/5774 1161/1437/5775 
f 1161/1437/5776 1162/1438/5777 1159/1435/5778 
f 1162/1438/5779 1161/1437/5780 1154/1439/5781 
f 1154/1439/5782 1160/1440/5783 1162/1438/5784 
f 1165/1442/5785 1162/1438/5786 1160/1440/5787 
f 1160/1440/5788 1164/1441/5789 1165/1442/5790 
f 1164/1441/5791 1155/1444/5792 1163/1443/5793 
f 1163/1443/5794 1165/1442/5795 1164/1441/5796 
f 1165/1442/5797 1163/1443/5798 1167/1445/5799 
f 1167/1445/5800 1168/1446/5801 1165/1442/5802 
f 1167/1445/5803 1156/1448/5804 1166/1447/5805 
f 1166/1447/5806 1168/1446/5807 1167/1445/5808 
f 1168/1446/5809 1166/1447/5810 1158/1436/5811 
f 1158/1436/5812 1159/1435/5813 1168/1446/5814 
f 1168/1446/5815 1159/1435/5816 1162/1438/5817 
f 1162/1438/5818 1165/1442/5819 1168/1446/5820 
f 1174/1451/5821 1169/1452/5822 1173/1449/5823 
f 1173/1449/5824 1175/1450/5825 1174/1451/5826 
f 1175/1450/5827 1173/1449/5828 1177/1453/5829 
f 1177/1453/5830 1178/1454/5831 1175/1450/5832 
f 1177/1453/5833 1170/1456/5834 1176/1455/5835 
f 1176/1455/5836 1178/1454/5837 1177/1453/5838 
f 1178/1454/5839 1176/1455/5840 1180/1457/5841 
f 1180/1457/5842 1181/1458/5843 1178/1454/5844 
f 1181/1458/5845 1180/1457/5846 1171/1459/5847 
f 1171/1459/5848 1179/1460/5849 1181/1458/5850 
f 1181/1458/5851 1179/1460/5852 1183/1461/5853 
f 1183/1461/5854 1184/1462/5855 1181/1458/5856 
f 1184/1462/5857 1183/1461/5858 1172/1463/5859 
f 1172/1463/5860 1182/1464/5861 1184/1462/5862 
f 1175/1450/5863 1184/1462/5864 1182/1464/5865 
f 1182/1464/5866 1174/1451/5867 1175/1450/5868 
f 1184/1462/5869 1175/1450/5870 1178/1454/5871 
f 1178/1454/5872 1181/1458/5873 1184/1462/5874 
f 1190/1467/5875 1185/1468/5876 1189/1465/5877 
f 1189/1465/5878 1191/1466/5879 1190/1467/5880 
f 1191/1466/5881 1189/1465/5882 1193/1469/5883 
f 1193/1469/5884 1194/1470/5885 1191/1466/5886 
f 1194/1470/5887 1193/1469/5888 1186/1471/5889 
f 1186/1471/5890 1192/1472/5891 1194/1470/5892 
f 1194/1470/5893 1192/1472/5894 1196/1473/5895 
f 1196/1473/5896 1197/1474/5897 1194/1470/5898 
f 1197/1474/5899 1196/1473/5900 1187/1475/5901 
f 1187/1475/5902 1195/1476/5903 1197/1474/5904 
f 1200/1478/5905 1197/1474/5906 1195/1476/5907 
f 1195/1476/5908 1199/1477/5909 1200/1478/5910 
f 1199/1477/5911 1188/1480/5912 1198/1479/5913 
f 1198/1479/5914 1200/1478/5915 1199/1477/5916 
f 1200/1478/5917 1198/1479/5918 1190/1467/5919 
f 1190/1467/5920 1191/1466/5921 1200/1478/5922 
f 1200/1478/5923 1191/1466/5924 1194/1470/5925 
f 1194/1470/5926 1197/1474/5927 1200/1478/5928 
f 1207/1483/5929 1206/1484/5930 1201/1481/5931 
f 1201/1481/5932 1205/1482/5933 1207/1483/5934 
f 1210/1486/5935 1207/1483/5936 1205/1482/5937 
f 1205/1482/5938 1209/1485/5939 1210/1486/5940 
f 1209/1485/5941 1202/1488/5942 1208/1487/5943 
f 1208/1487/5944 1210/1486/5945 1209/1485/5946 
f 1210/1486/5947 1208/1487/5948 1212/1489/5949 
f 1212/1489/5950 1213/1490/5951 1210/1486/5952 
f 1212/1489/5953 1203/1492/5954 1211/1491/5955 
f 1211/1491/5956 1213/1490/5957 1212/1489/5958 
f 1213/1490/5959 1211/1491/5960 1215/1493/5961 
f 1215/1493/5962 1216/1494/5963 1213/1490/5964 
f 1216/1494/5965 1215/1493/5966 1204/1495/5967 
f 1204/1495/5968 1214/1496/5969 1216/1494/5970 
f 1216/1494/5971 1214/1496/5972 1206/1484/5973 
f 1206/1484/5974 1207/1483/5975 1216/1494/5976 
f 1216/1494/5977 1207/1483/5978 1210/1486/5979 
f 1210/1486/5980 1213/1490/5981 1216/1494/5982 
f 1223/1499/5983 1222/1500/5984 1217/1497/5985 
f 1217/1497/5986 1221/1498/5987 1223/1499/5988 
f 1223/1499/5989 1221/1498/5990 1225/1501/5991 
f 1225/1501/5992 1226/1502/5993 1223/1499/5994 
f 1226/1502/5995 1225/1501/5996 1218/1503/5997 
f 1218/1503/5998 1224/1504/5999 1226/1502/6000 
f 1229/1506/6001 1226/1502/6002 1224/1504/6003 
f 1224/1504/6004 1228/1505/6005 1229/1506/6006 
f 1228/1505/6007 1219/1508/6008 1227/1507/6009 
f 1227/1507/6010 1229/1506/6011 1228/1505/6012 
f 1229/1506/6013 1227/1507/6014 1231/1509/6015 
f 1231/1509/6016 1232/1510/6017 1229/1506/6018 
f 1231/1509/6019 1220/1512/6020 1230/1511/6021 
f 1230/1511/6022 1232/1510/6023 1231/1509/6024 
f 1232/1510/6025 1230/1511/6026 1222/1500/6027 
f 1222/1500/6028 1223/1499/6029 1232/1510/6030 
f 1232/1510/6031 1223/1499/6032 1226/1502/6033 
f 1226/1502/6034 1229/1506/6035 1232/1510/6036 
f 1238/1515/6037 1233/1516/6038 1237/1513/6039 
f 1237/1513/6040 1239/1514/6041 1238/1515/6042 
f 1239/1514/6043 1237/1513/6044 1241/1517/6045 
f 1241/1517/6046 1242/1518/6047 1239/1514/6048 
f 1241/1517/6049 1234/1520/6050 1240/1519/6051 
f 1240/1519/6052 1242/1518/6053 1241/1517/6054 
f 1242/1518/6055 1240/1519/6056 1244/1521/6057 
f 1244/1521/6058 1245/1522/6059 1242/1518/6060 
f 1245/1522/6061 1244/1521/6062 1235/1523/6063 
f 1235/1523/6064 1243/1524/6065 1245/1522/6066 
f 1245/1522/6067 1243/1524/6068 1247/1525/6069 
f 1247/1525/6070 1248/1526/6071 1245/1522/6072 
f 1248/1526/6073 1247/1525/6074 1236/1527/6075 
f 1236/1527/6076 1246/1528/6077 1248/1526/6078 
f 1239/1514/6079 1248/1526/6080 1246/1528/6081 
f 1246/1528/6082 1238/1515/6083 1239/1514/6084 
f 1248/1526/6085 1239/1514/6086 1242/1518/6087 
f 1242/1518/6088 1245/1522/6089 1248/1526/6090 
f 1254/1531/6091 1249/1532/6092 1253/1529/6093 
f 1253/1529/6094 1255/1530/6095 1254/1531/6096 
f 1255/1530/6097 1253/1529/6098 1257/1533/6099 
f 1257/1533/6100 1258/1534/6101 1255/1530/6102 
f 1258/1534/6103 1257/1533/6104 1250/1535/6105 
f 1250/1535/6106 1256/1536/6107 1258/1534/6108 
f 1258/1534/6109 1256/1536/6110 1260/1537/6111 
f 1260/1537/6112 1261/1538/6113 1258/1534/6114 
f 1261/1538/6115 1260/1537/6116 1251/1539/6117 
f 1251/1539/6118 1259/1540/6119 1261/1538/6120 
f 1264/1542/6121 1261/1538/6122 1259/1540/6123 
f 1259/1540/6124 1263/1541/6125 1264/1542/6126 
f 1263/1541/6127 1252/1544/6128 1262/1543/6129 
f 1262/1543/6130 1264/1542/6131 1263/1541/6132 
f 1264/1542/6133 1262/1543/6134 1254/1531/6135 
f 1254/1531/6136 1255/1530/6137 1264/1542/6138 
f 1264/1542/6139 1255/1530/6140 1258/1534/6141 
f 1258/1534/6142 1261/1538/6143 1264/1542/6144 
f 1287/1547/6145 1286/1548/6146 1281/1545/6147 
f 1281/1545/6148 1285/1546/6149 1287/1547/6150 
f 1287/1547/6151 1285/1546/6152 1289/1549/6153 
f 1289/1549/6154 1290/1550/6155 1287/1547/6156 
f 1290/1550/6157 1289/1549/6158 1282/1551/6159 
f 1282/1551/6160 1288/1552/6161 1290/1550/6162 
f 1293/1554/6163 1290/1550/6164 1288/1552/6165 
f 1288/1552/6166 1292/1553/6167 1293/1554/6168 
f 1292/1553/6169 1283/1556/6170 1291/1555/6171 
f 1291/1555/6172 1293/1554/6173 1292/1553/6174 
f 1293/1554/6175 1291/1555/6176 1295/1557/6177 
f 1295/1557/6178 1296/1558/6179 1293/1554/6180 
f 1295/1557/6181 1284/1560/6182 1294/1559/6183 
f 1294/1559/6184 1296/1558/6185 1295/1557/6186 
f 1296/1558/6187 1294/1559/6188 1286/1548/6189 
f 1286/1548/6190 1287/1547/6191 1296/1558/6192 
f 1296/1558/6193 1287/1547/6194 1290/1550/6195 
f 1290/1550/6196 1293/1554/6197 1296/1558/6198 
f 1303/1563/6199 1302/1564/6200 1297/1561/6201 
f 1297/1561/6202 1301/1562/6203 1303/1563/6204 
f 1306/1566/6205 1303/1563/6206 1301/1562/6207 
f 1301/1562/6208 1305/1565/6209 1306/1566/6210 
f 1305/1565/6211 1298/1568/6212 1304/1567/6213 
f 1304/1567/6214 1306/1566/6215 1305/1565/6216 
f 1306/1566/6217 1304/1567/6218 1308/1569/6219 
f 1308/1569/6220 1309/1570/6221 1306/1566/6222 
f 1308/1569/6223 1299/1572/6224 1307/1571/6225 
f 1307/1571/6226 1309/1570/6227 1308/1569/6228 
f 1309/1570/6229 1307/1571/6230 1311/1573/6231 
f 1311/1573/6232 1312/1574/6233 1309/1570/6234 
f 1312/1574/6235 1311/1573/6236 1300/1575/6237 
f 1300/1575/6238 1310/1576/6239 1312/1574/6240 
f 1312/1574/6241 1310/1576/6242 1302/1564/6243 
f 1302/1564/6244 1303/1563/6245 1312/1574/6246 
f 1312/1574/6247 1303/1563/6248 1306/1566/6249 
f 1306/1566/6250 1309/1570/6251 1312/1574/6252 
f 1318/1579/6253 1313/1580/6254 1317/1577/6255 
f 1317/1577/6256 1319/1578/6257 1318/1579/6258 
f 1319/1578/6259 1317/1577/6260 1321/1581/6261 
f 1321/1581/6262 1322/1582/6263 1319/1578/6264 
f 1322/1582/6265 1321/1581/6266 1314/1583/6267 
f 1314/1583/6268 1320/1584/6269 1322/1582/6270 
f 1322/1582/6271 1320/1584/6272 1324/1585/6273 
f 1324/1585/6274 1325/1586/6275 1322/1582/6276 
f 1325/1586/6277 1324/1585/6278 1315/1587/6279 
f 1315/1587/6280 1323/1588/6281 1325/1586/6282 
f 1328/1590/6283 1325/1586/6284 1323/1588/6285 
f 1323/1588/6286 1327/1589/6287 1328/1590/6288 
f 1327/1589/6289 1316/1592/6290 1326/1591/6291 
f 1326/1591/6292 1328/1590/6293 1327/1589/6294 
f 1328/1590/6295 1326/1591/6296 1318/1579/6297 
f 1318/1579/6298 1319/1578/6299 1328/1590/6300 
f 1328/1590/6301 1319/1578/6302 1322/1582/6303 
f 1322/1582/6304 1325/1586/6305 1328/1590/6306 
f 1334/1595/6307 1329/1938/6308 1333/1593/6309 
f 1333/1593/6310 1335/1594/6311 1334/1595/6312 
f 1335/1594/6313 1333/1593/6314 1337/1597/6315 
f 1337/1597/6316 1338/1598/6317 1335/1594/6318 
f 1337/1597/6319 1330/1600/6320 1336/1599/6321 
f 1336/1599/6322 1338/1598/6323 1337/1597/6324 
f 1338/1598/6325 1336/1599/6326 1340/1601/6327 
f 1340/1601/6328 1341/1602/6329 1338/1598/6330 
f 1341/1602/6331 1340/1601/6332 1331/1603/6333 
f 1331/1603/6334 1339/1604/6335 1341/1602/6336 
f 1341/1602/6337 1339/1604/6338 1343/1605/6339 
f 1343/1605/6340 1344/1606/6341 1341/1602/6342 
f 1344/1606/6343 1343/1605/6344 1332/1607/6345 
f 1332/1607/6346 1342/1608/6347 1344/1606/6348 
f 1335/1594/6349 1344/1606/6350 1342/1608/6351 
f 1342/1608/6352 1334/1595/6353 1335/1594/6354 
f 1344/1606/6355 1335/1594/6356 1338/1598/6357 
f 1338/1598/6358 1341/1602/6359 1344/1606/6360 
f 1351/1611/6361 1350/1612/6362 1345/1609/6363 
f 1345/1609/6364 1349/1610/6365 1351/1611/6366 
f 1351/1611/6367 1349/1610/6368 1353/1613/6369 
f 1353/1613/6370 1354/1614/6371 1351/1611/6372 
f 1354/1614/6373 1353/1613/6374 1346/1615/6375 
f 1346/1615/6376 1352/1616/6377 1354/1614/6378 
f 1357/1618/6379 1354/1614/6380 1352/1616/6381 
f 1352/1616/6382 1356/1617/6383 1357/1618/6384 
f 1356/1617/6385 1347/1620/6386 1355/1619/6387 
f 1355/1619/6388 1357/1618/6389 1356/1617/6390 
f 1357/1618/6391 1355/1619/6392 1359/1621/6393 
f 1359/1621/6394 1360/1622/6395 1357/1618/6396 
f 1359/1621/6397 1348/1624/6398 1358/1623/6399 
f 1358/1623/6400 1360/1622/6401 1359/1621/6402 
f 1360/1622/6403 1358/1623/6404 1350/1612/6405 
f 1350/1612/6406 1351/1611/6407 1360/1622/6408 
f 1360/1622/6409 1351/1611/6410 1354/1614/6411 
f 1354/1614/6412 1357/1618/6413 1360/1622/6414 
f 1367/1627/6415 1366/1628/6416 1361/1625/6417 
f 1361/1625/6418 1365/1626/6419 1367/1627/6420 
f 1370/1630/6421 1367/1627/6422 1365/1626/6423 
f 1365/1626/6424 1369/1629/6425 1370/1630/6426 
f 1369/1629/6427 1362/1632/6428 1368/1631/6429 
f 1368/1631/6430 1370/1630/6431 1369/1629/6432 
f 1370/1630/6433 1368/1631/6434 1372/1633/6435 
f 1372/1633/6436 1373/1634/6437 1370/1630/6438 
f 1372/1633/6439 1363/1636/6440 1371/1635/6441 
f 1371/1635/6442 1373/1634/6443 1372/1633/6444 
f 1373/1634/6445 1371/1635/6446 1375/1637/6447 
f 1375/1637/6448 1376/1638/6449 1373/1634/6450 
f 1376/1638/6451 1375/1637/6452 1364/1639/6453 
f 1364/1639/6454 1374/1640/6455 1376/1638/6456 
f 1376/1638/6457 1374/1640/6458 1366/1628/6459 
f 1366/1628/6460 1367/1627/6461 1376/1638/6462 
f 1376/1638/6463 1367/1627/6464 1370/1630/6465 
f 1370/1630/6466 1373/1634/6467 1376/1638/6468 
f 1382/1643/6469 1377/1644/6470 1381/1641/6471 
f 1381/1641/6472 1383/1642/6473 1382/1643/6474 
f 1383/1642/6475 1381/1641/6476 1385/1645/6477 
f 1385/1645/6478 1386/1646/6479 1383/1642/6480 
f 1386/1646/6481 1385/1645/6482 1378/1647/6483 
f 1378/1647/6484 1384/1648/6485 1386/1646/6486 
f 1386/1646/6487 1384/1648/6488 1388/1649/6489 
f 1388/1649/6490 1389/1650/6491 1386/1646/6492 
f 1389/1650/6493 1388/1649/6494 1379/1651/6495 
f 1379/1651/6496 1387/1652/6497 1389/1650/6498 
f 1392/1654/6499 1389/1650/6500 1387/1652/6501 
f 1387/1652/6502 1391/1653/6503 1392/1654/6504 
f 1391/1653/6505 1380/1656/6506 1390/1655/6507 
f 1390/1655/6508 1392/1654/6509 1391/1653/6510 
f 1392/1654/6511 1390/1655/6512 1382/1643/6513 
f 1382/1643/6514 1383/1642/6515 1392/1654/6516 
f 1392/1654/6517 1383/1642/6518 1386/1646/6519 
f 1386/1646/6520 1389/1650/6521 1392/1654/6522 
f 1398/1659/6523 1393/1959/6524 1397/1657/6525 
f 1397/1657/6526 1399/1658/6527 1398/1659/6528 
f 1399/1658/6529 1397/1657/6530 1401/1661/6531 
f 1401/1661/6532 1402/1662/6533 1399/1658/6534 
f 1401/1661/6535 1394/1664/6536 1400/1663/6537 
f 1400/1663/6538 1402/1662/6539 1401/1661/6540 
f 1402/1662/6541 1400/1663/6542 1404/1665/6543 
f 1404/1665/6544 1405/1666/6545 1402/1662/6546 
f 1405/1666/6547 1404/1665/6548 1395/1667/6549 
f 1395/1667/6550 1403/1668/6551 1405/1666/6552 
f 1405/1666/6553 1403/1668/6554 1407/1669/6555 
f 1407/1669/6556 1408/1670/6557 1405/1666/6558 
f 1408/1670/6559 1407/1669/6560 1396/1671/6561 
f 1396/1671/6562 1406/1672/6563 1408/1670/6564 
f 1399/1658/6565 1408/1670/6566 1406/1672/6567 
f 1406/1672/6568 1398/1659/6569 1399/1658/6570 
f 1408/1670/6571 1399/1658/6572 1402/1662/6573 
f 1402/1662/6574 1405/1666/6575 1408/1670/6576 
f 742/1044/6577 732/1043/6578 690/992/6579 
f 690/992/6580 698/989/6581 742/1044/6582 
f 734/1031/6583 742/1044/6584 698/989/6585 
f 698/989/6586 694/985/6587 734/1031/6588 
f 729/1032/6589 734/1031/6590 694/985/6591 
f 694/985/6592 689/988/6593 729/1032/6594 
f 697/991/6595 690/992/6596 710/1014/6597 
f 710/1014/6598 718/1011/6599 697/991/6600 
f 701/993/6601 697/991/6602 718/1011/6603 
f 718/1011/6604 714/1007/6605 701/993/6606 
f 691/996/6607 701/1737/6608 714/1743/6609 
f 714/1743/6610 709/1010/6611 691/996/6612 
f 753/1049/6613 717/1013/6614 710/1014/6615 
f 710/1014/6616 746/1051/6617 753/1049/6618 
f 749/1045/6619 721/1015/6620 717/1013/6621 
f 717/1013/6622 753/1049/6623 749/1045/6624 
f 745/1048/6625 711/1018/6626 721/1015/6627 
f 721/1015/6628 749/1045/6629 745/1048/6630 
f 752/1052/6631 746/1051/6632 732/1043/6633 
f 732/1043/6634 743/1041/6635 752/1052/6636 
f 756/1053/6637 752/1052/6638 743/1041/6639 
f 743/1041/6640 739/1040/6641 756/1053/6642 
f 747/1055/6643 756/1053/6644 739/1040/6645 
f 739/1040/6646 731/1039/6647 747/1055/6648 
f 778/1081/6649 765/1082/6650 802/1112/6651 
f 802/1112/6652 809/1109/6653 778/1081/6654 
f 767/1063/6655 778/1081/6656 809/1109/6657 
f 809/1109/6658 805/1106/6659 767/1063/6660 
f 761/1064/6661 767/1063/6662 805/1106/6663 
f 805/1106/6664 801/1105/6665 761/1064/6666 
f 808/1111/6667 802/1112/6668 818/1785/6669 
f 818/1785/6670 825/1784/6671 808/1111/6672 
f 812/1113/6673 808/1111/6674 825/1784/6675 
f 825/1784/6676 821/1779/6677 812/1113/6678 
f 803/1116/6679 812/1113/6680 821/1779/6681 
f 821/1779/6682 817/1124/6683 803/1116/6684 
f 790/1087/6685 824/1127/6686 818/1128/6687 
f 818/1128/6688 782/1090/6689 790/1087/6690 
f 786/1083/6691 828/1129/6692 824/1127/6693 
f 824/1127/6694 790/1087/6695 786/1083/6696 
f 781/1086/6697 819/1131/6698 828/1129/6699 
f 828/1129/6700 786/1083/6701 781/1086/6702 
f 789/1766/6703 782/1767/6704 765/1082/6705 
f 765/1082/6706 779/1079/6707 789/1766/6708 
f 793/1768/6709 789/1766/6710 779/1079/6711 
f 779/1079/6712 775/1077/6713 793/1768/6714 
f 783/1094/6715 793/1768/6716 775/1077/6717 
f 775/1077/6718 764/1764/6719 783/1094/6720 
f 766/1061/6721 761/1064/6722 689/988/6723 
f 689/988/6724 695/987/6725 766/1061/6726 
f 706/1003/6727 770/1069/6728 1427/1065/6729 
f 1427/1065/6730 1425/1005/6731 706/1003/6732 
f 762/1070/6733 770/1069/6734 706/1003/6735 
f 706/1003/6736 693/1004/6737 762/1070/6738 
f 806/1108/6739 733/1029/6740 729/1032/6741 
f 729/1032/6742 801/1105/6743 806/1108/6744 
f 737/1033/6745 733/1029/6746 806/1108/6747 
f 806/1108/6748 814/1120/6749 737/1033/6750 
f 730/1036/6751 737/1033/6752 814/1120/6753 
f 814/1120/6754 804/1119/6755 730/1036/6756 
f 827/1132/6757 819/1131/6758 745/1048/6759 
f 745/1048/6760 750/1047/6761 827/1132/6762 
f 831/1133/6763 827/1132/6764 750/1047/6765 
f 750/1047/6766 758/1059/6767 831/1133/6768 
f 748/1060/6769 820/1135/6770 831/1133/6771 
f 831/1133/6772 758/1059/6773 748/1060/6774 
f 720/1017/6775 711/1018/6776 781/1086/6777 
f 781/1086/6778 787/1085/6779 720/1017/6780 
f 798/1101/6781 724/1023/6782 1437/1747/6783 
f 1437/1747/6784 1439/1103/6785 798/1101/6786 
f 712/1024/6787 724/1023/6788 798/1101/6789 
f 798/1101/6790 785/1102/6791 712/1024/6792 
f 862/1168/6793 852/1167/6794 834/1143/6795 
f 834/1143/6796 841/1141/6797 862/1168/6798 
f 854/1156/6799 862/1168/6800 841/1141/6801 
f 841/1141/6802 837/1138/6803 854/1156/6804 
f 849/1153/6805 854/1156/6806 837/1138/6807 
f 837/1138/6808 833/1137/6809 849/1153/6810 
f 878/1183/6811 868/1184/6812 882/1806/6813 
f 882/1806/6814 889/1805/6815 878/1183/6816 
f 870/1171/6817 878/1183/6818 889/1805/6819 
f 889/1805/6820 885/1800/6821 870/1171/6822 
f 865/1172/6823 870/1171/6824 885/1800/6825 
f 885/1800/6826 881/1188/6827 865/1172/6828 
f 876/1177/6829 843/1147/6830 835/1148/6831 
f 835/1148/6832 867/1179/6833 876/1177/6834 
f 847/1149/6835 843/1147/6836 876/1177/6837 
f 876/1177/6838 872/1176/6839 847/1149/6840 
f 836/1152/6841 847/1149/6842 872/1176/6843 
f 872/1176/6844 866/1175/6845 836/1152/6846 
f 891/1196/6847 883/1195/6848 851/1164/6849 
f 851/1164/6850 860/1161/6851 891/1196/6852 
f 895/1197/6853 891/1196/6854 860/1161/6855 
f 860/1161/6856 856/1159/6857 895/1197/6858 
f 850/1160/6859 884/1199/6860 895/1197/6861 
f 895/1197/6862 856/1159/6863 850/1160/6864 
f 961/1249/6865 930/1221/6866 917/1222/6867 
f 917/1222/6868 954/1251/6869 961/1249/6870 
f 957/1245/6871 919/1203/6872 930/1221/6873 
f 930/1221/6874 961/1249/6875 957/1245/6876 
f 953/1248/6877 913/1204/6878 919/1203/6879 
f 919/1203/6880 957/1245/6881 953/1248/6882 
f 960/1252/6883 954/1251/6884 970/1267/6885 
f 970/1267/6886 977/1265/6887 960/1252/6888 
f 964/1253/6889 960/1252/6890 977/1265/6891 
f 977/1265/6892 973/1262/6893 964/1253/6894 
f 955/1255/6895 964/1253/6896 973/1262/6897 
f 973/1262/6898 969/1261/6899 955/1255/6900 
f 976/1268/6901 970/1267/6902 934/1230/6903 
f 934/1230/6904 942/1227/6905 976/1268/6906 
f 980/1269/6907 976/1268/6908 942/1227/6909 
f 942/1227/6910 938/1223/6911 980/1269/6912 
f 971/1272/6913 980/1269/6914 938/1223/6915 
f 938/1223/6916 933/1226/6917 971/1272/6918 
f 941/1229/6919 934/1230/6920 917/1222/6921 
f 917/1222/6922 931/1219/6923 941/1229/6924 
f 945/1231/6925 941/1229/6926 931/1219/6927 
f 931/1219/6928 927/1814/6929 945/1231/6930 
f 935/1234/6931 945/1815/6932 927/1217/6933 
f 927/1217/6934 916/1218/6935 935/1234/6936 
f 994/1281/6937 1038/1335/6938 1028/1336/6939 
f 1028/1336/6940 986/1284/6941 994/1281/6942 
f 990/1277/6943 1030/1324/6944 1038/1335/6945 
f 1038/1335/6946 994/1281/6947 990/1277/6948 
f 985/1280/6949 1025/1321/6950 1030/1324/6951 
f 1030/1324/6952 990/1277/6953 985/1280/6954 
f 993/1829/6955 986/1830/6956 1006/1306/6957 
f 1006/1306/6958 1014/1303/6959 993/1829/6960 
f 997/1831/6961 993/1829/6962 1014/1303/6963 
f 1014/1303/6964 1010/1299/6965 997/1831/6966 
f 987/1834/6967 997/1831/6968 1010/1299/6969 
f 1010/1299/6970 1005/1841/6971 987/1834/6972 
f 1013/1305/6973 1006/1306/6974 1042/1344/6975 
f 1042/1344/6976 1049/1341/6977 1013/1305/6978 
f 1017/1307/6979 1013/1305/6980 1049/1341/6981 
f 1049/1341/6982 1045/1338/6983 1017/1307/6984 
f 1007/1310/6985 1017/1307/6986 1045/1338/6987 
f 1045/1338/6988 1041/1337/6989 1007/1310/6990 
f 1048/1343/6991 1042/1344/6992 1028/1855/6993 
f 1028/1855/6994 1039/1854/6995 1048/1343/6996 
f 1052/1345/6997 1048/1343/6998 1039/1854/6999 
f 1039/1854/7000 1035/1850/7001 1052/1345/7002 
f 1043/1348/7003 1052/1345/7004 1035/1850/7005 
f 1035/1850/7006 1027/1852/7007 1043/1348/7008 
f 1029/1322/7009 1025/1321/7010 953/1248/7011 
f 953/1248/7012 958/1247/7013 1029/1322/7014 
f 1033/1325/7015 1029/1322/7016 958/1247/7017 
f 958/1247/7018 966/1259/7019 1033/1325/7020 
f 956/1260/7021 1026/1327/7022 1033/1325/7023 
f 1033/1325/7024 966/1259/7025 956/1260/7026 
f 918/1201/7027 913/1204/7028 985/1280/7029 
f 985/1280/7030 991/1279/7031 918/1201/7032 
f 1002/1295/7033 922/1209/7034 1429/1809/7035 
f 1429/1809/7036 1431/1297/7037 1002/1295/7038 
f 914/1210/7039 922/1209/7040 1002/1295/7041 
f 1002/1295/7042 989/1296/7043 914/1210/7044 
f 1016/1309/7045 1007/1310/7046 933/1226/7047 
f 933/1226/7048 939/1225/7049 1016/1309/7050 
f 950/1241/7051 1020/1315/7052 1435/1311/7053 
f 1435/1311/7054 1433/1243/7055 950/1241/7056 
f 1008/1316/7057 1020/1315/7058 950/1241/7059 
f 950/1241/7060 937/1242/7061 1008/1316/7062 
f 1046/1340/7063 979/1271/7064 971/1272/7065 
f 971/1272/7066 1041/1337/7067 1046/1340/7068 
f 983/1273/7069 979/1271/7070 1046/1340/7071 
f 1046/1340/7072 1054/1352/7073 983/1273/7074 
f 972/1276/7075 983/1273/7076 1054/1352/7077 
f 1054/1352/7078 1044/1351/7079 972/1276/7080 
f 1070/1368/7081 1060/1367/7082 1074/1375/7083 
f 1074/1375/7084 1081/1373/7085 1070/1368/7086 
f 1062/1356/7087 1070/1368/7088 1081/1373/7089 
f 1081/1373/7090 1077/1370/7091 1062/1356/7092 
f 1057/1353/7093 1062/1356/7094 1077/1370/7095 
f 1077/1370/7096 1073/1369/7097 1057/1353/7098 
f 1118/1415/7099 1108/1416/7100 1090/1874/7101 
f 1090/1874/7102 1097/1873/7103 1118/1415/7104 
f 1110/1403/7105 1118/1415/7106 1097/1873/7107 
f 1097/1873/7108 1093/1868/7109 1110/1403/7110 
f 1105/1404/7111 1110/1403/7112 1093/1868/7113 
f 1093/1868/7114 1089/1870/7115 1105/1404/7116 
f 1099/1396/7117 1091/1395/7118 1059/1364/7119 
f 1059/1364/7120 1068/1361/7121 1099/1396/7122 
f 1103/1397/7123 1099/1396/7124 1068/1361/7125 
f 1068/1361/7126 1064/1359/7127 1103/1397/7128 
f 1058/1360/7129 1092/1399/7130 1103/1397/7131 
f 1103/1397/7132 1064/1359/7133 1058/1360/7134 
f 1116/1409/7135 1083/1379/7136 1075/1380/7137 
f 1075/1380/7138 1107/1411/7139 1116/1409/7140 
f 1087/1381/7141 1083/1379/7142 1116/1409/7143 
f 1116/1409/7144 1112/1408/7145 1087/1381/7146 
f 1076/1384/7147 1087/1381/7148 1112/1408/7149 
f 1112/1408/7150 1106/1407/7151 1076/1384/7152 
f 1150/1432/7153 1140/1431/7154 1154/1439/7155 
f 1154/1439/7156 1161/1437/7157 1150/1432/7158 
f 1142/1420/7159 1150/1432/7160 1161/1437/7161 
f 1161/1437/7162 1157/1434/7163 1142/1420/7164 
f 1137/1417/7165 1142/1420/7166 1157/1434/7167 
f 1157/1434/7168 1153/1433/7169 1137/1417/7170 
f 1198/1479/7171 1188/1480/7172 1170/1895/7173 
f 1170/1895/7174 1177/1894/7175 1198/1479/7176 
f 1190/1467/7177 1198/1479/7178 1177/1894/7179 
f 1177/1894/7180 1173/1889/7181 1190/1467/7182 
f 1185/1468/7183 1190/1467/7184 1173/1889/7185 
f 1173/1889/7186 1169/1891/7187 1185/1468/7188 
f 1183/1461/7189 1144/1423/7190 1138/1424/7191 
f 1138/1424/7192 1172/1463/7193 1183/1461/7194 
f 1148/1425/7195 1144/1423/7196 1183/1461/7197 
f 1183/1461/7198 1179/1460/7199 1148/1425/7200 
f 1139/1428/7201 1148/1425/7202 1179/1460/7203 
f 1179/1460/7204 1171/1459/7205 1139/1428/7206 
f 1192/1472/7207 1186/1471/7208 1156/1448/7209 
f 1156/1448/7210 1167/1445/7211 1192/1472/7212 
f 1196/1473/7213 1192/1472/7214 1167/1445/7215 
f 1167/1445/7216 1163/1443/7217 1196/1473/7218 
f 1155/1444/7219 1187/1475/7220 1196/1473/7221 
f 1196/1473/7222 1163/1443/7223 1155/1444/7224 
f 1214/1496/7225 1204/1495/7226 1218/1503/7227 
f 1218/1503/7228 1225/1501/7229 1214/1496/7230 
f 1206/1484/7231 1214/1496/7232 1225/1501/7233 
f 1225/1501/7234 1221/1498/7235 1206/1484/7236 
f 1201/1481/7237 1206/1484/7238 1221/1498/7239 
f 1221/1498/7240 1217/1497/7241 1201/1481/7242 
f 1262/1543/7243 1252/1544/7244 1234/1916/7245 
f 1234/1916/7246 1241/1915/7247 1262/1543/7248 
f 1254/1531/7249 1262/1543/7250 1241/1915/7251 
f 1241/1915/7252 1237/1910/7253 1254/1531/7254 
f 1249/1532/7255 1254/1531/7256 1237/1910/7257 
f 1237/1910/7258 1233/1912/7259 1249/1532/7260 
f 1247/1525/7261 1208/1487/7262 1202/1488/7263 
f 1202/1488/7264 1236/1527/7265 1247/1525/7266 
f 1212/1489/7267 1208/1487/7268 1247/1525/7269 
f 1247/1525/7270 1243/1524/7271 1212/1489/7272 
f 1203/1492/7273 1212/1489/7274 1243/1524/7275 
f 1243/1524/7276 1235/1523/7277 1203/1492/7278 
f 1256/1536/7279 1250/1535/7280 1220/1512/7281 
f 1220/1512/7282 1231/1509/7283 1256/1536/7284 
f 1260/1537/7285 1256/1536/7286 1231/1509/7287 
f 1231/1509/7288 1227/1507/7289 1260/1537/7290 
f 1219/1508/7291 1251/1539/7292 1260/1537/7293 
f 1260/1537/7294 1227/1507/7295 1219/1508/7296 
f 1310/1576/7297 1300/1575/7298 1282/1551/7299 
f 1282/1551/7300 1289/1549/7301 1310/1576/7302 
f 1302/1564/7303 1310/1576/7304 1289/1549/7305 
f 1289/1549/7306 1285/1546/7307 1302/1564/7308 
f 1297/1561/7309 1302/1564/7310 1285/1546/7311 
f 1285/1546/7312 1281/1545/7313 1297/1561/7314 
f 1326/1591/7315 1316/1592/7316 1330/1941/7317 
f 1330/1941/7318 1337/1940/7319 1326/1591/7320 
f 1318/1579/7321 1326/1591/7322 1337/1940/7323 
f 1337/1940/7324 1333/1935/7325 1318/1579/7326 
f 1313/1580/7327 1318/1579/7328 1333/1935/7329 
f 1333/1935/7330 1329/1596/7331 1313/1580/7332 
f 1320/1584/7333 1314/1583/7334 1284/1560/7335 
f 1284/1560/7336 1295/1557/7337 1320/1584/7338 
f 1324/1585/7339 1320/1584/7340 1295/1557/7341 
f 1295/1557/7342 1291/1555/7343 1324/1585/7344 
f 1283/1556/7345 1315/1587/7346 1324/1585/7347 
f 1324/1585/7348 1291/1555/7349 1283/1556/7350 
f 1343/1605/7351 1304/1567/7352 1298/1568/7353 
f 1298/1568/7354 1332/1607/7355 1343/1605/7356 
f 1308/1569/7357 1304/1567/7358 1343/1605/7359 
f 1343/1605/7360 1339/1604/7361 1308/1569/7362 
f 1299/1572/7363 1308/1569/7364 1339/1604/7365 
f 1339/1604/7366 1331/1603/7367 1299/1572/7368 
f 1374/1640/7369 1364/1639/7370 1346/1615/7371 
f 1346/1615/7372 1353/1613/7373 1374/1640/7374 
f 1366/1628/7375 1374/1640/7376 1353/1613/7377 
f 1353/1613/7378 1349/1610/7379 1366/1628/7380 
f 1361/1625/7381 1366/1628/7382 1349/1610/7383 
f 1349/1610/7384 1345/1609/7385 1361/1625/7386 
f 1390/1655/7387 1380/1656/7388 1394/1962/7389 
f 1394/1962/7390 1401/1961/7391 1390/1655/7392 
f 1382/1643/7393 1390/1655/7394 1401/1961/7395 
f 1401/1961/7396 1397/1956/7397 1382/1643/7398 
f 1377/1644/7399 1382/1643/7400 1397/1956/7401 
f 1397/1956/7402 1393/1660/7403 1377/1644/7404 
f 1384/1648/7405 1378/1647/7406 1348/1624/7407 
f 1348/1624/7408 1359/1621/7409 1384/1648/7410 
f 1388/1649/7411 1384/1648/7412 1359/1621/7413 
f 1359/1621/7414 1355/1619/7415 1388/1649/7416 
f 1347/1620/7417 1379/1651/7418 1388/1649/7419 
f 1388/1649/7420 1355/1619/7421 1347/1620/7422 
f 1407/1669/7423 1368/1631/7424 1362/1632/7425 
f 1362/1632/7426 1396/1671/7427 1407/1669/7428 
f 1372/1633/7429 1368/1631/7430 1407/1669/7431 
f 1407/1669/7432 1403/1668/7433 1372/1633/7434 
f 1363/1636/7435 1372/1633/7436 1403/1668/7437 
f 1403/1668/7438 1395/1667/7439 1363/1636/7440 
f 840/1144/7441 834/1143/7442 731/1752/7443 
f 731/1752/7444 740/1751/7445 840/1144/7446 
f 844/1145/7447 840/1144/7448 740/1751/7449 
f 740/1751/7450 736/1749/7451 844/1145/7452 
f 835/1148/7453 844/1145/7454 736/1749/7455 
f 736/1749/7456 730/1750/7457 835/1148/7458 
f 755/1754/7459 747/1753/7460 852/1167/7461 
f 852/1167/7462 863/1165/7463 755/1754/7464 
f 759/1755/7465 755/1754/7466 863/1165/7467 
f 863/1165/7468 859/1163/7469 759/1755/7470 
f 748/1756/7471 759/1755/7472 859/1163/7473 
f 859/1163/7474 851/1164/7475 748/1756/7476 
f 811/1775/7477 803/1776/7478 868/1184/7479 
f 868/1184/7480 879/1181/7481 811/1775/7482 
f 815/1777/7483 811/1775/7484 879/1181/7485 
f 879/1181/7486 875/1180/7487 815/1777/7488 
f 804/1778/7489 815/1777/7490 875/1180/7491 
f 875/1180/7492 867/1179/7493 804/1778/7494 
f 888/1191/7495 882/1192/7496 817/1783/7497 
f 817/1783/7498 822/1780/7499 888/1191/7500 
f 892/1193/7501 888/1191/7502 822/1780/7503 
f 822/1780/7504 830/1787/7505 892/1193/7506 
f 883/1195/7507 892/1193/7508 830/1787/7509 
f 830/1787/7510 820/1786/7511 883/1195/7512 
f 899/1673/7513 897/1674/7514 833/1788/7515 
f 833/1788/7516 838/1789/7517 899/1673/7518 
f 900/1675/7519 899/1673/7520 838/1789/7521 
f 838/1789/7522 846/1790/7523 900/1675/7524 
f 898/1676/7525 900/1675/7526 846/1790/7527 
f 846/1790/7528 836/1791/7529 898/1676/7530 
f 853/1793/7531 849/1792/7532 902/1677/7533 
f 902/1677/7534 904/1678/7535 853/1793/7536 
f 857/1794/7537 853/1793/7538 904/1678/7539 
f 904/1678/7540 903/1679/7541 857/1794/7542 
f 850/1795/7543 857/1794/7544 903/1679/7545 
f 903/1679/7546 901/1680/7547 850/1795/7548 
f 869/1796/7549 865/1797/7550 906/1681/7551 
f 906/1681/7552 908/1682/7553 869/1796/7554 
f 873/1798/7555 869/1796/7556 908/1682/7557 
f 908/1682/7558 907/1683/7559 873/1798/7560 
f 866/1799/7561 873/1798/7562 907/1683/7563 
f 907/1683/7564 905/1684/7565 866/1799/7566 
f 911/1685/7567 909/1686/7568 881/1804/7569 
f 881/1804/7570 886/1801/7571 911/1685/7572 
f 912/1687/7573 911/1685/7574 886/1801/7575 
f 886/1801/7576 894/1808/7577 912/1687/7578 
f 910/1688/7579 912/1687/7580 894/1808/7581 
f 894/1808/7582 884/1807/7583 910/1688/7584 
f 963/1822/7585 955/1821/7586 1060/1367/7587 
f 1060/1367/7588 1071/1365/7589 963/1822/7590 
f 967/1823/7591 963/1822/7592 1071/1365/7593 
f 1071/1365/7594 1067/1363/7595 967/1823/7596 
f 956/1824/7597 967/1823/7598 1067/1363/7599 
f 1067/1363/7600 1059/1364/7601 956/1824/7602 
f 1080/1376/7603 1074/1375/7604 969/1825/7605 
f 969/1825/7606 974/1826/7607 1080/1376/7608 
f 1084/1377/7609 1080/1376/7610 974/1826/7611 
f 974/1826/7612 982/1827/7613 1084/1377/7614 
f 1075/1380/7615 1084/1377/7616 982/1827/7617 
f 982/1827/7618 972/1828/7619 1075/1380/7620 
f 1096/1391/7621 1090/1392/7622 1027/1851/7623 
f 1027/1851/7624 1036/1849/7625 1096/1391/7626 
f 1100/1393/7627 1096/1391/7628 1036/1849/7629 
f 1036/1849/7630 1032/1848/7631 1100/1393/7632 
f 1091/1395/7633 1100/1393/7634 1032/1848/7635 
f 1032/1848/7636 1026/1847/7637 1091/1395/7638 
f 1051/1856/7639 1043/1857/7640 1108/1416/7641 
f 1108/1416/7642 1119/1413/7643 1051/1856/7644 
f 1055/1858/7645 1051/1856/7646 1119/1413/7647 
f 1119/1413/7648 1115/1412/7649 1055/1858/7650 
f 1044/1859/7651 1055/1858/7652 1115/1412/7653 
f 1115/1412/7654 1107/1411/7655 1044/1859/7656 
f 1061/1861/7657 1057/1860/7658 1122/1689/7659 
f 1122/1689/7660 1124/1690/7661 1061/1861/7662 
f 1065/1862/7663 1061/1861/7664 1124/1690/7665 
f 1124/1690/7666 1123/1691/7667 1065/1862/7668 
f 1058/1863/7669 1065/1862/7670 1123/1691/7671 
f 1123/1691/7672 1121/1692/7673 1058/1863/7674 
f 1127/1693/7675 1125/1694/7676 1073/1864/7677 
f 1073/1864/7678 1078/1865/7679 1127/1693/7680 
f 1128/1695/7681 1127/1693/7682 1078/1865/7683 
f 1078/1865/7684 1086/1866/7685 1128/1695/7686 
f 1126/1696/7687 1128/1695/7688 1086/1866/7689 
f 1086/1866/7690 1076/1867/7691 1126/1696/7692 
f 1131/1697/7693 1129/1698/7694 1089/1871/7695 
f 1089/1871/7696 1094/1869/7697 1131/1697/7698 
f 1132/1699/7699 1131/1697/7700 1094/1869/7701 
f 1094/1869/7702 1102/1876/7703 1132/1699/7704 
f 1130/1700/7705 1132/1699/7706 1102/1876/7707 
f 1102/1876/7708 1092/1875/7709 1130/1700/7710 
f 1109/1877/7711 1105/1878/7712 1134/1701/7713 
f 1134/1701/7714 1136/1702/7715 1109/1877/7716 
f 1113/1879/7717 1109/1877/7718 1136/1702/7719 
f 1136/1702/7720 1135/1703/7721 1113/1879/7722 
f 1106/1880/7723 1113/1879/7724 1135/1703/7725 
f 1135/1703/7726 1133/1704/7727 1106/1880/7728 
f 1160/1440/7729 1154/1439/7730 713/1028/7731 
f 713/1028/7732 727/1025/7733 1160/1440/7734 
f 1164/1441/7735 1160/1440/7736 727/1025/7737 
f 727/1025/7738 723/1021/7739 1164/1441/7740 
f 1155/1444/7741 1164/1441/7742 723/1021/7743 
f 723/1021/7744 712/1024/7745 1155/1444/7746 
f 726/1027/7747 713/1028/7748 936/1238/7749 
f 936/1238/7750 948/1235/7751 726/1027/7752 
f 715/1746/7753 726/1027/7754 948/1235/7755 
f 948/1235/7756 944/1233/7757 715/1746/7758 
f 709/1010/7759 715/1009/7760 944/1818/7761 
f 944/1818/7762 935/1234/7763 709/1010/7764 
f 1151/1429/7765 947/1237/7766 936/1238/7767 
f 936/1238/7768 1140/1431/7769 1151/1429/7770 
f 1147/1427/7771 951/1239/7772 947/1237/7773 
f 947/1237/7774 1151/1429/7775 1147/1427/7776 
f 1139/1428/7777 937/1242/7778 951/1239/7779 
f 951/1239/7780 1147/1427/7781 1139/1428/7782 
f 795/1097/7783 784/1098/7784 1188/1480/7785 
f 1188/1480/7786 1199/1477/7787 795/1097/7788 
f 799/1099/7789 795/1097/7790 1199/1477/7791 
f 1199/1477/7792 1195/1476/7793 799/1099/7794 
f 785/1102/7795 799/1099/7796 1195/1476/7797 
f 1195/1476/7798 1187/1475/7799 785/1102/7800 
f 1023/1317/7801 1176/1455/7802 1170/1456/7803 
f 1170/1456/7804 1009/1320/7805 1023/1317/7806 
f 1019/1313/7807 1180/1457/7808 1176/1455/7809 
f 1176/1455/7810 1023/1317/7811 1019/1313/7812 
f 1008/1316/7813 1171/1459/7814 1180/1457/7815 
f 1180/1457/7816 1019/1313/7817 1008/1316/7818 
f 1022/1845/7819 1009/1846/7820 784/1098/7821 
f 784/1098/7822 796/1095/7823 1022/1845/7824 
f 1011/1839/7825 1022/1845/7826 796/1095/7827 
f 796/1095/7828 792/1093/7829 1011/1839/7830 
f 1005/1302/7831 1011/1839/7832 792/1093/7833 
f 792/1093/7834 783/1772/7835 1005/1302/7836 
f 1224/1504/7837 1218/1503/7838 1153/1885/7839 
f 1153/1885/7840 1158/1886/7841 1224/1504/7842 
f 1228/1505/7843 1224/1504/7844 1158/1886/7845 
f 1158/1886/7846 1166/1887/7847 1228/1505/7848 
f 1219/1508/7849 1228/1505/7850 1166/1887/7851 
f 1166/1887/7852 1156/1888/7853 1219/1508/7854 
f 1141/1882/7855 1137/1881/7856 1204/1495/7857 
f 1204/1495/7858 1215/1493/7859 1141/1882/7860 
f 1145/1883/7861 1141/1882/7862 1215/1493/7863 
f 1215/1493/7864 1211/1491/7865 1145/1883/7866 
f 1138/1884/7867 1145/1883/7868 1211/1491/7869 
f 1211/1491/7870 1203/1492/7871 1138/1884/7872 
f 1189/1898/7873 1185/1899/7874 1252/1544/7875 
f 1252/1544/7876 1263/1541/7877 1189/1898/7878 
f 1193/1900/7879 1189/1898/7880 1263/1541/7881 
f 1263/1541/7882 1259/1540/7883 1193/1900/7884 
f 1186/1901/7885 1193/1900/7886 1259/1540/7887 
f 1259/1540/7888 1251/1539/7889 1186/1901/7890 
f 1240/1519/7891 1234/1520/7892 1169/1892/7893 
f 1169/1892/7894 1174/1890/7895 1240/1519/7896 
f 1244/1521/7897 1240/1519/7898 1174/1890/7899 
f 1174/1890/7900 1182/1897/7901 1244/1521/7902 
f 1235/1523/7903 1244/1521/7904 1182/1897/7905 
f 1182/1897/7906 1172/1896/7907 1235/1523/7908 
f 1271/1705/7909 1269/1706/7910 1217/1906/7911 
f 1217/1906/7912 1222/1907/7913 1271/1705/7914 
f 1272/1707/7915 1271/1705/7916 1222/1907/7917 
f 1222/1907/7918 1230/1908/7919 1272/1707/7920 
f 1270/1708/7921 1272/1707/7922 1230/1908/7923 
f 1230/1908/7924 1220/1909/7925 1270/1708/7926 
f 1205/1903/7927 1201/1902/7928 1266/1709/7929 
f 1266/1709/7930 1268/1710/7931 1205/1903/7932 
f 1209/1904/7933 1205/1903/7934 1268/1710/7935 
f 1268/1710/7936 1267/1711/7937 1209/1904/7938 
f 1202/1905/7939 1209/1904/7940 1267/1711/7941 
f 1267/1711/7942 1265/1712/7943 1202/1905/7944 
f 1253/1919/7945 1249/1920/7946 1278/1713/7947 
f 1278/1713/7948 1280/1714/7949 1253/1919/7950 
f 1257/1921/7951 1253/1919/7952 1280/1714/7953 
f 1280/1714/7954 1279/1715/7955 1257/1921/7956 
f 1250/1922/7957 1257/1921/7958 1279/1715/7959 
f 1279/1715/7960 1277/1716/7961 1250/1922/7962 
f 1275/1717/7963 1273/1718/7964 1233/1913/7965 
f 1233/1913/7966 1238/1911/7967 1275/1717/7968 
f 1276/1719/7969 1275/1717/7970 1238/1911/7971 
f 1238/1911/7972 1246/1918/7973 1276/1719/7974 
f 1274/1720/7975 1276/1719/7976 1246/1918/7977 
f 1246/1918/7978 1236/1917/7979 1274/1720/7980 
f 1311/1573/7981 703/999/7982 692/1000/7983 
f 692/1000/7984 1300/1575/7985 1311/1573/7986 
f 1307/1571/7987 707/1001/7988 703/999/7989 
f 703/999/7990 1311/1573/7991 1307/1571/7992 
f 1299/1572/7993 693/1004/7994 707/1001/7995 
f 707/1001/7996 1307/1571/7997 1299/1572/7998 
f 1288/1552/7999 1282/1551/8000 915/1214/8001 
f 915/1214/8002 925/1211/8003 1288/1552/8004 
f 1292/1553/8005 1288/1552/8006 925/1211/8007 
f 925/1211/8008 921/1207/8009 1292/1553/8010 
f 1283/1556/8011 1292/1553/8012 921/1207/8013 
f 921/1207/8014 914/1210/8015 1283/1556/8016 
f 924/1213/8017 915/1214/8018 692/1000/8019 
f 692/1000/8020 704/997/8021 924/1213/8022 
f 928/1215/8023 924/1213/8024 704/997/8025 
f 704/997/8026 700/1740/8027 928/1215/8028 
f 916/1218/8029 928/1811/8030 700/995/8031 
f 700/995/8032 691/996/8033 916/1218/8034 
f 773/1071/8035 1336/1599/8036 1330/1600/8037 
f 1330/1600/8038 763/1074/8039 773/1071/8040 
f 769/1067/8041 1340/1601/8042 1336/1599/8043 
f 1336/1599/8044 773/1071/8045 769/1067/8046 
f 762/1070/8047 1331/1603/8048 1340/1601/8049 
f 1340/1601/8050 769/1067/8051 762/1070/8052 
f 772/1759/8053 763/1760/8054 988/1292/8055 
f 988/1292/8056 1000/1289/8057 772/1759/8058 
f 776/1761/8059 772/1759/8060 1000/1289/8061 
f 1000/1289/8062 996/1287/8063 776/1761/8064 
f 764/1078/8065 776/1761/8066 996/1287/8067 
f 996/1287/8068 987/1288/8069 764/1078/8070 
f 999/1291/8071 988/1292/8072 1316/1592/8073 
f 1316/1592/8074 1327/1589/8075 999/1291/8076 
f 1003/1293/8077 999/1291/8078 1327/1589/8079 
f 1327/1589/8080 1323/1588/8081 1003/1293/8082 
f 989/1296/8083 1003/1293/8084 1323/1588/8085 
f 1323/1588/8086 1315/1587/8087 989/1296/8088 
f 1301/1928/8089 1297/1927/8090 1364/1639/8091 
f 1364/1639/8092 1375/1637/8093 1301/1928/8094 
f 1305/1929/8095 1301/1928/8096 1375/1637/8097 
f 1375/1637/8098 1371/1635/8099 1305/1929/8100 
f 1298/1930/8101 1305/1929/8102 1371/1635/8103 
f 1371/1635/8104 1363/1636/8105 1298/1930/8106 
f 1352/1616/8107 1346/1615/8108 1281/1923/8109 
f 1281/1923/8110 1286/1924/8111 1352/1616/8112 
f 1356/1617/8113 1352/1616/8114 1286/1924/8115 
f 1286/1924/8116 1294/1925/8117 1356/1617/8118 
f 1347/1620/8119 1356/1617/8120 1294/1925/8121 
f 1294/1925/8122 1284/1926/8123 1347/1620/8124 
f 1400/1663/8125 1394/1664/8126 1329/1939/8127 
f 1329/1939/8128 1334/1936/8129 1400/1663/8130 
f 1404/1665/8131 1400/1663/8132 1334/1936/8133 
f 1334/1936/8134 1342/1943/8135 1404/1665/8136 
f 1395/1667/8137 1404/1665/8138 1342/1943/8139 
f 1342/1943/8140 1332/1942/8141 1395/1667/8142 
f 1317/1931/8143 1313/1932/8144 1380/1656/8145 
f 1380/1656/8146 1391/1653/8147 1317/1931/8148 
f 1321/1933/8149 1317/1931/8150 1391/1653/8151 
f 1391/1653/8152 1387/1652/8153 1321/1933/8154 
f 1314/1934/8155 1321/1933/8156 1387/1652/8157 
f 1387/1652/8158 1379/1651/8159 1314/1934/8160 
f 1365/1949/8161 1361/1948/8162 1414/1721/8163 
f 1414/1721/8164 1416/1722/8165 1365/1949/8166 
f 1369/1950/8167 1365/1949/8168 1416/1722/8169 
f 1416/1722/8170 1415/1723/8171 1369/1950/8172 
f 1362/1951/8173 1369/1950/8174 1415/1723/8175 
f 1415/1723/8176 1413/1724/8177 1362/1951/8178 
f 1411/1725/8179 1409/1726/8180 1345/1944/8181 
f 1345/1944/8182 1350/1945/8183 1411/1725/8184 
f 1412/1727/8185 1411/1725/8186 1350/1945/8187 
f 1350/1945/8188 1358/1946/8189 1412/1727/8190 
f 1410/1728/8191 1412/1727/8192 1358/1946/8193 
f 1358/1946/8194 1348/1947/8195 1410/1728/8196 
f 1423/1729/8197 1421/1730/8198 1393/1960/8199 
f 1393/1960/8200 1398/1957/8201 1423/1729/8202 
f 1424/1731/8203 1423/1729/8204 1398/1957/8205 
f 1398/1957/8206 1406/1964/8207 1424/1731/8208 
f 1422/1732/8209 1424/1731/8210 1406/1964/8211 
f 1406/1964/8212 1396/1963/8213 1422/1732/8214 
f 1381/1952/8215 1377/1953/8216 1418/1733/8217 
f 1418/1733/8218 1420/1734/8219 1381/1952/8220 
f 1385/1954/8221 1381/1952/8222 1420/1734/8223 
f 1420/1734/8224 1419/1735/8225 1385/1954/8226 
f 1378/1955/8227 1385/1954/8228 1419/1735/8229 
f 1419/1735/8230 1417/1736/8231 1378/1955/8232 
s 12
f 801/1105/8233 729/1032/8234 689/988/8235 
f 689/988/8236 761/1064/8237 801/1105/8238 
s 5
f 1331/1603/8239 762/1070/8240 693/1004/8241 
f 693/1004/8242 1299/1572/8243 1331/1603/8244 
s 2
f 1282/1551/8245 1300/1575/8246 692/1000/8247 
f 692/1000/8248 915/1214/8249 1282/1551/8250 
f 710/1014/8251 690/992/8252 732/1043/8253 
f 732/1043/8254 746/1051/8255 710/1014/8256 
f 935/1234/8257 916/1218/8258 691/996/8259 
f 691/996/8260 709/1010/8261 935/1234/8262 
s 12
f 711/1018/8263 745/1048/8264 819/1131/8265 
f 819/1131/8266 781/1086/8267 711/1018/8268 
f 1187/1475/8269 1155/1444/8270 712/1024/8271 
f 712/1024/8272 785/1102/8273 1187/1475/8274 
s 2
f 936/1238/8275 713/1028/8276 1154/1439/8277 
f 1154/1439/8278 1140/1431/8279 936/1238/8280 
s 12
f 835/1148/8281 730/1750/8282 804/1778/8283 
f 804/1778/8284 867/1179/8285 835/1148/8286 
s 4
f 747/1753/8287 731/1752/8288 834/1143/8289 
f 834/1143/8290 852/1167/8291 747/1753/8292 
s 12
f 820/1786/8293 748/1756/8294 851/1164/8295 
f 851/1164/8296 883/1195/8297 820/1786/8298 
s 1
f 818/1785/8299 802/1112/8300 765/1082/8301 
f 765/1082/8302 782/1767/8303 818/1785/8304 
f 988/1292/8305 763/1760/8306 1330/1941/8307 
f 1330/1941/8308 1316/1592/8309 988/1292/8310 
f 987/1833/8311 1005/1840/8312 783/1770/8313 
f 783/1770/8314 764/1765/8315 987/1833/8316 
f 1170/1895/8317 1188/1480/8318 784/1098/8319 
f 784/1098/8320 1009/1846/8321 1170/1895/8322 
f 882/1806/8323 868/1184/8324 803/1776/8325 
f 803/1776/8326 817/1781/8327 882/1806/8328 
s 12
f 849/1792/8329 833/1788/8330 897/1674/8331 
f 897/1674/8332 902/1677/8333 849/1792/8334 
f 898/1676/8335 836/1791/8336 866/1799/8337 
f 866/1799/8338 905/1684/8339 898/1676/8340 
f 884/1807/8341 850/1795/8342 901/1680/8343 
f 901/1680/8344 910/1688/8345 884/1807/8346 
f 909/1965/8347 906/1681/8348 865/1797/8349 
f 865/1797/8350 881/1802/8351 909/1965/8352 
f 913/1204/8353 953/1248/8354 1025/1321/8355 
f 1025/1321/8356 985/1280/8357 913/1204/8358 
s 2
f 970/1267/8359 954/1251/8360 917/1222/8361 
f 917/1222/8362 934/1230/8363 970/1267/8364 
s 12
f 1315/1587/8365 1283/1556/8366 914/1210/8367 
f 914/1210/8368 989/1296/8369 1315/1587/8370 
f 1041/1337/8371 971/1272/8372 933/1226/8373 
f 933/1226/8374 1007/1310/8375 1041/1337/8376 
f 1171/1459/8377 1008/1316/8378 937/1242/8379 
f 937/1242/8380 1139/1428/8381 1171/1459/8382 
f 1026/1847/8383 956/1824/8384 1059/1364/8385 
f 1059/1364/8386 1091/1395/8387 1026/1847/8388 
s 4
f 1074/1375/8389 1060/1367/8390 955/1821/8391 
f 955/1821/8392 969/1825/8393 1074/1375/8394 
s 12
f 1075/1380/8395 972/1828/8396 1044/1859/8397 
f 1044/1859/8398 1107/1411/8399 1075/1380/8400 
s 1
f 1006/1306/8401 986/1830/8402 1028/1855/8403 
f 1028/1855/8404 1042/1344/8405 1006/1306/8406 
s 8
f 1043/1857/8407 1027/1853/8408 1090/1874/8409 
f 1090/1874/8410 1108/1416/8411 1043/1857/8412 
s 12
f 1125/1694/8413 1122/1689/8414 1057/1860/8415 
f 1057/1860/8416 1073/1864/8417 1125/1694/8418 
f 1092/1875/8419 1058/1863/8420 1121/1692/8421 
f 1121/1692/8422 1130/1700/8423 1092/1875/8424 
f 1126/1696/8425 1076/1867/8426 1106/1880/8427 
f 1106/1880/8428 1133/1704/8429 1126/1696/8430 
s 14
f 1105/1878/8431 1089/1872/8432 1129/1966/8433 
f 1129/1966/8434 1134/1701/8435 1105/1878/8436 
s 4
f 1137/1881/8437 1153/1885/8438 1218/1503/8439 
f 1218/1503/8440 1204/1495/8441 1137/1881/8442 
s 12
f 1172/1896/8443 1138/1884/8444 1203/1492/8445 
f 1203/1492/8446 1235/1523/8447 1172/1896/8448 
f 1186/1901/8449 1251/1539/8450 1219/1508/8451 
f 1219/1508/8452 1156/1888/8453 1186/1901/8454 
s 8
f 1234/1916/8455 1252/1544/8456 1185/1899/8457 
f 1185/1899/8458 1169/1893/8459 1234/1916/8460 
s 12
f 1201/1902/8461 1217/1906/8462 1269/1706/8463 
f 1269/1706/8464 1266/1709/8465 1201/1902/8466 
f 1236/1917/8467 1202/1905/8468 1265/1712/8469 
f 1265/1712/8470 1274/1720/8471 1236/1917/8472 
f 1250/1922/8473 1277/1716/8474 1270/1708/8475 
f 1270/1708/8476 1220/1909/8477 1250/1922/8478 
f 1273/1967/8479 1278/1713/8480 1249/1920/8481 
f 1249/1920/8482 1233/1914/8483 1273/1967/8484 
s 4
f 1346/1615/8485 1364/1639/8486 1297/1927/8487 
f 1297/1927/8488 1281/1923/8489 1346/1615/8490 
s 12
f 1314/1934/8491 1379/1651/8492 1347/1620/8493 
f 1347/1620/8494 1284/1926/8495 1314/1934/8496 
f 1332/1942/8497 1298/1930/8498 1363/1636/8499 
f 1363/1636/8500 1395/1667/8501 1332/1942/8502 
s 8
f 1313/1932/8503 1329/1937/8504 1394/1962/8505 
f 1394/1962/8506 1380/1656/8507 1313/1932/8508 
s 12
f 1409/1726/8509 1414/1721/8510 1361/1948/8511 
f 1361/1948/8512 1345/1944/8513 1409/1726/8514 
f 1378/1955/8515 1417/1736/8516 1410/1728/8517 
f 1410/1728/8518 1348/1947/8519 1378/1955/8520 
f 1396/1963/8521 1362/1951/8522 1413/1724/8523 
f 1413/1724/8524 1422/1732/8525 1396/1963/8526 
f 1377/1953/8527 1393/1958/8528 1421/1968/8529 
f 1421/1968/8530 1418/1733/8531 1377/1953/8532 
s 1
f 1426/1742/8533 1425/1741/8534 695/987/8535 
f 695/987/8536 696/986/8537 1426/1742/8538 
f 1428/1758/8539 1427/1065/8540 770/1069/8541 
f 770/1069/8542 771/1068/8543 1428/1758/8544 
f 1425/1741/8545 1427/1757/8546 766/1061/8547 
f 766/1061/8548 695/987/8549 1425/1741/8550 
f 1430/1810/8551 1429/1809/8552 922/1209/8553 
f 922/1209/8554 923/1208/8555 1430/1810/8556 
f 1432/1837/8557 1431/1836/8558 991/1279/8559 
f 991/1279/8560 992/1278/8561 1432/1837/8562 
f 1431/1836/8563 1429/1205/8564 918/1201/8565 
f 918/1201/8566 991/1279/8567 1431/1836/8568 
f 1434/1820/8569 1433/1819/8570 939/1225/8571 
f 939/1225/8572 940/1224/8573 1434/1820/8574 
f 1436/1312/8575 1435/1311/8576 1020/1315/8577 
f 1020/1315/8578 1021/1314/8579 1436/1312/8580 
f 1433/1819/8581 1435/1843/8582 1016/1309/8583 
f 1016/1309/8584 939/1225/8585 1433/1819/8586 
f 1438/1020/8587 1437/1747/8588 724/1023/8589 
f 724/1023/8590 725/1022/8591 1438/1020/8592 
f 1440/1774/8593 1439/1773/8594 787/1085/8595 
f 787/1085/8596 788/1084/8597 1440/1774/8598 
f 1439/1773/8599 1437/1019/8600 720/1017/8601 
f 720/1017/8602 787/1085/8603 1439/1773/8604 
f 1438/1748/8605 716/1744/8606 719/1012/8607 
f 719/1012/8608 722/1016/8609 1438/1748/8610 
f 699/990/8611 702/994/8612 1426/1742/8613 
f 1426/1742/8614 696/986/8615 699/990/8616 
f 1430/1206/8617 929/1812/8618 932/1220/8619 
f 932/1220/8620 920/1202/8621 1430/1206/8622 
f 943/1228/8623 946/1232/8624 1434/1820/8625 
f 1434/1820/8626 940/1224/8627 943/1228/8628 
f 1428/1066/8629 777/1762/8630 780/1080/8631 
f 780/1080/8632 768/1062/8633 1428/1066/8634 
f 791/1088/8635 794/1769/8636 1440/1774/8637 
f 1440/1774/8638 788/1084/8639 791/1088/8640 
f 1436/1844/8641 1012/1300/8642 1015/1304/8643 
f 1015/1304/8644 1018/1308/8645 1436/1844/8646 
f 995/1282/8647 998/1832/8648 1432/1837/8649 
f 1432/1837/8650 992/1278/8651 995/1282/8652 
f 1012/1838/8653 1011/1301/8654 1005/1842/8655 
f 998/1832/8656 997/1285/8657 987/1835/8658 
f 794/1769/8659 793/1091/8660 783/1771/8661 
f 777/1076/8662 776/1075/8663 764/1763/8664 
# 2888 faces

