# 3ds Max Wavefront OBJ Exporter v0.99 - (c)2007 guruware
# File Created: 01.06.2026 22:34:03

mtllib Thing_Bigger.mtl

#
# object cross_clean
#

v  106.9166 964.2832 96.0000
v  106.9166 975.1998 85.0833
v  85.0834 975.1998 85.0833
v  85.0834 975.1998 106.9166
v  96.0000 964.2832 106.9166
v  106.9166 969.6414 94.3802
v  101.5585 964.2832 97.6198
v  100.4173 970.0460 96.0000
v  99.6389 975.1998 85.0833
v  106.9166 973.5800 90.4415
v  99.6728 973.7188 91.5827
v  85.0834 975.1998 92.3611
v  92.3611 975.1998 85.0833
v  92.3272 974.4633 92.3272
v  90.4415 973.5800 106.9166
v  85.0834 975.1998 99.6389
v  91.5827 973.7188 99.6728
v  97.6198 964.2832 101.5585
v  94.3802 969.6414 106.9166
v  96.0000 970.0460 100.4173
v  85.0834 975.1998 -85.0834
v  106.9166 975.1998 -85.0834
v  106.9166 964.2832 -96.0000
v  96.0000 964.2831 -106.9167
v  85.0834 975.1998 -106.9167
v  92.3611 975.1998 -85.0834
v  85.0834 975.1998 -92.3611
v  92.3272 974.4633 -92.3272
v  106.9166 973.5800 -90.4415
v  99.6389 975.1998 -85.0834
v  99.6728 973.7189 -91.5827
v  101.5585 964.2831 -97.6198
v  106.9166 969.6414 -94.3802
v  100.4173 970.0460 -96.0000
v  94.3802 969.6414 -106.9166
v  97.6198 964.2831 -101.5585
v  96.0000 970.0460 -100.4173
v  85.0834 975.1998 -99.6389
v  90.4415 973.5800 -106.9166
v  91.5827 973.7188 -99.6728
v  319.0584 964.2832 96.0000
v  338.9405 955.2614 96.0000
v  343.1887 966.9842 85.0833
v  325.0834 975.1998 85.0833
v  326.0697 962.9599 96.0000
v  320.9818 969.6365 94.3835
v  328.7468 968.4530 94.2883
v  341.7028 960.2339 94.3835
v  333.3277 959.6665 96.0000
v  335.6988 965.2985 94.2883
v  338.0775 970.9957 85.0833
v  343.2386 964.4723 90.4366
v  337.2949 969.0815 90.6419
v  323.1600 973.5833 90.4366
v  331.4680 973.9949 85.0833
v  330.5430 972.1454 90.6419
v  319.0584 964.2832 -96.0000
v  325.0834 975.1998 -85.0834
v  343.1887 966.9842 -85.0834
v  338.9405 955.2614 -96.0000
v  320.9818 969.6365 -94.3835
v  326.0697 962.9599 -96.0000
v  328.7467 968.4531 -94.2883
v  331.4680 973.9949 -85.0834
v  323.1600 973.5833 -90.4367
v  330.5430 972.1454 -90.6419
v  343.2386 964.4722 -90.4366
v  338.0775 970.9957 -85.0834
v  337.2949 969.0815 -90.6419
v  333.3277 959.6665 -96.0000
v  341.7027 960.2339 -94.3835
v  335.6989 965.2985 -94.2883
v  106.9166 794.1165 96.0000
v  96.0000 794.1165 106.9166
v  85.0834 783.1998 106.9166
v  85.0834 783.1998 85.0833
v  106.9166 783.1998 85.0833
v  101.5585 794.1165 97.6198
v  106.9166 788.7583 94.3802
v  100.4173 788.3536 96.0000
v  94.3802 788.7583 106.9166
v  97.6198 794.1165 101.5585
v  96.0000 788.3535 100.4173
v  85.0834 783.1998 99.6389
v  90.4415 784.8196 106.9166
v  91.5827 784.6808 99.6728
v  92.3611 783.1998 85.0833
v  85.0834 783.1998 92.3611
v  92.3272 783.9363 92.3272
v  106.9166 784.8196 90.4415
v  99.6389 783.1998 85.0833
v  99.6728 784.6808 91.5827
v  106.9166 794.1165 -96.0000
v  106.9166 783.1998 -85.0834
v  85.0834 783.1998 -85.0834
v  85.0834 783.1998 -106.9167
v  96.0000 794.1165 -106.9167
v  106.9166 788.7583 -94.3802
v  101.5585 794.1165 -97.6198
v  100.4173 788.3535 -96.0000
v  99.6389 783.1998 -85.0834
v  106.9166 784.8196 -90.4415
v  99.6728 784.6808 -91.5827
v  85.0834 783.1998 -92.3611
v  92.3611 783.1998 -85.0834
v  92.3272 783.9363 -92.3272
v  90.4415 784.8196 -106.9167
v  85.0834 783.1998 -99.6389
v  91.5827 784.6808 -99.6728
v  97.6198 794.1165 -101.5585
v  94.3802 788.7583 -106.9167
v  96.0000 788.3536 -100.4173
v  241.8421 794.1165 96.0000
v  237.9599 783.1998 85.0833
v  256.0652 774.9842 85.0833
v  261.7242 785.0945 96.0000
v  240.6021 788.7605 94.3817
v  248.8534 792.7931 96.0000
v  247.0450 787.2155 94.2868
v  244.3445 781.9948 85.0833
v  239.2000 784.8181 90.4393
v  245.5337 783.6191 90.6446
v  256.4664 776.9832 90.4393
v  250.9540 778.9957 85.0833
v  251.3933 780.9601 90.6446
v  256.1115 789.4997 96.0000
v  258.5101 780.6344 94.3817
v  253.1046 784.4657 94.2868
v  256.0652 774.9842 -85.0834
v  237.9599 783.1998 -85.0834
v  241.8421 794.1165 -96.0000
v  261.7242 785.0945 -96.0000
v  250.9539 778.9957 -85.0834
v  256.4664 776.9832 -90.4393
v  251.3933 780.9601 -90.6446
v  239.2000 784.8181 -90.4393
v  244.3445 781.9949 -85.0834
v  245.5336 783.6191 -90.6446
v  248.8534 792.7931 -96.0000
v  240.6020 788.7605 -94.3817
v  247.0449 787.2153 -94.2869
v  258.5101 780.6344 -94.3817
v  256.1114 789.4997 -96.0000
v  253.1046 784.4658 -94.2869
v  672.0000 580.2832 85.0833
v  664.8113 599.4154 85.0833
v  653.4040 595.8745 96.0000
v  661.0834 575.4363 96.0000
v  670.9464 586.8154 85.0833
v  670.3824 578.7354 90.4382
v  669.1276 586.1288 90.6434
v  662.5747 599.5151 90.4382
v  668.3199 593.8057 85.0833
v  666.4990 593.1246 90.6434
v  657.1522 589.8818 96.0000
v  658.4532 598.2357 94.3824
v  662.7719 591.8081 94.2874
v  666.4382 576.9842 94.3824
v  659.9581 582.4144 96.0000
v  665.4557 584.6652 94.2874
v  672.0000 580.2832 -85.0834
v  661.0834 575.4363 -96.0000
v  653.4040 595.8745 -96.0000
v  664.8113 599.4154 -85.0833
v  670.3824 578.7354 -90.4382
v  670.9465 586.8154 -85.0834
v  669.1276 586.1288 -90.6434
v  659.9580 582.4143 -96.0000
v  666.4382 576.9841 -94.3824
v  665.4557 584.6652 -94.2874
v  658.4532 598.2358 -94.3824
v  657.1522 589.8818 -96.0000
v  662.7717 591.8081 -94.2874
v  668.3199 593.8057 -85.0833
v  662.5747 599.5151 -90.4382
v  666.4990 593.1246 -90.6435
v  480.0000 508.1420 85.0833
v  490.9166 511.4986 96.0000
v  483.2373 531.9369 96.0000
v  472.8113 527.2744 85.0833
v  481.6186 509.2144 90.4398
v  478.9465 514.6743 85.0833
v  480.5890 515.7343 90.6451
v  489.7911 518.4768 96.0000
v  485.5601 510.4263 94.3813
v  484.2025 517.0080 94.2865
v  478.4999 529.2166 94.3813
v  486.9854 525.9442 96.0000
v  481.8123 523.3694 94.2865
v  476.3199 521.6646 85.0833
v  474.7356 527.5332 90.4398
v  478.2540 521.9485 90.6451
v  480.0000 508.1420 -85.0834
v  472.8113 527.2743 -85.0834
v  483.2373 531.9369 -96.0000
v  490.9166 511.4987 -96.0000
v  478.9465 514.6743 -85.0834
v  481.6187 509.2144 -90.4398
v  480.5890 515.7343 -90.6451
v  474.7356 527.5332 -90.4398
v  476.3199 521.6646 -85.0834
v  478.2540 521.9485 -90.6451
v  486.9854 525.9442 -96.0000
v  478.4999 529.2166 -94.3813
v  481.8123 523.3694 -94.2865
v  485.5601 510.4263 -94.3813
v  489.7911 518.4768 -96.0000
v  484.2025 517.0080 -94.2865
v  672.0000 15.1998 85.0833
v  661.0834 15.1999 96.0000
v  670.5375 15.1998 90.5417
v  666.5417 15.1999 94.5374
v  661.0834 15.1998 -96.0000
v  672.0000 15.1998 -85.0833
v  666.5417 15.1998 -94.5374
v  670.5375 15.1998 -90.5417
v  490.9166 15.1999 96.0000
v  480.0000 15.1998 85.0833
v  485.4583 15.1999 94.5374
v  481.4625 15.1998 90.5417
v  480.0000 15.1998 -85.0833
v  490.9166 15.1998 -96.0000
v  481.4625 15.1998 -90.5417
v  485.4583 15.1998 -94.5374
v  -106.9166 964.2832 96.0000
v  -96.0000 964.2832 106.9166
v  -85.0834 975.1998 106.9166
v  -85.0834 975.1998 85.0833
v  -106.9166 975.1998 85.0833
v  -101.5585 964.2832 97.6198
v  -106.9166 969.6414 94.3802
v  -100.4173 970.0460 96.0000
v  -94.3802 969.6414 106.9166
v  -97.6198 964.2832 101.5585
v  -96.0000 970.0460 100.4173
v  -85.0834 975.1998 99.6389
v  -90.4415 973.5800 106.9166
v  -91.5827 973.7188 99.6728
v  -92.3611 975.1998 85.0833
v  -85.0834 975.1998 92.3611
v  -92.3272 974.4633 92.3272
v  -106.9166 973.5800 90.4415
v  -99.6389 975.1998 85.0833
v  -99.6728 973.7188 91.5827
v  -106.9166 964.2832 -96.0000
v  -106.9166 975.1998 -85.0834
v  -85.0834 975.1998 -85.0834
v  -85.0834 975.1998 -106.9167
v  -96.0000 964.2831 -106.9167
v  -106.9166 969.6414 -94.3802
v  -101.5585 964.2831 -97.6198
v  -100.4173 970.0460 -96.0000
v  -99.6389 975.1998 -85.0834
v  -106.9166 973.5800 -90.4415
v  -99.6728 973.7188 -91.5827
v  -85.0834 975.1998 -92.3611
v  -92.3611 975.1998 -85.0834
v  -92.3272 974.4633 -92.3272
v  -90.4415 973.5800 -106.9167
v  -85.0834 975.1998 -99.6389
v  -91.5827 973.7188 -99.6728
v  -97.6198 964.2832 -101.5585
v  -94.3802 969.6414 -106.9167
v  -96.0000 970.0460 -100.4173
v  -319.0584 964.2832 96.0000
v  -325.0834 975.1998 85.0833
v  -343.1887 966.9842 85.0833
v  -338.9405 955.2614 96.0000
v  -320.9818 969.6365 94.3835
v  -326.0697 962.9599 96.0000
v  -328.7467 968.4531 94.2883
v  -331.4680 973.9949 85.0833
v  -323.1600 973.5833 90.4366
v  -330.5430 972.1454 90.6419
v  -343.2386 964.4722 90.4366
v  -338.0775 970.9957 85.0833
v  -337.2949 969.0815 90.6419
v  -333.3277 959.6665 96.0000
v  -341.7027 960.2339 94.3835
v  -335.6989 965.2983 94.2883
v  -343.1887 966.9842 -85.0834
v  -325.0834 975.1998 -85.0834
v  -319.0584 964.2832 -96.0000
v  -338.9405 955.2614 -96.0000
v  -338.0775 970.9957 -85.0834
v  -343.2386 964.4723 -90.4367
v  -337.2949 969.0815 -90.6419
v  -323.1600 973.5833 -90.4367
v  -331.4680 973.9949 -85.0834
v  -330.5430 972.1454 -90.6419
v  -326.0697 962.9599 -96.0000
v  -320.9818 969.6365 -94.3835
v  -328.7468 968.4530 -94.2883
v  -341.7028 960.2339 -94.3835
v  -333.3277 959.6665 -96.0000
v  -335.6988 965.2985 -94.2883
v  -106.9166 794.1165 96.0000
v  -106.9166 783.1998 85.0833
v  -85.0834 783.1998 85.0833
v  -85.0834 783.1998 106.9166
v  -96.0000 794.1165 106.9166
v  -106.9166 788.7583 94.3802
v  -101.5585 794.1165 97.6198
v  -100.4173 788.3535 96.0000
v  -99.6389 783.1998 85.0833
v  -106.9166 784.8196 90.4415
v  -99.6728 784.6808 91.5827
v  -85.0834 783.1998 92.3611
v  -92.3611 783.1998 85.0833
v  -92.3272 783.9363 92.3272
v  -90.4415 784.8196 106.9166
v  -85.0834 783.1998 99.6389
v  -91.5827 784.6808 99.6728
v  -97.6198 794.1165 101.5585
v  -94.3802 788.7583 106.9166
v  -96.0000 788.3536 100.4173
v  -85.0834 783.1998 -85.0834
v  -106.9166 783.1998 -85.0834
v  -106.9166 794.1165 -96.0000
v  -96.0000 794.1165 -106.9167
v  -85.0834 783.1998 -106.9167
v  -92.3611 783.1998 -85.0834
v  -85.0834 783.1998 -92.3611
v  -92.3272 783.9363 -92.3272
v  -106.9166 784.8196 -90.4415
v  -99.6389 783.1998 -85.0834
v  -99.6728 784.6808 -91.5827
v  -101.5585 794.1165 -97.6198
v  -106.9166 788.7583 -94.3802
v  -100.4173 788.3536 -96.0000
v  -94.3802 788.7583 -106.9167
v  -97.6198 794.1165 -101.5585
v  -96.0000 788.3535 -100.4173
v  -85.0834 783.1998 -99.6389
v  -90.4415 784.8196 -106.9167
v  -91.5827 784.6808 -99.6728
v  -241.8421 794.1165 96.0000
v  -261.7242 785.0945 96.0000
v  -256.0652 774.9842 85.0833
v  -237.9599 783.1998 85.0833
v  -248.8534 792.7931 96.0000
v  -240.6020 788.7605 94.3817
v  -247.0449 787.2153 94.2868
v  -258.5101 780.6344 94.3817
v  -256.1114 789.4997 96.0000
v  -253.1046 784.4658 94.2868
v  -250.9539 778.9957 85.0834
v  -256.4664 776.9832 90.4393
v  -251.3933 780.9601 90.6446
v  -239.2000 784.8181 90.4393
v  -244.3445 781.9949 85.0834
v  -245.5336 783.6191 90.6446
v  -241.8421 794.1165 -96.0000
v  -237.9599 783.1998 -85.0834
v  -256.0652 774.9842 -85.0834
v  -261.7242 785.0945 -96.0000
v  -240.6021 788.7605 -94.3817
v  -248.8534 792.7931 -96.0000
v  -247.0450 787.2155 -94.2869
v  -244.3445 781.9948 -85.0834
v  -239.2000 784.8181 -90.4393
v  -245.5337 783.6191 -90.6446
v  -256.4664 776.9832 -90.4393
v  -250.9540 778.9957 -85.0834
v  -251.3933 780.9601 -90.6446
v  -256.1115 789.4997 -96.0000
v  -258.5101 780.6344 -94.3817
v  -253.1046 784.4657 -94.2869
v  -672.0000 580.2832 85.0833
v  -661.0834 575.4363 96.0000
v  -653.4040 595.8745 96.0000
v  -664.8113 599.4154 85.0833
v  -670.3824 578.7354 90.4382
v  -670.9465 586.8154 85.0833
v  -669.1276 586.1288 90.6434
v  -659.9580 582.4143 96.0000
v  -666.4382 576.9841 94.3824
v  -665.4557 584.6652 94.2874
v  -658.4532 598.2358 94.3824
v  -657.1522 589.8818 96.0000
v  -662.7717 591.8081 94.2874
v  -668.3199 593.8057 85.0833
v  -662.5747 599.5151 90.4382
v  -666.4990 593.1246 90.6434
v  -672.0000 580.2832 -85.0834
v  -664.8113 599.4154 -85.0834
v  -653.4040 595.8745 -96.0000
v  -661.0834 575.4363 -96.0000
v  -670.9464 586.8154 -85.0834
v  -670.3824 578.7354 -90.4382
v  -669.1276 586.1288 -90.6434
v  -662.5747 599.5151 -90.4382
v  -668.3199 593.8057 -85.0833
v  -666.4990 593.1246 -90.6435
v  -657.1522 589.8818 -96.0000
v  -658.4532 598.2357 -94.3824
v  -662.7719 591.8081 -94.2874
v  -666.4382 576.9842 -94.3824
v  -659.9581 582.4144 -96.0000
v  -665.4557 584.6652 -94.2874
v  -480.0000 508.1420 85.0833
v  -472.8113 527.2743 85.0833
v  -483.2373 531.9369 96.0000
v  -490.9166 511.4987 96.0000
v  -478.9465 514.6743 85.0833
v  -481.6187 509.2144 90.4398
v  -480.5890 515.7343 90.6451
v  -474.7356 527.5332 90.4398
v  -476.3199 521.6646 85.0833
v  -478.2540 521.9485 90.6451
v  -486.9854 525.9442 96.0000
v  -478.4999 529.2166 94.3813
v  -481.8123 523.3694 94.2865
v  -485.5601 510.4263 94.3813
v  -489.7911 518.4768 96.0000
v  -484.2025 517.0080 94.2865
v  -480.0000 508.1420 -85.0834
v  -490.9166 511.4986 -96.0000
v  -483.2373 531.9369 -96.0000
v  -472.8113 527.2744 -85.0834
v  -481.6186 509.2144 -90.4398
v  -478.9465 514.6743 -85.0834
v  -480.5890 515.7343 -90.6451
v  -489.7911 518.4768 -96.0000
v  -485.5601 510.4263 -94.3813
v  -484.2025 517.0080 -94.2865
v  -478.4999 529.2166 -94.3813
v  -486.9854 525.9442 -96.0000
v  -481.8123 523.3694 -94.2865
v  -476.3199 521.6646 -85.0834
v  -474.7356 527.5332 -90.4398
v  -478.2540 521.9485 -90.6451
v  -661.0834 15.1999 96.0000
v  -672.0000 15.1998 85.0833
v  -666.5417 15.1999 94.5374
v  -670.5375 15.1998 90.5417
v  -672.0000 15.1998 -85.0833
v  -661.0834 15.1998 -96.0000
v  -670.5375 15.1998 -90.5417
v  -666.5417 15.1998 -94.5374
v  -480.0000 15.1998 85.0833
v  -490.9166 15.1999 96.0000
v  -481.4625 15.1998 90.5417
v  -485.4583 15.1999 94.5374
v  -490.9166 15.1998 -96.0000
v  -480.0000 15.1998 -85.0833
v  -485.4583 15.1998 -94.5374
v  -481.4625 15.1998 -90.5417
v  -85.0834 966.9842 -343.1887
v  -96.0000 955.2614 -338.9405
v  -96.0000 964.2832 -319.0584
v  -85.0834 975.1998 -325.0834
v  -90.4366 964.4723 -343.2386
v  -85.0834 970.9957 -338.0775
v  -90.6419 969.0815 -337.2949
v  -96.0000 959.6665 -333.3278
v  -94.3835 960.2339 -341.7027
v  -94.2883 965.2983 -335.6989
v  -94.3835 969.6366 -320.9818
v  -96.0000 962.9599 -326.0697
v  -94.2883 968.4530 -328.7467
v  -85.0834 973.9949 -331.4680
v  -90.4367 973.5833 -323.1601
v  -90.6419 972.1454 -330.5430
v  85.0834 966.9842 -343.1887
v  85.0834 975.1998 -325.0834
v  96.0000 964.2832 -319.0584
v  96.0000 955.2614 -338.9405
v  85.0834 970.9957 -338.0775
v  90.4367 964.4723 -343.2386
v  90.6419 969.0815 -337.2950
v  90.4367 973.5833 -323.1601
v  85.0834 973.9949 -331.4680
v  90.6419 972.1454 -330.5430
v  96.0000 962.9599 -326.0697
v  94.3835 969.6365 -320.9818
v  94.2883 968.4530 -328.7468
v  94.3835 960.2339 -341.7028
v  96.0000 959.6665 -333.3278
v  94.2883 965.2985 -335.6988
v  -85.0834 774.9842 -256.0652
v  -85.0834 783.1998 -237.9599
v  -96.0000 794.1165 -241.8421
v  -96.0000 785.0945 -261.7243
v  -85.0834 778.9957 -250.9539
v  -90.4393 776.9832 -256.4665
v  -90.6446 780.9601 -251.3934
v  -90.4393 784.8181 -239.2000
v  -85.0834 781.9949 -244.3445
v  -90.6446 783.6191 -245.5336
v  -96.0000 792.7931 -248.8534
v  -94.3817 788.7604 -240.6021
v  -94.2868 787.2153 -247.0450
v  -94.3817 780.6344 -258.5101
v  -96.0000 789.4997 -256.1115
v  -94.2868 784.4657 -253.1047
v  85.0834 774.9842 -256.0652
v  96.0000 785.0945 -261.7243
v  96.0000 794.1165 -241.8421
v  85.0834 783.1998 -237.9599
v  90.4393 776.9832 -256.4665
v  85.0834 778.9956 -250.9540
v  90.6446 780.9601 -251.3934
v  96.0000 789.4996 -256.1115
v  94.3817 780.6344 -258.5101
v  94.2868 784.4657 -253.1047
v  94.3817 788.7604 -240.6021
v  96.0000 792.7931 -248.8534
v  94.2868 787.2155 -247.0450
v  85.0834 781.9949 -244.3445
v  90.4393 784.8181 -239.2000
v  90.6446 783.6191 -245.5337
v  -85.0834 580.2832 -672.0000
v  -96.0000 575.4363 -661.0834
v  -96.0000 595.8745 -653.4039
v  -85.0834 599.4155 -664.8114
v  -90.4382 578.7354 -670.3824
v  -85.0834 586.8154 -670.9465
v  -90.6434 586.1289 -669.1276
v  -96.0000 582.4143 -659.9580
v  -94.3824 576.9841 -666.4382
v  -94.2874 584.6652 -665.4557
v  -94.3824 598.2357 -658.4532
v  -96.0000 589.8818 -657.1522
v  -94.2874 591.8081 -662.7717
v  -85.0834 593.8057 -668.3199
v  -90.4382 599.5151 -662.5747
v  -90.6434 593.1246 -666.4990
v  85.0834 580.2832 -672.0000
v  85.0834 599.4154 -664.8114
v  96.0000 595.8745 -653.4039
v  96.0000 575.4363 -661.0834
v  85.0834 586.8154 -670.9463
v  90.4382 578.7354 -670.3824
v  90.6434 586.1288 -669.1276
v  90.4382 599.5151 -662.5747
v  85.0834 593.8057 -668.3199
v  90.6434 593.1246 -666.4990
v  96.0000 589.8818 -657.1522
v  94.3824 598.2357 -658.4532
v  94.2874 591.8081 -662.7719
v  94.3824 576.9842 -666.4382
v  96.0000 582.4144 -659.9580
v  94.2874 584.6652 -665.4557
v  -85.0834 508.1420 -480.0000
v  -85.0834 527.2743 -472.8114
v  -96.0000 531.9369 -483.2373
v  -96.0000 511.4987 -490.9167
v  -85.0834 514.6743 -478.9465
v  -90.4398 509.2144 -481.6187
v  -90.6451 515.7343 -480.5890
v  -90.4398 527.5332 -474.7356
v  -85.0834 521.6646 -476.3200
v  -90.6451 521.9485 -478.2541
v  -96.0000 525.9442 -486.9854
v  -94.3813 529.2166 -478.5000
v  -94.2865 523.3694 -481.8123
v  -94.3813 510.4263 -485.5601
v  -96.0000 518.4768 -489.7912
v  -94.2865 517.0080 -484.2024
v  85.0834 508.1420 -480.0000
v  96.0000 511.4986 -490.9167
v  96.0000 531.9369 -483.2373
v  85.0834 527.2744 -472.8114
v  90.4398 509.2144 -481.6187
v  85.0834 514.6743 -478.9465
v  90.6451 515.7343 -480.5890
v  96.0000 518.4768 -489.7912
v  94.3813 510.4263 -485.5601
v  94.2865 517.0080 -484.2025
v  94.3813 529.2166 -478.4999
v  96.0000 525.9442 -486.9855
v  94.2865 523.3694 -481.8123
v  85.0834 521.6646 -476.3200
v  90.4398 527.5332 -474.7356
v  90.6451 521.9485 -478.2541
v  -96.0000 15.1998 -661.0834
v  -85.0834 15.1998 -672.0000
v  -94.5374 15.1998 -666.5417
v  -90.5417 15.1998 -670.5375
v  85.0834 15.1998 -672.0000
v  96.0000 15.1998 -661.0834
v  90.5417 15.1998 -670.5375
v  94.5374 15.1998 -666.5417
v  -85.0834 15.1998 -480.0000
v  -96.0000 15.1998 -490.9167
v  -90.5417 15.1998 -481.4626
v  -94.5374 15.1998 -485.4583
v  96.0000 15.1998 -490.9167
v  85.0834 15.1998 -480.0000
v  94.5374 15.1998 -485.4583
v  90.5417 15.1998 -481.4626
v  -85.0834 966.9842 343.1886
v  -85.0834 975.1998 325.0833
v  -96.0000 964.2832 319.0584
v  -96.0000 955.2614 338.9405
v  -85.0834 970.9957 338.0774
v  -90.4367 964.4723 343.2386
v  -90.6419 969.0815 337.2948
v  -90.4367 973.5833 323.1600
v  -85.0834 973.9949 331.4680
v  -90.6419 972.1454 330.5429
v  -96.0000 962.9599 326.0696
v  -94.3835 969.6365 320.9818
v  -94.2883 968.4530 328.7467
v  -94.3835 960.2339 341.7027
v  -96.0000 959.6665 333.3277
v  -94.2883 965.2985 335.6988
v  85.0834 966.9842 343.1886
v  96.0000 955.2614 338.9405
v  96.0000 964.2832 319.0584
v  85.0834 975.1998 325.0833
v  90.4366 964.4722 343.2386
v  85.0834 970.9957 338.0774
v  90.6419 969.0815 337.2948
v  96.0000 959.6665 333.3277
v  94.3835 960.2339 341.7027
v  94.2883 965.2983 335.6988
v  94.3835 969.6365 320.9818
v  96.0000 962.9599 326.0696
v  94.2883 968.4531 328.7467
v  85.0834 973.9949 331.4680
v  90.4367 973.5833 323.1600
v  90.6419 972.1454 330.5429
v  -85.0834 774.9842 256.0651
v  -96.0000 785.0945 261.7242
v  -96.0000 794.1165 241.8421
v  -85.0834 783.1998 237.9598
v  -90.4393 776.9832 256.4664
v  -85.0834 778.9956 250.9539
v  -90.6446 780.9601 251.3933
v  -96.0000 789.4997 256.1114
v  -94.3817 780.6344 258.5101
v  -94.2868 784.4657 253.1046
v  -94.3817 788.7605 240.6020
v  -96.0000 792.7931 248.8534
v  -94.2868 787.2155 247.0450
v  -85.0834 781.9948 244.3445
v  -90.4393 784.8181 239.2000
v  -90.6446 783.6191 245.5336
v  85.0834 774.9842 256.0651
v  85.0834 783.1998 237.9598
v  96.0000 794.1165 241.8421
v  96.0000 785.0945 261.7242
v  85.0834 778.9957 250.9539
v  90.4393 776.9832 256.4664
v  90.6446 780.9601 251.3933
v  90.4393 784.8181 239.2000
v  85.0834 781.9949 244.3445
v  90.6446 783.6191 245.5336
v  96.0000 792.7931 248.8534
v  94.3817 788.7605 240.6020
v  94.2868 787.2153 247.0449
v  94.3817 780.6344 258.5101
v  96.0000 789.4997 256.1114
v  94.2868 784.4658 253.1046
v  -85.0834 580.2832 672.0000
v  -85.0834 599.4155 664.8113
v  -96.0000 595.8745 653.4040
v  -96.0000 575.4363 661.0834
v  -85.0834 586.8154 670.9464
v  -90.4382 578.7354 670.3824
v  -90.6434 586.1288 669.1276
v  -90.4382 599.5151 662.5747
v  -85.0834 593.8057 668.3199
v  -90.6434 593.1246 666.4990
v  -96.0000 589.8818 657.1522
v  -94.3824 598.2357 658.4531
v  -94.2874 591.8081 662.7719
v  -94.3824 576.9842 666.4382
v  -96.0000 582.4144 659.9581
v  -94.2874 584.6652 665.4556
v  85.0834 580.2832 672.0000
v  96.0000 575.4363 661.0834
v  96.0000 595.8745 653.4040
v  85.0834 599.4155 664.8113
v  90.4382 578.7354 670.3824
v  85.0834 586.8154 670.9464
v  90.6434 586.1289 669.1276
v  96.0000 582.4143 659.9580
v  94.3824 576.9842 666.4382
v  94.2874 584.6652 665.4557
v  94.3824 598.2357 658.4531
v  96.0000 589.8818 657.1522
v  94.2874 591.8081 662.7717
v  85.0834 593.8057 668.3199
v  90.4382 599.5151 662.5746
v  90.6434 593.1246 666.4990
v  -85.0834 508.1420 480.0000
v  -96.0000 511.4987 490.9166
v  -96.0000 531.9369 483.2373
v  -85.0834 527.2743 472.8113
v  -90.4398 509.2144 481.6186
v  -85.0834 514.6743 478.9464
v  -90.6451 515.7342 480.5890
v  -96.0000 518.4767 489.7911
v  -94.3813 510.4263 485.5601
v  -94.2865 517.0081 484.2025
v  -94.3813 529.2166 478.4999
v  -96.0000 525.9442 486.9854
v  -94.2865 523.3694 481.8123
v  -85.0834 521.6646 476.3199
v  -90.4398 527.5332 474.7356
v  -90.6451 521.9485 478.2540
v  85.0834 508.1420 480.0000
v  85.0834 527.2743 472.8113
v  96.0000 531.9369 483.2373
v  96.0000 511.4987 490.9166
v  85.0834 514.6743 478.9464
v  90.4398 509.2144 481.6187
v  90.6451 515.7343 480.5890
v  90.4398 527.5332 474.7356
v  85.0834 521.6646 476.3199
v  90.6451 521.9485 478.2540
v  96.0000 525.9442 486.9854
v  94.3813 529.2166 478.4999
v  94.2865 523.3694 481.8123
v  94.3813 510.4263 485.5601
v  96.0000 518.4767 489.7911
v  94.2865 517.0080 484.2025
v  -85.0834 15.1999 672.0000
v  -96.0000 15.1998 661.0834
v  -90.5417 15.1998 670.5375
v  -94.5374 15.1998 666.5417
v  96.0000 15.1998 661.0834
v  85.0834 15.1999 672.0000
v  94.5374 15.1998 666.5417
v  90.5417 15.1998 670.5375
v  -96.0000 15.1998 490.9166
v  -85.0834 15.1999 480.0000
v  -94.5374 15.1998 485.4583
v  -90.5417 15.1998 481.4625
v  85.0834 15.1999 480.0000
v  96.0000 15.1998 490.9166
v  90.5417 15.1998 481.4625
v  94.5374 15.1998 485.4583
v  99.5891 964.2832 99.5891
v  98.2086 970.0460 98.2086
v  99.5891 794.1165 99.5891
v  98.2086 788.3536 98.2086
v  -99.5891 964.2832 99.5891
v  -98.2086 970.0460 98.2086
v  -99.5891 794.1165 99.5891
v  -98.2086 788.3536 98.2086
v  -99.5891 964.2832 -99.5891
v  -98.2086 970.0460 -98.2086
v  -99.5891 794.1165 -99.5891
v  -98.2086 788.3536 -98.2086
v  99.5891 964.2831 -99.5891
v  98.2086 970.0460 -98.2086
v  99.5891 794.1165 -99.5891
v  98.2086 788.3536 -98.2086
# 752 vertices

vn 0.5011 0.1644 0.8496
vn 0.1942 0.1942 0.9616
vn 0.1096 0.5307 0.8404
vn 0.1096 0.5307 0.8404
vn 0.4369 0.5753 0.6914
vn 0.5011 0.1644 0.8496
vn 0.1297 0.9074 0.3999
vn 0.4369 0.5753 0.6914
vn 0.1096 0.5307 0.8404
vn 0.1096 0.5307 0.8404
vn 0.0369 0.8669 0.4971
vn 0.1297 0.9074 0.3999
vn 0.0369 0.8669 0.4971
vn -0.0000 0.9808 0.1948
vn 0.0078 0.9929 0.1189
vn 0.0078 0.9929 0.1189
vn 0.1297 0.9074 0.3999
vn 0.0369 0.8669 0.4971
vn 0.1297 0.9074 0.3999
vn 0.0078 0.9929 0.1189
vn 0.0275 0.9982 0.0525
vn 0.0275 0.9982 0.0525
vn 0.1705 0.9705 0.1705
vn 0.1297 0.9074 0.3999
vn 0.0275 0.9982 0.0525
vn 0.0000 1.0000 -0.0000
vn 0.0525 0.9982 0.0275
vn 0.0525 0.9982 0.0275
vn 0.1705 0.9705 0.1705
vn 0.0275 0.9982 0.0525
vn 0.3999 0.9074 0.1297
vn 0.1705 0.9705 0.1705
vn 0.0525 0.9982 0.0275
vn 0.0525 0.9982 0.0275
vn 0.1189 0.9929 0.0078
vn 0.3999 0.9074 0.1297
vn 0.1189 0.9929 0.0078
vn 0.1948 0.9808 -0.0000
vn 0.4971 0.8669 0.0369
vn 0.4971 0.8669 0.0369
vn 0.3999 0.9074 0.1297
vn 0.1189 0.9929 0.0078
vn 0.3999 0.9074 0.1297
vn 0.4971 0.8669 0.0369
vn 0.8404 0.5307 0.1096
vn 0.8404 0.5307 0.1096
vn 0.6914 0.5753 0.4369
vn 0.3999 0.9074 0.1297
vn 0.8404 0.5307 0.1096
vn 0.9783 0.1467 0.1467
vn 0.8496 0.1644 0.5011
vn 0.8496 0.1644 0.5011
vn 0.6914 0.5753 0.4369
vn 0.8404 0.5307 0.1096
vn 0.5697 0.5924 0.5697
vn 0.6914 0.5753 0.4369
vn 0.8496 0.1644 0.5011
vn 0.8496 0.1644 0.5011
vn 0.6977 0.1626 0.6977
vn 0.5697 0.5924 0.5697
vn 0.3999 0.9074 0.1297
vn 0.6914 0.5753 0.4369
vn 0.5697 0.5924 0.5697
vn 0.5697 0.5924 0.5697
vn 0.1705 0.9705 0.1705
vn 0.3999 0.9074 0.1297
vn 0.0525 0.9982 -0.0275
vn 0.0000 1.0000 -0.0000
vn 0.0275 0.9982 -0.0525
vn 0.0275 0.9982 -0.0525
vn 0.1705 0.9705 -0.1705
vn 0.0525 0.9982 -0.0275
vn 0.1297 0.9074 -0.3999
vn 0.1705 0.9705 -0.1705
vn 0.0275 0.9982 -0.0525
vn 0.0275 0.9982 -0.0525
vn 0.0078 0.9929 -0.1189
vn 0.1297 0.9074 -0.3999
vn 0.0078 0.9929 -0.1189
vn -0.0000 0.9808 -0.1948
vn 0.0369 0.8669 -0.4971
vn 0.0369 0.8669 -0.4971
vn 0.1297 0.9074 -0.3999
vn 0.0078 0.9929 -0.1189
vn 0.1297 0.9074 -0.3999
vn 0.0369 0.8669 -0.4971
vn 0.1096 0.5307 -0.8404
vn 0.1096 0.5307 -0.8404
vn 0.4369 0.5753 -0.6914
vn 0.1297 0.9074 -0.3999
vn 0.1096 0.5307 -0.8404
vn 0.1942 0.1942 -0.9616
vn 0.5011 0.1644 -0.8496
vn 0.5011 0.1644 -0.8496
vn 0.4369 0.5753 -0.6914
vn 0.1096 0.5307 -0.8404
vn 0.5697 0.5924 -0.5697
vn 0.4369 0.5753 -0.6914
vn 0.5011 0.1644 -0.8496
vn 0.5011 0.1644 -0.8496
vn 0.6977 0.1626 -0.6977
vn 0.5697 0.5924 -0.5697
vn 0.8496 0.1644 -0.5011
vn 0.9616 0.1942 -0.1942
vn 0.8404 0.5307 -0.1096
vn 0.8404 0.5307 -0.1096
vn 0.6914 0.5753 -0.4369
vn 0.8496 0.1644 -0.5011
vn 0.3999 0.9074 -0.1297
vn 0.6914 0.5753 -0.4369
vn 0.8404 0.5307 -0.1096
vn 0.8404 0.5307 -0.1096
vn 0.4971 0.8669 -0.0369
vn 0.3999 0.9074 -0.1297
vn 0.4971 0.8669 -0.0369
vn 0.1948 0.9808 0.0000
vn 0.1189 0.9929 -0.0078
vn 0.1189 0.9929 -0.0078
vn 0.3999 0.9074 -0.1297
vn 0.4971 0.8669 -0.0369
vn 0.3999 0.9074 -0.1297
vn 0.1189 0.9929 -0.0078
vn 0.0525 0.9982 -0.0275
vn 0.0525 0.9982 -0.0275
vn 0.1705 0.9705 -0.1705
vn 0.3999 0.9074 -0.1297
vn 0.5697 0.5924 -0.5697
vn 0.6914 0.5753 -0.4369
vn 0.3999 0.9074 -0.1297
vn 0.3999 0.9074 -0.1297
vn 0.1705 0.9705 -0.1705
vn 0.5697 0.5924 -0.5697
vn 0.0391 0.5094 0.8596
vn 0.0143 0.1841 0.9828
vn 0.0432 0.1413 0.9890
vn 0.0432 0.1413 0.9890
vn 0.1440 0.4774 0.8668
vn 0.0391 0.5094 0.8596
vn 0.1440 0.4774 0.8668
vn 0.0432 0.1413 0.9890
vn 0.0779 0.1255 0.9890
vn 0.0779 0.1255 0.9890
vn 0.2645 0.4227 0.8668
vn 0.1440 0.4774 0.8668
vn 0.0779 0.1255 0.9890
vn 0.1291 0.1320 0.9828
vn 0.3577 0.3649 0.8596
vn 0.3577 0.3649 0.8596
vn 0.2645 0.4227 0.8668
vn 0.0779 0.1255 0.9890
vn 0.2645 0.4227 0.8668
vn 0.3577 0.3649 0.8596
vn 0.5915 0.6114 0.5256
vn 0.5915 0.6114 0.5256
vn 0.4351 0.7094 0.5545
vn 0.2645 0.4227 0.8668
vn 0.4351 0.7094 0.5545
vn 0.5915 0.6114 0.5256
vn 0.6407 0.7372 0.2145
vn 0.6407 0.7372 0.2145
vn 0.5096 0.8429 0.1730
vn 0.4351 0.7094 0.5545
vn 0.4351 0.7094 0.5545
vn 0.5096 0.8429 0.1730
vn 0.2987 0.9385 0.1730
vn 0.2987 0.9385 0.1730
vn 0.2474 0.7945 0.5545
vn 0.4351 0.7094 0.5545
vn 0.2474 0.7945 0.5545
vn 0.2987 0.9385 0.1730
vn 0.1329 0.9676 0.2145
vn 0.1329 0.9676 0.2145
vn 0.0706 0.8478 0.5256
vn 0.2474 0.7945 0.5545
vn 0.1440 0.4774 0.8668
vn 0.2474 0.7945 0.5545
vn 0.0706 0.8478 0.5256
vn 0.0706 0.8478 0.5256
vn 0.0391 0.5094 0.8596
vn 0.1440 0.4774 0.8668
vn 0.2474 0.7945 0.5545
vn 0.1440 0.4774 0.8668
vn 0.2645 0.4227 0.8668
vn 0.2645 0.4227 0.8668
vn 0.4351 0.7094 0.5545
vn 0.2474 0.7945 0.5545
vn 0.0432 0.1413 -0.9890
vn 0.0143 0.1841 -0.9828
vn 0.0391 0.5094 -0.8596
vn 0.0391 0.5094 -0.8596
vn 0.1440 0.4774 -0.8668
vn 0.0432 0.1413 -0.9890
vn 0.1440 0.4774 -0.8668
vn 0.0391 0.5094 -0.8596
vn 0.0706 0.8478 -0.5256
vn 0.0706 0.8478 -0.5256
vn 0.2474 0.7945 -0.5545
vn 0.1440 0.4774 -0.8668
vn 0.2474 0.7945 -0.5545
vn 0.0706 0.8478 -0.5256
vn 0.1329 0.9676 -0.2145
vn 0.1329 0.9676 -0.2145
vn 0.2987 0.9385 -0.1730
vn 0.2474 0.7945 -0.5545
vn 0.2474 0.7945 -0.5545
vn 0.2987 0.9385 -0.1730
vn 0.5096 0.8429 -0.1730
vn 0.5096 0.8429 -0.1730
vn 0.4351 0.7094 -0.5545
vn 0.2474 0.7945 -0.5545
vn 0.4351 0.7094 -0.5545
vn 0.5096 0.8429 -0.1730
vn 0.6407 0.7372 -0.2145
vn 0.6407 0.7372 -0.2145
vn 0.5915 0.6114 -0.5256
vn 0.4351 0.7094 -0.5545
vn 0.2645 0.4227 -0.8668
vn 0.4351 0.7094 -0.5545
vn 0.5915 0.6114 -0.5256
vn 0.5915 0.6114 -0.5256
vn 0.3577 0.3649 -0.8596
vn 0.2645 0.4227 -0.8668
vn 0.3577 0.3649 -0.8596
vn 0.1291 0.1320 -0.9828
vn 0.0779 0.1255 -0.9890
vn 0.0779 0.1255 -0.9890
vn 0.2645 0.4227 -0.8668
vn 0.3577 0.3649 -0.8596
vn 0.2645 0.4227 -0.8668
vn 0.0779 0.1255 -0.9890
vn 0.0432 0.1413 -0.9890
vn 0.0432 0.1413 -0.9890
vn 0.1440 0.4774 -0.8668
vn 0.2645 0.4227 -0.8668
vn 0.2645 0.4227 -0.8668
vn 0.1440 0.4774 -0.8668
vn 0.2474 0.7945 -0.5545
vn 0.2474 0.7945 -0.5545
vn 0.4351 0.7094 -0.5545
vn 0.2645 0.4227 -0.8668
vn 0.1096 -0.5307 0.8404
vn 0.1942 -0.1942 0.9616
vn 0.5011 -0.1644 0.8496
vn 0.5011 -0.1644 0.8496
vn 0.4369 -0.5753 0.6914
vn 0.1096 -0.5307 0.8404
vn 0.5697 -0.5924 0.5697
vn 0.4369 -0.5753 0.6914
vn 0.5011 -0.1644 0.8496
vn 0.5011 -0.1644 0.8496
vn 0.6977 -0.1626 0.6977
vn 0.5697 -0.5924 0.5697
vn 0.8496 -0.1644 0.5011
vn 0.9783 -0.1467 0.1467
vn 0.8404 -0.5307 0.1096
vn 0.8404 -0.5307 0.1096
vn 0.6914 -0.5753 0.4369
vn 0.8496 -0.1644 0.5011
vn 0.3999 -0.9074 0.1297
vn 0.6914 -0.5753 0.4369
vn 0.8404 -0.5307 0.1096
vn 0.8404 -0.5307 0.1096
vn 0.4971 -0.8669 0.0369
vn 0.3999 -0.9074 0.1297
vn 0.4971 -0.8669 0.0369
vn 0.1463 -0.9892 -0.0000
vn 0.1189 -0.9929 0.0078
vn 0.1189 -0.9929 0.0078
vn 0.3999 -0.9074 0.1297
vn 0.4971 -0.8669 0.0369
vn 0.3999 -0.9074 0.1297
vn 0.1189 -0.9929 0.0078
vn 0.0651 -0.9978 0.0149
vn 0.0651 -0.9978 0.0149
vn 0.1582 -0.9747 0.1582
vn 0.3999 -0.9074 0.1297
vn 0.0149 -0.9978 0.0651
vn 0.1582 -0.9747 0.1582
vn 0.0127 -0.9998 0.0127
vn 0.1297 -0.9073 0.3999
vn 0.1582 -0.9747 0.1582
vn 0.0149 -0.9978 0.0651
vn 0.0149 -0.9978 0.0651
vn 0.0078 -0.9929 0.1189
vn 0.1297 -0.9073 0.3999
vn 0.0078 -0.9929 0.1189
vn 0.0000 -0.9892 0.1463
vn 0.0369 -0.8669 0.4971
vn 0.0369 -0.8669 0.4971
vn 0.1297 -0.9073 0.3999
vn 0.0078 -0.9929 0.1189
vn 0.1297 -0.9073 0.3999
vn 0.0369 -0.8669 0.4971
vn 0.1096 -0.5307 0.8404
vn 0.1096 -0.5307 0.8404
vn 0.4369 -0.5753 0.6914
vn 0.1297 -0.9073 0.3999
vn 0.5697 -0.5924 0.5697
vn 0.6914 -0.5753 0.4369
vn 0.3999 -0.9074 0.1297
vn 0.3999 -0.9074 0.1297
vn 0.1582 -0.9747 0.1582
vn 0.5697 -0.5924 0.5697
vn 0.5011 -0.1644 -0.8496
vn 0.1942 -0.1942 -0.9616
vn 0.1096 -0.5307 -0.8404
vn 0.1096 -0.5307 -0.8404
vn 0.4369 -0.5753 -0.6914
vn 0.5011 -0.1644 -0.8496
vn 0.1297 -0.9074 -0.3999
vn 0.4369 -0.5753 -0.6914
vn 0.1096 -0.5307 -0.8404
vn 0.1096 -0.5307 -0.8404
vn 0.0369 -0.8669 -0.4971
vn 0.1297 -0.9074 -0.3999
vn 0.0369 -0.8669 -0.4971
vn 0.0000 -0.9892 -0.1463
vn 0.0078 -0.9929 -0.1189
vn 0.0078 -0.9929 -0.1189
vn 0.1297 -0.9074 -0.3999
vn 0.0369 -0.8669 -0.4971
vn 0.1297 -0.9074 -0.3999
vn 0.0078 -0.9929 -0.1189
vn 0.0149 -0.9978 -0.0651
vn 0.0149 -0.9978 -0.0651
vn 0.1582 -0.9747 -0.1582
vn 0.1297 -0.9074 -0.3999
vn 0.0651 -0.9978 -0.0149
vn 0.1582 -0.9747 -0.1582
vn 0.0127 -0.9998 -0.0127
vn 0.3999 -0.9073 -0.1297
vn 0.1582 -0.9747 -0.1582
vn 0.0651 -0.9978 -0.0149
vn 0.0651 -0.9978 -0.0149
vn 0.1189 -0.9929 -0.0078
vn 0.3999 -0.9073 -0.1297
vn 0.1189 -0.9929 -0.0078
vn 0.1463 -0.9892 -0.0000
vn 0.4971 -0.8669 -0.0369
vn 0.4971 -0.8669 -0.0369
vn 0.3999 -0.9073 -0.1297
vn 0.1189 -0.9929 -0.0078
vn 0.3999 -0.9073 -0.1297
vn 0.4971 -0.8669 -0.0369
vn 0.8404 -0.5307 -0.1096
vn 0.8404 -0.5307 -0.1096
vn 0.6914 -0.5753 -0.4369
vn 0.3999 -0.9073 -0.1297
vn 0.8404 -0.5307 -0.1096
vn 0.9616 -0.1942 -0.1942
vn 0.8496 -0.1644 -0.5011
vn 0.8496 -0.1644 -0.5011
vn 0.6914 -0.5753 -0.4369
vn 0.8404 -0.5307 -0.1096
vn 0.5697 -0.5924 -0.5697
vn 0.6914 -0.5753 -0.4369
vn 0.8496 -0.1644 -0.5011
vn 0.8496 -0.1644 -0.5011
vn 0.6977 -0.1626 -0.6977
vn 0.5697 -0.5924 -0.5697
vn 0.3999 -0.9073 -0.1297
vn 0.6914 -0.5753 -0.4369
vn 0.5697 -0.5924 -0.5697
vn 0.5697 -0.5924 -0.5697
vn 0.1582 -0.9747 -0.1582
vn 0.3999 -0.9073 -0.1297
vn -0.1526 -0.4605 0.8745
vn -0.0396 -0.1249 0.9914
vn -0.0198 -0.1970 0.9802
vn -0.0198 -0.1970 0.9802
vn -0.0537 -0.4872 0.8716
vn -0.1526 -0.4605 0.8745
vn -0.2615 -0.7904 0.5540
vn -0.1526 -0.4605 0.8745
vn -0.0537 -0.4872 0.8716
vn -0.0537 -0.4872 0.8716
vn -0.0869 -0.8421 0.5322
vn -0.2615 -0.7904 0.5540
vn -0.0869 -0.8421 0.5322
vn -0.0864 -0.9840 0.1557
vn -0.2948 -0.9407 0.1677
vn -0.2948 -0.9407 0.1677
vn -0.2615 -0.7904 0.5540
vn -0.0869 -0.8421 0.5322
vn -0.2615 -0.7904 0.5540
vn -0.2948 -0.9407 0.1677
vn -0.5139 -0.8413 0.1677
vn -0.5139 -0.8413 0.1677
vn -0.4227 -0.7173 0.5540
vn -0.2615 -0.7904 0.5540
vn -0.5139 -0.8413 0.1677
vn -0.6837 -0.7130 0.1557
vn -0.5766 -0.6199 0.5322
vn -0.5766 -0.6199 0.5322
vn -0.4227 -0.7173 0.5540
vn -0.5139 -0.8413 0.1677
vn -0.4227 -0.7173 0.5540
vn -0.5766 -0.6199 0.5322
vn -0.3314 -0.3612 0.8716
vn -0.3314 -0.3612 0.8716
vn -0.2460 -0.4181 0.8744
vn -0.4227 -0.7173 0.5540
vn -0.2460 -0.4181 0.8744
vn -0.3314 -0.3612 0.8716
vn -0.1352 -0.1447 0.9802
vn -0.1352 -0.1447 0.9802
vn -0.0680 -0.1120 0.9914
vn -0.2460 -0.4181 0.8744
vn -0.2460 -0.4181 0.8744
vn -0.0680 -0.1120 0.9914
vn -0.0396 -0.1249 0.9914
vn -0.0396 -0.1249 0.9914
vn -0.1526 -0.4605 0.8745
vn -0.2460 -0.4181 0.8744
vn -0.2460 -0.4181 0.8744
vn -0.1526 -0.4605 0.8745
vn -0.2615 -0.7904 0.5540
vn -0.2615 -0.7904 0.5540
vn -0.4227 -0.7173 0.5540
vn -0.2460 -0.4181 0.8744
vn -0.5766 -0.6199 -0.5322
vn -0.6837 -0.7130 -0.1557
vn -0.5139 -0.8413 -0.1677
vn -0.5139 -0.8413 -0.1677
vn -0.4227 -0.7172 -0.5540
vn -0.5766 -0.6199 -0.5322
vn -0.4227 -0.7172 -0.5540
vn -0.5139 -0.8413 -0.1677
vn -0.2948 -0.9407 -0.1677
vn -0.2948 -0.9407 -0.1677
vn -0.2615 -0.7904 -0.5540
vn -0.4227 -0.7172 -0.5540
vn -0.2948 -0.9407 -0.1677
vn -0.0864 -0.9840 -0.1557
vn -0.0869 -0.8421 -0.5322
vn -0.0869 -0.8421 -0.5322
vn -0.2615 -0.7904 -0.5540
vn -0.2948 -0.9407 -0.1677
vn -0.2615 -0.7904 -0.5540
vn -0.0869 -0.8421 -0.5322
vn -0.0537 -0.4872 -0.8716
vn -0.0537 -0.4872 -0.8716
vn -0.1526 -0.4605 -0.8744
vn -0.2615 -0.7904 -0.5540
vn -0.1526 -0.4605 -0.8744
vn -0.0537 -0.4872 -0.8716
vn -0.0198 -0.1970 -0.9802
vn -0.0198 -0.1970 -0.9802
vn -0.0396 -0.1249 -0.9914
vn -0.1526 -0.4605 -0.8744
vn -0.1526 -0.4605 -0.8744
vn -0.0396 -0.1249 -0.9914
vn -0.0680 -0.1120 -0.9914
vn -0.0680 -0.1120 -0.9914
vn -0.2460 -0.4181 -0.8744
vn -0.1526 -0.4605 -0.8744
vn -0.2460 -0.4181 -0.8744
vn -0.0680 -0.1120 -0.9914
vn -0.1352 -0.1447 -0.9802
vn -0.1352 -0.1447 -0.9802
vn -0.3314 -0.3612 -0.8716
vn -0.2460 -0.4181 -0.8744
vn -0.4227 -0.7172 -0.5540
vn -0.2460 -0.4181 -0.8744
vn -0.3314 -0.3612 -0.8716
vn -0.3314 -0.3612 -0.8716
vn -0.5766 -0.6199 -0.5322
vn -0.4227 -0.7172 -0.5540
vn -0.2460 -0.4181 -0.8744
vn -0.4227 -0.7172 -0.5540
vn -0.2615 -0.7904 -0.5540
vn -0.2615 -0.7904 -0.5540
vn -0.1526 -0.4605 -0.8744
vn -0.2460 -0.4181 -0.8744
vn 0.8131 0.2132 0.5417
vn 0.8516 0.0620 0.5205
vn 0.9715 0.1129 0.2082
vn 0.9715 0.1129 0.2082
vn 0.9530 0.2542 0.1649
vn 0.8131 0.2132 0.5417
vn 0.8131 0.2132 0.5417
vn 0.9530 0.2542 0.1649
vn 0.8846 0.4363 0.1649
vn 0.8846 0.4363 0.1649
vn 0.7523 0.3750 0.5417
vn 0.8131 0.2132 0.5417
vn 0.7523 0.3750 0.5417
vn 0.8846 0.4363 0.1649
vn 0.8054 0.5549 0.2083
vn 0.8054 0.5549 0.2083
vn 0.6816 0.5142 0.5205
vn 0.7523 0.3750 0.5417
vn 0.4519 0.2289 0.8622
vn 0.7523 0.3750 0.5417
vn 0.6816 0.5142 0.5205
vn 0.6816 0.5142 0.5205
vn 0.4079 0.3111 0.8584
vn 0.4519 0.2289 0.8622
vn 0.4079 0.3111 0.8584
vn 0.1488 0.1130 0.9824
vn 0.1336 0.0670 0.9888
vn 0.1336 0.0670 0.9888
vn 0.4519 0.2289 0.8622
vn 0.4079 0.3111 0.8584
vn 0.4519 0.2289 0.8622
vn 0.1336 0.0670 0.9888
vn 0.1447 0.0376 0.9888
vn 0.1447 0.0376 0.9888
vn 0.4908 0.1253 0.8622
vn 0.4519 0.2289 0.8622
vn 0.1447 0.0376 0.9888
vn 0.1864 0.0129 0.9824
vn 0.5117 0.0346 0.8585
vn 0.5117 0.0346 0.8585
vn 0.4908 0.1253 0.8622
vn 0.1447 0.0376 0.9888
vn 0.4908 0.1253 0.8622
vn 0.5117 0.0346 0.8585
vn 0.8516 0.0620 0.5205
vn 0.8516 0.0620 0.5205
vn 0.8131 0.2132 0.5417
vn 0.4908 0.1253 0.8622
vn 0.4908 0.1253 0.8622
vn 0.8131 0.2132 0.5417
vn 0.7523 0.3750 0.5417
vn 0.7523 0.3750 0.5417
vn 0.4519 0.2289 0.8622
vn 0.4908 0.1253 0.8622
vn 0.8131 0.2132 -0.5417
vn 0.9530 0.2542 -0.1649
vn 0.9715 0.1128 -0.2083
vn 0.9715 0.1128 -0.2083
vn 0.8516 0.0619 -0.5205
vn 0.8131 0.2132 -0.5417
vn 0.4908 0.1253 -0.8622
vn 0.8131 0.2132 -0.5417
vn 0.8516 0.0619 -0.5205
vn 0.8516 0.0619 -0.5205
vn 0.5117 0.0347 -0.8584
vn 0.4908 0.1253 -0.8622
vn 0.5117 0.0347 -0.8584
vn 0.1863 0.0131 -0.9824
vn 0.1447 0.0376 -0.9888
vn 0.1447 0.0376 -0.9888
vn 0.4908 0.1253 -0.8622
vn 0.5117 0.0347 -0.8584
vn 0.4908 0.1253 -0.8622
vn 0.1447 0.0376 -0.9888
vn 0.1336 0.0670 -0.9888
vn 0.1336 0.0670 -0.9888
vn 0.4519 0.2290 -0.8622
vn 0.4908 0.1253 -0.8622
vn 0.1336 0.0670 -0.9888
vn 0.1488 0.1130 -0.9824
vn 0.4079 0.3111 -0.8584
vn 0.4079 0.3111 -0.8584
vn 0.4519 0.2290 -0.8622
vn 0.1336 0.0670 -0.9888
vn 0.4519 0.2290 -0.8622
vn 0.4079 0.3111 -0.8584
vn 0.6816 0.5142 -0.5205
vn 0.6816 0.5142 -0.5205
vn 0.7523 0.3750 -0.5417
vn 0.4519 0.2290 -0.8622
vn 0.7523 0.3750 -0.5417
vn 0.6816 0.5142 -0.5205
vn 0.8054 0.5549 -0.2083
vn 0.8054 0.5549 -0.2083
vn 0.8846 0.4363 -0.1649
vn 0.7523 0.3750 -0.5417
vn 0.7523 0.3750 -0.5417
vn 0.8846 0.4363 -0.1649
vn 0.9530 0.2542 -0.1649
vn 0.9530 0.2542 -0.1649
vn 0.8131 0.2132 -0.5417
vn 0.7523 0.3750 -0.5417
vn 0.7523 0.3750 -0.5417
vn 0.8131 0.2132 -0.5417
vn 0.4908 0.1253 -0.8622
vn 0.4908 0.1253 -0.8622
vn 0.4519 0.2290 -0.8622
vn 0.7523 0.3750 -0.5417
vn -0.9541 -0.2511 0.1630
vn -0.9740 -0.0992 0.2038
vn -0.8462 -0.0742 0.5277
vn -0.8462 -0.0742 0.5277
vn -0.8076 -0.2237 0.5456
vn -0.9541 -0.2511 0.1630
vn -0.8076 -0.2237 0.5456
vn -0.8462 -0.0742 0.5277
vn -0.4924 -0.0457 0.8692
vn -0.4924 -0.0457 0.8692
vn -0.4744 -0.1319 0.8704
vn -0.8076 -0.2237 0.5456
vn -0.4744 -0.1319 0.8704
vn -0.4924 -0.0457 0.8692
vn -0.1971 -0.0165 0.9802
vn -0.1971 -0.0165 0.9802
vn -0.1302 -0.0346 0.9909
vn -0.4744 -0.1319 0.8704
vn -0.4744 -0.1319 0.8704
vn -0.1302 -0.0346 0.9909
vn -0.1207 -0.0597 0.9909
vn -0.1207 -0.0597 0.9909
vn -0.4439 -0.2131 0.8704
vn -0.4744 -0.1319 0.8704
vn -0.4439 -0.2131 0.8704
vn -0.1207 -0.0597 0.9909
vn -0.1594 -0.1173 0.9802
vn -0.1594 -0.1173 0.9802
vn -0.4008 -0.2897 0.8692
vn -0.4439 -0.2131 0.8704
vn -0.7551 -0.3634 0.5456
vn -0.4439 -0.2131 0.8704
vn -0.4008 -0.2897 0.8692
vn -0.4008 -0.2897 0.8692
vn -0.6857 -0.5012 0.5278
vn -0.7551 -0.3634 0.5456
vn -0.6857 -0.5012 0.5278
vn -0.7908 -0.5926 0.1535
vn -0.8834 -0.4393 0.1630
vn -0.8834 -0.4393 0.1630
vn -0.7551 -0.3634 0.5456
vn -0.6857 -0.5012 0.5278
vn -0.7551 -0.3634 0.5456
vn -0.8834 -0.4393 0.1630
vn -0.9541 -0.2511 0.1630
vn -0.9541 -0.2511 0.1630
vn -0.8076 -0.2237 0.5456
vn -0.7551 -0.3634 0.5456
vn -0.7551 -0.3634 0.5456
vn -0.8076 -0.2237 0.5456
vn -0.4744 -0.1319 0.8704
vn -0.4744 -0.1319 0.8704
vn -0.4439 -0.2131 0.8704
vn -0.7551 -0.3634 0.5456
vn -0.8462 -0.0742 -0.5278
vn -0.9740 -0.0991 -0.2037
vn -0.9541 -0.2511 -0.1630
vn -0.9541 -0.2511 -0.1630
vn -0.8076 -0.2237 -0.5456
vn -0.8462 -0.0742 -0.5278
vn -0.8076 -0.2237 -0.5456
vn -0.9541 -0.2511 -0.1630
vn -0.8834 -0.4393 -0.1630
vn -0.8834 -0.4393 -0.1630
vn -0.7551 -0.3634 -0.5456
vn -0.8076 -0.2237 -0.5456
vn -0.8834 -0.4393 -0.1630
vn -0.7907 -0.5926 -0.1535
vn -0.6857 -0.5012 -0.5278
vn -0.6857 -0.5012 -0.5278
vn -0.7551 -0.3634 -0.5456
vn -0.8834 -0.4393 -0.1630
vn -0.7551 -0.3634 -0.5456
vn -0.6857 -0.5012 -0.5278
vn -0.4008 -0.2897 -0.8692
vn -0.4008 -0.2897 -0.8692
vn -0.4439 -0.2131 -0.8704
vn -0.7551 -0.3634 -0.5456
vn -0.4439 -0.2131 -0.8704
vn -0.4008 -0.2897 -0.8692
vn -0.1594 -0.1173 -0.9802
vn -0.1594 -0.1173 -0.9802
vn -0.1207 -0.0597 -0.9909
vn -0.4439 -0.2131 -0.8704
vn -0.4439 -0.2131 -0.8704
vn -0.1207 -0.0597 -0.9909
vn -0.1302 -0.0346 -0.9909
vn -0.1302 -0.0346 -0.9909
vn -0.4744 -0.1319 -0.8704
vn -0.4439 -0.2131 -0.8704
vn -0.4744 -0.1319 -0.8704
vn -0.1302 -0.0346 -0.9909
vn -0.1972 -0.0166 -0.9802
vn -0.1972 -0.0166 -0.9802
vn -0.4923 -0.0458 -0.8692
vn -0.4744 -0.1319 -0.8704
vn -0.8076 -0.2237 -0.5456
vn -0.4744 -0.1319 -0.8704
vn -0.4923 -0.0458 -0.8692
vn -0.4923 -0.0458 -0.8692
vn -0.8462 -0.0742 -0.5278
vn -0.8076 -0.2237 -0.5456
vn -0.4744 -0.1319 -0.8704
vn -0.8076 -0.2237 -0.5456
vn -0.7551 -0.3634 -0.5456
vn -0.7551 -0.3634 -0.5456
vn -0.4439 -0.2131 -0.8704
vn -0.4744 -0.1319 -0.8704
vn -0.1096 0.5307 0.8404
vn -0.1942 0.1942 0.9616
vn -0.5011 0.1644 0.8496
vn -0.5011 0.1644 0.8496
vn -0.4369 0.5753 0.6914
vn -0.1096 0.5307 0.8404
vn -0.5697 0.5924 0.5697
vn -0.4369 0.5753 0.6914
vn -0.5011 0.1644 0.8496
vn -0.5011 0.1644 0.8496
vn -0.6977 0.1626 0.6977
vn -0.5697 0.5924 0.5697
vn -0.8496 0.1644 0.5011
vn -0.9616 0.1942 0.1942
vn -0.8404 0.5307 0.1096
vn -0.8404 0.5307 0.1096
vn -0.6914 0.5753 0.4369
vn -0.8496 0.1644 0.5011
vn -0.3999 0.9074 0.1297
vn -0.6914 0.5753 0.4369
vn -0.8404 0.5307 0.1096
vn -0.8404 0.5307 0.1096
vn -0.4971 0.8669 0.0369
vn -0.3999 0.9074 0.1297
vn -0.4971 0.8669 0.0369
vn -0.1948 0.9808 -0.0000
vn -0.1189 0.9929 0.0078
vn -0.1189 0.9929 0.0078
vn -0.3999 0.9074 0.1297
vn -0.4971 0.8669 0.0369
vn -0.3999 0.9074 0.1297
vn -0.1189 0.9929 0.0078
vn -0.0525 0.9982 0.0275
vn -0.0525 0.9982 0.0275
vn -0.1705 0.9705 0.1705
vn -0.3999 0.9074 0.1297
vn -0.0525 0.9982 0.0275
vn 0.0000 1.0000 -0.0000
vn -0.0275 0.9982 0.0525
vn -0.0275 0.9982 0.0525
vn -0.1705 0.9705 0.1705
vn -0.0525 0.9982 0.0275
vn -0.1297 0.9074 0.3999
vn -0.1705 0.9705 0.1705
vn -0.0275 0.9982 0.0525
vn -0.0275 0.9982 0.0525
vn -0.0078 0.9929 0.1189
vn -0.1297 0.9074 0.3999
vn -0.0078 0.9929 0.1189
vn 0.0000 0.9808 0.1948
vn -0.0369 0.8669 0.4971
vn -0.0369 0.8669 0.4971
vn -0.1297 0.9074 0.3999
vn -0.0078 0.9929 0.1189
vn -0.1297 0.9074 0.3999
vn -0.0369 0.8669 0.4971
vn -0.1096 0.5307 0.8404
vn -0.1096 0.5307 0.8404
vn -0.4369 0.5753 0.6914
vn -0.1297 0.9074 0.3999
vn -0.5697 0.5924 0.5697
vn -0.6914 0.5753 0.4369
vn -0.3999 0.9074 0.1297
vn -0.3999 0.9074 0.1297
vn -0.1705 0.9705 0.1705
vn -0.5697 0.5924 0.5697
vn -0.5011 0.1644 -0.8496
vn -0.1942 0.1942 -0.9616
vn -0.1095 0.5307 -0.8404
vn -0.1095 0.5307 -0.8404
vn -0.4369 0.5753 -0.6914
vn -0.5011 0.1644 -0.8496
vn -0.1297 0.9074 -0.3999
vn -0.4369 0.5753 -0.6914
vn -0.1095 0.5307 -0.8404
vn -0.1095 0.5307 -0.8404
vn -0.0369 0.8669 -0.4971
vn -0.1297 0.9074 -0.3999
vn -0.0369 0.8669 -0.4971
vn 0.0000 0.9808 -0.1948
vn -0.0078 0.9929 -0.1189
vn -0.0078 0.9929 -0.1189
vn -0.1297 0.9074 -0.3999
vn -0.0369 0.8669 -0.4971
vn -0.1297 0.9074 -0.3999
vn -0.0078 0.9929 -0.1189
vn -0.0275 0.9982 -0.0525
vn -0.0275 0.9982 -0.0525
vn -0.1705 0.9705 -0.1705
vn -0.1297 0.9074 -0.3999
vn -0.0275 0.9982 -0.0525
vn 0.0000 1.0000 -0.0000
vn -0.0525 0.9982 -0.0275
vn -0.0525 0.9982 -0.0275
vn -0.1705 0.9705 -0.1705
vn -0.0275 0.9982 -0.0525
vn -0.3999 0.9074 -0.1297
vn -0.1705 0.9705 -0.1705
vn -0.0525 0.9982 -0.0275
vn -0.0525 0.9982 -0.0275
vn -0.1189 0.9929 -0.0078
vn -0.3999 0.9074 -0.1297
vn -0.1189 0.9929 -0.0078
vn -0.1948 0.9808 0.0000
vn -0.4971 0.8669 -0.0369
vn -0.4971 0.8669 -0.0369
vn -0.3999 0.9074 -0.1297
vn -0.1189 0.9929 -0.0078
vn -0.3999 0.9074 -0.1297
vn -0.4971 0.8669 -0.0369
vn -0.8404 0.5307 -0.1096
vn -0.8404 0.5307 -0.1096
vn -0.6914 0.5753 -0.4369
vn -0.3999 0.9074 -0.1297
vn -0.8404 0.5307 -0.1096
vn -0.9616 0.1942 -0.1942
vn -0.8496 0.1644 -0.5011
vn -0.8496 0.1644 -0.5011
vn -0.6914 0.5753 -0.4369
vn -0.8404 0.5307 -0.1096
vn -0.5697 0.5924 -0.5697
vn -0.6914 0.5753 -0.4369
vn -0.8496 0.1644 -0.5011
vn -0.8496 0.1644 -0.5011
vn -0.6977 0.1626 -0.6977
vn -0.5697 0.5924 -0.5697
vn -0.3999 0.9074 -0.1297
vn -0.6914 0.5753 -0.4369
vn -0.5697 0.5924 -0.5697
vn -0.5697 0.5924 -0.5697
vn -0.1705 0.9705 -0.1705
vn -0.3999 0.9074 -0.1297
vn -0.0432 0.1413 0.9890
vn -0.0143 0.1841 0.9828
vn -0.0391 0.5094 0.8596
vn -0.0391 0.5094 0.8596
vn -0.1440 0.4774 0.8668
vn -0.0432 0.1413 0.9890
vn -0.1440 0.4774 0.8668
vn -0.0391 0.5094 0.8596
vn -0.0706 0.8478 0.5256
vn -0.0706 0.8478 0.5256
vn -0.2474 0.7945 0.5545
vn -0.1440 0.4774 0.8668
vn -0.2474 0.7945 0.5545
vn -0.0706 0.8478 0.5256
vn -0.1329 0.9676 0.2145
vn -0.1329 0.9676 0.2145
vn -0.2987 0.9385 0.1730
vn -0.2474 0.7945 0.5545
vn -0.2474 0.7945 0.5545
vn -0.2987 0.9385 0.1730
vn -0.5096 0.8429 0.1730
vn -0.5096 0.8429 0.1730
vn -0.4351 0.7094 0.5545
vn -0.2474 0.7945 0.5545
vn -0.4351 0.7094 0.5545
vn -0.5096 0.8429 0.1730
vn -0.6407 0.7372 0.2145
vn -0.6407 0.7372 0.2145
vn -0.5915 0.6114 0.5256
vn -0.4351 0.7094 0.5545
vn -0.2645 0.4227 0.8668
vn -0.4351 0.7094 0.5545
vn -0.5915 0.6114 0.5256
vn -0.5915 0.6114 0.5256
vn -0.3577 0.3649 0.8596
vn -0.2645 0.4227 0.8668
vn -0.3577 0.3649 0.8596
vn -0.1291 0.1320 0.9828
vn -0.0779 0.1255 0.9890
vn -0.0779 0.1255 0.9890
vn -0.2645 0.4227 0.8668
vn -0.3577 0.3649 0.8596
vn -0.2645 0.4227 0.8668
vn -0.0779 0.1255 0.9890
vn -0.0432 0.1413 0.9890
vn -0.0432 0.1413 0.9890
vn -0.1440 0.4774 0.8668
vn -0.2645 0.4227 0.8668
vn -0.2645 0.4227 0.8668
vn -0.1440 0.4774 0.8668
vn -0.2474 0.7945 0.5545
vn -0.2474 0.7945 0.5545
vn -0.4351 0.7094 0.5545
vn -0.2645 0.4227 0.8668
vn -0.4351 0.7094 -0.5545
vn -0.5915 0.6114 -0.5256
vn -0.6407 0.7372 -0.2145
vn -0.6407 0.7372 -0.2145
vn -0.5096 0.8429 -0.1730
vn -0.4351 0.7094 -0.5545
vn -0.4351 0.7094 -0.5545
vn -0.5096 0.8429 -0.1730
vn -0.2987 0.9385 -0.1730
vn -0.2987 0.9385 -0.1730
vn -0.2474 0.7945 -0.5545
vn -0.4351 0.7094 -0.5545
vn -0.2474 0.7945 -0.5545
vn -0.2987 0.9385 -0.1730
vn -0.1329 0.9676 -0.2145
vn -0.1329 0.9676 -0.2145
vn -0.0706 0.8478 -0.5256
vn -0.2474 0.7945 -0.5545
vn -0.1440 0.4774 -0.8668
vn -0.2474 0.7945 -0.5545
vn -0.0706 0.8478 -0.5256
vn -0.0706 0.8478 -0.5256
vn -0.0391 0.5094 -0.8596
vn -0.1440 0.4774 -0.8668
vn -0.0391 0.5094 -0.8596
vn -0.0143 0.1841 -0.9828
vn -0.0432 0.1413 -0.9890
vn -0.0432 0.1413 -0.9890
vn -0.1440 0.4774 -0.8668
vn -0.0391 0.5094 -0.8596
vn -0.1440 0.4774 -0.8668
vn -0.0432 0.1413 -0.9890
vn -0.0779 0.1255 -0.9890
vn -0.0779 0.1255 -0.9890
vn -0.2645 0.4227 -0.8668
vn -0.1440 0.4774 -0.8668
vn -0.0779 0.1255 -0.9890
vn -0.1291 0.1320 -0.9828
vn -0.3577 0.3649 -0.8596
vn -0.3577 0.3649 -0.8596
vn -0.2645 0.4227 -0.8668
vn -0.0779 0.1255 -0.9890
vn -0.2645 0.4227 -0.8668
vn -0.3577 0.3649 -0.8596
vn -0.5915 0.6114 -0.5256
vn -0.5915 0.6114 -0.5256
vn -0.4351 0.7094 -0.5545
vn -0.2645 0.4227 -0.8668
vn -0.2645 0.4227 -0.8668
vn -0.4351 0.7094 -0.5545
vn -0.2474 0.7945 -0.5545
vn -0.2474 0.7945 -0.5545
vn -0.1440 0.4774 -0.8668
vn -0.2645 0.4227 -0.8668
vn -0.5011 -0.1644 0.8496
vn -0.1942 -0.1942 0.9616
vn -0.1096 -0.5307 0.8404
vn -0.1096 -0.5307 0.8404
vn -0.4369 -0.5753 0.6914
vn -0.5011 -0.1644 0.8496
vn -0.1297 -0.9074 0.3999
vn -0.4369 -0.5753 0.6914
vn -0.1096 -0.5307 0.8404
vn -0.1096 -0.5307 0.8404
vn -0.0369 -0.8669 0.4971
vn -0.1297 -0.9074 0.3999
vn -0.0369 -0.8669 0.4971
vn 0.0000 -0.9892 0.1463
vn -0.0078 -0.9929 0.1189
vn -0.0078 -0.9929 0.1189
vn -0.1297 -0.9074 0.3999
vn -0.0369 -0.8669 0.4971
vn -0.1297 -0.9074 0.3999
vn -0.0078 -0.9929 0.1189
vn -0.0149 -0.9978 0.0651
vn -0.0149 -0.9978 0.0651
vn -0.1582 -0.9747 0.1582
vn -0.1297 -0.9074 0.3999
vn -0.0651 -0.9978 0.0149
vn -0.1582 -0.9747 0.1582
vn -0.0127 -0.9998 0.0127
vn -0.3999 -0.9073 0.1297
vn -0.1582 -0.9747 0.1582
vn -0.0651 -0.9978 0.0149
vn -0.0651 -0.9978 0.0149
vn -0.1189 -0.9929 0.0078
vn -0.3999 -0.9073 0.1297
vn -0.1189 -0.9929 0.0078
vn -0.1463 -0.9892 -0.0000
vn -0.4971 -0.8669 0.0369
vn -0.4971 -0.8669 0.0369
vn -0.3999 -0.9073 0.1297
vn -0.1189 -0.9929 0.0078
vn -0.3999 -0.9073 0.1297
vn -0.4971 -0.8669 0.0369
vn -0.8404 -0.5307 0.1096
vn -0.8404 -0.5307 0.1096
vn -0.6914 -0.5753 0.4369
vn -0.3999 -0.9073 0.1297
vn -0.8404 -0.5307 0.1096
vn -0.9616 -0.1942 0.1942
vn -0.8496 -0.1644 0.5011
vn -0.8496 -0.1644 0.5011
vn -0.6914 -0.5753 0.4369
vn -0.8404 -0.5307 0.1096
vn -0.5697 -0.5924 0.5697
vn -0.6914 -0.5753 0.4369
vn -0.8496 -0.1644 0.5011
vn -0.8496 -0.1644 0.5011
vn -0.6977 -0.1626 0.6977
vn -0.5697 -0.5924 0.5697
vn -0.3999 -0.9073 0.1297
vn -0.6914 -0.5753 0.4369
vn -0.5697 -0.5924 0.5697
vn -0.5697 -0.5924 0.5697
vn -0.1582 -0.9747 0.1582
vn -0.3999 -0.9073 0.1297
vn -0.0149 -0.9978 -0.0651
vn -0.1582 -0.9747 -0.1582
vn -0.0127 -0.9998 -0.0127
vn -0.1297 -0.9073 -0.3999
vn -0.1582 -0.9747 -0.1582
vn -0.0149 -0.9978 -0.0651
vn -0.0149 -0.9978 -0.0651
vn -0.0078 -0.9929 -0.1189
vn -0.1297 -0.9073 -0.3999
vn -0.0078 -0.9929 -0.1189
vn 0.0000 -0.9892 -0.1463
vn -0.0369 -0.8669 -0.4971
vn -0.0369 -0.8669 -0.4971
vn -0.1297 -0.9073 -0.3999
vn -0.0078 -0.9929 -0.1189
vn -0.1297 -0.9073 -0.3999
vn -0.0369 -0.8669 -0.4971
vn -0.1096 -0.5307 -0.8404
vn -0.1096 -0.5307 -0.8404
vn -0.4369 -0.5753 -0.6914
vn -0.1297 -0.9073 -0.3999
vn -0.1096 -0.5307 -0.8404
vn -0.1942 -0.1942 -0.9616
vn -0.5011 -0.1644 -0.8496
vn -0.5011 -0.1644 -0.8496
vn -0.4369 -0.5753 -0.6914
vn -0.1096 -0.5307 -0.8404
vn -0.5697 -0.5924 -0.5697
vn -0.4369 -0.5753 -0.6914
vn -0.5011 -0.1644 -0.8496
vn -0.5011 -0.1644 -0.8496
vn -0.6977 -0.1626 -0.6977
vn -0.5697 -0.5924 -0.5697
vn -0.8496 -0.1644 -0.5011
vn -0.9616 -0.1942 -0.1942
vn -0.8404 -0.5307 -0.1096
vn -0.8404 -0.5307 -0.1096
vn -0.6914 -0.5753 -0.4369
vn -0.8496 -0.1644 -0.5011
vn -0.3999 -0.9074 -0.1297
vn -0.6914 -0.5753 -0.4369
vn -0.8404 -0.5307 -0.1096
vn -0.8404 -0.5307 -0.1096
vn -0.4971 -0.8669 -0.0369
vn -0.3999 -0.9074 -0.1297
vn -0.4971 -0.8669 -0.0369
vn -0.1463 -0.9892 -0.0000
vn -0.1189 -0.9929 -0.0078
vn -0.1189 -0.9929 -0.0078
vn -0.3999 -0.9074 -0.1297
vn -0.4971 -0.8669 -0.0369
vn -0.3999 -0.9074 -0.1297
vn -0.1189 -0.9929 -0.0078
vn -0.0651 -0.9978 -0.0149
vn -0.0651 -0.9978 -0.0149
vn -0.1582 -0.9747 -0.1582
vn -0.3999 -0.9074 -0.1297
vn -0.5697 -0.5924 -0.5697
vn -0.6914 -0.5753 -0.4369
vn -0.3999 -0.9074 -0.1297
vn -0.3999 -0.9074 -0.1297
vn -0.1582 -0.9747 -0.1582
vn -0.5697 -0.5924 -0.5697
vn 0.1526 -0.4605 0.8744
vn 0.0537 -0.4872 0.8716
vn 0.0198 -0.1970 0.9802
vn 0.0198 -0.1970 0.9802
vn 0.0396 -0.1249 0.9914
vn 0.1526 -0.4605 0.8744
vn 0.1526 -0.4605 0.8744
vn 0.0396 -0.1249 0.9914
vn 0.0680 -0.1120 0.9914
vn 0.0680 -0.1120 0.9914
vn 0.2460 -0.4181 0.8744
vn 0.1526 -0.4605 0.8744
vn 0.2460 -0.4181 0.8744
vn 0.0680 -0.1120 0.9914
vn 0.1352 -0.1447 0.9802
vn 0.1352 -0.1447 0.9802
vn 0.3314 -0.3612 0.8716
vn 0.2460 -0.4181 0.8744
vn 0.4227 -0.7172 0.5540
vn 0.2460 -0.4181 0.8744
vn 0.3314 -0.3612 0.8716
vn 0.3314 -0.3612 0.8716
vn 0.5766 -0.6199 0.5322
vn 0.4227 -0.7172 0.5540
vn 0.5766 -0.6199 0.5322
vn 0.6558 -0.7261 0.2066
vn 0.5139 -0.8413 0.1677
vn 0.5139 -0.8413 0.1677
vn 0.4227 -0.7172 0.5540
vn 0.5766 -0.6199 0.5322
vn 0.4227 -0.7172 0.5540
vn 0.5139 -0.8413 0.1677
vn 0.2948 -0.9407 0.1677
vn 0.2948 -0.9407 0.1677
vn 0.2615 -0.7904 0.5540
vn 0.4227 -0.7172 0.5540
vn 0.2948 -0.9407 0.1677
vn 0.0864 -0.9840 0.1557
vn 0.0869 -0.8421 0.5322
vn 0.0869 -0.8421 0.5322
vn 0.2615 -0.7904 0.5540
vn 0.2948 -0.9407 0.1677
vn 0.2615 -0.7904 0.5540
vn 0.0869 -0.8421 0.5322
vn 0.0537 -0.4872 0.8716
vn 0.0537 -0.4872 0.8716
vn 0.1526 -0.4605 0.8744
vn 0.2615 -0.7904 0.5540
vn 0.2615 -0.7904 0.5540
vn 0.1526 -0.4605 0.8744
vn 0.2460 -0.4181 0.8744
vn 0.2460 -0.4181 0.8744
vn 0.4227 -0.7172 0.5540
vn 0.2615 -0.7904 0.5540
vn 0.1526 -0.4605 -0.8745
vn 0.0396 -0.1249 -0.9914
vn 0.0198 -0.1970 -0.9802
vn 0.0198 -0.1970 -0.9802
vn 0.0537 -0.4872 -0.8716
vn 0.1526 -0.4605 -0.8745
vn 0.2615 -0.7904 -0.5540
vn 0.1526 -0.4605 -0.8745
vn 0.0537 -0.4872 -0.8716
vn 0.0537 -0.4872 -0.8716
vn 0.0869 -0.8421 -0.5322
vn 0.2615 -0.7904 -0.5540
vn 0.0869 -0.8421 -0.5322
vn 0.0864 -0.9840 -0.1557
vn 0.2948 -0.9407 -0.1677
vn 0.2948 -0.9407 -0.1677
vn 0.2615 -0.7904 -0.5540
vn 0.0869 -0.8421 -0.5322
vn 0.2615 -0.7904 -0.5540
vn 0.2948 -0.9407 -0.1677
vn 0.5139 -0.8413 -0.1677
vn 0.5139 -0.8413 -0.1677
vn 0.4227 -0.7173 -0.5540
vn 0.2615 -0.7904 -0.5540
vn 0.5139 -0.8413 -0.1677
vn 0.6558 -0.7261 -0.2066
vn 0.5766 -0.6199 -0.5322
vn 0.5766 -0.6199 -0.5322
vn 0.4227 -0.7173 -0.5540
vn 0.5139 -0.8413 -0.1677
vn 0.4227 -0.7173 -0.5540
vn 0.5766 -0.6199 -0.5322
vn 0.3314 -0.3612 -0.8716
vn 0.3314 -0.3612 -0.8716
vn 0.2460 -0.4181 -0.8744
vn 0.4227 -0.7173 -0.5540
vn 0.2460 -0.4181 -0.8744
vn 0.3314 -0.3612 -0.8716
vn 0.1352 -0.1447 -0.9802
vn 0.1352 -0.1447 -0.9802
vn 0.0680 -0.1120 -0.9914
vn 0.2460 -0.4181 -0.8744
vn 0.2460 -0.4181 -0.8744
vn 0.0680 -0.1120 -0.9914
vn 0.0396 -0.1249 -0.9914
vn 0.0396 -0.1249 -0.9914
vn 0.1526 -0.4605 -0.8745
vn 0.2460 -0.4181 -0.8744
vn 0.2460 -0.4181 -0.8744
vn 0.1526 -0.4605 -0.8745
vn 0.2615 -0.7904 -0.5540
vn 0.2615 -0.7904 -0.5540
vn 0.4227 -0.7173 -0.5540
vn 0.2460 -0.4181 -0.8744
vn -0.8131 0.2132 0.5417
vn -0.9530 0.2542 0.1649
vn -0.9715 0.1128 0.2083
vn -0.9715 0.1128 0.2083
vn -0.8516 0.0619 0.5205
vn -0.8131 0.2132 0.5417
vn -0.4908 0.1253 0.8622
vn -0.8131 0.2132 0.5417
vn -0.8516 0.0619 0.5205
vn -0.8516 0.0619 0.5205
vn -0.5117 0.0347 0.8584
vn -0.4908 0.1253 0.8622
vn -0.5117 0.0347 0.8584
vn -0.1863 0.0131 0.9824
vn -0.1447 0.0376 0.9888
vn -0.1447 0.0376 0.9888
vn -0.4908 0.1253 0.8622
vn -0.5117 0.0347 0.8584
vn -0.4908 0.1253 0.8622
vn -0.1447 0.0376 0.9888
vn -0.1336 0.0670 0.9888
vn -0.1336 0.0670 0.9888
vn -0.4519 0.2290 0.8622
vn -0.4908 0.1253 0.8622
vn -0.1336 0.0670 0.9888
vn -0.1488 0.1130 0.9824
vn -0.4079 0.3111 0.8584
vn -0.4079 0.3111 0.8584
vn -0.4519 0.2290 0.8622
vn -0.1336 0.0670 0.9888
vn -0.4519 0.2290 0.8622
vn -0.4079 0.3111 0.8584
vn -0.6816 0.5142 0.5205
vn -0.6816 0.5142 0.5205
vn -0.7523 0.3750 0.5417
vn -0.4519 0.2290 0.8622
vn -0.7523 0.3750 0.5417
vn -0.6816 0.5142 0.5205
vn -0.8054 0.5549 0.2083
vn -0.8054 0.5549 0.2083
vn -0.8846 0.4363 0.1649
vn -0.7523 0.3750 0.5417
vn -0.7523 0.3750 0.5417
vn -0.8846 0.4363 0.1649
vn -0.9530 0.2542 0.1649
vn -0.9530 0.2542 0.1649
vn -0.8131 0.2132 0.5417
vn -0.7523 0.3750 0.5417
vn -0.7523 0.3750 0.5417
vn -0.8131 0.2132 0.5417
vn -0.4908 0.1253 0.8622
vn -0.4908 0.1253 0.8622
vn -0.4519 0.2290 0.8622
vn -0.7523 0.3750 0.5417
vn -0.8131 0.2132 -0.5417
vn -0.8516 0.0620 -0.5205
vn -0.9715 0.1129 -0.2082
vn -0.9715 0.1129 -0.2082
vn -0.9530 0.2542 -0.1649
vn -0.8131 0.2132 -0.5417
vn -0.8131 0.2132 -0.5417
vn -0.9530 0.2542 -0.1649
vn -0.8846 0.4363 -0.1649
vn -0.8846 0.4363 -0.1649
vn -0.7523 0.3750 -0.5417
vn -0.8131 0.2132 -0.5417
vn -0.7523 0.3750 -0.5417
vn -0.8846 0.4363 -0.1649
vn -0.8054 0.5549 -0.2083
vn -0.8054 0.5549 -0.2083
vn -0.6816 0.5142 -0.5205
vn -0.7523 0.3750 -0.5417
vn -0.4519 0.2289 -0.8622
vn -0.7523 0.3750 -0.5417
vn -0.6816 0.5142 -0.5205
vn -0.6816 0.5142 -0.5205
vn -0.4079 0.3111 -0.8584
vn -0.4519 0.2289 -0.8622
vn -0.4079 0.3111 -0.8584
vn -0.1488 0.1130 -0.9824
vn -0.1336 0.0670 -0.9888
vn -0.1336 0.0670 -0.9888
vn -0.4519 0.2289 -0.8622
vn -0.4079 0.3111 -0.8584
vn -0.4519 0.2289 -0.8622
vn -0.1336 0.0670 -0.9888
vn -0.1447 0.0376 -0.9888
vn -0.1447 0.0376 -0.9888
vn -0.4908 0.1253 -0.8622
vn -0.4519 0.2289 -0.8622
vn -0.1447 0.0376 -0.9888
vn -0.1864 0.0129 -0.9824
vn -0.5117 0.0346 -0.8585
vn -0.5117 0.0346 -0.8585
vn -0.4908 0.1253 -0.8622
vn -0.1447 0.0376 -0.9888
vn -0.4908 0.1253 -0.8622
vn -0.5117 0.0346 -0.8585
vn -0.8516 0.0620 -0.5205
vn -0.8516 0.0620 -0.5205
vn -0.8131 0.2132 -0.5417
vn -0.4908 0.1253 -0.8622
vn -0.4908 0.1253 -0.8622
vn -0.8131 0.2132 -0.5417
vn -0.7523 0.3750 -0.5417
vn -0.7523 0.3750 -0.5417
vn -0.4519 0.2289 -0.8622
vn -0.4908 0.1253 -0.8622
vn 0.8462 -0.0742 0.5278
vn 0.9740 -0.0991 0.2037
vn 0.9541 -0.2511 0.1630
vn 0.9541 -0.2511 0.1630
vn 0.8076 -0.2237 0.5456
vn 0.8462 -0.0742 0.5278
vn 0.8076 -0.2237 0.5456
vn 0.9541 -0.2511 0.1630
vn 0.8834 -0.4393 0.1630
vn 0.8834 -0.4393 0.1630
vn 0.7551 -0.3634 0.5456
vn 0.8076 -0.2237 0.5456
vn 0.8834 -0.4393 0.1630
vn 0.7983 -0.5667 0.2038
vn 0.6857 -0.5012 0.5278
vn 0.6857 -0.5012 0.5278
vn 0.7551 -0.3634 0.5456
vn 0.8834 -0.4393 0.1630
vn 0.7551 -0.3634 0.5456
vn 0.6857 -0.5012 0.5278
vn 0.4008 -0.2897 0.8692
vn 0.4008 -0.2897 0.8692
vn 0.4439 -0.2131 0.8704
vn 0.7551 -0.3634 0.5456
vn 0.4439 -0.2131 0.8704
vn 0.4008 -0.2897 0.8692
vn 0.1594 -0.1173 0.9802
vn 0.1594 -0.1173 0.9802
vn 0.1207 -0.0597 0.9909
vn 0.4439 -0.2131 0.8704
vn 0.4439 -0.2131 0.8704
vn 0.1207 -0.0597 0.9909
vn 0.1302 -0.0346 0.9909
vn 0.1302 -0.0346 0.9909
vn 0.4744 -0.1319 0.8704
vn 0.4439 -0.2131 0.8704
vn 0.4744 -0.1319 0.8704
vn 0.1302 -0.0346 0.9909
vn 0.1972 -0.0166 0.9802
vn 0.1972 -0.0166 0.9802
vn 0.4923 -0.0458 0.8692
vn 0.4744 -0.1319 0.8704
vn 0.8076 -0.2237 0.5456
vn 0.4744 -0.1319 0.8704
vn 0.4923 -0.0458 0.8692
vn 0.4923 -0.0458 0.8692
vn 0.8462 -0.0742 0.5278
vn 0.8076 -0.2237 0.5456
vn 0.4744 -0.1319 0.8704
vn 0.8076 -0.2237 0.5456
vn 0.7551 -0.3634 0.5456
vn 0.7551 -0.3634 0.5456
vn 0.4439 -0.2131 0.8704
vn 0.4744 -0.1319 0.8704
vn 0.9541 -0.2511 -0.1630
vn 0.9740 -0.0992 -0.2038
vn 0.8462 -0.0742 -0.5277
vn 0.8462 -0.0742 -0.5277
vn 0.8076 -0.2237 -0.5456
vn 0.9541 -0.2511 -0.1630
vn 0.8076 -0.2237 -0.5456
vn 0.8462 -0.0742 -0.5277
vn 0.4924 -0.0457 -0.8692
vn 0.4924 -0.0457 -0.8692
vn 0.4744 -0.1319 -0.8704
vn 0.8076 -0.2237 -0.5456
vn 0.4744 -0.1319 -0.8704
vn 0.4924 -0.0457 -0.8692
vn 0.1971 -0.0165 -0.9802
vn 0.1971 -0.0165 -0.9802
vn 0.1302 -0.0346 -0.9909
vn 0.4744 -0.1319 -0.8704
vn 0.4744 -0.1319 -0.8704
vn 0.1302 -0.0346 -0.9909
vn 0.1207 -0.0597 -0.9909
vn 0.1207 -0.0597 -0.9909
vn 0.4439 -0.2131 -0.8704
vn 0.4744 -0.1319 -0.8704
vn 0.4439 -0.2131 -0.8704
vn 0.1207 -0.0597 -0.9909
vn 0.1594 -0.1173 -0.9802
vn 0.1594 -0.1173 -0.9802
vn 0.4008 -0.2897 -0.8692
vn 0.4439 -0.2131 -0.8704
vn 0.7551 -0.3634 -0.5456
vn 0.4439 -0.2131 -0.8704
vn 0.4008 -0.2897 -0.8692
vn 0.4008 -0.2897 -0.8692
vn 0.6857 -0.5012 -0.5278
vn 0.7551 -0.3634 -0.5456
vn 0.6857 -0.5012 -0.5278
vn 0.7983 -0.5667 -0.2038
vn 0.8834 -0.4393 -0.1630
vn 0.8834 -0.4393 -0.1630
vn 0.7551 -0.3634 -0.5456
vn 0.6857 -0.5012 -0.5278
vn 0.7551 -0.3634 -0.5456
vn 0.8834 -0.4393 -0.1630
vn 0.9541 -0.2511 -0.1630
vn 0.9541 -0.2511 -0.1630
vn 0.8076 -0.2237 -0.5456
vn 0.7551 -0.3634 -0.5456
vn 0.7551 -0.3634 -0.5456
vn 0.8076 -0.2237 -0.5456
vn 0.4744 -0.1319 -0.8704
vn 0.4744 -0.1319 -0.8704
vn 0.4439 -0.2131 -0.8704
vn 0.7551 -0.3634 -0.5456
vn -0.5545 0.7094 -0.4351
vn -0.1730 0.8429 -0.5096
vn -0.2145 0.7372 -0.6407
vn -0.2145 0.7372 -0.6407
vn -0.5256 0.6114 -0.5915
vn -0.5545 0.7094 -0.4351
vn -0.8668 0.4227 -0.2645
vn -0.5545 0.7094 -0.4351
vn -0.5256 0.6114 -0.5915
vn -0.5256 0.6114 -0.5915
vn -0.8596 0.3649 -0.3577
vn -0.8668 0.4227 -0.2645
vn -0.8596 0.3649 -0.3577
vn -0.9828 0.1320 -0.1291
vn -0.9890 0.1255 -0.0779
vn -0.9890 0.1255 -0.0779
vn -0.8668 0.4227 -0.2645
vn -0.8596 0.3649 -0.3577
vn -0.8668 0.4227 -0.2645
vn -0.9890 0.1255 -0.0779
vn -0.9890 0.1413 -0.0432
vn -0.9890 0.1413 -0.0432
vn -0.8668 0.4774 -0.1440
vn -0.8668 0.4227 -0.2645
vn -0.9890 0.1413 -0.0432
vn -0.9828 0.1841 -0.0143
vn -0.8596 0.5094 -0.0391
vn -0.8596 0.5094 -0.0391
vn -0.8668 0.4774 -0.1440
vn -0.9890 0.1413 -0.0432
vn -0.8668 0.4774 -0.1440
vn -0.8596 0.5094 -0.0391
vn -0.5256 0.8478 -0.0706
vn -0.5256 0.8478 -0.0706
vn -0.5545 0.7945 -0.2474
vn -0.8668 0.4774 -0.1440
vn -0.5545 0.7945 -0.2474
vn -0.5256 0.8478 -0.0706
vn -0.2145 0.9676 -0.1329
vn -0.2145 0.9676 -0.1329
vn -0.1730 0.9385 -0.2987
vn -0.5545 0.7945 -0.2474
vn -0.5545 0.7945 -0.2474
vn -0.1730 0.9385 -0.2987
vn -0.1730 0.8429 -0.5096
vn -0.1730 0.8429 -0.5096
vn -0.5545 0.7094 -0.4351
vn -0.5545 0.7945 -0.2474
vn -0.5545 0.7945 -0.2474
vn -0.5545 0.7094 -0.4351
vn -0.8668 0.4227 -0.2645
vn -0.8668 0.4227 -0.2645
vn -0.8668 0.4774 -0.1440
vn -0.5545 0.7945 -0.2474
vn 0.5545 0.7094 -0.4351
vn 0.5256 0.6114 -0.5915
vn 0.2145 0.7372 -0.6407
vn 0.2145 0.7372 -0.6407
vn 0.1730 0.8429 -0.5096
vn 0.5545 0.7094 -0.4351
vn 0.5545 0.7094 -0.4351
vn 0.1730 0.8429 -0.5096
vn 0.1730 0.9385 -0.2987
vn 0.1730 0.9385 -0.2987
vn 0.5545 0.7945 -0.2474
vn 0.5545 0.7094 -0.4351
vn 0.5545 0.7945 -0.2474
vn 0.1730 0.9385 -0.2987
vn 0.2145 0.9676 -0.1329
vn 0.2145 0.9676 -0.1329
vn 0.5256 0.8478 -0.0706
vn 0.5545 0.7945 -0.2474
vn 0.8668 0.4774 -0.1440
vn 0.5545 0.7945 -0.2474
vn 0.5256 0.8478 -0.0706
vn 0.5256 0.8478 -0.0706
vn 0.8596 0.5094 -0.0391
vn 0.8668 0.4774 -0.1440
vn 0.8596 0.5094 -0.0391
vn 0.9828 0.1841 -0.0143
vn 0.9890 0.1413 -0.0432
vn 0.9890 0.1413 -0.0432
vn 0.8668 0.4774 -0.1440
vn 0.8596 0.5094 -0.0391
vn 0.8668 0.4774 -0.1440
vn 0.9890 0.1413 -0.0432
vn 0.9890 0.1255 -0.0779
vn 0.9890 0.1255 -0.0779
vn 0.8668 0.4227 -0.2645
vn 0.8668 0.4774 -0.1440
vn 0.9890 0.1255 -0.0779
vn 0.9828 0.1320 -0.1291
vn 0.8596 0.3649 -0.3577
vn 0.8596 0.3649 -0.3577
vn 0.8668 0.4227 -0.2645
vn 0.9890 0.1255 -0.0779
vn 0.8668 0.4227 -0.2645
vn 0.8596 0.3649 -0.3577
vn 0.5256 0.6114 -0.5915
vn 0.5256 0.6114 -0.5915
vn 0.5545 0.7094 -0.4351
vn 0.8668 0.4227 -0.2645
vn 0.8668 0.4227 -0.2645
vn 0.5545 0.7094 -0.4351
vn 0.5545 0.7945 -0.2474
vn 0.5545 0.7945 -0.2474
vn 0.8668 0.4774 -0.1440
vn 0.8668 0.4227 -0.2645
vn -0.5322 -0.6199 0.5766
vn -0.2066 -0.7261 0.6558
vn -0.1677 -0.8413 0.5139
vn -0.1677 -0.8413 0.5139
vn -0.5540 -0.7173 0.4227
vn -0.5322 -0.6199 0.5766
vn -0.5540 -0.7173 0.4227
vn -0.1677 -0.8413 0.5139
vn -0.1677 -0.9407 0.2948
vn -0.1677 -0.9407 0.2948
vn -0.5540 -0.7904 0.2615
vn -0.5540 -0.7173 0.4227
vn -0.1677 -0.9407 0.2948
vn -0.1557 -0.9840 0.0864
vn -0.5322 -0.8421 0.0869
vn -0.5322 -0.8421 0.0869
vn -0.5540 -0.7904 0.2615
vn -0.1677 -0.9407 0.2948
vn -0.5540 -0.7904 0.2615
vn -0.5322 -0.8421 0.0869
vn -0.8716 -0.4873 0.0537
vn -0.8716 -0.4873 0.0537
vn -0.8744 -0.4605 0.1526
vn -0.5540 -0.7904 0.2615
vn -0.8744 -0.4605 0.1526
vn -0.8716 -0.4873 0.0537
vn -0.9802 -0.1970 0.0198
vn -0.9802 -0.1970 0.0198
vn -0.9914 -0.1249 0.0396
vn -0.8744 -0.4605 0.1526
vn -0.8744 -0.4605 0.1526
vn -0.9914 -0.1249 0.0396
vn -0.9914 -0.1120 0.0680
vn -0.9914 -0.1120 0.0680
vn -0.8744 -0.4181 0.2460
vn -0.8744 -0.4605 0.1526
vn -0.8744 -0.4181 0.2460
vn -0.9914 -0.1120 0.0680
vn -0.9802 -0.1447 0.1352
vn -0.9802 -0.1447 0.1352
vn -0.8716 -0.3612 0.3314
vn -0.8744 -0.4181 0.2460
vn -0.5540 -0.7173 0.4227
vn -0.8744 -0.4181 0.2460
vn -0.8716 -0.3612 0.3314
vn -0.8716 -0.3612 0.3314
vn -0.5322 -0.6199 0.5766
vn -0.5540 -0.7173 0.4227
vn -0.8744 -0.4181 0.2460
vn -0.5540 -0.7173 0.4227
vn -0.5540 -0.7904 0.2615
vn -0.5540 -0.7904 0.2615
vn -0.8744 -0.4605 0.1526
vn -0.8744 -0.4181 0.2460
vn 0.1677 -0.8413 0.5139
vn 0.2066 -0.7261 0.6558
vn 0.5322 -0.6199 0.5766
vn 0.5322 -0.6199 0.5766
vn 0.5540 -0.7172 0.4227
vn 0.1677 -0.8413 0.5139
vn 0.5540 -0.7172 0.4227
vn 0.5322 -0.6199 0.5766
vn 0.8716 -0.3612 0.3314
vn 0.8716 -0.3612 0.3314
vn 0.8744 -0.4181 0.2460
vn 0.5540 -0.7172 0.4227
vn 0.8744 -0.4181 0.2460
vn 0.8716 -0.3612 0.3314
vn 0.9802 -0.1447 0.1352
vn 0.9802 -0.1447 0.1352
vn 0.9914 -0.1120 0.0680
vn 0.8744 -0.4181 0.2460
vn 0.8744 -0.4181 0.2460
vn 0.9914 -0.1120 0.0680
vn 0.9914 -0.1249 0.0396
vn 0.9914 -0.1249 0.0396
vn 0.8745 -0.4605 0.1526
vn 0.8744 -0.4181 0.2460
vn 0.8745 -0.4605 0.1526
vn 0.9914 -0.1249 0.0396
vn 0.9802 -0.1970 0.0198
vn 0.9802 -0.1970 0.0198
vn 0.8716 -0.4873 0.0537
vn 0.8745 -0.4605 0.1526
vn 0.5540 -0.7904 0.2615
vn 0.8745 -0.4605 0.1526
vn 0.8716 -0.4873 0.0537
vn 0.8716 -0.4873 0.0537
vn 0.5322 -0.8421 0.0869
vn 0.5540 -0.7904 0.2615
vn 0.5322 -0.8421 0.0869
vn 0.1557 -0.9840 0.0864
vn 0.1677 -0.9407 0.2948
vn 0.1677 -0.9407 0.2948
vn 0.5540 -0.7904 0.2615
vn 0.5322 -0.8421 0.0869
vn 0.5540 -0.7904 0.2615
vn 0.1677 -0.9407 0.2948
vn 0.1677 -0.8413 0.5139
vn 0.1677 -0.8413 0.5139
vn 0.5540 -0.7172 0.4227
vn 0.5540 -0.7904 0.2615
vn 0.5540 -0.7904 0.2615
vn 0.5540 -0.7172 0.4227
vn 0.8744 -0.4181 0.2460
vn 0.8744 -0.4181 0.2460
vn 0.8745 -0.4605 0.1526
vn 0.5540 -0.7904 0.2615
vn -0.5417 0.2132 -0.8131
vn -0.1649 0.2542 -0.9530
vn -0.2083 0.1128 -0.9715
vn -0.2083 0.1128 -0.9715
vn -0.5205 0.0619 -0.8516
vn -0.5417 0.2132 -0.8131
vn -0.8622 0.1253 -0.4908
vn -0.5417 0.2132 -0.8131
vn -0.5205 0.0619 -0.8516
vn -0.5205 0.0619 -0.8516
vn -0.8584 0.0347 -0.5117
vn -0.8622 0.1253 -0.4908
vn -0.8584 0.0347 -0.5117
vn -0.9824 0.0131 -0.1863
vn -0.9888 0.0376 -0.1447
vn -0.9888 0.0376 -0.1447
vn -0.8622 0.1253 -0.4908
vn -0.8584 0.0347 -0.5117
vn -0.8622 0.1253 -0.4908
vn -0.9888 0.0376 -0.1447
vn -0.9888 0.0670 -0.1336
vn -0.9888 0.0670 -0.1336
vn -0.8622 0.2290 -0.4519
vn -0.8622 0.1253 -0.4908
vn -0.9888 0.0670 -0.1336
vn -0.9824 0.1130 -0.1488
vn -0.8584 0.3111 -0.4079
vn -0.8584 0.3111 -0.4079
vn -0.8622 0.2290 -0.4519
vn -0.9888 0.0670 -0.1336
vn -0.8622 0.2290 -0.4519
vn -0.8584 0.3111 -0.4079
vn -0.5205 0.5142 -0.6816
vn -0.5205 0.5142 -0.6816
vn -0.5417 0.3750 -0.7523
vn -0.8622 0.2290 -0.4519
vn -0.5417 0.3750 -0.7523
vn -0.5205 0.5142 -0.6816
vn -0.2083 0.5549 -0.8054
vn -0.2083 0.5549 -0.8054
vn -0.1649 0.4363 -0.8846
vn -0.5417 0.3750 -0.7523
vn -0.5417 0.3750 -0.7523
vn -0.1649 0.4363 -0.8846
vn -0.1649 0.2542 -0.9530
vn -0.1649 0.2542 -0.9530
vn -0.5417 0.2132 -0.8131
vn -0.5417 0.3750 -0.7523
vn -0.5417 0.3750 -0.7523
vn -0.5417 0.2132 -0.8131
vn -0.8622 0.1253 -0.4908
vn -0.8622 0.1253 -0.4908
vn -0.8622 0.2290 -0.4519
vn -0.5417 0.3750 -0.7523
vn 0.5417 0.2132 -0.8131
vn 0.5205 0.0620 -0.8516
vn 0.2082 0.1129 -0.9715
vn 0.2082 0.1129 -0.9715
vn 0.1649 0.2542 -0.9530
vn 0.5417 0.2132 -0.8131
vn 0.5417 0.2132 -0.8131
vn 0.1649 0.2542 -0.9530
vn 0.1649 0.4363 -0.8846
vn 0.1649 0.4363 -0.8846
vn 0.5417 0.3750 -0.7523
vn 0.5417 0.2132 -0.8131
vn 0.5417 0.3750 -0.7523
vn 0.1649 0.4363 -0.8846
vn 0.2083 0.5549 -0.8054
vn 0.2083 0.5549 -0.8054
vn 0.5205 0.5142 -0.6816
vn 0.5417 0.3750 -0.7523
vn 0.8622 0.2289 -0.4519
vn 0.5417 0.3750 -0.7523
vn 0.5205 0.5142 -0.6816
vn 0.5205 0.5142 -0.6816
vn 0.8584 0.3111 -0.4079
vn 0.8622 0.2289 -0.4519
vn 0.8584 0.3111 -0.4079
vn 0.9824 0.1130 -0.1488
vn 0.9888 0.0670 -0.1336
vn 0.9888 0.0670 -0.1336
vn 0.8622 0.2289 -0.4519
vn 0.8584 0.3111 -0.4079
vn 0.8622 0.2289 -0.4519
vn 0.9888 0.0670 -0.1336
vn 0.9888 0.0376 -0.1447
vn 0.9888 0.0376 -0.1447
vn 0.8622 0.1253 -0.4908
vn 0.8622 0.2289 -0.4519
vn 0.9888 0.0376 -0.1447
vn 0.9824 0.0130 -0.1864
vn 0.8585 0.0346 -0.5117
vn 0.8585 0.0346 -0.5117
vn 0.8622 0.1253 -0.4908
vn 0.9888 0.0376 -0.1447
vn 0.8622 0.1253 -0.4908
vn 0.8585 0.0346 -0.5117
vn 0.5205 0.0620 -0.8516
vn 0.5205 0.0620 -0.8516
vn 0.5417 0.2132 -0.8131
vn 0.8622 0.1253 -0.4908
vn 0.8622 0.1253 -0.4908
vn 0.5417 0.2132 -0.8131
vn 0.5417 0.3750 -0.7523
vn 0.5417 0.3750 -0.7523
vn 0.8622 0.2289 -0.4519
vn 0.8622 0.1253 -0.4908
vn -0.5278 -0.0742 0.8462
vn -0.2037 -0.0991 0.9740
vn -0.1630 -0.2511 0.9541
vn -0.1630 -0.2511 0.9541
vn -0.5456 -0.2237 0.8076
vn -0.5278 -0.0742 0.8462
vn -0.5456 -0.2237 0.8076
vn -0.1630 -0.2511 0.9541
vn -0.1630 -0.4393 0.8834
vn -0.1630 -0.4393 0.8834
vn -0.5456 -0.3634 0.7551
vn -0.5456 -0.2237 0.8076
vn -0.1630 -0.4393 0.8834
vn -0.2038 -0.5667 0.7983
vn -0.5278 -0.5012 0.6857
vn -0.5278 -0.5012 0.6857
vn -0.5456 -0.3634 0.7551
vn -0.1630 -0.4393 0.8834
vn -0.5456 -0.3634 0.7551
vn -0.5278 -0.5012 0.6857
vn -0.8692 -0.2897 0.4008
vn -0.8692 -0.2897 0.4008
vn -0.8704 -0.2131 0.4439
vn -0.5456 -0.3634 0.7551
vn -0.8704 -0.2131 0.4439
vn -0.8692 -0.2897 0.4008
vn -0.9802 -0.1173 0.1594
vn -0.9802 -0.1173 0.1594
vn -0.9909 -0.0597 0.1207
vn -0.8704 -0.2131 0.4439
vn -0.8704 -0.2131 0.4439
vn -0.9909 -0.0597 0.1207
vn -0.9909 -0.0346 0.1302
vn -0.9909 -0.0346 0.1302
vn -0.8704 -0.1319 0.4744
vn -0.8704 -0.2131 0.4439
vn -0.8704 -0.1319 0.4744
vn -0.9909 -0.0346 0.1302
vn -0.9802 -0.0166 0.1972
vn -0.9802 -0.0166 0.1972
vn -0.8692 -0.0458 0.4923
vn -0.8704 -0.1319 0.4744
vn -0.5456 -0.2237 0.8076
vn -0.8704 -0.1319 0.4744
vn -0.8692 -0.0458 0.4923
vn -0.8692 -0.0458 0.4923
vn -0.5278 -0.0742 0.8462
vn -0.5456 -0.2237 0.8076
vn -0.8704 -0.1319 0.4744
vn -0.5456 -0.2237 0.8076
vn -0.5456 -0.3634 0.7551
vn -0.5456 -0.3634 0.7551
vn -0.8704 -0.2131 0.4439
vn -0.8704 -0.1319 0.4744
vn 0.1630 -0.2511 0.9541
vn 0.2038 -0.0992 0.9740
vn 0.5277 -0.0742 0.8462
vn 0.5277 -0.0742 0.8462
vn 0.5456 -0.2237 0.8076
vn 0.1630 -0.2511 0.9541
vn 0.5456 -0.2237 0.8076
vn 0.5277 -0.0742 0.8462
vn 0.8692 -0.0457 0.4924
vn 0.8692 -0.0457 0.4924
vn 0.8704 -0.1319 0.4744
vn 0.5456 -0.2237 0.8076
vn 0.8704 -0.1319 0.4744
vn 0.8692 -0.0457 0.4924
vn 0.9802 -0.0165 0.1971
vn 0.9802 -0.0165 0.1971
vn 0.9909 -0.0346 0.1302
vn 0.8704 -0.1319 0.4744
vn 0.8704 -0.1319 0.4744
vn 0.9909 -0.0346 0.1302
vn 0.9909 -0.0597 0.1207
vn 0.9909 -0.0597 0.1207
vn 0.8704 -0.2132 0.4439
vn 0.8704 -0.1319 0.4744
vn 0.8704 -0.2132 0.4439
vn 0.9909 -0.0597 0.1207
vn 0.9802 -0.1173 0.1594
vn 0.9802 -0.1173 0.1594
vn 0.8692 -0.2897 0.4008
vn 0.8704 -0.2132 0.4439
vn 0.5456 -0.3635 0.7551
vn 0.8704 -0.2132 0.4439
vn 0.8692 -0.2897 0.4008
vn 0.8692 -0.2897 0.4008
vn 0.5278 -0.5012 0.6857
vn 0.5456 -0.3635 0.7551
vn 0.5278 -0.5012 0.6857
vn 0.2038 -0.5667 0.7983
vn 0.1630 -0.4393 0.8834
vn 0.1630 -0.4393 0.8834
vn 0.5456 -0.3635 0.7551
vn 0.5278 -0.5012 0.6857
vn 0.5456 -0.3635 0.7551
vn 0.1630 -0.4393 0.8834
vn 0.1630 -0.2511 0.9541
vn 0.1630 -0.2511 0.9541
vn 0.5456 -0.2237 0.8076
vn 0.5456 -0.3635 0.7551
vn 0.5456 -0.3635 0.7551
vn 0.5456 -0.2237 0.8076
vn 0.8704 -0.1319 0.4744
vn 0.8704 -0.1319 0.4744
vn 0.8704 -0.2132 0.4439
vn 0.5456 -0.3635 0.7551
vn -0.5545 0.7094 0.4351
vn -0.5256 0.6114 0.5915
vn -0.2145 0.7372 0.6407
vn -0.2145 0.7372 0.6407
vn -0.1730 0.8429 0.5096
vn -0.5545 0.7094 0.4351
vn -0.5545 0.7094 0.4351
vn -0.1730 0.8429 0.5096
vn -0.1730 0.9385 0.2987
vn -0.1730 0.9385 0.2987
vn -0.5545 0.7945 0.2474
vn -0.5545 0.7094 0.4351
vn -0.5545 0.7945 0.2474
vn -0.1730 0.9385 0.2987
vn -0.2145 0.9676 0.1329
vn -0.2145 0.9676 0.1329
vn -0.5256 0.8478 0.0706
vn -0.5545 0.7945 0.2474
vn -0.8668 0.4774 0.1440
vn -0.5545 0.7945 0.2474
vn -0.5256 0.8478 0.0706
vn -0.5256 0.8478 0.0706
vn -0.8596 0.5094 0.0391
vn -0.8668 0.4774 0.1440
vn -0.8596 0.5094 0.0391
vn -0.9828 0.1841 0.0143
vn -0.9890 0.1413 0.0432
vn -0.9890 0.1413 0.0432
vn -0.8668 0.4774 0.1440
vn -0.8596 0.5094 0.0391
vn -0.8668 0.4774 0.1440
vn -0.9890 0.1413 0.0432
vn -0.9890 0.1255 0.0779
vn -0.9890 0.1255 0.0779
vn -0.8668 0.4227 0.2645
vn -0.8668 0.4774 0.1440
vn -0.9890 0.1255 0.0779
vn -0.9828 0.1320 0.1291
vn -0.8596 0.3649 0.3577
vn -0.8596 0.3649 0.3577
vn -0.8668 0.4227 0.2645
vn -0.9890 0.1255 0.0779
vn -0.8668 0.4227 0.2645
vn -0.8596 0.3649 0.3577
vn -0.5256 0.6114 0.5915
vn -0.5256 0.6114 0.5915
vn -0.5545 0.7094 0.4351
vn -0.8668 0.4227 0.2645
vn -0.8668 0.4227 0.2645
vn -0.5545 0.7094 0.4351
vn -0.5545 0.7945 0.2474
vn -0.5545 0.7945 0.2474
vn -0.8668 0.4774 0.1440
vn -0.8668 0.4227 0.2645
vn 0.5545 0.7094 0.4351
vn 0.1730 0.8429 0.5096
vn 0.2145 0.7372 0.6407
vn 0.2145 0.7372 0.6407
vn 0.5256 0.6114 0.5915
vn 0.5545 0.7094 0.4351
vn 0.8668 0.4227 0.2645
vn 0.5545 0.7094 0.4351
vn 0.5256 0.6114 0.5915
vn 0.5256 0.6114 0.5915
vn 0.8596 0.3649 0.3577
vn 0.8668 0.4227 0.2645
vn 0.8596 0.3649 0.3577
vn 0.9828 0.1320 0.1291
vn 0.9890 0.1255 0.0779
vn 0.9890 0.1255 0.0779
vn 0.8668 0.4227 0.2645
vn 0.8596 0.3649 0.3577
vn 0.8668 0.4227 0.2645
vn 0.9890 0.1255 0.0779
vn 0.9890 0.1413 0.0432
vn 0.9890 0.1413 0.0432
vn 0.8668 0.4774 0.1440
vn 0.8668 0.4227 0.2645
vn 0.9890 0.1413 0.0432
vn 0.9885 0.1506 0.0117
vn 0.8596 0.5094 0.0391
vn 0.8596 0.5094 0.0391
vn 0.8668 0.4774 0.1440
vn 0.9890 0.1413 0.0432
vn 0.8668 0.4774 0.1440
vn 0.8596 0.5094 0.0391
vn 0.5256 0.8478 0.0706
vn 0.5256 0.8478 0.0706
vn 0.5545 0.7945 0.2474
vn 0.8668 0.4774 0.1440
vn 0.5545 0.7945 0.2474
vn 0.5256 0.8478 0.0706
vn 0.2145 0.9676 0.1329
vn 0.2145 0.9676 0.1329
vn 0.1730 0.9385 0.2987
vn 0.5545 0.7945 0.2474
vn 0.5545 0.7945 0.2474
vn 0.1730 0.9385 0.2987
vn 0.1730 0.8429 0.5096
vn 0.1730 0.8429 0.5096
vn 0.5545 0.7094 0.4351
vn 0.5545 0.7945 0.2474
vn 0.5545 0.7945 0.2474
vn 0.5545 0.7094 0.4351
vn 0.8668 0.4227 0.2645
vn 0.8668 0.4227 0.2645
vn 0.8668 0.4774 0.1440
vn 0.5545 0.7945 0.2474
vn -0.1677 -0.8413 -0.5139
vn -0.2066 -0.7261 -0.6558
vn -0.5322 -0.6199 -0.5766
vn -0.5322 -0.6199 -0.5766
vn -0.5540 -0.7172 -0.4227
vn -0.1677 -0.8413 -0.5139
vn -0.5540 -0.7172 -0.4227
vn -0.5322 -0.6199 -0.5766
vn -0.8716 -0.3612 -0.3314
vn -0.8716 -0.3612 -0.3314
vn -0.8744 -0.4181 -0.2460
vn -0.5540 -0.7172 -0.4227
vn -0.8744 -0.4181 -0.2460
vn -0.8716 -0.3612 -0.3314
vn -0.9802 -0.1447 -0.1352
vn -0.9802 -0.1447 -0.1352
vn -0.9914 -0.1120 -0.0680
vn -0.8744 -0.4181 -0.2460
vn -0.8744 -0.4181 -0.2460
vn -0.9914 -0.1120 -0.0680
vn -0.9914 -0.1249 -0.0396
vn -0.9914 -0.1249 -0.0396
vn -0.8745 -0.4605 -0.1526
vn -0.8744 -0.4181 -0.2460
vn -0.8745 -0.4605 -0.1526
vn -0.9914 -0.1249 -0.0396
vn -0.9802 -0.1970 -0.0198
vn -0.9802 -0.1970 -0.0198
vn -0.8716 -0.4873 -0.0537
vn -0.8745 -0.4605 -0.1526
vn -0.5540 -0.7904 -0.2615
vn -0.8745 -0.4605 -0.1526
vn -0.8716 -0.4873 -0.0537
vn -0.8716 -0.4873 -0.0537
vn -0.5322 -0.8421 -0.0869
vn -0.5540 -0.7904 -0.2615
vn -0.5322 -0.8421 -0.0869
vn -0.1557 -0.9840 -0.0864
vn -0.1677 -0.9407 -0.2948
vn -0.1677 -0.9407 -0.2948
vn -0.5540 -0.7904 -0.2615
vn -0.5322 -0.8421 -0.0869
vn -0.5540 -0.7904 -0.2615
vn -0.1677 -0.9407 -0.2948
vn -0.1677 -0.8413 -0.5139
vn -0.1677 -0.8413 -0.5139
vn -0.5540 -0.7172 -0.4227
vn -0.5540 -0.7904 -0.2615
vn -0.5540 -0.7904 -0.2615
vn -0.5540 -0.7172 -0.4227
vn -0.8744 -0.4181 -0.2460
vn -0.8744 -0.4181 -0.2460
vn -0.8745 -0.4605 -0.1526
vn -0.5540 -0.7904 -0.2615
vn 0.5322 -0.6199 -0.5766
vn 0.2066 -0.7261 -0.6558
vn 0.1677 -0.8413 -0.5139
vn 0.1677 -0.8413 -0.5139
vn 0.5540 -0.7172 -0.4227
vn 0.5322 -0.6199 -0.5766
vn 0.5540 -0.7172 -0.4227
vn 0.1677 -0.8413 -0.5139
vn 0.1677 -0.9407 -0.2948
vn 0.1677 -0.9407 -0.2948
vn 0.5540 -0.7904 -0.2615
vn 0.5540 -0.7172 -0.4227
vn 0.1677 -0.9407 -0.2948
vn 0.1557 -0.9840 -0.0864
vn 0.5322 -0.8421 -0.0869
vn 0.5322 -0.8421 -0.0869
vn 0.5540 -0.7904 -0.2615
vn 0.1677 -0.9407 -0.2948
vn 0.5540 -0.7904 -0.2615
vn 0.5322 -0.8421 -0.0869
vn 0.8716 -0.4872 -0.0537
vn 0.8716 -0.4872 -0.0537
vn 0.8744 -0.4605 -0.1526
vn 0.5540 -0.7904 -0.2615
vn 0.8744 -0.4605 -0.1526
vn 0.8716 -0.4872 -0.0537
vn 0.9908 -0.1347 -0.0136
vn 0.9908 -0.1347 -0.0136
vn 0.9914 -0.1249 -0.0396
vn 0.8744 -0.4605 -0.1526
vn 0.8744 -0.4605 -0.1526
vn 0.9914 -0.1249 -0.0396
vn 0.9914 -0.1120 -0.0680
vn 0.9914 -0.1120 -0.0680
vn 0.8744 -0.4181 -0.2460
vn 0.8744 -0.4605 -0.1526
vn 0.8744 -0.4181 -0.2460
vn 0.9914 -0.1120 -0.0680
vn 0.9802 -0.1447 -0.1352
vn 0.9802 -0.1447 -0.1352
vn 0.8716 -0.3612 -0.3314
vn 0.8744 -0.4181 -0.2460
vn 0.5540 -0.7172 -0.4227
vn 0.8744 -0.4181 -0.2460
vn 0.8716 -0.3612 -0.3314
vn 0.8716 -0.3612 -0.3314
vn 0.5322 -0.6199 -0.5766
vn 0.5540 -0.7172 -0.4227
vn 0.8744 -0.4181 -0.2460
vn 0.5540 -0.7172 -0.4227
vn 0.5540 -0.7904 -0.2615
vn 0.5540 -0.7904 -0.2615
vn 0.8744 -0.4605 -0.1526
vn 0.8744 -0.4181 -0.2460
vn -0.5417 0.2132 0.8131
vn -0.5205 0.0620 0.8516
vn -0.2082 0.1129 0.9715
vn -0.2082 0.1129 0.9715
vn -0.1649 0.2542 0.9530
vn -0.5417 0.2132 0.8131
vn -0.5417 0.2132 0.8131
vn -0.1649 0.2542 0.9530
vn -0.1649 0.4363 0.8846
vn -0.1649 0.4363 0.8846
vn -0.5417 0.3750 0.7523
vn -0.5417 0.2132 0.8131
vn -0.5417 0.3750 0.7523
vn -0.1649 0.4363 0.8846
vn -0.2083 0.5549 0.8054
vn -0.2083 0.5549 0.8054
vn -0.5205 0.5142 0.6816
vn -0.5417 0.3750 0.7523
vn -0.8622 0.2289 0.4519
vn -0.5417 0.3750 0.7523
vn -0.5205 0.5142 0.6816
vn -0.5205 0.5142 0.6816
vn -0.8584 0.3111 0.4079
vn -0.8622 0.2289 0.4519
vn -0.8584 0.3111 0.4079
vn -0.9824 0.1130 0.1488
vn -0.9888 0.0670 0.1336
vn -0.9888 0.0670 0.1336
vn -0.8622 0.2289 0.4519
vn -0.8584 0.3111 0.4079
vn -0.8622 0.2289 0.4519
vn -0.9888 0.0670 0.1336
vn -0.9888 0.0376 0.1447
vn -0.9888 0.0376 0.1447
vn -0.8622 0.1253 0.4908
vn -0.8622 0.2289 0.4519
vn -0.9888 0.0376 0.1447
vn -0.9824 0.0129 0.1864
vn -0.8585 0.0346 0.5117
vn -0.8585 0.0346 0.5117
vn -0.8622 0.1253 0.4908
vn -0.9888 0.0376 0.1447
vn -0.8622 0.1253 0.4908
vn -0.8585 0.0346 0.5117
vn -0.5205 0.0620 0.8516
vn -0.5205 0.0620 0.8516
vn -0.5417 0.2132 0.8131
vn -0.8622 0.1253 0.4908
vn -0.8622 0.1253 0.4908
vn -0.5417 0.2132 0.8131
vn -0.5417 0.3750 0.7523
vn -0.5417 0.3750 0.7523
vn -0.8622 0.2289 0.4519
vn -0.8622 0.1253 0.4908
vn 0.5417 0.2132 0.8131
vn 0.1649 0.2542 0.9530
vn 0.2083 0.1128 0.9715
vn 0.2083 0.1128 0.9715
vn 0.5205 0.0619 0.8516
vn 0.5417 0.2132 0.8131
vn 0.8622 0.1253 0.4908
vn 0.5417 0.2132 0.8131
vn 0.5205 0.0619 0.8516
vn 0.5205 0.0619 0.8516
vn 0.8584 0.0347 0.5117
vn 0.8622 0.1253 0.4908
vn 0.8584 0.0347 0.5117
vn 0.9824 0.0131 0.1863
vn 0.9888 0.0376 0.1447
vn 0.9888 0.0376 0.1447
vn 0.8622 0.1253 0.4908
vn 0.8584 0.0347 0.5117
vn 0.8622 0.1253 0.4908
vn 0.9888 0.0376 0.1447
vn 0.9888 0.0670 0.1336
vn 0.9888 0.0670 0.1336
vn 0.8622 0.2290 0.4519
vn 0.8622 0.1253 0.4908
vn 0.9888 0.0670 0.1336
vn 0.9824 0.1130 0.1488
vn 0.8584 0.3111 0.4079
vn 0.8584 0.3111 0.4079
vn 0.8622 0.2290 0.4519
vn 0.9888 0.0670 0.1336
vn 0.8622 0.2290 0.4519
vn 0.8584 0.3111 0.4079
vn 0.5205 0.5142 0.6816
vn 0.5205 0.5142 0.6816
vn 0.5417 0.3750 0.7523
vn 0.8622 0.2290 0.4519
vn 0.5417 0.3750 0.7523
vn 0.5205 0.5142 0.6816
vn 0.2083 0.5549 0.8054
vn 0.2083 0.5549 0.8054
vn 0.1649 0.4363 0.8846
vn 0.5417 0.3750 0.7523
vn 0.5417 0.3750 0.7523
vn 0.1649 0.4363 0.8846
vn 0.1649 0.2542 0.9530
vn 0.1649 0.2542 0.9530
vn 0.5417 0.2132 0.8131
vn 0.5417 0.3750 0.7523
vn 0.5417 0.3750 0.7523
vn 0.5417 0.2132 0.8131
vn 0.8622 0.1253 0.4908
vn 0.8622 0.1253 0.4908
vn 0.8622 0.2290 0.4519
vn 0.5417 0.3750 0.7523
vn -0.1630 -0.2511 -0.9541
vn -0.2038 -0.0993 -0.9740
vn -0.5277 -0.0742 -0.8462
vn -0.5277 -0.0742 -0.8462
vn -0.5456 -0.2237 -0.8076
vn -0.1630 -0.2511 -0.9541
vn -0.5456 -0.2237 -0.8076
vn -0.5277 -0.0742 -0.8462
vn -0.8692 -0.0457 -0.4924
vn -0.8692 -0.0457 -0.4924
vn -0.8704 -0.1319 -0.4744
vn -0.5456 -0.2237 -0.8076
vn -0.8704 -0.1319 -0.4744
vn -0.8692 -0.0457 -0.4924
vn -0.9802 -0.0165 -0.1971
vn -0.9802 -0.0165 -0.1971
vn -0.9909 -0.0346 -0.1302
vn -0.8704 -0.1319 -0.4744
vn -0.8704 -0.1319 -0.4744
vn -0.9909 -0.0346 -0.1302
vn -0.9909 -0.0597 -0.1207
vn -0.9909 -0.0597 -0.1207
vn -0.8704 -0.2131 -0.4439
vn -0.8704 -0.1319 -0.4744
vn -0.8704 -0.2131 -0.4439
vn -0.9909 -0.0597 -0.1207
vn -0.9802 -0.1173 -0.1594
vn -0.9802 -0.1173 -0.1594
vn -0.8692 -0.2897 -0.4008
vn -0.8704 -0.2131 -0.4439
vn -0.5456 -0.3634 -0.7551
vn -0.8704 -0.2131 -0.4439
vn -0.8692 -0.2897 -0.4008
vn -0.8692 -0.2897 -0.4008
vn -0.5278 -0.5012 -0.6857
vn -0.5456 -0.3634 -0.7551
vn -0.5278 -0.5012 -0.6857
vn -0.2038 -0.5667 -0.7983
vn -0.1630 -0.4393 -0.8834
vn -0.1630 -0.4393 -0.8834
vn -0.5456 -0.3634 -0.7551
vn -0.5278 -0.5012 -0.6857
vn -0.5456 -0.3634 -0.7551
vn -0.1630 -0.4393 -0.8834
vn -0.1630 -0.2511 -0.9541
vn -0.1630 -0.2511 -0.9541
vn -0.5456 -0.2237 -0.8076
vn -0.5456 -0.3634 -0.7551
vn -0.5456 -0.3634 -0.7551
vn -0.5456 -0.2237 -0.8076
vn -0.8704 -0.1319 -0.4744
vn -0.8704 -0.1319 -0.4744
vn -0.8704 -0.2131 -0.4439
vn -0.5456 -0.3634 -0.7551
vn 0.5278 -0.0742 -0.8462
vn 0.2037 -0.0991 -0.9740
vn 0.1630 -0.2511 -0.9541
vn 0.1630 -0.2511 -0.9541
vn 0.5456 -0.2237 -0.8076
vn 0.5278 -0.0742 -0.8462
vn 0.5456 -0.2237 -0.8076
vn 0.1630 -0.2511 -0.9541
vn 0.1630 -0.4393 -0.8834
vn 0.1630 -0.4393 -0.8834
vn 0.5456 -0.3634 -0.7551
vn 0.5456 -0.2237 -0.8076
vn 0.1630 -0.4393 -0.8834
vn 0.2038 -0.5667 -0.7983
vn 0.5278 -0.5012 -0.6857
vn 0.5278 -0.5012 -0.6857
vn 0.5456 -0.3634 -0.7551
vn 0.1630 -0.4393 -0.8834
vn 0.5456 -0.3634 -0.7551
vn 0.5278 -0.5012 -0.6857
vn 0.8692 -0.2897 -0.4008
vn 0.8692 -0.2897 -0.4008
vn 0.8704 -0.2131 -0.4439
vn 0.5456 -0.3634 -0.7551
vn 0.8704 -0.2131 -0.4439
vn 0.8692 -0.2897 -0.4008
vn 0.9802 -0.1173 -0.1594
vn 0.9802 -0.1173 -0.1594
vn 0.9909 -0.0597 -0.1207
vn 0.8704 -0.2131 -0.4439
vn 0.8704 -0.2131 -0.4439
vn 0.9909 -0.0597 -0.1207
vn 0.9909 -0.0346 -0.1302
vn 0.9909 -0.0346 -0.1302
vn 0.8704 -0.1319 -0.4744
vn 0.8704 -0.2131 -0.4439
vn 0.8704 -0.1319 -0.4744
vn 0.9909 -0.0346 -0.1302
vn 0.9802 -0.0166 -0.1972
vn 0.9802 -0.0166 -0.1972
vn 0.8692 -0.0458 -0.4923
vn 0.8704 -0.1319 -0.4744
vn 0.5456 -0.2237 -0.8076
vn 0.8704 -0.1319 -0.4744
vn 0.8692 -0.0458 -0.4923
vn 0.8692 -0.0458 -0.4923
vn 0.5278 -0.0742 -0.8462
vn 0.5456 -0.2237 -0.8076
vn 0.8704 -0.1319 -0.4744
vn 0.5456 -0.2237 -0.8076
vn 0.5456 -0.3634 -0.7551
vn 0.5456 -0.3634 -0.7551
vn 0.8704 -0.2131 -0.4439
vn 0.8704 -0.1319 -0.4744
vn 0.0706 0.8478 0.5256
vn 0.1329 0.9676 0.2145
vn -0.0000 0.9808 0.1948
vn -0.0000 0.9808 0.1948
vn 0.0369 0.8669 0.4971
vn 0.0706 0.8478 0.5256
vn 0.0391 0.5094 0.8596
vn 0.0706 0.8478 0.5256
vn 0.0369 0.8669 0.4971
vn 0.0369 0.8669 0.4971
vn 0.1096 0.5307 0.8404
vn 0.0391 0.5094 0.8596
vn 0.0143 0.1841 0.9828
vn 0.0391 0.5094 0.8596
vn 0.1096 0.5307 0.8404
vn 0.1096 0.5307 0.8404
vn 0.1942 0.1942 0.9616
vn 0.0143 0.1841 0.9828
vn 0.0078 0.9929 0.1189
vn -0.0000 0.9808 0.1948
vn -0.0000 0.9808 -0.1948
vn -0.0000 0.9808 -0.1948
vn 0.0078 0.9929 -0.1189
vn 0.0078 0.9929 0.1189
vn 0.0275 0.9982 0.0525
vn 0.0078 0.9929 0.1189
vn 0.0078 0.9929 -0.1189
vn 0.0078 0.9929 -0.1189
vn 0.0275 0.9982 -0.0525
vn 0.0275 0.9982 0.0525
vn 0.0000 1.0000 -0.0000
vn 0.0275 0.9982 0.0525
vn 0.0275 0.9982 -0.0525
vn 0.0275 0.9982 -0.0525
vn 0.0000 1.0000 -0.0000
vn 0.0000 1.0000 -0.0000
vn 0.0706 0.8478 -0.5256
vn 0.0369 0.8669 -0.4971
vn -0.0000 0.9808 -0.1948
vn -0.0000 0.9808 -0.1948
vn 0.1329 0.9676 -0.2145
vn 0.0706 0.8478 -0.5256
vn 0.0391 0.5094 -0.8596
vn 0.1096 0.5307 -0.8404
vn 0.0369 0.8669 -0.4971
vn 0.0369 0.8669 -0.4971
vn 0.0706 0.8478 -0.5256
vn 0.0391 0.5094 -0.8596
vn 0.0143 0.1841 -0.9828
vn 0.1942 0.1942 -0.9616
vn 0.1096 0.5307 -0.8404
vn 0.1096 0.5307 -0.8404
vn 0.0391 0.5094 -0.8596
vn 0.0143 0.1841 -0.9828
vn 0.2987 0.9385 -0.1730
vn 0.1329 0.9676 -0.2145
vn 0.1329 0.9676 0.2145
vn 0.1329 0.9676 0.2145
vn 0.2987 0.9385 0.1730
vn 0.2987 0.9385 -0.1730
vn 0.5096 0.8429 -0.1730
vn 0.2987 0.9385 -0.1730
vn 0.2987 0.9385 0.1730
vn 0.2987 0.9385 0.1730
vn 0.5096 0.8429 0.1730
vn 0.5096 0.8429 -0.1730
vn 0.6407 0.7372 -0.2145
vn 0.5096 0.8429 -0.1730
vn 0.5096 0.8429 0.1730
vn 0.5096 0.8429 0.1730
vn 0.6407 0.7372 0.2145
vn 0.6407 0.7372 -0.2145
vn 0.0369 -0.8669 0.4971
vn 0.0000 -0.9892 0.1463
vn -0.0864 -0.9840 0.1557
vn -0.0864 -0.9840 0.1557
vn -0.0869 -0.8421 0.5322
vn 0.0369 -0.8669 0.4971
vn 0.1096 -0.5307 0.8404
vn 0.0369 -0.8669 0.4971
vn -0.0869 -0.8421 0.5322
vn -0.0869 -0.8421 0.5322
vn -0.0537 -0.4872 0.8716
vn 0.1096 -0.5307 0.8404
vn 0.1942 -0.1942 0.9616
vn 0.1096 -0.5307 0.8404
vn -0.0537 -0.4872 0.8716
vn -0.0537 -0.4872 0.8716
vn -0.0198 -0.1970 0.9802
vn 0.1942 -0.1942 0.9616
vn -0.2948 -0.9407 0.1677
vn -0.0864 -0.9840 0.1557
vn -0.0864 -0.9840 -0.1557
vn -0.0864 -0.9840 -0.1557
vn -0.2948 -0.9407 -0.1677
vn -0.2948 -0.9407 0.1677
vn -0.5139 -0.8413 0.1677
vn -0.2948 -0.9407 0.1677
vn -0.2948 -0.9407 -0.1677
vn -0.2948 -0.9407 -0.1677
vn -0.5139 -0.8413 -0.1677
vn -0.5139 -0.8413 0.1677
vn -0.6837 -0.7130 0.1557
vn -0.5139 -0.8413 0.1677
vn -0.5139 -0.8413 -0.1677
vn -0.5139 -0.8413 -0.1677
vn -0.6837 -0.7130 -0.1557
vn -0.6837 -0.7130 0.1557
vn 0.0369 -0.8669 -0.4971
vn -0.0869 -0.8421 -0.5322
vn -0.0864 -0.9840 -0.1557
vn -0.0864 -0.9840 -0.1557
vn 0.0000 -0.9892 -0.1463
vn 0.0369 -0.8669 -0.4971
vn 0.1096 -0.5307 -0.8404
vn -0.0537 -0.4872 -0.8716
vn -0.0869 -0.8421 -0.5322
vn -0.0869 -0.8421 -0.5322
vn 0.0369 -0.8669 -0.4971
vn 0.1096 -0.5307 -0.8404
vn 0.1942 -0.1942 -0.9616
vn -0.0198 -0.1970 -0.9802
vn -0.0537 -0.4872 -0.8716
vn -0.0537 -0.4872 -0.8716
vn 0.1096 -0.5307 -0.8404
vn 0.1942 -0.1942 -0.9616
vn 0.0078 -0.9929 -0.1189
vn 0.0000 -0.9892 -0.1463
vn 0.0000 -0.9892 0.1463
vn 0.0000 -0.9892 0.1463
vn 0.0078 -0.9929 0.1189
vn 0.0078 -0.9929 -0.1189
vn 0.0149 -0.9978 -0.0651
vn 0.0078 -0.9929 -0.1189
vn 0.0078 -0.9929 0.1189
vn 0.0078 -0.9929 0.1189
vn 0.0149 -0.9978 0.0651
vn 0.0149 -0.9978 -0.0651
vn 0.0127 -0.9998 -0.0127
vn 0.0149 -0.9978 -0.0651
vn 0.0149 -0.9978 0.0651
vn 0.0149 -0.9978 0.0651
vn 0.0127 -0.9998 0.0127
vn 0.0127 -0.9998 -0.0127
vn 0.5011 -0.1644 0.8496
vn 0.1942 -0.1942 0.9616
vn 0.1942 0.1942 0.9616
vn 0.1942 0.1942 0.9616
vn 0.5011 0.1644 0.8496
vn 0.5011 -0.1644 0.8496
vn 0.8496 0.1644 0.5011
vn 0.8496 -0.1644 0.5011
vn 0.6977 -0.1626 0.6977
vn 0.6977 -0.1626 0.6977
vn 0.6977 0.1626 0.6977
vn 0.8496 0.1644 0.5011
vn 0.9783 -0.1467 0.1467
vn 0.8496 -0.1644 0.5011
vn 0.8496 0.1644 0.5011
vn 0.8496 0.1644 0.5011
vn 0.9783 0.1467 0.1467
vn 0.9783 -0.1467 0.1467
vn -0.0396 -0.1249 0.9914
vn 0.0432 0.1413 0.9890
vn 0.0143 0.1841 0.9828
vn 0.0143 0.1841 0.9828
vn -0.0198 -0.1970 0.9802
vn -0.0396 -0.1249 0.9914
vn 0.0779 0.1255 0.9890
vn 0.0432 0.1413 0.9890
vn -0.0396 -0.1249 0.9914
vn -0.0396 -0.1249 0.9914
vn -0.0680 -0.1120 0.9914
vn 0.0779 0.1255 0.9890
vn 0.1291 0.1320 0.9828
vn 0.0779 0.1255 0.9890
vn -0.0680 -0.1120 0.9914
vn -0.0680 -0.1120 0.9914
vn -0.1352 -0.1447 0.9802
vn 0.1291 0.1320 0.9828
vn -0.0396 -0.1249 -0.9914
vn -0.0198 -0.1970 -0.9802
vn 0.0143 0.1841 -0.9828
vn 0.0143 0.1841 -0.9828
vn 0.0432 0.1413 -0.9890
vn -0.0396 -0.1249 -0.9914
vn -0.0680 -0.1120 -0.9914
vn -0.0396 -0.1249 -0.9914
vn 0.0432 0.1413 -0.9890
vn 0.0432 0.1413 -0.9890
vn 0.0779 0.1255 -0.9890
vn -0.0680 -0.1120 -0.9914
vn 0.1291 0.1320 -0.9828
vn -0.1352 -0.1447 -0.9802
vn -0.0680 -0.1120 -0.9914
vn -0.0680 -0.1120 -0.9914
vn 0.0779 0.1255 -0.9890
vn 0.1291 0.1320 -0.9828
vn 0.5011 0.1644 -0.8496
vn 0.1942 0.1942 -0.9616
vn 0.1942 -0.1942 -0.9616
vn 0.1942 -0.1942 -0.9616
vn 0.5011 -0.1644 -0.8496
vn 0.5011 0.1644 -0.8496
vn 0.8496 -0.1644 -0.5011
vn 0.8496 0.1644 -0.5011
vn 0.6977 0.1626 -0.6977
vn 0.6977 0.1626 -0.6977
vn 0.6977 -0.1626 -0.6977
vn 0.8496 -0.1644 -0.5011
vn 0.9616 0.1942 -0.1942
vn 0.8496 0.1644 -0.5011
vn 0.8496 -0.1644 -0.5011
vn 0.8496 -0.1644 -0.5011
vn 0.9616 -0.1942 -0.1942
vn 0.9616 0.1942 -0.1942
vn 0.8846 0.4363 -0.1649
vn 0.8054 0.5549 -0.2083
vn 0.8054 0.5549 0.2083
vn 0.8054 0.5549 0.2083
vn 0.8846 0.4363 0.1649
vn 0.8846 0.4363 -0.1649
vn 0.9530 0.2542 -0.1649
vn 0.8846 0.4363 -0.1649
vn 0.8846 0.4363 0.1649
vn 0.8846 0.4363 0.1649
vn 0.9530 0.2542 0.1649
vn 0.9530 0.2542 -0.1649
vn 0.9715 0.1128 -0.2083
vn 0.9530 0.2542 -0.1649
vn 0.9530 0.2542 0.1649
vn 0.9530 0.2542 0.1649
vn 0.9715 0.1129 0.2082
vn 0.9715 0.1128 -0.2083
vn -0.8834 -0.4393 0.1630
vn -0.7908 -0.5926 0.1535
vn -0.7907 -0.5926 -0.1535
vn -0.7907 -0.5926 -0.1535
vn -0.8834 -0.4393 -0.1630
vn -0.8834 -0.4393 0.1630
vn -0.9541 -0.2511 0.1630
vn -0.8834 -0.4393 0.1630
vn -0.8834 -0.4393 -0.1630
vn -0.8834 -0.4393 -0.1630
vn -0.9541 -0.2511 -0.1630
vn -0.9541 -0.2511 0.1630
vn -0.9740 -0.0992 0.2038
vn -0.9541 -0.2511 0.1630
vn -0.9541 -0.2511 -0.1630
vn -0.9541 -0.2511 -0.1630
vn -0.9740 -0.0991 -0.2037
vn -0.9740 -0.0992 0.2038
vn -0.1207 -0.0597 0.9909
vn 0.1336 0.0670 0.9888
vn 0.1488 0.1130 0.9824
vn 0.1488 0.1130 0.9824
vn -0.1594 -0.1173 0.9802
vn -0.1207 -0.0597 0.9909
vn 0.1447 0.0376 0.9888
vn 0.1336 0.0670 0.9888
vn -0.1207 -0.0597 0.9909
vn -0.1207 -0.0597 0.9909
vn -0.1302 -0.0346 0.9909
vn 0.1447 0.0376 0.9888
vn 0.1864 0.0129 0.9824
vn 0.1447 0.0376 0.9888
vn -0.1302 -0.0346 0.9909
vn -0.1302 -0.0346 0.9909
vn -0.1971 -0.0165 0.9802
vn 0.1864 0.0129 0.9824
vn -0.1207 -0.0597 -0.9909
vn -0.1594 -0.1173 -0.9802
vn 0.1488 0.1130 -0.9824
vn 0.1488 0.1130 -0.9824
vn 0.1336 0.0670 -0.9888
vn -0.1207 -0.0597 -0.9909
vn -0.1302 -0.0346 -0.9909
vn -0.1207 -0.0597 -0.9909
vn 0.1336 0.0670 -0.9888
vn 0.1336 0.0670 -0.9888
vn 0.1447 0.0376 -0.9888
vn -0.1302 -0.0346 -0.9909
vn 0.1863 0.0131 -0.9824
vn -0.1972 -0.0166 -0.9802
vn -0.1302 -0.0346 -0.9909
vn -0.1302 -0.0346 -0.9909
vn 0.1447 0.0376 -0.9888
vn 0.1863 0.0131 -0.9824
vn -0.0706 0.8478 0.5256
vn -0.0369 0.8669 0.4971
vn 0.0000 0.9808 0.1948
vn 0.0000 0.9808 0.1948
vn -0.1329 0.9676 0.2145
vn -0.0706 0.8478 0.5256
vn -0.0391 0.5094 0.8596
vn -0.1096 0.5307 0.8404
vn -0.0369 0.8669 0.4971
vn -0.0369 0.8669 0.4971
vn -0.0706 0.8478 0.5256
vn -0.0391 0.5094 0.8596
vn -0.0143 0.1841 0.9828
vn -0.1942 0.1942 0.9616
vn -0.1096 0.5307 0.8404
vn -0.1096 0.5307 0.8404
vn -0.0391 0.5094 0.8596
vn -0.0143 0.1841 0.9828
vn -0.2987 0.9385 0.1730
vn -0.1329 0.9676 0.2145
vn -0.1329 0.9676 -0.2145
vn -0.1329 0.9676 -0.2145
vn -0.2987 0.9385 -0.1730
vn -0.2987 0.9385 0.1730
vn -0.5096 0.8429 0.1730
vn -0.2987 0.9385 0.1730
vn -0.2987 0.9385 -0.1730
vn -0.2987 0.9385 -0.1730
vn -0.5096 0.8429 -0.1730
vn -0.5096 0.8429 0.1730
vn -0.6407 0.7372 0.2145
vn -0.5096 0.8429 0.1730
vn -0.5096 0.8429 -0.1730
vn -0.5096 0.8429 -0.1730
vn -0.6407 0.7372 -0.2145
vn -0.6407 0.7372 0.2145
vn -0.0706 0.8478 -0.5256
vn -0.1329 0.9676 -0.2145
vn 0.0000 0.9808 -0.1948
vn 0.0000 0.9808 -0.1948
vn -0.0369 0.8669 -0.4971
vn -0.0706 0.8478 -0.5256
vn -0.0391 0.5094 -0.8596
vn -0.0706 0.8478 -0.5256
vn -0.0369 0.8669 -0.4971
vn -0.0369 0.8669 -0.4971
vn -0.1095 0.5307 -0.8404
vn -0.0391 0.5094 -0.8596
vn -0.0143 0.1841 -0.9828
vn -0.0391 0.5094 -0.8596
vn -0.1095 0.5307 -0.8404
vn -0.1095 0.5307 -0.8404
vn -0.1942 0.1942 -0.9616
vn -0.0143 0.1841 -0.9828
vn -0.0078 0.9929 -0.1189
vn 0.0000 0.9808 -0.1948
vn 0.0000 0.9808 0.1948
vn 0.0000 0.9808 0.1948
vn -0.0078 0.9929 0.1189
vn -0.0078 0.9929 -0.1189
vn -0.0275 0.9982 -0.0525
vn -0.0078 0.9929 -0.1189
vn -0.0078 0.9929 0.1189
vn -0.0078 0.9929 0.1189
vn -0.0275 0.9982 0.0525
vn -0.0275 0.9982 -0.0525
vn 0.0000 1.0000 -0.0000
vn -0.0275 0.9982 -0.0525
vn -0.0275 0.9982 0.0525
vn -0.0275 0.9982 0.0525
vn 0.0000 1.0000 -0.0000
vn 0.0000 1.0000 -0.0000
vn -0.0369 -0.8669 0.4971
vn 0.0869 -0.8421 0.5322
vn 0.0864 -0.9840 0.1557
vn 0.0864 -0.9840 0.1557
vn 0.0000 -0.9892 0.1463
vn -0.0369 -0.8669 0.4971
vn -0.1096 -0.5307 0.8404
vn 0.0537 -0.4872 0.8716
vn 0.0869 -0.8421 0.5322
vn 0.0869 -0.8421 0.5322
vn -0.0369 -0.8669 0.4971
vn -0.1096 -0.5307 0.8404
vn -0.1942 -0.1942 0.9616
vn 0.0198 -0.1970 0.9802
vn 0.0537 -0.4872 0.8716
vn 0.0537 -0.4872 0.8716
vn -0.1096 -0.5307 0.8404
vn -0.1942 -0.1942 0.9616
vn -0.0078 -0.9929 0.1189
vn 0.0000 -0.9892 0.1463
vn 0.0000 -0.9892 -0.1463
vn 0.0000 -0.9892 -0.1463
vn -0.0078 -0.9929 -0.1189
vn -0.0078 -0.9929 0.1189
vn -0.0149 -0.9978 0.0651
vn -0.0078 -0.9929 0.1189
vn -0.0078 -0.9929 -0.1189
vn -0.0078 -0.9929 -0.1189
vn -0.0149 -0.9978 -0.0651
vn -0.0149 -0.9978 0.0651
vn -0.0127 -0.9998 0.0127
vn -0.0149 -0.9978 0.0651
vn -0.0149 -0.9978 -0.0651
vn -0.0149 -0.9978 -0.0651
vn -0.0127 -0.9998 -0.0127
vn -0.0127 -0.9998 0.0127
vn -0.0369 -0.8669 -0.4971
vn 0.0000 -0.9892 -0.1463
vn 0.0864 -0.9840 -0.1557
vn 0.0864 -0.9840 -0.1557
vn 0.0869 -0.8421 -0.5322
vn -0.0369 -0.8669 -0.4971
vn -0.1096 -0.5307 -0.8404
vn -0.0369 -0.8669 -0.4971
vn 0.0869 -0.8421 -0.5322
vn 0.0869 -0.8421 -0.5322
vn 0.0537 -0.4872 -0.8716
vn -0.1096 -0.5307 -0.8404
vn -0.1942 -0.1942 -0.9616
vn -0.1096 -0.5307 -0.8404
vn 0.0537 -0.4872 -0.8716
vn 0.0537 -0.4872 -0.8716
vn 0.0198 -0.1970 -0.9802
vn -0.1942 -0.1942 -0.9616
vn 0.2948 -0.9407 -0.1677
vn 0.0864 -0.9840 -0.1557
vn 0.0864 -0.9840 0.1557
vn 0.0864 -0.9840 0.1557
vn 0.2948 -0.9407 0.1677
vn 0.2948 -0.9407 -0.1677
vn 0.5139 -0.8413 -0.1677
vn 0.2948 -0.9407 -0.1677
vn 0.2948 -0.9407 0.1677
vn 0.2948 -0.9407 0.1677
vn 0.5139 -0.8413 0.1677
vn 0.5139 -0.8413 -0.1677
vn 0.6558 -0.7261 -0.2066
vn 0.5139 -0.8413 -0.1677
vn 0.5139 -0.8413 0.1677
vn 0.5139 -0.8413 0.1677
vn 0.6558 -0.7261 0.2066
vn 0.6558 -0.7261 -0.2066
vn 0.0396 -0.1249 0.9914
vn 0.0198 -0.1970 0.9802
vn -0.0143 0.1841 0.9828
vn -0.0143 0.1841 0.9828
vn -0.0432 0.1413 0.9890
vn 0.0396 -0.1249 0.9914
vn 0.0680 -0.1120 0.9914
vn 0.0396 -0.1249 0.9914
vn -0.0432 0.1413 0.9890
vn -0.0432 0.1413 0.9890
vn -0.0779 0.1255 0.9890
vn 0.0680 -0.1120 0.9914
vn -0.1291 0.1320 0.9828
vn 0.1352 -0.1447 0.9802
vn 0.0680 -0.1120 0.9914
vn 0.0680 -0.1120 0.9914
vn -0.0779 0.1255 0.9890
vn -0.1291 0.1320 0.9828
vn -0.5011 0.1644 0.8496
vn -0.1942 0.1942 0.9616
vn -0.1942 -0.1942 0.9616
vn -0.1942 -0.1942 0.9616
vn -0.5011 -0.1644 0.8496
vn -0.5011 0.1644 0.8496
vn -0.8496 -0.1644 0.5011
vn -0.8496 0.1644 0.5011
vn -0.6977 0.1626 0.6977
vn -0.6977 0.1626 0.6977
vn -0.6977 -0.1626 0.6977
vn -0.8496 -0.1644 0.5011
vn -0.9616 0.1942 0.1942
vn -0.8496 0.1644 0.5011
vn -0.8496 -0.1644 0.5011
vn -0.8496 -0.1644 0.5011
vn -0.9616 -0.1942 0.1942
vn -0.9616 0.1942 0.1942
vn -0.5011 -0.1644 -0.8496
vn -0.1942 -0.1942 -0.9616
vn -0.1942 0.1942 -0.9616
vn -0.1942 0.1942 -0.9616
vn -0.5011 0.1644 -0.8496
vn -0.5011 -0.1644 -0.8496
vn -0.8496 0.1644 -0.5011
vn -0.8496 -0.1644 -0.5011
vn -0.6977 -0.1626 -0.6977
vn -0.6977 -0.1626 -0.6977
vn -0.6977 0.1626 -0.6977
vn -0.8496 0.1644 -0.5011
vn -0.9616 -0.1942 -0.1942
vn -0.8496 -0.1644 -0.5011
vn -0.8496 0.1644 -0.5011
vn -0.8496 0.1644 -0.5011
vn -0.9616 0.1942 -0.1942
vn -0.9616 -0.1942 -0.1942
vn 0.0396 -0.1249 -0.9914
vn -0.0432 0.1413 -0.9890
vn -0.0143 0.1841 -0.9828
vn -0.0143 0.1841 -0.9828
vn 0.0198 -0.1970 -0.9802
vn 0.0396 -0.1249 -0.9914
vn -0.0779 0.1255 -0.9890
vn -0.0432 0.1413 -0.9890
vn 0.0396 -0.1249 -0.9914
vn 0.0396 -0.1249 -0.9914
vn 0.0680 -0.1120 -0.9914
vn -0.0779 0.1255 -0.9890
vn -0.1291 0.1320 -0.9828
vn -0.0779 0.1255 -0.9890
vn 0.0680 -0.1120 -0.9914
vn 0.0680 -0.1120 -0.9914
vn 0.1352 -0.1447 -0.9802
vn -0.1291 0.1320 -0.9828
vn -0.8846 0.4363 0.1649
vn -0.8054 0.5549 0.2083
vn -0.8054 0.5549 -0.2083
vn -0.8054 0.5549 -0.2083
vn -0.8846 0.4363 -0.1649
vn -0.8846 0.4363 0.1649
vn -0.9530 0.2542 0.1649
vn -0.8846 0.4363 0.1649
vn -0.8846 0.4363 -0.1649
vn -0.8846 0.4363 -0.1649
vn -0.9530 0.2542 -0.1649
vn -0.9530 0.2542 0.1649
vn -0.9715 0.1128 0.2083
vn -0.9530 0.2542 0.1649
vn -0.9530 0.2542 -0.1649
vn -0.9530 0.2542 -0.1649
vn -0.9715 0.1129 -0.2082
vn -0.9715 0.1128 0.2083
vn 0.8834 -0.4393 -0.1630
vn 0.7983 -0.5667 -0.2038
vn 0.7983 -0.5667 0.2038
vn 0.7983 -0.5667 0.2038
vn 0.8834 -0.4393 0.1630
vn 0.8834 -0.4393 -0.1630
vn 0.9541 -0.2511 -0.1630
vn 0.8834 -0.4393 -0.1630
vn 0.8834 -0.4393 0.1630
vn 0.8834 -0.4393 0.1630
vn 0.9541 -0.2511 0.1630
vn 0.9541 -0.2511 -0.1630
vn 0.9740 -0.0992 -0.2038
vn 0.9541 -0.2511 -0.1630
vn 0.9541 -0.2511 0.1630
vn 0.9541 -0.2511 0.1630
vn 0.9740 -0.0991 0.2037
vn 0.9740 -0.0992 -0.2038
vn 0.1207 -0.0597 0.9909
vn 0.1594 -0.1173 0.9802
vn -0.1488 0.1130 0.9824
vn -0.1488 0.1130 0.9824
vn -0.1336 0.0670 0.9888
vn 0.1207 -0.0597 0.9909
vn 0.1302 -0.0346 0.9909
vn 0.1207 -0.0597 0.9909
vn -0.1336 0.0670 0.9888
vn -0.1336 0.0670 0.9888
vn -0.1447 0.0376 0.9888
vn 0.1302 -0.0346 0.9909
vn -0.1863 0.0131 0.9824
vn 0.1972 -0.0166 0.9802
vn 0.1302 -0.0346 0.9909
vn 0.1302 -0.0346 0.9909
vn -0.1447 0.0376 0.9888
vn -0.1863 0.0131 0.9824
vn 0.1207 -0.0597 -0.9909
vn -0.1336 0.0670 -0.9888
vn -0.1488 0.1130 -0.9824
vn -0.1488 0.1130 -0.9824
vn 0.1594 -0.1173 -0.9802
vn 0.1207 -0.0597 -0.9909
vn -0.1447 0.0376 -0.9888
vn -0.1336 0.0670 -0.9888
vn 0.1207 -0.0597 -0.9909
vn 0.1207 -0.0597 -0.9909
vn 0.1302 -0.0346 -0.9909
vn -0.1447 0.0376 -0.9888
vn -0.1864 0.0129 -0.9824
vn -0.1447 0.0376 -0.9888
vn 0.1302 -0.0346 -0.9909
vn 0.1302 -0.0346 -0.9909
vn 0.1971 -0.0165 -0.9802
vn -0.1864 0.0129 -0.9824
vn -0.1730 0.9385 -0.2987
vn -0.2145 0.9676 -0.1329
vn 0.2145 0.9676 -0.1329
vn 0.2145 0.9676 -0.1329
vn 0.1730 0.9385 -0.2987
vn -0.1730 0.9385 -0.2987
vn -0.1730 0.8429 -0.5096
vn -0.1730 0.9385 -0.2987
vn 0.1730 0.9385 -0.2987
vn 0.1730 0.9385 -0.2987
vn 0.1730 0.8429 -0.5096
vn -0.1730 0.8429 -0.5096
vn -0.2145 0.7372 -0.6407
vn -0.1730 0.8429 -0.5096
vn 0.1730 0.8429 -0.5096
vn 0.1730 0.8429 -0.5096
vn 0.2145 0.7372 -0.6407
vn -0.2145 0.7372 -0.6407
vn 0.1677 -0.9407 0.2948
vn 0.1557 -0.9840 0.0864
vn -0.1557 -0.9840 0.0864
vn -0.1557 -0.9840 0.0864
vn -0.1677 -0.9407 0.2948
vn 0.1677 -0.9407 0.2948
vn 0.1677 -0.8413 0.5139
vn 0.1677 -0.9407 0.2948
vn -0.1677 -0.9407 0.2948
vn -0.1677 -0.9407 0.2948
vn -0.1677 -0.8413 0.5139
vn 0.1677 -0.8413 0.5139
vn 0.2066 -0.7261 0.6558
vn 0.1677 -0.8413 0.5139
vn -0.1677 -0.8413 0.5139
vn -0.1677 -0.8413 0.5139
vn -0.2066 -0.7261 0.6558
vn 0.2066 -0.7261 0.6558
vn -0.9914 -0.1120 0.0680
vn -0.9890 0.1255 -0.0779
vn -0.9828 0.1320 -0.1291
vn -0.9828 0.1320 -0.1291
vn -0.9802 -0.1447 0.1352
vn -0.9914 -0.1120 0.0680
vn -0.9890 0.1413 -0.0432
vn -0.9890 0.1255 -0.0779
vn -0.9914 -0.1120 0.0680
vn -0.9914 -0.1120 0.0680
vn -0.9914 -0.1249 0.0396
vn -0.9890 0.1413 -0.0432
vn -0.9828 0.1841 -0.0143
vn -0.9890 0.1413 -0.0432
vn -0.9914 -0.1249 0.0396
vn -0.9914 -0.1249 0.0396
vn -0.9802 -0.1970 0.0198
vn -0.9828 0.1841 -0.0143
vn 0.9914 -0.1120 0.0680
vn 0.9802 -0.1447 0.1352
vn 0.9828 0.1320 -0.1291
vn 0.9828 0.1320 -0.1291
vn 0.9890 0.1255 -0.0779
vn 0.9914 -0.1120 0.0680
vn 0.9914 -0.1249 0.0396
vn 0.9914 -0.1120 0.0680
vn 0.9890 0.1255 -0.0779
vn 0.9890 0.1255 -0.0779
vn 0.9890 0.1413 -0.0432
vn 0.9914 -0.1249 0.0396
vn 0.9828 0.1841 -0.0143
vn 0.9802 -0.1970 0.0198
vn 0.9914 -0.1249 0.0396
vn 0.9914 -0.1249 0.0396
vn 0.9890 0.1413 -0.0432
vn 0.9828 0.1841 -0.0143
vn -0.1649 0.4363 -0.8846
vn -0.2083 0.5549 -0.8054
vn 0.2083 0.5549 -0.8054
vn 0.2083 0.5549 -0.8054
vn 0.1649 0.4363 -0.8846
vn -0.1649 0.4363 -0.8846
vn -0.1649 0.2542 -0.9530
vn -0.1649 0.4363 -0.8846
vn 0.1649 0.4363 -0.8846
vn 0.1649 0.4363 -0.8846
vn 0.1649 0.2542 -0.9530
vn -0.1649 0.2542 -0.9530
vn -0.2083 0.1128 -0.9715
vn -0.1649 0.2542 -0.9530
vn 0.1649 0.2542 -0.9530
vn 0.1649 0.2542 -0.9530
vn 0.2082 0.1129 -0.9715
vn -0.2083 0.1128 -0.9715
vn 0.1630 -0.4393 0.8834
vn 0.2038 -0.5667 0.7983
vn -0.2038 -0.5667 0.7983
vn -0.2038 -0.5667 0.7983
vn -0.1630 -0.4393 0.8834
vn 0.1630 -0.4393 0.8834
vn 0.1630 -0.2511 0.9541
vn 0.1630 -0.4393 0.8834
vn -0.1630 -0.4393 0.8834
vn -0.1630 -0.4393 0.8834
vn -0.1630 -0.2511 0.9541
vn 0.1630 -0.2511 0.9541
vn 0.2038 -0.0992 0.9740
vn 0.1630 -0.2511 0.9541
vn -0.1630 -0.2511 0.9541
vn -0.1630 -0.2511 0.9541
vn -0.2037 -0.0991 0.9740
vn 0.2038 -0.0992 0.9740
vn -0.9909 -0.0346 0.1302
vn -0.9888 0.0376 -0.1447
vn -0.9824 0.0131 -0.1863
vn -0.9824 0.0131 -0.1863
vn -0.9802 -0.0166 0.1972
vn -0.9909 -0.0346 0.1302
vn -0.9888 0.0670 -0.1336
vn -0.9888 0.0376 -0.1447
vn -0.9909 -0.0346 0.1302
vn -0.9909 -0.0346 0.1302
vn -0.9909 -0.0597 0.1207
vn -0.9888 0.0670 -0.1336
vn -0.9824 0.1130 -0.1488
vn -0.9888 0.0670 -0.1336
vn -0.9909 -0.0597 0.1207
vn -0.9909 -0.0597 0.1207
vn -0.9802 -0.1173 0.1594
vn -0.9824 0.1130 -0.1488
vn 0.9909 -0.0346 0.1302
vn 0.9802 -0.0165 0.1971
vn 0.9824 0.0130 -0.1864
vn 0.9824 0.0130 -0.1864
vn 0.9888 0.0376 -0.1447
vn 0.9909 -0.0346 0.1302
vn 0.9909 -0.0597 0.1207
vn 0.9909 -0.0346 0.1302
vn 0.9888 0.0376 -0.1447
vn 0.9888 0.0376 -0.1447
vn 0.9888 0.0670 -0.1336
vn 0.9909 -0.0597 0.1207
vn 0.9824 0.1130 -0.1488
vn 0.9802 -0.1173 0.1594
vn 0.9909 -0.0597 0.1207
vn 0.9909 -0.0597 0.1207
vn 0.9888 0.0670 -0.1336
vn 0.9824 0.1130 -0.1488
vn 0.1730 0.9385 0.2987
vn 0.2145 0.9676 0.1329
vn -0.2145 0.9676 0.1329
vn -0.2145 0.9676 0.1329
vn -0.1730 0.9385 0.2987
vn 0.1730 0.9385 0.2987
vn 0.1730 0.8429 0.5096
vn 0.1730 0.9385 0.2987
vn -0.1730 0.9385 0.2987
vn -0.1730 0.9385 0.2987
vn -0.1730 0.8429 0.5096
vn 0.1730 0.8429 0.5096
vn 0.2145 0.7372 0.6407
vn 0.1730 0.8429 0.5096
vn -0.1730 0.8429 0.5096
vn -0.1730 0.8429 0.5096
vn -0.2145 0.7372 0.6407
vn 0.2145 0.7372 0.6407
vn -0.1677 -0.9407 -0.2948
vn -0.1557 -0.9840 -0.0864
vn 0.1557 -0.9840 -0.0864
vn 0.1557 -0.9840 -0.0864
vn 0.1677 -0.9407 -0.2948
vn -0.1677 -0.9407 -0.2948
vn -0.1677 -0.8413 -0.5139
vn -0.1677 -0.9407 -0.2948
vn 0.1677 -0.9407 -0.2948
vn 0.1677 -0.9407 -0.2948
vn 0.1677 -0.8413 -0.5139
vn -0.1677 -0.8413 -0.5139
vn -0.2066 -0.7261 -0.6558
vn -0.1677 -0.8413 -0.5139
vn 0.1677 -0.8413 -0.5139
vn 0.1677 -0.8413 -0.5139
vn 0.2066 -0.7261 -0.6558
vn -0.2066 -0.7261 -0.6558
vn -0.9914 -0.1120 -0.0680
vn -0.9802 -0.1447 -0.1352
vn -0.9828 0.1320 0.1291
vn -0.9828 0.1320 0.1291
vn -0.9890 0.1255 0.0779
vn -0.9914 -0.1120 -0.0680
vn -0.9914 -0.1249 -0.0396
vn -0.9914 -0.1120 -0.0680
vn -0.9890 0.1255 0.0779
vn -0.9890 0.1255 0.0779
vn -0.9890 0.1413 0.0432
vn -0.9914 -0.1249 -0.0396
vn -0.9828 0.1841 0.0143
vn -0.9802 -0.1970 -0.0198
vn -0.9914 -0.1249 -0.0396
vn -0.9914 -0.1249 -0.0396
vn -0.9890 0.1413 0.0432
vn -0.9828 0.1841 0.0143
vn 0.9914 -0.1120 -0.0680
vn 0.9890 0.1255 0.0779
vn 0.9828 0.1320 0.1291
vn 0.9828 0.1320 0.1291
vn 0.9802 -0.1447 -0.1352
vn 0.9914 -0.1120 -0.0680
vn 0.9890 0.1413 0.0432
vn 0.9890 0.1255 0.0779
vn 0.9914 -0.1120 -0.0680
vn 0.9914 -0.1120 -0.0680
vn 0.9914 -0.1249 -0.0396
vn 0.9890 0.1413 0.0432
vn 0.9885 0.1506 0.0117
vn 0.9890 0.1413 0.0432
vn 0.9914 -0.1249 -0.0396
vn 0.9914 -0.1249 -0.0396
vn 0.9908 -0.1347 -0.0136
vn 0.9885 0.1506 0.0117
vn 0.1649 0.4363 0.8846
vn 0.2083 0.5549 0.8054
vn -0.2083 0.5549 0.8054
vn -0.2083 0.5549 0.8054
vn -0.1649 0.4363 0.8846
vn 0.1649 0.4363 0.8846
vn 0.1649 0.2542 0.9530
vn 0.1649 0.4363 0.8846
vn -0.1649 0.4363 0.8846
vn -0.1649 0.4363 0.8846
vn -0.1649 0.2542 0.9530
vn 0.1649 0.2542 0.9530
vn 0.2083 0.1128 0.9715
vn 0.1649 0.2542 0.9530
vn -0.1649 0.2542 0.9530
vn -0.1649 0.2542 0.9530
vn -0.2082 0.1129 0.9715
vn 0.2083 0.1128 0.9715
vn -0.1630 -0.4393 -0.8834
vn -0.2038 -0.5667 -0.7983
vn 0.2038 -0.5667 -0.7983
vn 0.2038 -0.5667 -0.7983
vn 0.1630 -0.4393 -0.8834
vn -0.1630 -0.4393 -0.8834
vn -0.1630 -0.2511 -0.9541
vn -0.1630 -0.4393 -0.8834
vn 0.1630 -0.4393 -0.8834
vn 0.1630 -0.4393 -0.8834
vn 0.1630 -0.2511 -0.9541
vn -0.1630 -0.2511 -0.9541
vn -0.2038 -0.0993 -0.9740
vn -0.1630 -0.2511 -0.9541
vn 0.1630 -0.2511 -0.9541
vn 0.1630 -0.2511 -0.9541
vn 0.2037 -0.0991 -0.9740
vn -0.2038 -0.0993 -0.9740
vn -0.9909 -0.0346 -0.1302
vn -0.9802 -0.0165 -0.1971
vn -0.9824 0.0129 0.1864
vn -0.9824 0.0129 0.1864
vn -0.9888 0.0376 0.1447
vn -0.9909 -0.0346 -0.1302
vn -0.9909 -0.0597 -0.1207
vn -0.9909 -0.0346 -0.1302
vn -0.9888 0.0376 0.1447
vn -0.9888 0.0376 0.1447
vn -0.9888 0.0670 0.1336
vn -0.9909 -0.0597 -0.1207
vn -0.9824 0.1130 0.1488
vn -0.9802 -0.1173 -0.1594
vn -0.9909 -0.0597 -0.1207
vn -0.9909 -0.0597 -0.1207
vn -0.9888 0.0670 0.1336
vn -0.9824 0.1130 0.1488
vn 0.9909 -0.0346 -0.1302
vn 0.9888 0.0376 0.1447
vn 0.9824 0.0131 0.1863
vn 0.9824 0.0131 0.1863
vn 0.9802 -0.0166 -0.1972
vn 0.9909 -0.0346 -0.1302
vn 0.9888 0.0670 0.1336
vn 0.9888 0.0376 0.1447
vn 0.9909 -0.0346 -0.1302
vn 0.9909 -0.0346 -0.1302
vn 0.9909 -0.0597 -0.1207
vn 0.9888 0.0670 0.1336
vn 0.9824 0.1130 0.1488
vn 0.9888 0.0670 0.1336
vn 0.9909 -0.0597 -0.1207
vn 0.9909 -0.0597 -0.1207
vn 0.9802 -0.1173 -0.1594
vn 0.9824 0.1130 0.1488
vn 0.6816 0.5142 0.5205
vn 0.8054 0.5549 0.2083
vn 0.6407 0.7372 0.2145
vn 0.6407 0.7372 0.2145
vn 0.5915 0.6114 0.5256
vn 0.6816 0.5142 0.5205
vn 0.4079 0.3111 0.8584
vn 0.6816 0.5142 0.5205
vn 0.5915 0.6114 0.5256
vn 0.5915 0.6114 0.5256
vn 0.3577 0.3649 0.8596
vn 0.4079 0.3111 0.8584
vn 0.1488 0.1130 0.9824
vn 0.4079 0.3111 0.8584
vn 0.3577 0.3649 0.8596
vn 0.3577 0.3649 0.8596
vn 0.1291 0.1320 0.9828
vn 0.1488 0.1130 0.9824
vn 0.5915 0.6114 -0.5256
vn 0.6407 0.7372 -0.2145
vn 0.8054 0.5549 -0.2083
vn 0.8054 0.5549 -0.2083
vn 0.6816 0.5142 -0.5205
vn 0.5915 0.6114 -0.5256
vn 0.3577 0.3649 -0.8596
vn 0.5915 0.6114 -0.5256
vn 0.6816 0.5142 -0.5205
vn 0.6816 0.5142 -0.5205
vn 0.4079 0.3111 -0.8584
vn 0.3577 0.3649 -0.8596
vn 0.1291 0.1320 -0.9828
vn 0.3577 0.3649 -0.8596
vn 0.4079 0.3111 -0.8584
vn 0.4079 0.3111 -0.8584
vn 0.1488 0.1130 -0.9824
vn 0.1291 0.1320 -0.9828
vn -0.5766 -0.6199 0.5322
vn -0.6837 -0.7130 0.1557
vn -0.7908 -0.5926 0.1535
vn -0.7908 -0.5926 0.1535
vn -0.6857 -0.5012 0.5278
vn -0.5766 -0.6199 0.5322
vn -0.3314 -0.3612 0.8716
vn -0.5766 -0.6199 0.5322
vn -0.6857 -0.5012 0.5278
vn -0.6857 -0.5012 0.5278
vn -0.4008 -0.2897 0.8692
vn -0.3314 -0.3612 0.8716
vn -0.1352 -0.1447 0.9802
vn -0.3314 -0.3612 0.8716
vn -0.4008 -0.2897 0.8692
vn -0.4008 -0.2897 0.8692
vn -0.1594 -0.1173 0.9802
vn -0.1352 -0.1447 0.9802
vn -0.6857 -0.5012 -0.5278
vn -0.7907 -0.5926 -0.1535
vn -0.6837 -0.7130 -0.1557
vn -0.6837 -0.7130 -0.1557
vn -0.5766 -0.6199 -0.5322
vn -0.6857 -0.5012 -0.5278
vn -0.4008 -0.2897 -0.8692
vn -0.6857 -0.5012 -0.5278
vn -0.5766 -0.6199 -0.5322
vn -0.5766 -0.6199 -0.5322
vn -0.3314 -0.3612 -0.8716
vn -0.4008 -0.2897 -0.8692
vn -0.1594 -0.1173 -0.9802
vn -0.4008 -0.2897 -0.8692
vn -0.3314 -0.3612 -0.8716
vn -0.3314 -0.3612 -0.8716
vn -0.1352 -0.1447 -0.9802
vn -0.1594 -0.1173 -0.9802
vn 0.6557 -0.6532 0.3787
vn 0.4625 -0.8779 0.1239
vn 0.9715 0.1129 0.2082
vn 0.9715 0.1129 0.2082
vn 0.8516 0.0620 0.5205
vn 0.6557 -0.6532 0.3787
vn 0.3786 -0.6531 0.6558
vn 0.6557 -0.6532 0.3787
vn 0.8516 0.0620 0.5205
vn 0.8516 0.0620 0.5205
vn 0.5117 0.0346 0.8585
vn 0.3786 -0.6531 0.6558
vn 0.1240 -0.8779 0.4626
vn 0.3786 -0.6531 0.6558
vn 0.5117 0.0346 0.8585
vn 0.5117 0.0346 0.8585
vn 0.1864 0.0129 0.9824
vn 0.1240 -0.8779 0.4626
vn 0.8516 0.0619 -0.5205
vn 0.9715 0.1128 -0.2083
vn 0.4626 -0.8779 -0.1240
vn 0.4626 -0.8779 -0.1240
vn 0.6558 -0.6531 -0.3786
vn 0.8516 0.0619 -0.5205
vn 0.5117 0.0347 -0.8584
vn 0.8516 0.0619 -0.5205
vn 0.6558 -0.6531 -0.3786
vn 0.6558 -0.6531 -0.3786
vn 0.3787 -0.6532 -0.6557
vn 0.5117 0.0347 -0.8584
vn 0.1863 0.0131 -0.9824
vn 0.5117 0.0347 -0.8584
vn 0.3787 -0.6532 -0.6557
vn 0.3787 -0.6532 -0.6557
vn 0.1239 -0.8779 -0.4625
vn 0.1863 0.0131 -0.9824
vn -0.8462 -0.0742 0.5277
vn -0.9740 -0.0992 0.2038
vn -0.4626 -0.8779 0.1241
vn -0.4626 -0.8779 0.1241
vn -0.6558 -0.6531 0.3786
vn -0.8462 -0.0742 0.5277
vn -0.4924 -0.0457 0.8692
vn -0.8462 -0.0742 0.5277
vn -0.6558 -0.6531 0.3786
vn -0.6558 -0.6531 0.3786
vn -0.3787 -0.6532 0.6557
vn -0.4924 -0.0457 0.8692
vn -0.1971 -0.0165 0.9802
vn -0.4924 -0.0457 0.8692
vn -0.3787 -0.6532 0.6557
vn -0.3787 -0.6532 0.6557
vn -0.1239 -0.8779 0.4625
vn -0.1971 -0.0165 0.9802
vn -0.6557 -0.6532 -0.3787
vn -0.4625 -0.8779 -0.1239
vn -0.9740 -0.0991 -0.2037
vn -0.9740 -0.0991 -0.2037
vn -0.8462 -0.0742 -0.5278
vn -0.6557 -0.6532 -0.3787
vn -0.3786 -0.6531 -0.6558
vn -0.6557 -0.6532 -0.3787
vn -0.8462 -0.0742 -0.5278
vn -0.8462 -0.0742 -0.5278
vn -0.4923 -0.0458 -0.8692
vn -0.3786 -0.6531 -0.6558
vn -0.1241 -0.8779 -0.4626
vn -0.3786 -0.6531 -0.6558
vn -0.4923 -0.0458 -0.8692
vn -0.4923 -0.0458 -0.8692
vn -0.1972 -0.0166 -0.9802
vn -0.1241 -0.8779 -0.4626
vn -0.5915 0.6114 0.5256
vn -0.6407 0.7372 0.2145
vn -0.8054 0.5549 0.2083
vn -0.8054 0.5549 0.2083
vn -0.6816 0.5142 0.5205
vn -0.5915 0.6114 0.5256
vn -0.3577 0.3649 0.8596
vn -0.5915 0.6114 0.5256
vn -0.6816 0.5142 0.5205
vn -0.6816 0.5142 0.5205
vn -0.4079 0.3111 0.8584
vn -0.3577 0.3649 0.8596
vn -0.1291 0.1320 0.9828
vn -0.3577 0.3649 0.8596
vn -0.4079 0.3111 0.8584
vn -0.4079 0.3111 0.8584
vn -0.1488 0.1130 0.9824
vn -0.1291 0.1320 0.9828
vn -0.6816 0.5142 -0.5205
vn -0.8054 0.5549 -0.2083
vn -0.6407 0.7372 -0.2145
vn -0.6407 0.7372 -0.2145
vn -0.5915 0.6114 -0.5256
vn -0.6816 0.5142 -0.5205
vn -0.4079 0.3111 -0.8584
vn -0.6816 0.5142 -0.5205
vn -0.5915 0.6114 -0.5256
vn -0.5915 0.6114 -0.5256
vn -0.3577 0.3649 -0.8596
vn -0.4079 0.3111 -0.8584
vn -0.1488 0.1130 -0.9824
vn -0.4079 0.3111 -0.8584
vn -0.3577 0.3649 -0.8596
vn -0.3577 0.3649 -0.8596
vn -0.1291 0.1320 -0.9828
vn -0.1488 0.1130 -0.9824
vn 0.6857 -0.5012 0.5278
vn 0.7983 -0.5667 0.2038
vn 0.6558 -0.7261 0.2066
vn 0.6558 -0.7261 0.2066
vn 0.5766 -0.6199 0.5322
vn 0.6857 -0.5012 0.5278
vn 0.4008 -0.2897 0.8692
vn 0.6857 -0.5012 0.5278
vn 0.5766 -0.6199 0.5322
vn 0.5766 -0.6199 0.5322
vn 0.3314 -0.3612 0.8716
vn 0.4008 -0.2897 0.8692
vn 0.1594 -0.1173 0.9802
vn 0.4008 -0.2897 0.8692
vn 0.3314 -0.3612 0.8716
vn 0.3314 -0.3612 0.8716
vn 0.1352 -0.1447 0.9802
vn 0.1594 -0.1173 0.9802
vn 0.5766 -0.6199 -0.5322
vn 0.6558 -0.7261 -0.2066
vn 0.7983 -0.5667 -0.2038
vn 0.7983 -0.5667 -0.2038
vn 0.6857 -0.5012 -0.5278
vn 0.5766 -0.6199 -0.5322
vn 0.3314 -0.3612 -0.8716
vn 0.5766 -0.6199 -0.5322
vn 0.6857 -0.5012 -0.5278
vn 0.6857 -0.5012 -0.5278
vn 0.4008 -0.2897 -0.8692
vn 0.3314 -0.3612 -0.8716
vn 0.1352 -0.1447 -0.9802
vn 0.3314 -0.3612 -0.8716
vn 0.4008 -0.2897 -0.8692
vn 0.4008 -0.2897 -0.8692
vn 0.1594 -0.1173 -0.9802
vn 0.1352 -0.1447 -0.9802
vn -0.8516 0.0619 0.5205
vn -0.9715 0.1128 0.2083
vn -0.4626 -0.8779 0.1240
vn -0.4626 -0.8779 0.1240
vn -0.6558 -0.6531 0.3786
vn -0.8516 0.0619 0.5205
vn -0.5117 0.0347 0.8584
vn -0.8516 0.0619 0.5205
vn -0.6558 -0.6531 0.3786
vn -0.6558 -0.6531 0.3786
vn -0.3787 -0.6532 0.6557
vn -0.5117 0.0347 0.8584
vn -0.1863 0.0131 0.9824
vn -0.5117 0.0347 0.8584
vn -0.3787 -0.6532 0.6557
vn -0.3787 -0.6532 0.6557
vn -0.1239 -0.8779 0.4625
vn -0.1863 0.0131 0.9824
vn -0.6557 -0.6532 -0.3787
vn -0.4625 -0.8779 -0.1239
vn -0.9715 0.1129 -0.2082
vn -0.9715 0.1129 -0.2082
vn -0.8516 0.0620 -0.5205
vn -0.6557 -0.6532 -0.3787
vn -0.3786 -0.6531 -0.6558
vn -0.6557 -0.6532 -0.3787
vn -0.8516 0.0620 -0.5205
vn -0.8516 0.0620 -0.5205
vn -0.5117 0.0346 -0.8585
vn -0.3786 -0.6531 -0.6558
vn -0.1240 -0.8779 -0.4626
vn -0.3786 -0.6531 -0.6558
vn -0.5117 0.0346 -0.8585
vn -0.5117 0.0346 -0.8585
vn -0.1864 0.0129 -0.9824
vn -0.1240 -0.8779 -0.4626
vn 0.6557 -0.6532 0.3787
vn 0.4625 -0.8779 0.1239
vn 0.9740 -0.0991 0.2037
vn 0.9740 -0.0991 0.2037
vn 0.8462 -0.0742 0.5278
vn 0.6557 -0.6532 0.3787
vn 0.3786 -0.6531 0.6558
vn 0.6557 -0.6532 0.3787
vn 0.8462 -0.0742 0.5278
vn 0.8462 -0.0742 0.5278
vn 0.4923 -0.0458 0.8692
vn 0.3786 -0.6531 0.6558
vn 0.1241 -0.8779 0.4626
vn 0.3786 -0.6531 0.6558
vn 0.4923 -0.0458 0.8692
vn 0.4923 -0.0458 0.8692
vn 0.1972 -0.0166 0.9802
vn 0.1241 -0.8779 0.4626
vn 0.8462 -0.0742 -0.5277
vn 0.9740 -0.0992 -0.2038
vn 0.4626 -0.8779 -0.1241
vn 0.4626 -0.8779 -0.1241
vn 0.6558 -0.6531 -0.3786
vn 0.8462 -0.0742 -0.5277
vn 0.4924 -0.0457 -0.8692
vn 0.8462 -0.0742 -0.5277
vn 0.6558 -0.6531 -0.3786
vn 0.6558 -0.6531 -0.3786
vn 0.3787 -0.6532 -0.6557
vn 0.4924 -0.0457 -0.8692
vn 0.1971 -0.0165 -0.9802
vn 0.4924 -0.0457 -0.8692
vn 0.3787 -0.6532 -0.6557
vn 0.3787 -0.6532 -0.6557
vn 0.1239 -0.8779 -0.4625
vn 0.1971 -0.0165 -0.9802
vn 0.5256 0.8478 -0.0706
vn 0.2145 0.9676 -0.1329
vn 0.1948 0.9808 0.0000
vn 0.1948 0.9808 0.0000
vn 0.4971 0.8669 -0.0369
vn 0.5256 0.8478 -0.0706
vn 0.8596 0.5094 -0.0391
vn 0.5256 0.8478 -0.0706
vn 0.4971 0.8669 -0.0369
vn 0.4971 0.8669 -0.0369
vn 0.8404 0.5307 -0.1096
vn 0.8596 0.5094 -0.0391
vn 0.9828 0.1841 -0.0143
vn 0.8596 0.5094 -0.0391
vn 0.8404 0.5307 -0.1096
vn 0.8404 0.5307 -0.1096
vn 0.9616 0.1942 -0.1942
vn 0.9828 0.1841 -0.0143
vn 0.1189 0.9929 -0.0078
vn 0.1948 0.9808 0.0000
vn -0.1948 0.9808 0.0000
vn -0.1948 0.9808 0.0000
vn -0.1189 0.9929 -0.0078
vn 0.1189 0.9929 -0.0078
vn 0.0525 0.9982 -0.0275
vn 0.1189 0.9929 -0.0078
vn -0.1189 0.9929 -0.0078
vn -0.1189 0.9929 -0.0078
vn -0.0525 0.9982 -0.0275
vn 0.0525 0.9982 -0.0275
vn 0.0000 1.0000 -0.0000
vn 0.0525 0.9982 -0.0275
vn -0.0525 0.9982 -0.0275
vn -0.0525 0.9982 -0.0275
vn 0.0000 1.0000 -0.0000
vn 0.0000 1.0000 -0.0000
vn -0.5256 0.8478 -0.0706
vn -0.4971 0.8669 -0.0369
vn -0.1948 0.9808 0.0000
vn -0.1948 0.9808 0.0000
vn -0.2145 0.9676 -0.1329
vn -0.5256 0.8478 -0.0706
vn -0.8596 0.5094 -0.0391
vn -0.8404 0.5307 -0.1096
vn -0.4971 0.8669 -0.0369
vn -0.4971 0.8669 -0.0369
vn -0.5256 0.8478 -0.0706
vn -0.8596 0.5094 -0.0391
vn -0.9828 0.1841 -0.0143
vn -0.9616 0.1942 -0.1942
vn -0.8404 0.5307 -0.1096
vn -0.8404 0.5307 -0.1096
vn -0.8596 0.5094 -0.0391
vn -0.9828 0.1841 -0.0143
vn 0.4971 -0.8669 -0.0369
vn 0.1463 -0.9892 -0.0000
vn 0.1557 -0.9840 0.0864
vn 0.1557 -0.9840 0.0864
vn 0.5322 -0.8421 0.0869
vn 0.4971 -0.8669 -0.0369
vn 0.8404 -0.5307 -0.1096
vn 0.4971 -0.8669 -0.0369
vn 0.5322 -0.8421 0.0869
vn 0.5322 -0.8421 0.0869
vn 0.8716 -0.4873 0.0537
vn 0.8404 -0.5307 -0.1096
vn 0.9616 -0.1942 -0.1942
vn 0.8404 -0.5307 -0.1096
vn 0.8716 -0.4873 0.0537
vn 0.8716 -0.4873 0.0537
vn 0.9802 -0.1970 0.0198
vn 0.9616 -0.1942 -0.1942
vn -0.4971 -0.8669 -0.0369
vn -0.5322 -0.8421 0.0869
vn -0.1557 -0.9840 0.0864
vn -0.1557 -0.9840 0.0864
vn -0.1463 -0.9892 -0.0000
vn -0.4971 -0.8669 -0.0369
vn -0.8404 -0.5307 -0.1096
vn -0.8716 -0.4873 0.0537
vn -0.5322 -0.8421 0.0869
vn -0.5322 -0.8421 0.0869
vn -0.4971 -0.8669 -0.0369
vn -0.8404 -0.5307 -0.1096
vn -0.9616 -0.1942 -0.1942
vn -0.9802 -0.1970 0.0198
vn -0.8716 -0.4873 0.0537
vn -0.8716 -0.4873 0.0537
vn -0.8404 -0.5307 -0.1096
vn -0.9616 -0.1942 -0.1942
vn -0.1189 -0.9929 -0.0078
vn -0.1463 -0.9892 -0.0000
vn 0.1463 -0.9892 -0.0000
vn 0.1463 -0.9892 -0.0000
vn 0.1189 -0.9929 -0.0078
vn -0.1189 -0.9929 -0.0078
vn -0.0651 -0.9978 -0.0149
vn -0.1189 -0.9929 -0.0078
vn 0.1189 -0.9929 -0.0078
vn 0.1189 -0.9929 -0.0078
vn 0.0651 -0.9978 -0.0149
vn -0.0651 -0.9978 -0.0149
vn -0.0127 -0.9998 -0.0127
vn -0.0651 -0.9978 -0.0149
vn 0.0651 -0.9978 -0.0149
vn 0.0651 -0.9978 -0.0149
vn 0.0127 -0.9998 -0.0127
vn -0.0127 -0.9998 -0.0127
vn 0.5205 0.5142 -0.6816
vn 0.2083 0.5549 -0.8054
vn 0.2145 0.7372 -0.6407
vn 0.2145 0.7372 -0.6407
vn 0.5256 0.6114 -0.5915
vn 0.5205 0.5142 -0.6816
vn 0.8584 0.3111 -0.4079
vn 0.5205 0.5142 -0.6816
vn 0.5256 0.6114 -0.5915
vn 0.5256 0.6114 -0.5915
vn 0.8596 0.3649 -0.3577
vn 0.8584 0.3111 -0.4079
vn 0.9824 0.1130 -0.1488
vn 0.8584 0.3111 -0.4079
vn 0.8596 0.3649 -0.3577
vn 0.8596 0.3649 -0.3577
vn 0.9828 0.1320 -0.1291
vn 0.9824 0.1130 -0.1488
vn -0.5256 0.6114 -0.5915
vn -0.2145 0.7372 -0.6407
vn -0.2083 0.5549 -0.8054
vn -0.2083 0.5549 -0.8054
vn -0.5205 0.5142 -0.6816
vn -0.5256 0.6114 -0.5915
vn -0.8596 0.3649 -0.3577
vn -0.5256 0.6114 -0.5915
vn -0.5205 0.5142 -0.6816
vn -0.5205 0.5142 -0.6816
vn -0.8584 0.3111 -0.4079
vn -0.8596 0.3649 -0.3577
vn -0.9828 0.1320 -0.1291
vn -0.8596 0.3649 -0.3577
vn -0.8584 0.3111 -0.4079
vn -0.8584 0.3111 -0.4079
vn -0.9824 0.1130 -0.1488
vn -0.9828 0.1320 -0.1291
vn 0.5322 -0.6199 0.5766
vn 0.2066 -0.7261 0.6558
vn 0.2038 -0.5667 0.7983
vn 0.2038 -0.5667 0.7983
vn 0.5278 -0.5012 0.6857
vn 0.5322 -0.6199 0.5766
vn 0.8716 -0.3612 0.3314
vn 0.5322 -0.6199 0.5766
vn 0.5278 -0.5012 0.6857
vn 0.5278 -0.5012 0.6857
vn 0.8692 -0.2897 0.4008
vn 0.8716 -0.3612 0.3314
vn 0.9802 -0.1447 0.1352
vn 0.8716 -0.3612 0.3314
vn 0.8692 -0.2897 0.4008
vn 0.8692 -0.2897 0.4008
vn 0.9802 -0.1173 0.1594
vn 0.9802 -0.1447 0.1352
vn -0.5278 -0.5012 0.6857
vn -0.2038 -0.5667 0.7983
vn -0.2066 -0.7261 0.6558
vn -0.2066 -0.7261 0.6558
vn -0.5322 -0.6199 0.5766
vn -0.5278 -0.5012 0.6857
vn -0.8692 -0.2897 0.4008
vn -0.5278 -0.5012 0.6857
vn -0.5322 -0.6199 0.5766
vn -0.5322 -0.6199 0.5766
vn -0.8716 -0.3612 0.3314
vn -0.8692 -0.2897 0.4008
vn -0.9802 -0.1173 0.1594
vn -0.8692 -0.2897 0.4008
vn -0.8716 -0.3612 0.3314
vn -0.8716 -0.3612 0.3314
vn -0.9802 -0.1447 0.1352
vn -0.9802 -0.1173 0.1594
vn 0.3787 -0.6532 -0.6557
vn 0.1239 -0.8779 -0.4625
vn 0.2082 0.1129 -0.9715
vn 0.2082 0.1129 -0.9715
vn 0.5205 0.0620 -0.8516
vn 0.3787 -0.6532 -0.6557
vn 0.6558 -0.6531 -0.3786
vn 0.3787 -0.6532 -0.6557
vn 0.5205 0.0620 -0.8516
vn 0.5205 0.0620 -0.8516
vn 0.8585 0.0346 -0.5117
vn 0.6558 -0.6531 -0.3786
vn 0.4626 -0.8779 -0.1240
vn 0.6558 -0.6531 -0.3786
vn 0.8585 0.0346 -0.5117
vn 0.8585 0.0346 -0.5117
vn 0.9824 0.0130 -0.1864
vn 0.4626 -0.8779 -0.1240
vn -0.5205 0.0619 -0.8516
vn -0.2083 0.1128 -0.9715
vn -0.1240 -0.8779 -0.4626
vn -0.1240 -0.8779 -0.4626
vn -0.3786 -0.6531 -0.6558
vn -0.5205 0.0619 -0.8516
vn -0.8584 0.0347 -0.5117
vn -0.5205 0.0619 -0.8516
vn -0.3786 -0.6531 -0.6558
vn -0.3786 -0.6531 -0.6558
vn -0.6557 -0.6532 -0.3787
vn -0.8584 0.0347 -0.5117
vn -0.9824 0.0131 -0.1863
vn -0.8584 0.0347 -0.5117
vn -0.6557 -0.6532 -0.3787
vn -0.6557 -0.6532 -0.3787
vn -0.4625 -0.8779 -0.1239
vn -0.9824 0.0131 -0.1863
vn 0.5277 -0.0742 0.8462
vn 0.2038 -0.0992 0.9740
vn 0.1241 -0.8779 0.4626
vn 0.1241 -0.8779 0.4626
vn 0.3786 -0.6531 0.6558
vn 0.5277 -0.0742 0.8462
vn 0.8692 -0.0457 0.4924
vn 0.5277 -0.0742 0.8462
vn 0.3786 -0.6531 0.6558
vn 0.3786 -0.6531 0.6558
vn 0.6557 -0.6532 0.3787
vn 0.8692 -0.0457 0.4924
vn 0.9802 -0.0165 0.1971
vn 0.8692 -0.0457 0.4924
vn 0.6557 -0.6532 0.3787
vn 0.6557 -0.6532 0.3787
vn 0.4625 -0.8779 0.1239
vn 0.9802 -0.0165 0.1971
vn -0.3787 -0.6532 0.6557
vn -0.1239 -0.8779 0.4625
vn -0.2037 -0.0991 0.9740
vn -0.2037 -0.0991 0.9740
vn -0.5278 -0.0742 0.8462
vn -0.3787 -0.6532 0.6557
vn -0.6558 -0.6531 0.3786
vn -0.3787 -0.6532 0.6557
vn -0.5278 -0.0742 0.8462
vn -0.5278 -0.0742 0.8462
vn -0.8692 -0.0458 0.4923
vn -0.6558 -0.6531 0.3786
vn -0.4626 -0.8779 0.1241
vn -0.6558 -0.6531 0.3786
vn -0.8692 -0.0458 0.4923
vn -0.8692 -0.0458 0.4923
vn -0.9802 -0.0166 0.1972
vn -0.4626 -0.8779 0.1241
vn 0.5256 0.8478 0.0706
vn 0.4971 0.8669 0.0369
vn 0.1948 0.9808 -0.0000
vn 0.1948 0.9808 -0.0000
vn 0.2145 0.9676 0.1329
vn 0.5256 0.8478 0.0706
vn 0.8596 0.5094 0.0391
vn 0.8404 0.5307 0.1096
vn 0.4971 0.8669 0.0369
vn 0.4971 0.8669 0.0369
vn 0.5256 0.8478 0.0706
vn 0.8596 0.5094 0.0391
vn 0.9885 0.1506 0.0117
vn 0.9783 0.1467 0.1467
vn 0.8404 0.5307 0.1096
vn 0.8404 0.5307 0.1096
vn 0.8596 0.5094 0.0391
vn 0.9885 0.1506 0.0117
vn -0.5256 0.8478 0.0706
vn -0.2145 0.9676 0.1329
vn -0.1948 0.9808 -0.0000
vn -0.1948 0.9808 -0.0000
vn -0.4971 0.8669 0.0369
vn -0.5256 0.8478 0.0706
vn -0.8596 0.5094 0.0391
vn -0.5256 0.8478 0.0706
vn -0.4971 0.8669 0.0369
vn -0.4971 0.8669 0.0369
vn -0.8404 0.5307 0.1096
vn -0.8596 0.5094 0.0391
vn -0.9828 0.1841 0.0143
vn -0.8596 0.5094 0.0391
vn -0.8404 0.5307 0.1096
vn -0.8404 0.5307 0.1096
vn -0.9616 0.1942 0.1942
vn -0.9828 0.1841 0.0143
vn -0.1189 0.9929 0.0078
vn -0.1948 0.9808 -0.0000
vn 0.1948 0.9808 -0.0000
vn 0.1948 0.9808 -0.0000
vn 0.1189 0.9929 0.0078
vn -0.1189 0.9929 0.0078
vn -0.0525 0.9982 0.0275
vn -0.1189 0.9929 0.0078
vn 0.1189 0.9929 0.0078
vn 0.1189 0.9929 0.0078
vn 0.0525 0.9982 0.0275
vn -0.0525 0.9982 0.0275
vn 0.0000 1.0000 -0.0000
vn -0.0525 0.9982 0.0275
vn 0.0525 0.9982 0.0275
vn 0.0525 0.9982 0.0275
vn 0.0000 1.0000 -0.0000
vn 0.0000 1.0000 -0.0000
vn 0.4971 -0.8669 0.0369
vn 0.5322 -0.8421 -0.0869
vn 0.1557 -0.9840 -0.0864
vn 0.1557 -0.9840 -0.0864
vn 0.1463 -0.9892 -0.0000
vn 0.4971 -0.8669 0.0369
vn 0.8404 -0.5307 0.1096
vn 0.8716 -0.4872 -0.0537
vn 0.5322 -0.8421 -0.0869
vn 0.5322 -0.8421 -0.0869
vn 0.4971 -0.8669 0.0369
vn 0.8404 -0.5307 0.1096
vn 0.9783 -0.1467 0.1467
vn 0.9908 -0.1347 -0.0136
vn 0.8716 -0.4872 -0.0537
vn 0.8716 -0.4872 -0.0537
vn 0.8404 -0.5307 0.1096
vn 0.9783 -0.1467 0.1467
vn 0.1189 -0.9929 0.0078
vn 0.1463 -0.9892 -0.0000
vn -0.1463 -0.9892 -0.0000
vn -0.1463 -0.9892 -0.0000
vn -0.1189 -0.9929 0.0078
vn 0.1189 -0.9929 0.0078
vn 0.0651 -0.9978 0.0149
vn 0.1189 -0.9929 0.0078
vn -0.1189 -0.9929 0.0078
vn -0.1189 -0.9929 0.0078
vn -0.0651 -0.9978 0.0149
vn 0.0651 -0.9978 0.0149
vn 0.0127 -0.9998 0.0127
vn 0.0651 -0.9978 0.0149
vn -0.0651 -0.9978 0.0149
vn -0.0651 -0.9978 0.0149
vn -0.0127 -0.9998 0.0127
vn 0.0127 -0.9998 0.0127
vn -0.4971 -0.8669 0.0369
vn -0.1463 -0.9892 -0.0000
vn -0.1557 -0.9840 -0.0864
vn -0.1557 -0.9840 -0.0864
vn -0.5322 -0.8421 -0.0869
vn -0.4971 -0.8669 0.0369
vn -0.8404 -0.5307 0.1096
vn -0.4971 -0.8669 0.0369
vn -0.5322 -0.8421 -0.0869
vn -0.5322 -0.8421 -0.0869
vn -0.8716 -0.4873 -0.0537
vn -0.8404 -0.5307 0.1096
vn -0.9616 -0.1942 0.1942
vn -0.8404 -0.5307 0.1096
vn -0.8716 -0.4873 -0.0537
vn -0.8716 -0.4873 -0.0537
vn -0.9802 -0.1970 -0.0198
vn -0.9616 -0.1942 0.1942
vn 0.5256 0.6114 0.5915
vn 0.2145 0.7372 0.6407
vn 0.2083 0.5549 0.8054
vn 0.2083 0.5549 0.8054
vn 0.5205 0.5142 0.6816
vn 0.5256 0.6114 0.5915
vn 0.8596 0.3649 0.3577
vn 0.5256 0.6114 0.5915
vn 0.5205 0.5142 0.6816
vn 0.5205 0.5142 0.6816
vn 0.8584 0.3111 0.4079
vn 0.8596 0.3649 0.3577
vn 0.9828 0.1320 0.1291
vn 0.8596 0.3649 0.3577
vn 0.8584 0.3111 0.4079
vn 0.8584 0.3111 0.4079
vn 0.9824 0.1130 0.1488
vn 0.9828 0.1320 0.1291
vn -0.5205 0.5142 0.6816
vn -0.2083 0.5549 0.8054
vn -0.2145 0.7372 0.6407
vn -0.2145 0.7372 0.6407
vn -0.5256 0.6114 0.5915
vn -0.5205 0.5142 0.6816
vn -0.8584 0.3111 0.4079
vn -0.5205 0.5142 0.6816
vn -0.5256 0.6114 0.5915
vn -0.5256 0.6114 0.5915
vn -0.8596 0.3649 0.3577
vn -0.8584 0.3111 0.4079
vn -0.9824 0.1130 0.1488
vn -0.8584 0.3111 0.4079
vn -0.8596 0.3649 0.3577
vn -0.8596 0.3649 0.3577
vn -0.9828 0.1320 0.1291
vn -0.9824 0.1130 0.1488
vn 0.5278 -0.5012 -0.6857
vn 0.2038 -0.5667 -0.7983
vn 0.2066 -0.7261 -0.6558
vn 0.2066 -0.7261 -0.6558
vn 0.5322 -0.6199 -0.5766
vn 0.5278 -0.5012 -0.6857
vn 0.8692 -0.2897 -0.4008
vn 0.5278 -0.5012 -0.6857
vn 0.5322 -0.6199 -0.5766
vn 0.5322 -0.6199 -0.5766
vn 0.8716 -0.3612 -0.3314
vn 0.8692 -0.2897 -0.4008
vn 0.9802 -0.1173 -0.1594
vn 0.8692 -0.2897 -0.4008
vn 0.8716 -0.3612 -0.3314
vn 0.8716 -0.3612 -0.3314
vn 0.9802 -0.1447 -0.1352
vn 0.9802 -0.1173 -0.1594
vn -0.5322 -0.6199 -0.5766
vn -0.2066 -0.7261 -0.6558
vn -0.2038 -0.5667 -0.7983
vn -0.2038 -0.5667 -0.7983
vn -0.5278 -0.5012 -0.6857
vn -0.5322 -0.6199 -0.5766
vn -0.8716 -0.3612 -0.3314
vn -0.5322 -0.6199 -0.5766
vn -0.5278 -0.5012 -0.6857
vn -0.5278 -0.5012 -0.6857
vn -0.8692 -0.2897 -0.4008
vn -0.8716 -0.3612 -0.3314
vn -0.9802 -0.1447 -0.1352
vn -0.8716 -0.3612 -0.3314
vn -0.8692 -0.2897 -0.4008
vn -0.8692 -0.2897 -0.4008
vn -0.9802 -0.1173 -0.1594
vn -0.9802 -0.1447 -0.1352
vn 0.5205 0.0619 0.8516
vn 0.2083 0.1128 0.9715
vn 0.1240 -0.8779 0.4626
vn 0.1240 -0.8779 0.4626
vn 0.3786 -0.6531 0.6558
vn 0.5205 0.0619 0.8516
vn 0.8584 0.0347 0.5117
vn 0.5205 0.0619 0.8516
vn 0.3786 -0.6531 0.6558
vn 0.3786 -0.6531 0.6558
vn 0.6557 -0.6532 0.3787
vn 0.8584 0.0347 0.5117
vn 0.9824 0.0131 0.1863
vn 0.8584 0.0347 0.5117
vn 0.6557 -0.6532 0.3787
vn 0.6557 -0.6532 0.3787
vn 0.4626 -0.8779 0.1239
vn 0.9824 0.0131 0.1863
vn -0.3787 -0.6532 0.6557
vn -0.1239 -0.8779 0.4626
vn -0.2082 0.1129 0.9715
vn -0.2082 0.1129 0.9715
vn -0.5205 0.0620 0.8516
vn -0.3787 -0.6532 0.6557
vn -0.6558 -0.6531 0.3786
vn -0.3787 -0.6532 0.6557
vn -0.5205 0.0620 0.8516
vn -0.5205 0.0620 0.8516
vn -0.8585 0.0346 0.5117
vn -0.6558 -0.6531 0.3786
vn -0.4626 -0.8779 0.1240
vn -0.6558 -0.6531 0.3786
vn -0.8585 0.0346 0.5117
vn -0.8585 0.0346 0.5117
vn -0.9824 0.0129 0.1864
vn -0.4626 -0.8779 0.1240
vn 0.3787 -0.6532 -0.6557
vn 0.1239 -0.8779 -0.4626
vn 0.2037 -0.0991 -0.9740
vn 0.2037 -0.0991 -0.9740
vn 0.5278 -0.0742 -0.8462
vn 0.3787 -0.6532 -0.6557
vn 0.6558 -0.6531 -0.3786
vn 0.3787 -0.6532 -0.6557
vn 0.5278 -0.0742 -0.8462
vn 0.5278 -0.0742 -0.8462
vn 0.8692 -0.0458 -0.4923
vn 0.6558 -0.6531 -0.3786
vn 0.4626 -0.8779 -0.1241
vn 0.6558 -0.6531 -0.3786
vn 0.8692 -0.0458 -0.4923
vn 0.8692 -0.0458 -0.4923
vn 0.9802 -0.0166 -0.1972
vn 0.4626 -0.8779 -0.1241
vn -0.5277 -0.0742 -0.8462
vn -0.2038 -0.0993 -0.9740
vn -0.1240 -0.8779 -0.4626
vn -0.1240 -0.8779 -0.4626
vn -0.3786 -0.6531 -0.6558
vn -0.5277 -0.0742 -0.8462
vn -0.8692 -0.0457 -0.4924
vn -0.5277 -0.0742 -0.8462
vn -0.3786 -0.6531 -0.6558
vn -0.3786 -0.6531 -0.6558
vn -0.6557 -0.6532 -0.3787
vn -0.8692 -0.0457 -0.4924
vn -0.9802 -0.0165 -0.1971
vn -0.8692 -0.0457 -0.4924
vn -0.6557 -0.6532 -0.3787
vn -0.6557 -0.6532 -0.3787
vn -0.4626 -0.8779 -0.1239
vn -0.9802 -0.0165 -0.1971
vn 0.0000 -0.0000 1.0000
vn 0.0000 -0.0000 1.0000
vn 0.0000 -0.0000 1.0000
vn 0.0000 -0.0000 1.0000
vn 0.0000 -0.0000 1.0000
vn 0.0000 -0.0000 1.0000
vn 0.9908 -0.1347 -0.0136
vn 0.9783 -0.1467 0.1467
vn 0.9783 0.1467 0.1467
vn 0.9783 0.1467 0.1467
vn 0.9885 0.1506 0.0117
vn 0.9908 -0.1347 -0.0136
vn 0.0000 1.0000 -0.0000
vn 0.0000 1.0000 -0.0000
vn 0.0000 1.0000 -0.0000
vn 0.0000 1.0000 -0.0000
vn 0.0000 1.0000 -0.0000
vn 0.0000 1.0000 -0.0000
vn 0.0000 1.0000 -0.0000
vn 0.0000 1.0000 -0.0000
vn 0.0000 1.0000 -0.0000
vn 0.0000 1.0000 -0.0000
vn 0.0000 1.0000 -0.0000
vn 0.0000 1.0000 -0.0000
vn 0.0000 1.0000 -0.0000
vn 0.0000 1.0000 -0.0000
vn 0.0000 1.0000 -0.0000
vn 0.0000 1.0000 -0.0000
vn 0.0000 1.0000 -0.0000
vn 0.0000 1.0000 -0.0000
vn 0.0000 0.0000 -1.0000
vn 0.0000 0.0000 -1.0000
vn 0.0000 0.0000 -1.0000
vn 0.0000 0.0000 -1.0000
vn 0.0000 0.0000 -1.0000
vn 0.0000 0.0000 -1.0000
vn 1.0000 0.0000 -0.0000
vn 1.0000 0.0000 -0.0000
vn 1.0000 0.0000 -0.0000
vn 1.0000 0.0000 -0.0000
vn 1.0000 0.0000 -0.0000
vn 1.0000 0.0000 -0.0000
vn 0.0000 1.0000 -0.0000
vn 0.0000 1.0000 -0.0000
vn 0.0000 1.0000 -0.0000
vn 0.0000 1.0000 -0.0000
vn 0.0000 1.0000 -0.0000
vn 0.0000 1.0000 -0.0000
vn -0.0000 -0.0000 1.0000
vn -0.0000 -0.0000 1.0000
vn -0.0000 -0.0000 1.0000
vn -0.0000 -0.0000 1.0000
vn 0.0000 0.0000 1.0000
vn -0.0000 -0.0000 1.0000
vn 0.7526 0.6585 -0.0000
vn 0.7526 0.6585 -0.0000
vn 0.7526 0.6585 -0.0000
vn 0.7526 0.6585 -0.0000
vn 0.7526 0.6585 -0.0000
vn 0.7526 0.6585 -0.0000
vn 0.0000 0.0000 -1.0000
vn 0.0000 0.0000 -1.0000
vn 0.0000 0.0000 -1.0000
vn 0.0000 0.0000 -1.0000
vn 0.0000 0.0000 -1.0000
vn 0.0000 0.0000 -1.0000
vn -0.0864 -0.9840 -0.1557
vn -0.0864 -0.9840 0.1557
vn 0.0000 -0.9892 0.1463
vn 0.0000 -0.9892 0.1463
vn 0.0000 -0.9892 -0.1463
vn -0.0864 -0.9840 -0.1557
vn -0.1463 -0.9892 -0.0000
vn 0.1463 -0.9892 -0.0000
vn 0.1557 -0.9840 -0.0864
vn 0.1557 -0.9840 -0.0864
vn -0.1557 -0.9840 -0.0864
vn -0.1463 -0.9892 -0.0000
vn -0.0127 -0.9998 0.0127
vn -0.0127 -0.9998 -0.0127
vn 0.0127 -0.9998 -0.0127
vn 0.0127 -0.9998 -0.0127
vn 0.0127 -0.9998 0.0127
vn -0.0127 -0.9998 0.0127
vn -0.1557 -0.9840 0.0864
vn 0.1557 -0.9840 0.0864
vn 0.1463 -0.9892 -0.0000
vn 0.1463 -0.9892 -0.0000
vn -0.1463 -0.9892 -0.0000
vn -0.1557 -0.9840 0.0864
vn -0.7907 -0.5926 -0.1535
vn -0.7908 -0.5926 0.1535
vn -0.6837 -0.7130 0.1557
vn -0.6837 -0.7130 0.1557
vn -0.6837 -0.7130 -0.1557
vn -0.7907 -0.5926 -0.1535
vn 1.0000 0.0000 -0.0000
vn 1.0000 0.0000 -0.0000
vn 1.0000 0.0000 -0.0000
vn 1.0000 0.0000 -0.0000
vn 1.0000 0.0000 -0.0000
vn 1.0000 0.0000 -0.0000
vn -0.0000 0.0000 1.0000
vn -0.0000 0.0000 1.0000
vn -0.0000 0.0000 1.0000
vn -0.0000 0.0000 1.0000
vn 0.0000 0.0000 1.0000
vn -0.0000 0.0000 1.0000
vn 0.0000 0.0000 -1.0000
vn 0.0000 0.0000 -1.0000
vn 0.0000 0.0000 -1.0000
vn 0.0000 0.0000 -1.0000
vn 0.0000 0.0000 -1.0000
vn 0.0000 0.0000 -1.0000
vn -1.0000 0.0000 -0.0000
vn -1.0000 0.0000 -0.0000
vn -1.0000 0.0000 -0.0000
vn -1.0000 0.0000 -0.0000
vn -1.0000 0.0000 -0.0000
vn -1.0000 0.0000 -0.0000
vn -0.3787 -0.6532 0.6557
vn -0.6558 -0.6531 0.3786
vn -0.4626 -0.8779 0.1241
vn -0.4626 -0.8779 0.1241
vn -0.4625 -0.8779 -0.1239
vn -0.6557 -0.6532 -0.3787
vn -0.6557 -0.6532 -0.3787
vn -0.3786 -0.6531 -0.6558
vn -0.1241 -0.8779 -0.4626
vn -0.4626 -0.8779 0.1241
vn -0.6557 -0.6532 -0.3787
vn -0.1241 -0.8779 -0.4626
vn -0.1241 -0.8779 -0.4626
vn 0.1239 -0.8779 -0.4625
vn 0.3787 -0.6532 -0.6557
vn 0.3787 -0.6532 -0.6557
vn 0.6558 -0.6531 -0.3786
vn 0.4626 -0.8779 -0.1240
vn -0.1241 -0.8779 -0.4626
vn 0.3787 -0.6532 -0.6557
vn 0.4626 -0.8779 -0.1240
vn -0.4626 -0.8779 0.1241
vn -0.1241 -0.8779 -0.4626
vn 0.4626 -0.8779 -0.1240
vn 0.4626 -0.8779 -0.1240
vn 0.4625 -0.8779 0.1239
vn 0.6557 -0.6532 0.3787
vn 0.6557 -0.6532 0.3787
vn 0.3786 -0.6531 0.6558
vn 0.1240 -0.8779 0.4626
vn 0.4626 -0.8779 -0.1240
vn 0.6557 -0.6532 0.3787
vn 0.1240 -0.8779 0.4626
vn -0.4626 -0.8779 0.1241
vn 0.4626 -0.8779 -0.1240
vn 0.1240 -0.8779 0.4626
vn -0.3787 -0.6532 0.6557
vn -0.4626 -0.8779 0.1241
vn 0.1240 -0.8779 0.4626
vn -0.3787 -0.6532 0.6557
vn 0.1240 -0.8779 0.4626
vn -0.1239 -0.8779 0.4625
vn 0.0000 -0.0000 1.0000
vn 0.0000 -0.0000 1.0000
vn 0.0000 -0.0000 1.0000
vn 0.0000 -0.0000 1.0000
vn 0.0000 -0.0000 1.0000
vn 0.0000 -0.0000 1.0000
vn 0.0000 1.0000 -0.0000
vn 0.0000 1.0000 -0.0000
vn 0.0000 1.0000 -0.0000
vn 0.0000 1.0000 -0.0000
vn 0.0000 1.0000 -0.0000
vn 0.0000 1.0000 -0.0000
vn -1.0000 0.0000 -0.0000
vn -1.0000 0.0000 -0.0000
vn -1.0000 0.0000 -0.0000
vn -1.0000 0.0000 -0.0000
vn -1.0000 0.0000 -0.0000
vn -1.0000 0.0000 -0.0000
vn 0.0000 0.0000 -1.0000
vn 0.0000 0.0000 -1.0000
vn 0.0000 0.0000 -1.0000
vn 0.0000 0.0000 -1.0000
vn 0.0000 0.0000 -1.0000
vn 0.0000 0.0000 -1.0000
vn -1.0000 0.0000 -0.0000
vn -1.0000 0.0000 -0.0000
vn -1.0000 0.0000 -0.0000
vn -1.0000 0.0000 -0.0000
vn -1.0000 0.0000 -0.0000
vn -1.0000 0.0000 -0.0000
vn 0.0000 -0.0000 1.0000
vn 0.0000 -0.0000 1.0000
vn 0.0000 -0.0000 1.0000
vn 0.0000 -0.0000 1.0000
vn 0.0000 0.0000 1.0000
vn 0.0000 -0.0000 1.0000
vn -0.7526 0.6585 -0.0000
vn -0.7526 0.6585 -0.0000
vn -0.7526 0.6585 -0.0000
vn -0.7526 0.6585 -0.0000
vn -0.7526 0.6585 -0.0000
vn -0.7526 0.6585 -0.0000
vn 0.0000 0.0000 -1.0000
vn 0.0000 0.0000 -1.0000
vn 0.0000 0.0000 -1.0000
vn 0.0000 0.0000 -1.0000
vn 0.0000 0.0000 -1.0000
vn 0.0000 0.0000 -1.0000
vn 0.0000 -0.9892 -0.1463
vn 0.0000 -0.9892 0.1463
vn 0.0864 -0.9840 0.1557
vn 0.0864 -0.9840 0.1557
vn 0.0864 -0.9840 -0.1557
vn 0.0000 -0.9892 -0.1463
vn 0.7526 -0.6585 -0.0000
vn 0.7526 -0.6585 -0.0000
vn 0.7526 -0.6585 -0.0000
vn 0.7526 -0.6585 -0.0000
vn 0.7526 -0.6585 -0.0000
vn 0.7526 -0.6585 -0.0000
vn -1.0000 0.0000 -0.0000
vn -1.0000 0.0000 -0.0000
vn -1.0000 0.0000 -0.0000
vn -1.0000 0.0000 -0.0000
vn -1.0000 0.0000 -0.0000
vn -1.0000 0.0000 -0.0000
vn 0.0000 0.0000 1.0000
vn 0.0000 0.0000 1.0000
vn 0.0000 0.0000 1.0000
vn 0.0000 0.0000 1.0000
vn 0.0000 0.0000 1.0000
vn 0.0000 0.0000 1.0000
vn 0.0000 0.0000 -1.0000
vn 0.0000 0.0000 -1.0000
vn 0.0000 0.0000 -1.0000
vn 0.0000 0.0000 -1.0000
vn 0.0000 0.0000 -1.0000
vn 0.0000 0.0000 -1.0000
vn 1.0000 0.0000 -0.0000
vn 1.0000 0.0000 -0.0000
vn 1.0000 0.0000 -0.0000
vn 1.0000 0.0000 -0.0000
vn 1.0000 0.0000 -0.0000
vn 1.0000 0.0000 -0.0000
vn 0.3787 -0.6532 -0.6557
vn 0.6558 -0.6531 -0.3786
vn 0.4626 -0.8779 -0.1241
vn 0.4626 -0.8779 -0.1241
vn 0.4625 -0.8779 0.1239
vn 0.6557 -0.6532 0.3787
vn 0.6557 -0.6532 0.3787
vn 0.3786 -0.6531 0.6558
vn 0.1241 -0.8779 0.4626
vn 0.4626 -0.8779 -0.1241
vn 0.6557 -0.6532 0.3787
vn 0.1241 -0.8779 0.4626
vn 0.1241 -0.8779 0.4626
vn -0.1239 -0.8779 0.4625
vn -0.3787 -0.6532 0.6557
vn -0.3787 -0.6532 0.6557
vn -0.6558 -0.6531 0.3786
vn -0.4626 -0.8779 0.1240
vn 0.1241 -0.8779 0.4626
vn -0.3787 -0.6532 0.6557
vn -0.4626 -0.8779 0.1240
vn 0.4626 -0.8779 -0.1241
vn 0.1241 -0.8779 0.4626
vn -0.4626 -0.8779 0.1240
vn -0.4626 -0.8779 0.1240
vn -0.4625 -0.8779 -0.1239
vn -0.6557 -0.6532 -0.3787
vn -0.6557 -0.6532 -0.3787
vn -0.3786 -0.6531 -0.6558
vn -0.1240 -0.8779 -0.4626
vn -0.4626 -0.8779 0.1240
vn -0.6557 -0.6532 -0.3787
vn -0.1240 -0.8779 -0.4626
vn 0.4626 -0.8779 -0.1241
vn -0.4626 -0.8779 0.1240
vn -0.1240 -0.8779 -0.4626
vn 0.3787 -0.6532 -0.6557
vn 0.4626 -0.8779 -0.1241
vn -0.1240 -0.8779 -0.4626
vn 0.3787 -0.6532 -0.6557
vn -0.1240 -0.8779 -0.4626
vn 0.1239 -0.8779 -0.4625
vn 0.0000 0.6585 -0.7526
vn 0.0000 0.6585 -0.7526
vn 0.0000 0.6585 -0.7526
vn 0.0000 0.6585 -0.7526
vn 0.0000 0.6585 -0.7526
vn 0.0000 0.6585 -0.7526
vn -1.0000 0.0000 -0.0000
vn -1.0000 0.0000 -0.0000
vn -1.0000 0.0000 -0.0000
vn -1.0000 0.0000 -0.0000
vn -1.0000 0.0000 -0.0000
vn -1.0000 0.0000 -0.0000
vn 1.0000 0.0000 -0.0000
vn 1.0000 0.0000 -0.0000
vn 1.0000 0.0000 -0.0000
vn 1.0000 0.0000 -0.0000
vn 1.0000 0.0000 -0.0000
vn 1.0000 0.0000 -0.0000
vn 0.0000 -0.6585 0.7526
vn 0.0000 -0.6585 0.7526
vn 0.0000 -0.6585 0.7526
vn 0.0000 -0.6585 0.7526
vn 0.0000 -0.6585 0.7526
vn 0.0000 -0.6585 0.7526
vn 0.0000 0.0000 -1.0000
vn 0.0000 0.0000 -1.0000
vn 0.0000 0.0000 -1.0000
vn 0.0000 0.0000 -1.0000
vn 0.0000 0.0000 -1.0000
vn 0.0000 0.0000 -1.0000
vn -1.0000 0.0000 -0.0000
vn -1.0000 0.0000 -0.0000
vn -1.0000 0.0000 -0.0000
vn -1.0000 0.0000 -0.0000
vn -1.0000 0.0000 -0.0000
vn -1.0000 0.0000 -0.0000
vn 1.0000 0.0000 -0.0000
vn 1.0000 0.0000 -0.0000
vn 1.0000 0.0000 -0.0000
vn 1.0000 0.0000 -0.0000
vn 1.0000 0.0000 -0.0000
vn 1.0000 0.0000 -0.0000
vn 0.0000 0.0000 1.0000
vn 0.0000 0.0000 1.0000
vn 0.0000 0.0000 1.0000
vn 0.0000 0.0000 1.0000
vn 0.0000 0.0000 1.0000
vn 0.0000 0.0000 1.0000
vn 0.3787 -0.6532 -0.6557
vn 0.6558 -0.6531 -0.3786
vn 0.4626 -0.8779 -0.1240
vn 0.4626 -0.8779 -0.1240
vn 0.4625 -0.8779 0.1239
vn 0.6557 -0.6532 0.3787
vn 0.6557 -0.6532 0.3787
vn 0.3786 -0.6531 0.6558
vn 0.1241 -0.8779 0.4626
vn 0.4626 -0.8779 -0.1240
vn 0.6557 -0.6532 0.3787
vn 0.1241 -0.8779 0.4626
vn 0.1241 -0.8779 0.4626
vn -0.1239 -0.8779 0.4625
vn -0.3787 -0.6532 0.6557
vn -0.3787 -0.6532 0.6557
vn -0.6558 -0.6531 0.3786
vn -0.4626 -0.8779 0.1241
vn 0.1241 -0.8779 0.4626
vn -0.3787 -0.6532 0.6557
vn -0.4626 -0.8779 0.1241
vn 0.4626 -0.8779 -0.1240
vn 0.1241 -0.8779 0.4626
vn -0.4626 -0.8779 0.1241
vn -0.4626 -0.8779 0.1241
vn -0.4625 -0.8779 -0.1239
vn -0.6557 -0.6532 -0.3787
vn -0.6557 -0.6532 -0.3787
vn -0.3786 -0.6531 -0.6558
vn -0.1240 -0.8779 -0.4626
vn -0.4626 -0.8779 0.1241
vn -0.6557 -0.6532 -0.3787
vn -0.1240 -0.8779 -0.4626
vn 0.4626 -0.8779 -0.1240
vn -0.4626 -0.8779 0.1241
vn -0.1240 -0.8779 -0.4626
vn 0.3787 -0.6532 -0.6557
vn 0.4626 -0.8779 -0.1240
vn -0.1240 -0.8779 -0.4626
vn 0.3787 -0.6532 -0.6557
vn -0.1240 -0.8779 -0.4626
vn 0.1239 -0.8779 -0.4625
vn 0.0000 0.6585 0.7526
vn 0.0000 0.6585 0.7526
vn 0.0000 0.6585 0.7526
vn 0.0000 0.6585 0.7526
vn 0.0000 0.6585 0.7526
vn 0.0000 0.6585 0.7526
vn -1.0000 0.0000 -0.0000
vn -1.0000 0.0000 -0.0000
vn -1.0000 0.0000 -0.0000
vn -1.0000 0.0000 -0.0000
vn -1.0000 0.0000 -0.0000
vn -1.0000 0.0000 -0.0000
vn 1.0000 0.0000 -0.0000
vn 1.0000 0.0000 -0.0000
vn 1.0000 0.0000 -0.0000
vn 1.0000 0.0000 -0.0000
vn 1.0000 0.0000 -0.0000
vn 1.0000 0.0000 -0.0000
vn 0.0000 -0.6585 -0.7526
vn 0.0000 -0.6585 -0.7526
vn 0.0000 -0.6585 -0.7526
vn 0.0000 -0.6585 -0.7526
vn 0.0000 -0.6585 -0.7526
vn 0.0000 -0.6585 -0.7526
vn 0.0000 0.0000 1.0000
vn 0.0000 0.0000 1.0000
vn 0.0000 0.0000 1.0000
vn 0.0000 0.0000 1.0000
vn 0.0000 0.0000 1.0000
vn 0.0000 0.0000 1.0000
vn -1.0000 0.0000 -0.0000
vn -1.0000 0.0000 -0.0000
vn -1.0000 0.0000 -0.0000
vn -1.0000 0.0000 -0.0000
vn -1.0000 0.0000 -0.0000
vn -1.0000 0.0000 -0.0000
vn 1.0000 0.0000 -0.0000
vn 1.0000 0.0000 -0.0000
vn 1.0000 0.0000 -0.0000
vn 1.0000 0.0000 -0.0000
vn 1.0000 0.0000 -0.0000
vn 1.0000 0.0000 -0.0000
vn 0.0000 0.0000 -1.0000
vn 0.0000 0.0000 -1.0000
vn 0.0000 0.0000 -1.0000
vn 0.0000 0.0000 -1.0000
vn 0.0000 0.0000 -1.0000
vn 0.0000 0.0000 -1.0000
vn 0.3787 -0.6532 -0.6557
vn 0.6558 -0.6531 -0.3786
vn 0.4626 -0.8779 -0.1241
vn 0.4626 -0.8779 -0.1241
vn 0.4626 -0.8779 0.1239
vn 0.6557 -0.6532 0.3787
vn 0.6557 -0.6532 0.3787
vn 0.3786 -0.6531 0.6558
vn 0.1240 -0.8779 0.4626
vn 0.4626 -0.8779 -0.1241
vn 0.6557 -0.6532 0.3787
vn 0.1240 -0.8779 0.4626
vn 0.1240 -0.8779 0.4626
vn -0.1239 -0.8779 0.4626
vn -0.3787 -0.6532 0.6557
vn -0.3787 -0.6532 0.6557
vn -0.6558 -0.6531 0.3786
vn -0.4626 -0.8779 0.1240
vn 0.1240 -0.8779 0.4626
vn -0.3787 -0.6532 0.6557
vn -0.4626 -0.8779 0.1240
vn 0.4626 -0.8779 -0.1241
vn 0.1240 -0.8779 0.4626
vn -0.4626 -0.8779 0.1240
vn -0.4626 -0.8779 0.1240
vn -0.4626 -0.8779 -0.1239
vn -0.6557 -0.6532 -0.3787
vn -0.6557 -0.6532 -0.3787
vn -0.3786 -0.6531 -0.6558
vn -0.1240 -0.8779 -0.4626
vn -0.4626 -0.8779 0.1240
vn -0.6557 -0.6532 -0.3787
vn -0.1240 -0.8779 -0.4626
vn 0.4626 -0.8779 -0.1241
vn -0.4626 -0.8779 0.1240
vn -0.1240 -0.8779 -0.4626
vn 0.3787 -0.6532 -0.6557
vn 0.4626 -0.8779 -0.1241
vn -0.1240 -0.8779 -0.4626
vn 0.3787 -0.6532 -0.6557
vn -0.1240 -0.8779 -0.4626
vn 0.1239 -0.8779 -0.4626
vn 0.5697 0.5924 0.5697
vn 0.6977 0.1626 0.6977
vn 0.5011 0.1644 0.8496
vn 0.5011 0.1644 0.8496
vn 0.4369 0.5753 0.6914
vn 0.5697 0.5924 0.5697
vn 0.5697 -0.5924 0.5697
vn 0.6977 -0.1626 0.6977
vn 0.8496 -0.1644 0.5011
vn 0.8496 -0.1644 0.5011
vn 0.6914 -0.5753 0.4369
vn 0.5697 -0.5924 0.5697
vn 0.6977 0.1626 0.6977
vn 0.6977 -0.1626 0.6977
vn 0.5011 -0.1644 0.8496
vn 0.5011 -0.1644 0.8496
vn 0.5011 0.1644 0.8496
vn 0.6977 0.1626 0.6977
vn -0.5697 0.5924 0.5697
vn -0.6977 0.1626 0.6977
vn -0.8496 0.1644 0.5011
vn -0.8496 0.1644 0.5011
vn -0.6914 0.5753 0.4369
vn -0.5697 0.5924 0.5697
vn -0.5697 -0.5924 0.5697
vn -0.6977 -0.1626 0.6977
vn -0.5011 -0.1644 0.8496
vn -0.5011 -0.1644 0.8496
vn -0.4369 -0.5753 0.6914
vn -0.5697 -0.5924 0.5697
vn -0.6977 -0.1626 0.6977
vn -0.6977 0.1626 0.6977
vn -0.5011 0.1644 0.8496
vn -0.5011 0.1644 0.8496
vn -0.5011 -0.1644 0.8496
vn -0.6977 -0.1626 0.6977
vn -0.5697 0.5924 -0.5697
vn -0.6977 0.1626 -0.6977
vn -0.5011 0.1644 -0.8496
vn -0.5011 0.1644 -0.8496
vn -0.4369 0.5753 -0.6914
vn -0.5697 0.5924 -0.5697
vn -0.5697 -0.5924 -0.5697
vn -0.6977 -0.1626 -0.6977
vn -0.8496 -0.1644 -0.5011
vn -0.8496 -0.1644 -0.5011
vn -0.6914 -0.5753 -0.4369
vn -0.5697 -0.5924 -0.5697
vn -0.6977 0.1626 -0.6977
vn -0.6977 -0.1626 -0.6977
vn -0.5011 -0.1644 -0.8496
vn -0.5011 -0.1644 -0.8496
vn -0.5011 0.1644 -0.8496
vn -0.6977 0.1626 -0.6977
vn 0.5697 0.5924 -0.5697
vn 0.6977 0.1626 -0.6977
vn 0.8496 0.1644 -0.5011
vn 0.8496 0.1644 -0.5011
vn 0.6914 0.5753 -0.4369
vn 0.5697 0.5924 -0.5697
vn 0.5697 -0.5924 -0.5697
vn 0.6977 -0.1626 -0.6977
vn 0.5011 -0.1644 -0.8496
vn 0.5011 -0.1644 -0.8496
vn 0.4369 -0.5753 -0.6914
vn 0.5697 -0.5924 -0.5697
vn 0.6977 -0.1626 -0.6977
vn 0.6977 0.1626 -0.6977
vn 0.5011 0.1644 -0.8496
vn 0.5011 0.1644 -0.8496
vn 0.5011 -0.1644 -0.8496
vn 0.6977 -0.1626 -0.6977
vn 0.5697 0.5924 -0.5697
vn 0.1705 0.9705 -0.1705
vn 0.1297 0.9074 -0.3999
vn 0.1297 0.9074 -0.3999
vn 0.4369 0.5753 -0.6914
vn 0.5697 0.5924 -0.5697
vn 0.1297 0.9074 0.3999
vn 0.1705 0.9705 0.1705
vn 0.5697 0.5924 0.5697
vn 0.5697 0.5924 0.5697
vn 0.4369 0.5753 0.6914
vn 0.1297 0.9074 0.3999
vn -0.5697 0.5924 0.5697
vn -0.1705 0.9705 0.1705
vn -0.1297 0.9074 0.3999
vn -0.1297 0.9074 0.3999
vn -0.4369 0.5753 0.6914
vn -0.5697 0.5924 0.5697
vn -0.1297 0.9074 -0.3999
vn -0.1705 0.9705 -0.1705
vn -0.5697 0.5924 -0.5697
vn -0.5697 0.5924 -0.5697
vn -0.4369 0.5753 -0.6914
vn -0.1297 0.9074 -0.3999
vn 0.5697 -0.5924 0.5697
vn 0.1582 -0.9747 0.1582
vn 0.1297 -0.9073 0.3999
vn 0.1297 -0.9073 0.3999
vn 0.4369 -0.5753 0.6914
vn 0.5697 -0.5924 0.5697
vn 0.1297 -0.9074 -0.3999
vn 0.1582 -0.9747 -0.1582
vn 0.5697 -0.5924 -0.5697
vn 0.5697 -0.5924 -0.5697
vn 0.4369 -0.5753 -0.6914
vn 0.1297 -0.9074 -0.3999
vn -0.5697 -0.5924 -0.5697
vn -0.1582 -0.9747 -0.1582
vn -0.1297 -0.9073 -0.3999
vn -0.1297 -0.9073 -0.3999
vn -0.4369 -0.5753 -0.6914
vn -0.5697 -0.5924 -0.5697
vn -0.1297 -0.9074 0.3999
vn -0.1582 -0.9747 0.1582
vn -0.5697 -0.5924 0.5697
vn -0.5697 -0.5924 0.5697
vn -0.4369 -0.5753 0.6914
vn -0.1297 -0.9074 0.3999
vn -0.1582 -0.9747 -0.1582
vn -0.0651 -0.9978 -0.0149
vn -0.0127 -0.9998 -0.0127
vn -0.1582 -0.9747 0.1582
vn -0.0149 -0.9978 0.0651
vn -0.0127 -0.9998 0.0127
vn 0.1582 -0.9747 -0.1582
vn 0.0149 -0.9978 -0.0651
vn 0.0127 -0.9998 -0.0127
vn 0.1582 -0.9747 0.1582
vn 0.0651 -0.9978 0.0149
vn 0.0127 -0.9998 0.0127
# 4500 vertex normals

vt 0.1593 0.9916 -9.5632
vt 0.1591 0.9948 -9.5632
vt 0.1564 0.9940 -9.5632
vt 0.1568 0.9915 -9.5632
vt 0.1619 0.9916 -9.5632
vt 0.1616 0.9949 -9.5632
vt 0.1645 0.9947 -9.5632
vt 0.1643 0.9915 -9.5632
vt 0.1648 0.9978 -9.5632
vt 0.1618 0.9981 -9.5632
vt 0.4222 0.0991 -7.8294
vt 0.4222 0.1022 -7.8294
vt 0.2375 0.8834 -3.7665
vt 0.2405 0.8836 -3.7665
vt 0.2405 0.8804 -3.7665
vt 0.2377 0.8803 -3.7665
vt 0.2431 0.8805 -3.7665
vt 0.2430 0.8835 -3.7665
vt 0.2456 0.8829 -3.7665
vt 0.2456 0.8805 -3.7665
vt 0.2457 0.8841 -3.7665
vt 0.2435 0.8847 -3.7665
vt 0.2378 0.9976 -9.5632
vt 0.4253 0.1789 -7.8294
vt 0.4222 0.1789 -7.8294
vt 0.4222 0.1757 -7.8294
vt 0.2379 0.9945 -9.5632
vt 0.2408 0.9946 -9.5632
vt 0.2404 0.9913 -9.5632
vt 0.2380 0.9913 -9.5632
vt 0.2429 0.9913 -9.5632
vt 0.2433 0.9943 -9.5632
vt 0.2459 0.9934 -9.5632
vt 0.2454 0.9910 -9.5632
vt 0.2463 0.9947 -9.5632
vt 0.1585 0.4625 -11.1357
vt 0.1593 0.4582 -11.1357
vt 0.1590 0.4613 -11.1357
vt 0.1563 0.4605 -11.1357
vt 0.1568 0.4580 -11.1357
vt 0.1618 0.4582 -11.1357
vt 0.1616 0.4614 -11.1357
vt 0.1645 0.4612 -11.1357
vt 0.1643 0.4581 -11.1357
vt 0.1582 0.8992 -9.5632
vt 0.1607 0.8986 -9.5632
vt 0.1606 0.9017 -9.5632
vt 0.1582 0.9022 -9.5632
vt 0.1576 0.8959 -9.5632
vt 0.1602 0.8955 -9.5632
vt 0.1590 0.8924 -9.5632
vt 0.1564 0.8931 -9.5632
vt 0.1617 0.8922 9.5632
vt 0.1624 0.8953 -9.5632
vt 0.1644 0.8924 -9.5632
vt 0.1648 0.8951 -9.5632
vt 0.1651 0.8979 -9.5632
vt 0.1628 0.8982 -9.5632
vt 0.1651 0.9004 -9.5632
vt 0.1629 0.9011 -9.5632
vt 0.2427 0.9016 -9.5632
vt 0.2425 0.8986 -9.5632
vt 0.2450 0.8991 -9.5632
vt 0.2450 0.9020 -9.5632
vt 0.2404 0.9011 -9.5632
vt 0.2405 0.8982 -9.5632
vt 0.2382 0.9005 -9.5632
vt 0.2382 0.8980 -9.5632
vt 0.2385 0.8951 -9.5632
vt 0.2408 0.8954 -9.5632
vt 0.2388 0.8925 -9.5632
vt 0.2415 0.8923 -9.5632
vt 0.2442 0.8925 -9.5632
vt 0.2430 0.8956 -9.5632
vt 0.2455 0.8959 -9.5632
vt 0.2467 0.8931 -9.5632
vt 0.0838 0.9856 -9.5632
vt 0.0810 0.9860 -9.5632
vt 0.0812 0.9827 -9.5632
vt 0.0839 0.9830 -9.5632
vt 0.3189 0.8841 -3.7665
vt 0.0814 0.9872 -9.5632
vt 0.3216 0.8805 -3.7665
vt 0.3217 0.8835 -3.7665
vt 0.3191 0.8829 -3.7665
vt 0.3191 0.8805 -3.7665
vt 0.3241 0.8804 -3.7665
vt 0.3241 0.8836 -3.7665
vt 0.3270 0.8832 -3.7665
vt 0.3265 0.8802 -3.7665
vt 0.3276 0.8862 -3.7665
vt 0.3245 0.8868 -3.7665
vt 0.0749 0.9883 -9.5632
vt 0.0019 0.8807 -3.7665
vt 0.0755 0.9852 -9.5632
vt 0.0784 0.9857 -9.5632
vt 0.0786 0.9824 -9.5632
vt 0.0760 0.9820 -9.5632
vt 0.3230 0.9776 -9.5632
vt 0.3235 0.9807 -9.5632
vt 0.3207 0.9806 -9.5632
vt 0.3204 0.9781 -9.5632
vt 0.3254 0.9770 -9.5632
vt 0.3260 0.9802 -9.5632
vt 0.3287 0.9793 -9.5632
vt 0.3278 0.9764 -9.5632
vt 0.3298 0.9821 -9.5632
vt 0.0766 0.4570 -11.1357
vt 0.0737 0.4564 -11.1357
vt 0.0027 0.9841 -9.5632
vt 0.0742 0.4533 -11.1357
vt 0.0772 0.4538 -11.1357
vt 0.0774 0.4505 -11.1357
vt 0.0748 0.4501 -11.1357
vt 0.0800 0.4509 -11.1357
vt 0.0798 0.4541 -11.1357
vt 0.0826 0.4537 -11.1357
vt 0.0826 0.4511 -11.1357
vt 0.0827 0.4550 -11.1357
vt 0.0802 0.4554 -11.1357
vt 0.0843 0.9204 -9.5632
vt 0.0817 0.9206 -9.5632
vt 0.0815 0.9176 -9.5632
vt 0.0843 0.9173 -9.5632
vt 0.0790 0.9209 -9.5632
vt 0.0791 0.9179 -9.5632
vt 0.0763 0.9183 -9.5632
vt 0.0763 0.9213 -9.5632
vt 0.0761 0.9150 -9.5632
vt 0.0788 0.9149 -9.5632
vt 0.0781 0.9122 -9.5632
vt 0.0758 0.9122 -9.5632
vt 0.0804 0.9119 -9.5632
vt 0.0811 0.9146 -9.5632
vt 0.0825 0.9112 -9.5632
vt 0.0837 0.9139 -9.5632
vt 0.3278 0.9149 -9.5632
vt 0.3254 0.9147 -9.5632
vt 0.3262 0.9121 -9.5632
vt 0.0027 0.9125 -9.5632
vt 0.3274 0.9179 -9.5632
vt 0.3249 0.9174 -9.5632
vt 0.3249 0.9202 -9.5632
vt 0.3274 0.9205 -9.5632
vt 0.3224 0.9200 -9.5632
vt 0.3226 0.9171 -9.5632
vt 0.3200 0.9198 -9.5632
vt 0.3199 0.9168 -9.5632
vt 0.3206 0.9135 -9.5632
vt 0.3231 0.9142 -9.5632
vt 0.3218 0.9108 -9.5632
vt 0.3240 0.9116 -9.5632
vt 0.8300 0.4801 -14.2692
vt 0.8302 0.4829 -14.2692
vt 0.8275 0.4832 -14.2692
vt 0.8270 0.4800 -14.2692
vt 0.8303 0.4861 -14.2692
vt 0.8279 0.4863 -14.2692
vt 0.8303 0.4889 -14.2692
vt 0.8280 0.4895 -14.2692
vt 0.8258 0.4901 -14.2692
vt 0.8257 0.4867 -14.2692
vt 0.8233 0.4874 -14.2692
vt 0.8235 0.4905 -14.2692
vt 0.8225 0.4840 -14.2692
vt 0.8252 0.4835 -14.2692
vt 0.8240 0.4804 -14.2692
vt 0.8212 0.4812 -14.2692
vt 0.9040 0.4801 -14.2692
vt 0.9070 0.4800 -14.2692
vt 0.9064 0.4832 -14.2692
vt 0.9037 0.4829 -14.2692
vt 0.9099 0.4804 -14.2692
vt 0.9087 0.4835 -14.2692
vt 0.9114 0.4841 -14.2692
vt 0.9128 0.4813 -14.2692
vt 0.9106 0.4875 -14.2692
vt 0.9081 0.4868 -14.2692
vt 0.9080 0.4901 -14.2692
vt 0.9103 0.4906 -14.2692
vt 0.9058 0.4895 -14.2692
vt 0.9060 0.4863 -14.2692
vt 0.9036 0.4889 -14.2692
vt 0.9036 0.4861 -14.2692
vt 0.7435 0.5102 -14.2692
vt 0.7443 0.5129 -14.2692
vt 0.7418 0.5130 -14.2692
vt 0.7415 0.5102 -13.4863
vt 0.7456 0.5097 -14.2692
vt 0.7465 0.5124 -14.2692
vt 0.7476 0.5088 -14.2692
vt 0.7489 0.5115 -14.2692
vt 0.7497 0.5148 -14.2692
vt 0.7471 0.5153 -14.2692
vt 0.7499 0.5178 -14.2692
vt 0.7474 0.5182 -14.2692
vt 0.7448 0.5186 -14.2692
vt 0.7447 0.5157 -14.2692
vt 0.7421 0.5162 -14.2692
vt 0.7423 0.5191 -14.2692
vt 0.9922 0.5136 -14.2692
vt 0.9897 0.5131 -14.2692
vt 0.9909 0.5105 -14.2692
vt 0.6682 0.5102 -14.2692
vt 0.9914 0.5166 -14.2692
vt 0.9889 0.5159 -14.2692
vt 0.9886 0.5188 -14.2692
vt 0.9910 0.5193 -14.2692
vt 0.9862 0.5182 -14.2692
vt 0.9867 0.5153 -14.2692
vt 0.9838 0.5178 -14.2692
vt 0.9841 0.5148 -14.2692
vt 0.9851 0.5115 -14.2692
vt 0.9875 0.5124 -14.2692
vt 0.9865 0.5088 -14.2692
vt 0.9887 0.5098 -14.2692
vt 0.2459 0.3481 -11.1397
vt 0.2433 0.3490 -11.1397
vt 0.2429 0.3460 -11.1397
vt 0.2454 0.3457 -11.1397
vt 0.2462 0.3493 -11.1397
vt 0.2439 0.3502 -11.1397
vt 0.1587 0.8783 -3.7665
vt 0.1584 0.8812 -3.7665
vt 0.1558 0.8805 -3.7665
vt 0.1560 0.8780 -3.7665
vt 0.1614 0.8785 -3.7665
vt 0.1610 0.8817 -3.7665
vt 0.1639 0.8817 -3.7665
vt 0.1640 0.8787 -3.7665
vt 0.1639 0.8849 -3.7665
vt 0.1608 0.8849 -3.7665
vt 0.3456 0.1022 7.8294
vt 0.3487 0.1022 -7.8294
vt 0.2379 0.3491 -11.1397
vt 0.2408 0.3492 -11.1397
vt 0.2404 0.3460 -11.1397
vt 0.2380 0.3460 -11.1397
vt 0.1593 0.3462 -11.1397
vt 0.1590 0.3493 -11.1397
vt 0.1563 0.3485 -11.1397
vt 0.1568 0.3460 -11.1397
vt 0.1618 0.3462 -11.1397
vt 0.1616 0.3494 -11.1397
vt 0.1645 0.3492 -11.1397
vt 0.1643 0.3461 -11.1397
vt 0.1647 0.3523 -11.1397
vt 0.1617 0.3526 -11.1397
vt 0.2377 0.4643 -11.1357
vt 0.3487 0.1757 -7.8294
vt 0.2378 0.4612 -11.1357
vt 0.2407 0.4613 -11.1357
vt 0.2404 0.4580 -11.1357
vt 0.2379 0.4580 -11.1357
vt 0.2428 0.4580 -11.1357
vt 0.2432 0.4611 -11.1357
vt 0.2458 0.4602 -11.1357
vt 0.2453 0.4577 -11.1357
vt 0.2462 0.4614 -11.1357
vt 0.2438 0.4622 -11.1357
vt 0.2428 0.2563 -11.1397
vt 0.2427 0.2532 -11.1397
vt 0.2451 0.2538 -11.1397
vt 0.2452 0.2567 -11.1397
vt 0.2406 0.2557 -11.1397
vt 0.2406 0.2529 -11.1397
vt 0.2383 0.2551 -11.1397
vt 0.2383 0.2526 -11.1397
vt 0.2386 0.2498 -11.1397
vt 0.2409 0.2500 -11.1397
vt 0.2390 0.2472 -11.1397
vt 0.2416 0.2470 11.1397
vt 0.2443 0.2472 -11.1397
vt 0.2431 0.2503 -11.1397
vt 0.2457 0.2506 -11.1397
vt 0.2469 0.2478 -11.1397
vt 0.1645 0.2469 -11.1397
vt 0.1649 0.2496 -11.1397
vt 0.1626 0.2498 -11.1397
vt 0.1618 0.2467 -11.1397
vt 0.1652 0.2525 -11.1397
vt 0.1629 0.2527 -11.1397
vt 0.1653 0.2550 -11.1397
vt 0.1630 0.2556 -11.1397
vt 0.1607 0.2562 -11.1397
vt 0.1608 0.2531 -11.1397
vt 0.1583 0.2537 -11.1397
vt 0.1584 0.2567 -11.1397
vt 0.1577 0.2504 -11.1397
vt 0.1604 0.2501 -11.1397
vt 0.1591 0.2470 -11.1397
vt 0.1565 0.2476 -11.1397
vt 0.3230 0.3324 -11.1397
vt 0.3235 0.3356 -11.1397
vt 0.3206 0.3354 -11.1397
vt 0.3204 0.3329 -11.1397
vt 0.3254 0.3319 -11.1397
vt 0.3260 0.3350 -11.1397
vt 0.3287 0.3341 -11.1397
vt 0.3278 0.3312 -11.1397
vt 0.3297 0.3369 -11.1397
vt 0.0784 0.8813 -3.7665
vt 0.0754 0.8810 -3.7665
vt 0.0752 0.8842 0.8566
vt 0.0757 0.8779 -3.7665
vt 0.0785 0.8781 -3.7665
vt 0.0785 0.8749 -3.7665
vt 0.0759 0.8748 -3.7665
vt 0.0810 0.8751 -3.7665
vt 0.0811 0.8781 -3.7665
vt 0.0837 0.8776 -3.7665
vt 0.0836 0.8753 -3.7665
vt 0.0838 0.8788 -3.7665
vt 0.0815 0.8793 -3.7665
vt 0.0736 0.3444 -11.1397
vt 0.0766 0.3450 -11.1397
vt 0.3297 0.4491 -11.1357
vt 0.0027 0.4504 -11.1357
vt 0.0742 0.3413 -11.1397
vt 0.0771 0.3418 -11.1397
vt 0.0773 0.3385 -11.1397
vt 0.0747 0.3381 -11.1397
vt 0.0799 0.3389 -11.1397
vt 0.0797 0.3421 -11.1397
vt 0.0825 0.3417 -11.1397
vt 0.0826 0.3391 -11.1397
vt 0.3206 0.4489 -11.1357
vt 0.3232 0.4490 -11.1357
vt 0.3230 0.4446 -11.1357
vt 0.3234 0.4477 -11.1357
vt 0.3206 0.4476 -11.1357
vt 0.3204 0.4450 -11.1357
vt 0.3254 0.4440 -11.1357
vt 0.3260 0.4472 -11.1357
vt 0.3287 0.4463 -11.1357
vt 0.3278 0.4434 -11.1357
vt 0.3201 0.2746 -11.1397
vt 0.3200 0.2716 -11.1397
vt 0.3227 0.2719 -11.1397
vt 0.3225 0.2748 -11.1397
vt 0.3207 0.2683 -11.1397
vt 0.3232 0.2690 -11.1397
vt 0.3219 0.2656 -11.1397
vt 0.3241 0.2664 -11.1397
vt 0.3263 0.2669 -11.1397
vt 0.3255 0.2695 -11.1397
vt 0.3279 0.2698 -11.1397
vt 0.3287 0.2672 -11.1397
vt 0.3275 0.2727 -11.1397
vt 0.3250 0.2722 -11.1397
vt 0.3250 0.2751 -11.1397
vt 0.3275 0.2754 -11.1397
vt 0.0835 0.2742 -11.1397
vt 0.0809 0.2744 -11.1397
vt 0.0808 0.2713 -11.1397
vt 0.0835 0.2711 -11.1397
vt 0.0782 0.2747 -11.1397
vt 0.0783 0.2717 -11.1397
vt 0.0756 0.2721 -11.1397
vt 0.0756 0.2750 -11.1397
vt 0.0753 0.2688 -11.1397
vt 0.0780 0.2687 -11.1397
vt 0.0774 0.2660 -11.1397
vt 0.0750 0.2659 -11.1397
vt 0.0796 0.2657 -11.1397
vt 0.0804 0.2684 -11.1397
vt 0.0818 0.2650 -11.1397
vt 0.0829 0.2677 -11.1397
vt 0.9039 0.7042 -11.7267
vt 0.9069 0.7041 -11.7267
vt 0.9063 0.7073 -11.7267
vt 0.9037 0.7070 -11.7267
vt 0.9099 0.7045 -11.7267
vt 0.9087 0.7076 -11.7267
vt 0.9114 0.7081 -11.7267
vt 0.9128 0.7054 -11.7267
vt 0.9106 0.7115 -11.7267
vt 0.9081 0.7108 -11.7267
vt 0.9080 0.7142 -11.7267
vt 0.9103 0.7146 -11.7267
vt 0.9058 0.7136 -11.7267
vt 0.9060 0.7104 -11.7267
vt 0.9036 0.7130 -11.7267
vt 0.9036 0.7102 -11.7267
vt 0.8300 0.7042 -11.7267
vt 0.8302 0.7070 -11.7267
vt 0.8275 0.7072 -11.7267
vt 0.8270 0.7041 -11.7267
vt 0.8303 0.7102 -11.7267
vt 0.8279 0.7104 -11.7267
vt 0.8303 0.7130 -11.7267
vt 0.8280 0.7135 -11.7267
vt 0.8258 0.7141 -11.7267
vt 0.8257 0.7108 -11.7267
vt 0.8233 0.7115 -11.7267
vt 0.8235 0.7146 -11.7267
vt 0.8225 0.7081 -11.7267
vt 0.8252 0.7076 -11.7267
vt 0.8240 0.7045 -11.7267
vt 0.8212 0.7053 -11.7267
vt 0.9922 0.7377 -11.7267
vt 0.9897 0.7372 -11.7267
vt 0.9909 0.7346 -11.7267
vt 0.9933 0.7351 -11.7267
vt 0.9914 0.7407 -11.7267
vt 0.9889 0.7400 -11.7267
vt 0.9886 0.7428 -11.7267
vt 0.9910 0.7434 -11.7267
vt 0.9862 0.7423 -11.7267
vt 0.9867 0.7394 -11.7267
vt 0.9838 0.7419 -11.7267
vt 0.9841 0.7388 -11.7267
vt 0.9851 0.7355 -11.7267
vt 0.9875 0.7365 -11.7267
vt 0.9865 0.7328 -11.7267
vt 0.9886 0.7338 -11.7267
vt 0.7435 0.7342 -11.7267
vt 0.7443 0.7370 -11.7267
vt 0.7418 0.7371 -11.7267
vt 0.7415 0.7343 -11.0833
vt 0.7456 0.7337 -11.7267
vt 0.7465 0.7365 -11.7267
vt 0.7476 0.7329 -11.7267
vt 0.7489 0.7356 -11.7267
vt 0.7497 0.7389 -11.7267
vt 0.7471 0.7394 -11.7267
vt 0.7499 0.7419 -11.7267
vt 0.7474 0.7423 -11.7267
vt 0.7448 0.7427 -11.7267
vt 0.7447 0.7398 -11.7267
vt 0.7421 0.7403 -11.7267
vt 0.7423 0.7432 -11.7267
vt 0.2390 0.3592 -11.1357
vt 0.2416 0.3590 11.1357
vt 0.2409 0.3621 -11.1357
vt 0.2386 0.3619 -11.1357
vt 0.2443 0.3592 -11.1357
vt 0.2431 0.3623 -11.1357
vt 0.2457 0.3626 -11.1357
vt 0.2469 0.3598 -11.1357
vt 0.2451 0.3658 -11.1357
vt 0.2427 0.3653 -11.1357
vt 0.2428 0.3683 -11.1357
vt 0.2451 0.3688 -11.1357
vt 0.2406 0.3678 -11.1357
vt 0.2406 0.3649 -11.1357
vt 0.2383 0.3672 -11.1357
vt 0.2383 0.3647 -11.1357
vt 0.1645 0.3590 -11.1357
vt 0.1649 0.3617 -11.1357
vt 0.1626 0.3619 -11.1357
vt 0.1619 0.3588 -11.1357
vt 0.1652 0.3645 -11.1357
vt 0.1629 0.3648 -11.1357
vt 0.1653 0.3670 -11.1357
vt 0.1630 0.3677 -11.1357
vt 0.1607 0.3683 -11.1357
vt 0.1608 0.3652 -11.1357
vt 0.1584 0.3658 -11.1357
vt 0.1584 0.3688 -11.1357
vt 0.1578 0.3625 -11.1357
vt 0.1604 0.3621 -11.1357
vt 0.1591 0.3590 -11.1357
vt 0.1565 0.3597 -11.1357
vt 0.3279 0.3818 -11.1357
vt 0.3255 0.3816 -11.1357
vt 0.3264 0.3790 -11.1357
vt 0.3287 0.3793 -11.1357
vt 0.3275 0.3848 -11.1357
vt 0.3250 0.3843 -11.1357
vt 0.3251 0.3871 -11.1357
vt 0.3276 0.3875 -11.1357
vt 0.3226 0.3869 -11.1357
vt 0.3227 0.3840 -11.1357
vt 0.3201 0.3867 -11.1357
vt 0.3201 0.3837 -11.1357
vt 0.3208 0.3804 -11.1357
vt 0.3232 0.3811 -11.1357
vt 0.3220 0.3777 -11.1357
vt 0.3241 0.3785 -11.1357
vt 0.0782 0.3801 -11.1357
vt 0.0788 0.3828 -11.1357
vt 0.0762 0.3828 -11.1357
vt 0.0759 0.3800 -11.1357
vt 0.0804 0.3798 -11.1357
vt 0.0812 0.3824 -11.1357
vt 0.0826 0.3791 -11.1357
vt 0.0837 0.3818 -11.1357
vt 0.0843 0.3852 -11.1357
vt 0.0816 0.3854 -11.1357
vt 0.0843 0.3883 -11.1357
vt 0.0817 0.3884 -11.1357
vt 0.0790 0.3888 -11.1357
vt 0.0791 0.3857 -11.1357
vt 0.0764 0.3861 -11.1357
vt 0.0764 0.3891 -11.1357
vt 0.2375 0.4719 -15.6359
vt 0.2405 0.4719 -15.6359
vt 0.2399 0.4750 -15.6359
vt 0.2372 0.4748 -15.6359
vt 0.2435 0.4723 -15.6359
vt 0.2422 0.4754 -15.6359
vt 0.2449 0.4760 -15.6359
vt 0.2463 0.4732 -15.6359
vt 0.2440 0.4793 -15.6359
vt 0.2416 0.4786 -15.6359
vt 0.2415 0.4819 -15.6359
vt 0.2437 0.4825 -15.6359
vt 0.2392 0.4813 -15.6359
vt 0.2394 0.4782 -15.6359
vt 0.2370 0.4807 -15.6359
vt 0.2371 0.4779 -15.6359
vt 0.1635 0.4712 -15.6359
vt 0.1637 0.4740 -15.6359
vt 0.1611 0.4742 -15.6359
vt 0.1605 0.4711 -15.6359
vt 0.1637 0.4772 -15.6359
vt 0.1614 0.4773 -15.6359
vt 0.1637 0.4800 -15.6359
vt 0.1615 0.4805 -15.6359
vt 0.1592 0.4811 -15.6359
vt 0.1592 0.4777 -15.6359
vt 0.1567 0.4784 -15.6359
vt 0.1569 0.4815 -15.6359
vt 0.1560 0.4750 -15.6359
vt 0.1587 0.4745 -15.6359
vt 0.1575 0.4714 -15.6359
vt 0.1547 0.4722 -15.6359
vt 0.3254 0.5064 -15.6359
vt 0.3229 0.5058 -15.6359
vt 0.3241 0.5032 -15.6359
vt 0.3265 0.5038 -15.6359
vt 0.3245 0.5094 -15.6359
vt 0.3221 0.5086 -15.6359
vt 0.3217 0.5115 -15.6359
vt 0.3241 0.5121 -15.6359
vt 0.3193 0.5109 -15.6359
vt 0.3199 0.5080 -15.6359
vt 0.3169 0.5105 -15.6359
vt 0.3173 0.5074 -15.6359
vt 0.3183 0.5041 -15.6359
vt 0.3207 0.5051 -15.6359
vt 0.3197 0.5014 -15.6359
vt 0.3219 0.5025 -15.6359
vt 0.0768 0.5003 -15.6359
vt 0.0775 0.5031 -15.6359
vt 0.0750 0.5032 -15.6359
vt 0.0747 0.5004 -14.7780
vt 0.0788 0.4999 -15.6359
vt 0.0797 0.5026 -15.6359
vt 0.0808 0.4990 -15.6359
vt 0.0822 0.5018 -15.6359
vt 0.0829 0.5051 -15.6359
vt 0.0803 0.5055 -15.6359
vt 0.0831 0.5081 -15.6359
vt 0.0806 0.5084 -15.6359
vt 0.0780 0.5088 -15.6359
vt 0.0779 0.5059 -15.6359
vt 0.0753 0.5064 -15.6359
vt 0.0754 0.5093 -15.6359
vt 0.1659 0.7760 -3.7665
vt 0.1661 0.7788 -3.7665
vt 0.1635 0.7789 -3.7665
vt 0.1629 0.7758 -3.7665
vt 0.1661 0.7818 -3.7665
vt 0.1638 0.7820 -3.7665
vt 0.1660 0.7846 -3.7665
vt 0.1638 0.7852 -3.7665
vt 0.1616 0.7859 -3.7665
vt 0.1617 0.7825 -3.7665
vt 0.1592 0.7832 -3.7665
vt 0.1594 0.7864 -3.7665
vt 0.1584 0.7798 -3.7665
vt 0.1611 0.7792 -3.7665
vt 0.1598 0.7761 -3.7665
vt 0.1569 0.7771 -3.7665
vt 0.2400 0.7778 -3.7665
vt 0.2431 0.7779 3.7665
vt 0.2422 0.7809 -3.7665
vt 0.2396 0.7805 -3.7665
vt 0.2461 0.7786 -3.7665
vt 0.2445 0.7815 -3.7665
vt 0.2472 0.7824 -3.7665
vt 0.2489 0.7798 -3.7665
vt 0.2461 0.7857 -3.7665
vt 0.2436 0.7847 -3.7665
vt 0.2432 0.7880 -3.7665
vt 0.2456 0.7888 -3.7665
vt 0.2411 0.7871 -3.7665
vt 0.2416 0.7840 -3.7665
vt 0.2391 0.7862 -3.7665
vt 0.2393 0.7835 -3.7665
vt 0.0783 0.8091 -3.7665
vt 0.0791 0.8117 -3.7665
vt 0.0766 0.8119 -3.7665
vt 0.0763 0.8091 -3.7665
vt 0.0803 0.8086 -3.7665
vt 0.0813 0.8113 -3.7665
vt 0.0822 0.8077 -3.7665
vt 0.0837 0.8103 -3.7665
vt 0.0845 0.8136 -3.7665
vt 0.0818 0.8141 -3.7665
vt 0.0847 0.8167 -3.7665
vt 0.0821 0.8170 -3.7665
vt 0.0795 0.8174 -3.7665
vt 0.0795 0.8145 -3.7665
vt 0.0768 0.8150 -3.7665
vt 0.0769 0.8178 -3.7665
vt 0.3278 0.8185 -3.7665
vt 0.3253 0.8178 -3.7665
vt 0.3267 0.8153 -3.7665
vt 0.0019 0.8061 -3.7665
vt 0.3268 0.8213 -3.7665
vt 0.3244 0.8204 -3.7665
vt 0.3240 0.8232 -3.7665
vt 0.3264 0.8239 -3.7665
vt 0.3216 0.8226 -3.7665
vt 0.3221 0.8197 -3.7665
vt 0.3191 0.8221 -3.7665
vt 0.3195 0.8190 -3.7665
vt 0.3208 0.8158 -3.7665
vt 0.3231 0.8170 -3.7665
vt 0.3225 0.8132 -3.7665
vt 0.3245 0.8144 -3.7665
vt 0.8316 0.2561 -18.8357
vt 0.8318 0.2589 -18.8357
vt 0.8292 0.2591 -18.8357
vt 0.8286 0.2559 -18.8357
vt 0.8318 0.2621 -18.8357
vt 0.8295 0.2622 -18.8357
vt 0.8318 0.2649 -18.8357
vt 0.8296 0.2654 -18.8357
vt 0.8273 0.2660 -18.8357
vt 0.8273 0.2626 -18.8357
vt 0.8248 0.2633 -18.8357
vt 0.8250 0.2664 -18.8357
vt 0.8241 0.2599 -18.8357
vt 0.8268 0.2594 -18.8357
vt 0.8256 0.2563 -18.8357
vt 0.8228 0.2571 -18.8357
vt 0.9056 0.2570 -18.8357
vt 0.9086 0.2569 -18.8357
vt 0.9079 0.2601 -18.8357
vt 0.9053 0.2598 -18.8357
vt 0.9116 0.2574 -18.8357
vt 0.9103 0.2605 -18.8357
vt 0.9130 0.2610 -18.8357
vt 0.9144 0.2583 -18.8357
vt 0.9121 0.2644 -18.8357
vt 0.9097 0.2637 -18.8357
vt 0.9096 0.2670 -18.8357
vt 0.9118 0.2675 -18.8357
vt 0.9073 0.2664 -18.8357
vt 0.9075 0.2632 -18.8357
vt 0.9051 0.2657 -18.8357
vt 0.9052 0.2630 -18.8357
vt 0.7448 0.2851 -18.8357
vt 0.7456 0.2878 -18.8357
vt 0.7431 0.2879 -18.8357
vt 0.7428 0.2851 -17.8023
vt 0.7469 0.2846 -18.8357
vt 0.7478 0.2874 -18.8357
vt 0.7489 0.2838 -18.8357
vt 0.7502 0.2865 -18.8357
vt 0.7510 0.2898 -18.8357
vt 0.7483 0.2902 -18.8357
vt 0.7511 0.2928 -18.8357
vt 0.7486 0.2931 -18.8357
vt 0.7460 0.2936 -18.8357
vt 0.7460 0.2907 -18.8357
vt 0.7433 0.2911 -18.8357
vt 0.7434 0.2940 -18.8357
vt 0.9934 0.2916 -18.8357
vt 0.9909 0.2910 -18.8357
vt 0.9922 0.2884 -18.8357
vt 0.6695 0.2843 -18.8357
vt 0.9925 0.2946 -18.8357
vt 0.9901 0.2938 -18.8357
vt 0.9898 0.2967 -18.8357
vt 0.9922 0.2973 -18.8357
vt 0.9874 0.2961 -18.8357
vt 0.9879 0.2932 -18.8357
vt 0.9850 0.2957 -18.8357
vt 0.9853 0.2926 -18.8357
vt 0.9863 0.2893 -18.8357
vt 0.9887 0.2903 -18.8357
vt 0.9878 0.2866 -18.8357
vt 0.9899 0.2877 -18.8357
vt 0.8209 0.0050 32.1082
vt 0.8251 0.0085 32.1082
vt 0.8167 0.0050 32.1082
vt 0.8125 0.0084 32.1082
vt 0.8984 0.0085 32.1082
vt 0.9026 0.0085 32.1082
vt 0.9068 0.0085 32.1082
vt 0.9110 0.0084 32.1082
vt 0.7281 0.0084 32.1082
vt 0.7318 0.0084 32.1082
vt 0.7355 0.0084 32.1082
vt 0.7392 0.0084 32.1082
vt 0.9912 0.0084 32.1082
vt 0.9949 0.0084 -32.1082
vt 0.9875 0.0084 32.1082
vt 0.9838 0.0084 32.1082
vt 0.2443 0.0007 32.1283
vt 0.2485 0.0006 32.1283
vt 0.2527 0.0006 32.1283
vt 0.2569 0.0006 32.1283
vt 0.1667 0.0006 32.1283
vt 0.1709 0.0007 32.1283
vt 0.1625 0.0006 32.1283
vt 0.1583 0.0006 32.1283
vt 0.3371 0.0005 32.1283
vt 0.3408 0.0005 -32.1283
vt 0.3334 0.0005 32.1283
vt 0.3297 0.0006 32.1283
vt 0.0738 0.0005 32.1283
vt 0.0775 0.0005 32.1283
vt 0.0812 0.0005 32.1283
vt 0.0850 0.0006 32.1283
vt 0.4958 0.7534 -30.8742
vt 0.4982 0.7534 21.5769
vt 0.4933 0.7534 21.5769
vt 0.4909 0.7534 21.5769
vt 0.5717 0.7534 21.5769
vt 0.5741 0.7534 21.5769
vt 0.5766 0.7534 21.5769
vt 0.5790 0.7534 21.5769
vt 0.4101 0.7534 21.5769
vt 0.4125 0.7534 21.5769
vt 0.4150 0.7534 21.5769
vt 0.4174 0.7534 21.5769
vt 0.6574 0.7534 21.5769
vt 0.6598 0.7534 21.5769
vt 0.6549 0.7534 21.5769
vt 0.6525 0.7534 21.5769
vt 0.5627 0.4979 19.5737
vt 0.5652 0.4979 19.5737
vt 0.5676 0.4979 -28.0078
vt 0.5700 0.4979 19.5737
vt 0.4868 0.4980 19.5737
vt 0.4892 0.4980 19.5737
vt 0.4844 0.4980 19.5737
vt 0.4819 0.4980 19.5737
vt 0.6484 0.4979 19.5737
vt 0.6508 0.4979 19.5737
vt 0.6460 0.4979 19.5737
vt 0.6435 0.4979 19.5737
vt 0.4011 0.4980 19.5737
vt 0.4036 0.4980 19.5737
vt 0.4060 0.4980 19.5737
vt 0.4085 0.4980 19.5737
vt 0.4253 0.1023 -7.8294
vt 0.4253 0.0991 -7.8294
vt 0.2403 0.8868 -3.7665
vt 0.2373 0.8865 -3.7665
vt 0.1561 0.9952 -9.5632
vt 0.1585 0.9960 -9.5632
vt 0.4254 0.1757 7.8294
vt 0.2408 0.9977 -9.5632
vt 0.1617 0.4646 -11.1357
vt 0.1647 0.4643 -11.1357
vt 0.1560 0.4618 -11.1357
vt 0.2439 0.9955 -9.5632
vt 0.8252 0.6978 -14.2692
vt 0.8228 0.6968 -14.2692
vt 0.8277 0.6988 -14.2692
vt 0.8302 0.6998 14.2692
vt 0.9037 0.6998 -14.2692
vt 0.9062 0.6989 -14.2692
vt 0.9087 0.6978 -14.2692
vt 0.9111 0.6968 -14.2692
vt 0.0839 0.9869 -9.5632
vt 0.3212 0.8847 -3.7665
vt 0.0019 0.8745 -3.7665
vt 0.0019 0.8714 -3.7665
vt 0.0019 0.8776 -3.7665
vt 0.0779 0.9889 -9.5632
vt 0.3282 0.8893 -3.7665
vt 0.0744 0.9913 2.1750
vt 0.2308 0.6951 4.6969
vt 0.0027 0.9779 -9.5632
vt 0.0027 0.9748 -9.5632
vt 0.0027 0.9810 -9.5632
vt 0.3270 0.9832 -9.5632
vt 0.1574 0.6951 -4.6969
vt 0.3309 0.9849 -9.5632
vt 0.0731 0.4594 2.5326
vt 0.3207 0.9819 -9.5632
vt 0.3232 0.9820 -9.5632
vt 0.7446 0.6618 -14.2692
vt 0.7422 0.6612 -14.2692
vt 0.7470 0.6625 -14.2692
vt 0.7494 0.6631 -14.2692
vt 0.0027 0.9154 -9.5632
vt 0.9893 0.6619 -14.2692
vt 0.6687 0.6612 -14.2692
vt 0.3285 0.9124 -9.5632
vt 0.9917 0.6614 -14.2692
vt 0.0027 0.9186 -9.5632
vt 0.0027 0.9214 -9.5632
vt 0.9845 0.6631 -14.2692
vt 0.9869 0.6625 -14.2692
vt 0.8252 0.2518 32.1082
vt 0.8209 0.2476 32.1082
vt 0.8167 0.2469 32.1082
vt 0.8125 0.2496 32.1082
vt 0.8984 0.2518 32.1082
vt 0.9026 0.2506 32.1082
vt 0.9069 0.2493 32.1082
vt 0.9110 0.2481 32.1082
vt 0.7318 0.2211 32.1082
vt 0.7281 0.2206 32.1082
vt 0.7355 0.2216 32.1082
vt 0.7392 0.2221 32.1082
vt 0.6684 0.5130 -14.2692
vt 0.9912 0.2192 32.1082
vt 0.6548 0.2206 32.1082
vt 0.9933 0.5110 -14.2692
vt 0.9949 0.2185 32.1082
vt 0.6686 0.5163 -14.2692
vt 0.6687 0.5191 -14.2692
vt 0.9839 0.2208 32.1082
vt 0.9875 0.2201 32.1082
vt 0.1556 0.8816 -3.7665
vt 0.1578 0.8824 -3.7665
vt 0.3487 0.0991 -7.8294
vt 0.2408 0.3524 -11.1397
vt 0.3456 0.0991 -7.8294
vt 0.2378 0.3522 -11.1397
vt 0.3456 0.1757 -7.8294
vt 0.3456 0.1789 -7.8294
vt 0.2407 0.4644 -11.1357
vt 0.3487 0.1789 -7.8294
vt 0.1560 0.3498 -11.1397
vt 0.1585 0.3505 -11.1397
vt 0.9037 0.9238 11.7267
vt 0.9062 0.9229 -11.7267
vt 0.9087 0.9219 -11.7267
vt 0.9111 0.9209 -11.7267
vt 0.8302 0.9238 -11.7267
vt 0.8277 0.9229 -11.7267
vt 0.8252 0.9218 -11.7267
vt 0.8228 0.9209 -11.7267
vt 0.0027 0.3322 -11.1397
vt 0.0027 0.3290 -11.1397
vt 0.0027 0.3353 -11.1397
vt 0.3270 0.3381 -11.1397
vt 0.2308 0.7686 -4.6969
vt 0.0027 0.3384 -11.1397
vt 0.3309 0.3397 -11.1397
vt 0.3207 0.3367 -11.1397
vt 0.3232 0.3369 -11.1397
vt 0.3270 0.4502 -11.1357
vt 0.0027 0.4473 -11.1357
vt 0.1574 0.7686 4.6969
vt 0.0731 0.3474 2.5335
vt 0.3308 0.4519 -11.1357
vt 0.0826 0.3430 -11.1397
vt 0.0801 0.3434 -11.1397
vt 0.0027 0.4442 -11.1357
vt 0.0027 0.4410 -11.1357
vt 0.9845 0.8872 -11.7267
vt 0.9869 0.8866 -11.7267
vt 0.9893 0.8860 -11.7267
vt 0.0027 0.2696 -11.1397
vt 0.9917 0.8855 -11.7267
vt 0.0027 0.2668 -11.1397
vt 0.6687 0.8853 -11.7267
vt 0.0027 0.2729 -11.1397
vt 0.0027 0.2757 -11.1397
vt 0.7446 0.8859 -11.7267
vt 0.7422 0.8853 -11.7267
vt 0.7470 0.8865 -11.7267
vt 0.7494 0.8872 -11.7267
vt 0.2443 0.2441 32.1283
vt 0.2485 0.2429 32.1283
vt 0.2527 0.2416 32.1283
vt 0.2569 0.2404 32.1283
vt 0.1710 0.2441 32.1283
vt 0.1667 0.2434 32.1283
vt 0.1625 0.2426 32.1283
vt 0.1583 0.2419 32.1283
vt 0.6684 0.7371 -11.7267
vt 0.3371 0.2115 32.1283
vt 0.6682 0.7343 -11.7267
vt 0.3408 0.2108 32.1283
vt 0.0005 0.2129 32.1283
vt 0.6686 0.7403 -11.7267
vt 0.6687 0.7432 -11.7267
vt 0.3298 0.2130 32.1283
vt 0.3335 0.2123 32.1283
vt 0.0775 0.2134 32.1283
vt 0.0738 0.2129 32.1283
vt 0.0813 0.2139 32.1283
vt 0.0850 0.2144 32.1283
vt 0.2350 0.6916 15.6359
vt 0.2375 0.6907 -15.6359
vt 0.2400 0.6897 -15.6359
vt 0.2424 0.6887 -15.6359
vt 0.1615 0.6908 -15.6359
vt 0.1590 0.6899 -15.6359
vt 0.1566 0.6888 -15.6359
vt 0.1541 0.6878 -15.6359
vt 0.0027 0.3816 -11.1357
vt 0.3209 0.6546 -15.6359
vt 0.0027 0.3787 -11.1357
vt 0.3234 0.6541 -15.6359
vt 0.0005 0.6507 -15.6359
vt 0.0027 0.3848 -11.1357
vt 0.0027 0.3877 -11.1357
vt 0.3161 0.6557 -15.6359
vt 0.3185 0.6552 -15.6359
vt 0.0764 0.6520 -15.6359
vt 0.0740 0.6514 -15.6359
vt 0.0787 0.6527 -15.6359
vt 0.0811 0.6533 -15.6359
vt 0.5717 0.9974 30.8742
vt 0.5742 0.9967 21.5769
vt 0.5766 0.9960 21.5769
vt 0.5790 0.9953 21.5769
vt 0.4982 0.9974 21.5769
vt 0.4958 0.9967 21.5769
vt 0.4933 0.9960 21.5769
vt 0.4909 0.9953 21.5769
vt 0.0016 0.5026 -15.6359
vt 0.6573 0.9667 21.5769
vt 0.0015 0.4998 -15.6359
vt 0.6598 0.9662 21.5769
vt 0.3367 0.9663 21.5769
vt 0.0018 0.5058 -15.6359
vt 0.0019 0.5086 -15.6359
vt 0.6525 0.9677 21.5769
vt 0.6549 0.9672 21.5769
vt 0.4126 0.9667 21.5769
vt 0.4102 0.9663 21.5769
vt 0.4150 0.9672 21.5769
vt 0.4174 0.9677 21.5769
vt 0.8292 0.4757 18.8357
vt 0.8267 0.4748 -18.8357
vt 0.8243 0.4737 -18.8357
vt 0.8218 0.4727 -18.8357
vt 0.9027 0.4766 -18.8357
vt 0.9052 0.4757 -18.8357
vt 0.9077 0.4747 -18.8357
vt 0.9101 0.4738 -18.8357
vt 0.7441 0.4367 -18.8357
vt 0.7417 0.4361 -18.8357
vt 0.7465 0.4374 -18.8357
vt 0.7489 0.4381 -18.8357
vt 0.0019 0.8090 -3.7665
vt 0.9887 0.4398 -18.8357
vt 0.6682 0.4353 -18.8357
vt 0.3290 0.8160 -3.7665
vt 0.9911 0.4393 -18.8357
vt 0.0019 0.8121 -3.7665
vt 0.0019 0.8148 -3.7665
vt 0.9839 0.4409 -18.8357
vt 0.9863 0.4404 -18.8357
vt 0.4892 0.7420 28.0078
vt 0.4868 0.7413 19.5737
vt 0.4844 0.7405 19.5737
vt 0.4819 0.7399 19.5737
vt 0.5627 0.7420 19.5737
vt 0.5652 0.7413 19.5737
vt 0.5676 0.7405 19.5737
vt 0.5700 0.7399 19.5737
vt 0.4036 0.7113 19.5737
vt 0.4012 0.7108 19.5737
vt 0.4060 0.7118 19.5737
vt 0.4085 0.7123 19.5737
vt 0.6696 0.2872 -18.8357
vt 0.6483 0.7113 19.5737
vt 0.3277 0.7108 19.5737
vt 0.9945 0.2890 -18.8357
vt 0.6508 0.7108 19.5737
vt 0.6698 0.2904 -18.8357
vt 0.6699 0.2932 -18.8357
vt 0.6435 0.7122 19.5737
vt 0.6459 0.7118 19.5737
vt 0.0874 0.6620 7.8217
vt 0.0826 0.6603 7.8217
vt 0.0890 0.6639 7.8217
vt 0.0894 0.6663 7.8217
vt 0.0120 0.6548 7.8217
vt 0.0096 0.6552 7.8217
vt 0.0077 0.6568 7.8217
vt 0.0060 0.6616 7.8217
vt 0.0779 0.7437 -7.8217
vt 0.0803 0.7433 7.8217
vt 0.0822 0.7417 -7.8217
vt 0.0839 0.7369 7.8217
vt 0.0025 0.7365 7.8217
vt 0.6548 0.0084 -32.1082
vt 0.0073 0.7382 7.8217
vt 0.0009 0.7346 7.8217
vt 0.0005 0.7322 7.8217
vt 0.6037 0.0840 7.8250
vt 0.6060 0.0834 7.8250
vt 0.6077 0.0816 7.8250
vt 0.6090 0.0767 7.8250
vt 0.5279 0.0834 7.8250
vt 0.5328 0.0847 7.8250
vt 0.5262 0.0817 7.8250
vt 0.5255 0.0793 7.8250
vt 0.6060 0.0018 7.8250
vt 0.0005 0.0005 -32.1283
vt 0.6010 0.0005 7.8250
vt 0.6077 0.0035 7.8250
vt 0.6083 0.0059 7.8250
vt 0.5302 0.0012 -7.8250
vt 0.5279 0.0018 7.8250
vt 0.5262 0.0036 -7.8250
vt 0.5248 0.0085 7.8250
vt 0.3528 0.0025 -7.8172
vt 0.3511 0.0073 7.8172
vt 0.3547 0.0009 7.8172
vt 0.3571 0.0005 -7.8172
vt 0.3456 0.0779 7.8172
vt 0.3460 0.0803 7.8172
vt 0.3476 0.0822 7.8172
vt 0.3524 0.0839 7.8172
vt 0.4345 0.0120 7.8172
vt 0.4340 0.0096 7.8172
vt 0.4325 0.0077 7.8172
vt 0.4277 0.0060 7.8172
vt 0.4272 0.0874 7.8172
vt 0.3366 0.7534 21.5769
vt 0.4290 0.0826 7.8172
vt 0.4254 0.0890 7.8172
vt 0.4230 0.0894 7.8172
vt 0.5196 0.0120 7.8180
vt 0.5192 0.0096 7.8180
vt 0.5176 0.0077 7.8180
vt 0.5128 0.0060 7.8180
vt 0.5124 0.0874 7.8180
vt 0.5141 0.0826 7.8180
vt 0.5105 0.0890 7.8180
vt 0.5081 0.0894 7.8180
vt 0.4379 0.0025 -7.8180
vt 0.3276 0.4980 19.5737
vt 0.4362 0.0073 7.8180
vt 0.4398 0.0009 7.8180
vt 0.4422 0.0005 -7.8180
vt 0.4307 0.0779 7.8180
vt 0.4311 0.0803 7.8180
vt 0.4327 0.0822 7.8180
vt 0.4375 0.0839 7.8180
# 1048 texture coords

o cross_clean
g cross_clean
usemtl default
s 1
f 7/3/1 1/4/2 6/1/3 
f 6/1/4 8/2/5 7/3/6 
f 11/6/7 8/2/8 6/1/9 
f 6/1/10 10/5/11 11/6/12 
f 10/5/13 2/8/14 9/7/15 
f 9/7/16 11/6/17 10/5/18 
f 11/6/19 9/7/20 13/9/21 
f 13/9/22 14/10/23 11/6/24 
f 13/753/25 3/12/26 12/11/27 
f 12/11/28 14/754/29 13/753/30 
f 17/14/31 14/755/32 12/756/33 
f 12/756/34 16/13/35 17/14/36 
f 16/13/37 4/16/38 15/15/39 
f 15/15/40 17/14/41 16/13/42 
f 17/14/43 15/15/44 19/17/45 
f 19/17/46 20/18/47 17/14/48 
f 19/17/49 5/20/50 18/19/51 
f 18/19/52 20/18/53 19/17/54 
f 738/22/55 20/18/56 18/19/57 
f 18/19/58 737/21/59 738/22/60 
f 17/14/61 20/18/62 738/22/63 
f 738/22/64 14/755/65 17/14/66 
f 27/25/67 21/26/68 26/759/69 
f 26/759/70 28/24/71 27/25/72 
f 31/28/73 28/760/74 26/23/75 
f 26/23/76 30/27/77 31/28/78 
f 30/27/79 22/30/80 29/29/81 
f 29/29/82 31/28/83 30/27/84 
f 31/28/85 29/29/86 33/31/87 
f 33/31/88 34/32/89 31/28/90 
f 33/31/91 23/34/92 32/33/93 
f 32/33/94 34/32/95 33/31/96 
f 750/764/97 34/32/98 32/33/99 
f 32/33/100 749/35/101 750/764/102 
f 36/39/103 24/40/104 35/37/105 
f 35/37/106 37/38/107 36/39/108 
f 40/42/109 37/38/110 35/37/111 
f 35/37/112 39/41/113 40/42/114 
f 39/41/115 25/44/116 38/43/117 
f 38/43/118 40/42/119 39/41/120 
f 40/42/121 38/43/122 27/762/123 
f 27/762/124 28/761/125 40/42/126 
f 750/36/127 37/38/128 40/42/129 
f 40/42/130 28/761/131 750/36/132 
f 46/47/133 41/48/134 45/45/135 
f 45/45/136 47/46/137 46/47/138 
f 47/46/139 45/45/140 49/49/141 
f 49/49/142 50/50/143 47/46/144 
f 49/49/145 42/52/146 48/51/147 
f 48/51/148 50/50/149 49/49/150 
f 50/50/151 48/51/152 52/53/153 
f 52/53/154 53/54/155 50/50/156 
f 53/54/157 52/53/158 43/55/159 
f 43/55/160 51/56/161 53/54/162 
f 53/54/163 51/56/164 55/57/165 
f 55/57/166 56/58/167 53/54/168 
f 56/58/169 55/57/170 44/59/171 
f 44/59/172 54/60/173 56/58/174 
f 47/46/175 56/58/176 54/60/177 
f 54/60/178 46/47/179 47/46/180 
f 56/58/181 47/46/182 50/50/183 
f 50/50/184 53/54/185 56/58/186 
f 62/63/187 57/64/188 61/61/189 
f 61/61/190 63/62/191 62/63/192 
f 63/62/193 61/61/194 65/65/195 
f 65/65/196 66/66/197 63/62/198 
f 66/66/199 65/65/200 58/67/201 
f 58/67/202 64/68/203 66/66/204 
f 66/66/205 64/68/206 68/69/207 
f 68/69/208 69/70/209 66/66/210 
f 69/70/211 68/69/212 59/71/213 
f 59/71/214 67/72/215 69/70/216 
f 72/74/217 69/70/218 67/72/219 
f 67/72/220 71/73/221 72/74/222 
f 71/73/223 60/76/224 70/75/225 
f 70/75/226 72/74/227 71/73/228 
f 72/74/229 70/75/230 62/63/231 
f 62/63/232 63/62/233 72/74/234 
f 72/74/235 63/62/236 66/66/237 
f 66/66/238 69/70/239 72/74/240 
f 79/79/241 73/80/242 78/77/243 
f 78/77/244 80/78/245 79/79/246 
f 740/82/247 80/78/248 78/77/249 
f 78/77/250 739/773/251 740/82/252 
f 82/85/253 74/86/254 81/83/255 
f 81/83/256 83/84/257 82/85/258 
f 86/88/259 83/84/260 81/83/261 
f 81/83/262 85/87/263 86/88/264 
f 85/87/265 75/90/266 84/89/267 
f 84/89/268 86/88/269 85/87/270 
f 86/88/271 84/89/272 88/91/273 
f 88/91/274 89/92/275 86/88/276 
f 87/93/277 89/778/278 76/780/279 
f 92/96/280 89/778/281 87/93/282 
f 87/93/283 91/95/284 92/96/285 
f 91/95/286 77/98/287 90/97/288 
f 90/97/289 92/96/290 91/95/291 
f 92/96/292 90/97/293 79/79/294 
f 79/79/295 80/78/296 92/96/297 
f 740/774/298 83/84/299 86/88/300 
f 86/88/301 89/92/302 740/774/303 
f 99/101/304 93/102/305 98/99/306 
f 98/99/307 100/100/308 99/101/309 
f 103/104/310 100/100/311 98/99/312 
f 98/99/313 102/103/314 103/104/315 
f 102/103/316 94/106/317 101/105/318 
f 101/105/319 103/104/320 102/103/321 
f 103/104/322 101/105/323 105/107/324 
f 105/107/325 106/785/326 103/104/327 
f 104/109/328 106/108/329 95/788/330 
f 109/112/331 106/108/332 104/109/333 
f 104/109/334 108/111/335 109/112/336 
f 108/111/337 96/114/338 107/113/339 
f 107/113/340 109/112/341 108/111/342 
f 109/112/343 107/113/344 111/115/345 
f 111/115/346 112/116/347 109/112/348 
f 111/115/349 97/118/350 110/117/351 
f 110/117/352 112/116/353 111/115/354 
f 752/120/355 112/116/356 110/117/357 
f 110/117/358 751/119/359 752/120/360 
f 109/112/361 112/116/362 752/120/363 
f 752/120/364 106/108/365 109/112/366 
f 119/123/367 118/124/368 113/121/369 
f 113/121/370 117/122/371 119/123/372 
f 122/126/373 119/123/374 117/122/375 
f 117/122/376 121/125/377 122/126/378 
f 121/125/379 114/128/380 120/127/381 
f 120/127/382 122/126/383 121/125/384 
f 122/126/385 120/127/386 124/129/387 
f 124/129/388 125/130/389 122/126/390 
f 124/129/391 115/132/392 123/131/393 
f 123/131/394 125/130/395 124/129/396 
f 125/130/397 123/131/398 127/133/399 
f 127/133/400 128/134/401 125/130/402 
f 128/134/403 127/133/404 116/135/405 
f 116/135/406 126/136/407 128/134/408 
f 128/134/409 126/136/410 118/124/411 
f 118/124/412 119/123/413 128/134/414 
f 128/134/415 119/123/416 122/126/417 
f 122/126/418 125/130/419 128/134/420 
f 134/139/421 129/798/422 133/137/423 
f 133/137/424 135/138/425 134/139/426 
f 135/138/427 133/137/428 137/141/429 
f 137/141/430 138/142/431 135/138/432 
f 137/141/433 130/144/434 136/143/435 
f 136/143/436 138/142/437 137/141/438 
f 138/142/439 136/143/440 140/145/441 
f 140/145/442 141/146/443 138/142/444 
f 141/146/445 140/145/446 131/147/447 
f 131/147/448 139/148/449 141/146/450 
f 141/146/451 139/148/452 143/149/453 
f 143/149/454 144/150/455 141/146/456 
f 144/150/457 143/149/458 132/151/459 
f 132/151/460 142/152/461 144/150/462 
f 135/138/463 144/150/464 142/152/465 
f 142/152/466 134/139/467 135/138/468 
f 144/150/469 135/138/470 138/142/471 
f 138/142/472 141/146/473 144/150/474 
f 151/155/475 150/156/476 145/153/477 
f 145/153/478 149/154/479 151/155/480 
f 151/155/481 149/154/482 153/157/483 
f 153/157/484 154/158/485 151/155/486 
f 154/158/487 153/157/488 146/159/489 
f 146/159/490 152/160/491 154/158/492 
f 157/162/493 154/158/494 152/160/495 
f 152/160/496 156/161/497 157/162/498 
f 156/161/499 147/164/500 155/163/501 
f 155/163/502 157/162/503 156/161/504 
f 157/162/505 155/163/506 159/165/507 
f 159/165/508 160/166/509 157/162/510 
f 159/165/511 148/168/512 158/167/513 
f 158/167/514 160/166/515 159/165/516 
f 160/166/517 158/167/518 150/156/519 
f 150/156/520 151/155/521 160/166/522 
f 160/166/523 151/155/524 154/158/525 
f 154/158/526 157/162/527 160/166/528 
f 167/171/529 166/172/530 161/169/531 
f 161/169/532 165/170/533 167/171/534 
f 170/174/535 167/171/536 165/170/537 
f 165/170/538 169/173/539 170/174/540 
f 169/173/541 162/176/542 168/175/543 
f 168/175/544 170/174/545 169/173/546 
f 170/174/547 168/175/548 172/177/549 
f 172/177/550 173/178/551 170/174/552 
f 172/177/553 163/180/554 171/179/555 
f 171/179/556 173/178/557 172/177/558 
f 173/178/559 171/179/560 175/181/561 
f 175/181/562 176/182/563 173/178/564 
f 176/182/565 175/181/566 164/183/567 
f 164/183/568 174/184/569 176/182/570 
f 176/182/571 174/184/572 166/172/573 
f 166/172/574 167/171/575 176/182/576 
f 176/182/577 167/171/578 170/174/579 
f 170/174/580 173/178/581 176/182/582 
f 182/187/583 177/188/584 181/185/585 
f 181/185/586 183/186/587 182/187/588 
f 183/186/589 181/185/590 185/189/591 
f 185/189/592 186/190/593 183/186/594 
f 186/190/595 185/189/596 178/191/597 
f 178/191/598 184/192/599 186/190/600 
f 186/190/601 184/192/602 188/193/603 
f 188/193/604 189/194/605 186/190/606 
f 189/194/607 188/193/608 179/195/609 
f 179/195/610 187/196/611 189/194/612 
f 192/198/613 189/194/614 187/196/615 
f 187/196/616 191/197/617 192/198/618 
f 191/197/619 180/200/620 190/199/621 
f 190/199/622 192/198/623 191/197/624 
f 192/198/625 190/199/626 182/187/627 
f 182/187/628 183/186/629 192/198/630 
f 192/198/631 183/186/632 186/190/633 
f 186/190/634 189/194/635 192/198/636 
f 198/203/637 193/819/638 197/201/639 
f 197/201/640 199/202/641 198/203/642 
f 199/202/643 197/201/644 201/205/645 
f 201/205/646 202/206/647 199/202/648 
f 201/205/649 194/208/650 200/207/651 
f 200/207/652 202/206/653 201/205/654 
f 202/206/655 200/207/656 204/209/657 
f 204/209/658 205/210/659 202/206/660 
f 205/210/661 204/209/662 195/211/663 
f 195/211/664 203/212/665 205/210/666 
f 205/210/667 203/212/668 207/213/669 
f 207/213/670 208/214/671 205/210/672 
f 208/214/673 207/213/674 196/215/675 
f 196/215/676 206/216/677 208/214/678 
f 199/202/679 208/214/680 206/216/681 
f 206/216/682 198/203/683 199/202/684 
f 208/214/685 199/202/686 202/206/687 
f 202/206/688 205/210/689 208/214/690 
f 231/219/691 225/220/692 230/217/693 
f 230/217/694 232/218/695 231/219/696 
f 742/222/697 232/218/698 230/217/699 
f 230/217/700 741/221/701 742/222/702 
f 234/225/703 226/226/704 233/223/705 
f 233/223/706 235/224/707 234/225/708 
f 238/228/709 235/224/710 233/223/711 
f 233/223/712 237/227/713 238/228/714 
f 237/227/715 227/230/716 236/229/717 
f 236/229/718 238/228/719 237/227/720 
f 238/228/721 236/229/722 240/231/723 
f 240/231/724 241/232/725 238/228/726 
f 240/827/727 228/234/728 239/233/729 
f 239/233/730 241/829/731 240/827/732 
f 244/236/733 241/828/734 239/830/735 
f 239/830/736 243/235/737 244/236/738 
f 243/235/739 229/238/740 242/237/741 
f 242/237/742 244/236/743 243/235/744 
f 244/236/745 242/237/746 231/219/747 
f 231/219/748 232/218/749 244/236/750 
f 742/826/751 235/224/752 238/228/753 
f 238/228/754 241/232/755 742/826/756 
f 251/241/757 245/242/758 250/239/759 
f 250/239/760 252/240/761 251/241/762 
f 255/244/763 252/240/764 250/239/765 
f 250/239/766 254/243/767 255/244/768 
f 254/243/769 246/246/770 253/245/771 
f 253/245/772 255/244/773 254/243/774 
f 255/244/775 253/245/776 257/247/777 
f 257/247/778 258/248/779 255/244/780 
f 257/831/781 247/250/782 256/834/783 
f 256/834/784 258/832/785 257/831/786 
f 261/252/787 258/833/788 256/249/789 
f 256/249/790 260/251/791 261/252/792 
f 260/251/793 248/254/794 259/253/795 
f 259/253/796 261/252/797 260/251/798 
f 261/252/799 259/253/800 263/255/801 
f 263/255/802 264/256/803 261/252/804 
f 263/255/805 249/258/806 262/257/807 
f 262/257/808 264/256/809 263/255/810 
f 746/260/811 264/256/812 262/257/813 
f 262/257/814 745/259/815 746/260/816 
f 261/252/817 264/256/818 746/260/819 
f 746/260/820 258/833/821 261/252/822 
f 270/263/823 265/264/824 269/261/825 
f 269/261/826 271/262/827 270/263/828 
f 271/262/829 269/261/830 273/265/831 
f 273/265/832 274/266/833 271/262/834 
f 274/266/835 273/265/836 266/267/837 
f 266/267/838 272/268/839 274/266/840 
f 274/266/841 272/268/842 276/269/843 
f 276/269/844 277/270/845 274/266/846 
f 277/270/847 276/269/848 267/271/849 
f 267/271/850 275/272/851 277/270/852 
f 280/274/853 277/270/854 275/272/855 
f 275/272/856 279/273/857 280/274/858 
f 279/273/859 268/276/860 278/275/861 
f 278/275/862 280/274/863 279/273/864 
f 280/274/865 278/275/866 270/263/867 
f 270/263/868 271/262/869 280/274/870 
f 280/274/871 271/262/872 274/266/873 
f 274/266/874 277/270/875 280/274/876 
f 287/279/877 286/280/878 281/277/879 
f 281/277/880 285/278/881 287/279/882 
f 287/279/883 285/278/884 289/281/885 
f 289/281/886 290/282/887 287/279/888 
f 290/282/889 289/281/890 282/283/891 
f 282/283/892 288/284/893 290/282/894 
f 293/286/895 290/282/896 288/284/897 
f 288/284/898 292/285/899 293/286/900 
f 292/285/901 283/288/902 291/287/903 
f 291/287/904 293/286/905 292/285/906 
f 293/286/907 291/287/908 295/289/909 
f 295/289/910 296/290/911 293/286/912 
f 295/289/913 284/292/914 294/291/915 
f 294/291/916 296/290/917 295/289/918 
f 296/290/919 294/291/920 286/280/921 
f 286/280/922 287/279/923 296/290/924 
f 296/290/925 287/279/926 290/282/927 
f 290/282/928 293/286/929 296/290/930 
f 303/295/931 297/296/932 302/293/933 
f 302/293/934 304/294/935 303/295/936 
f 307/298/937 304/294/938 302/293/939 
f 302/293/940 306/297/941 307/298/942 
f 306/297/943 298/300/944 305/299/945 
f 305/299/946 307/298/947 306/297/948 
f 307/298/949 305/299/950 309/301/951 
f 309/301/952 310/848/953 307/298/954 
f 308/303/955 310/302/956 299/304/957 
f 313/306/958 310/302/959 308/303/960 
f 308/303/961 312/305/962 313/306/963 
f 312/305/964 300/308/965 311/307/966 
f 311/307/967 313/306/968 312/305/969 
f 313/306/970 311/307/971 315/309/972 
f 315/309/973 316/310/974 313/306/975 
f 315/309/976 301/312/977 314/311/978 
f 314/311/979 316/310/980 315/309/981 
f 744/314/982 316/310/983 314/311/984 
f 314/311/985 743/313/986 744/314/987 
f 313/306/988 316/310/989 744/314/990 
f 744/314/991 310/302/992 313/306/993 
f 322/315/994 324/316/995 317/857/996 
f 327/320/997 324/316/998 322/315/999 
f 322/315/1000 326/319/1001 327/320/1002 
f 326/319/1003 318/322/1004 325/321/1005 
f 325/321/1006 327/320/1007 326/319/1008 
f 327/320/1009 325/321/1010 329/323/1011 
f 329/323/1012 330/324/1013 327/320/1014 
f 329/323/1015 319/326/1016 328/325/1017 
f 328/325/1018 330/324/1019 329/323/1020 
f 748/860/1021 330/324/1022 328/325/1023 
f 328/325/1024 747/859/1025 748/860/1026 
f 332/331/1027 320/332/1028 331/329/1029 
f 331/329/1030 333/330/1031 332/331/1032 
f 336/334/1033 333/330/1034 331/329/1035 
f 331/329/1036 335/333/1037 336/334/1038 
f 335/333/1039 321/336/1040 334/335/1041 
f 334/335/1042 336/334/1043 335/333/1044 
f 336/334/1045 334/335/1046 323/317/1047 
f 323/317/1048 324/854/1049 336/334/1050 
f 748/328/1051 333/330/1052 336/334/1053 
f 336/334/1054 324/854/1055 748/328/1056 
f 343/339/1057 342/340/1058 337/337/1059 
f 337/337/1060 341/338/1061 343/339/1062 
f 343/339/1063 341/338/1064 345/341/1065 
f 345/341/1066 346/342/1067 343/339/1068 
f 346/342/1069 345/341/1070 338/343/1071 
f 338/343/1072 344/344/1073 346/342/1074 
f 349/346/1075 346/342/1076 344/344/1077 
f 344/344/1078 348/345/1079 349/346/1080 
f 348/345/1081 339/348/1082 347/347/1083 
f 347/347/1084 349/346/1085 348/345/1086 
f 349/346/1087 347/347/1088 351/349/1089 
f 351/349/1090 352/350/1091 349/346/1092 
f 351/349/1093 340/352/1094 350/351/1095 
f 350/351/1096 352/350/1097 351/349/1098 
f 352/350/1099 350/351/1100 342/340/1101 
f 342/340/1102 343/339/1103 352/350/1104 
f 352/350/1105 343/339/1106 346/342/1107 
f 346/342/1108 349/346/1109 352/350/1110 
f 359/355/1111 358/356/1112 353/353/1113 
f 353/353/1114 357/354/1115 359/355/1116 
f 362/358/1117 359/355/1118 357/354/1119 
f 357/354/1120 361/357/1121 362/358/1122 
f 361/357/1123 354/360/1124 360/359/1125 
f 360/359/1126 362/358/1127 361/357/1128 
f 362/358/1129 360/359/1130 364/361/1131 
f 364/361/1132 365/362/1133 362/358/1134 
f 364/361/1135 355/364/1136 363/363/1137 
f 363/363/1138 365/362/1139 364/361/1140 
f 365/362/1141 363/363/1142 367/365/1143 
f 367/365/1144 368/366/1145 365/362/1146 
f 368/366/1147 367/365/1148 356/367/1149 
f 356/367/1150 366/368/1151 368/366/1152 
f 368/366/1153 366/368/1154 358/356/1155 
f 358/356/1156 359/355/1157 368/366/1158 
f 368/366/1159 359/355/1160 362/358/1161 
f 362/358/1162 365/362/1163 368/366/1164 
f 375/371/1165 374/372/1166 369/369/1167 
f 369/369/1168 373/370/1169 375/371/1170 
f 378/374/1171 375/371/1172 373/370/1173 
f 373/370/1174 377/373/1175 378/374/1176 
f 377/373/1177 370/376/1178 376/375/1179 
f 376/375/1180 378/374/1181 377/373/1182 
f 378/374/1183 376/375/1184 380/377/1185 
f 380/377/1186 381/378/1187 378/374/1188 
f 380/377/1189 371/380/1190 379/379/1191 
f 379/379/1192 381/378/1193 380/377/1194 
f 381/378/1195 379/379/1196 383/381/1197 
f 383/381/1198 384/382/1199 381/378/1200 
f 384/382/1201 383/381/1202 372/383/1203 
f 372/383/1204 382/384/1205 384/382/1206 
f 384/382/1207 382/384/1208 374/372/1209 
f 374/372/1210 375/371/1211 384/382/1212 
f 384/382/1213 375/371/1214 378/374/1215 
f 378/374/1216 381/378/1217 384/382/1218 
f 391/387/1219 390/388/1220 385/385/1221 
f 385/385/1222 389/386/1223 391/387/1224 
f 391/387/1225 389/386/1226 393/389/1227 
f 393/389/1228 394/390/1229 391/387/1230 
f 394/390/1231 393/389/1232 386/391/1233 
f 386/391/1234 392/392/1235 394/390/1236 
f 397/394/1237 394/390/1238 392/392/1239 
f 392/392/1240 396/393/1241 397/394/1242 
f 396/393/1243 387/396/1244 395/395/1245 
f 395/395/1246 397/394/1247 396/393/1248 
f 397/394/1249 395/395/1250 399/397/1251 
f 399/397/1252 400/398/1253 397/394/1254 
f 399/397/1255 388/400/1256 398/399/1257 
f 398/399/1258 400/398/1259 399/397/1260 
f 400/398/1261 398/399/1262 390/388/1263 
f 390/388/1264 391/387/1265 400/398/1266 
f 400/398/1267 391/387/1268 394/390/1269 
f 394/390/1270 397/394/1271 400/398/1272 
f 406/403/1273 401/404/1274 405/401/1275 
f 405/401/1276 407/402/1277 406/403/1278 
f 407/402/1279 405/401/1280 409/405/1281 
f 409/405/1282 410/406/1283 407/402/1284 
f 409/405/1285 402/408/1286 408/407/1287 
f 408/407/1288 410/406/1289 409/405/1290 
f 410/406/1291 408/407/1292 412/409/1293 
f 412/409/1294 413/410/1295 410/406/1296 
f 413/410/1297 412/409/1298 403/411/1299 
f 403/411/1300 411/412/1301 413/410/1302 
f 413/410/1303 411/412/1304 415/413/1305 
f 415/413/1306 416/414/1307 413/410/1308 
f 416/414/1309 415/413/1310 404/415/1311 
f 404/415/1312 414/416/1313 416/414/1314 
f 407/402/1315 416/414/1316 414/416/1317 
f 414/416/1318 406/403/1319 407/402/1320 
f 416/414/1321 407/402/1322 410/406/1323 
f 410/406/1324 413/410/1325 416/414/1326 
f 422/419/1327 417/420/1328 421/417/1329 
f 421/417/1330 423/418/1331 422/419/1332 
f 423/418/1333 421/417/1334 425/421/1335 
f 425/421/1336 426/422/1337 423/418/1338 
f 426/422/1339 425/421/1340 418/423/1341 
f 418/423/1342 424/424/1343 426/422/1344 
f 426/422/1345 424/424/1346 428/425/1347 
f 428/425/1348 429/426/1349 426/422/1350 
f 429/426/1351 428/425/1352 419/427/1353 
f 419/427/1354 427/428/1355 429/426/1356 
f 432/430/1357 429/426/1358 427/428/1359 
f 427/428/1360 431/429/1361 432/430/1362 
f 431/429/1363 420/432/1364 430/431/1365 
f 430/431/1366 432/430/1367 431/429/1368 
f 432/430/1369 430/431/1370 422/419/1371 
f 422/419/1372 423/418/1373 432/430/1374 
f 432/430/1375 423/418/1376 426/422/1377 
f 426/422/1378 429/426/1379 432/430/1380 
f 455/435/1381 454/436/1382 449/433/1383 
f 449/433/1384 453/434/1385 455/435/1386 
f 458/438/1387 455/435/1388 453/434/1389 
f 453/434/1390 457/437/1391 458/438/1392 
f 457/437/1393 450/440/1394 456/439/1395 
f 456/439/1396 458/438/1397 457/437/1398 
f 458/438/1399 456/439/1400 460/441/1401 
f 460/441/1402 461/442/1403 458/438/1404 
f 460/441/1405 451/444/1406 459/443/1407 
f 459/443/1408 461/442/1409 460/441/1410 
f 461/442/1411 459/443/1412 463/445/1413 
f 463/445/1414 464/446/1415 461/442/1416 
f 464/446/1417 463/445/1418 452/447/1419 
f 452/447/1420 462/448/1421 464/446/1422 
f 464/446/1423 462/448/1424 454/436/1425 
f 454/436/1426 455/435/1427 464/446/1428 
f 464/446/1429 455/435/1430 458/438/1431 
f 458/438/1432 461/442/1433 464/446/1434 
f 471/451/1435 470/452/1436 465/449/1437 
f 465/449/1438 469/450/1439 471/451/1440 
f 471/451/1441 469/450/1442 473/453/1443 
f 473/453/1444 474/454/1445 471/451/1446 
f 474/454/1447 473/453/1448 466/455/1449 
f 466/455/1450 472/456/1451 474/454/1452 
f 477/458/1453 474/454/1454 472/456/1455 
f 472/456/1456 476/457/1457 477/458/1458 
f 476/457/1459 467/460/1460 475/459/1461 
f 475/459/1462 477/458/1463 476/457/1464 
f 477/458/1465 475/459/1466 479/461/1467 
f 479/461/1468 480/462/1469 477/458/1470 
f 479/461/1471 468/464/1472 478/463/1473 
f 478/463/1474 480/462/1475 479/461/1476 
f 480/462/1477 478/463/1478 470/452/1479 
f 470/452/1480 471/451/1481 480/462/1482 
f 480/462/1483 471/451/1484 474/454/1485 
f 474/454/1486 477/458/1487 480/462/1488 
f 486/467/1489 481/468/1490 485/465/1491 
f 485/465/1492 487/466/1493 486/467/1494 
f 487/466/1495 485/465/1496 489/469/1497 
f 489/469/1498 490/470/1499 487/466/1500 
f 489/469/1501 482/472/1502 488/471/1503 
f 488/471/1504 490/470/1505 489/469/1506 
f 490/470/1507 488/471/1508 492/473/1509 
f 492/473/1510 493/474/1511 490/470/1512 
f 493/474/1513 492/473/1514 483/475/1515 
f 483/475/1516 491/476/1517 493/474/1518 
f 493/474/1519 491/476/1520 495/477/1521 
f 495/477/1522 496/478/1523 493/474/1524 
f 496/478/1525 495/477/1526 484/479/1527 
f 484/479/1528 494/480/1529 496/478/1530 
f 487/466/1531 496/478/1532 494/480/1533 
f 494/480/1534 486/467/1535 487/466/1536 
f 496/478/1537 487/466/1538 490/470/1539 
f 490/470/1540 493/474/1541 496/478/1542 
f 502/483/1543 497/484/1544 501/481/1545 
f 501/481/1546 503/482/1547 502/483/1548 
f 503/482/1549 501/481/1550 505/485/1551 
f 505/485/1552 506/486/1553 503/482/1554 
f 506/486/1555 505/485/1556 498/487/1557 
f 498/487/1558 504/488/1559 506/486/1560 
f 506/486/1561 504/488/1562 508/489/1563 
f 508/489/1564 509/490/1565 506/486/1566 
f 509/490/1567 508/489/1568 499/491/1569 
f 499/491/1570 507/492/1571 509/490/1572 
f 512/494/1573 509/490/1574 507/492/1575 
f 507/492/1576 511/493/1577 512/494/1578 
f 511/493/1579 500/496/1580 510/495/1581 
f 510/495/1582 512/494/1583 511/493/1584 
f 512/494/1585 510/495/1586 502/483/1587 
f 502/483/1588 503/482/1589 512/494/1590 
f 512/494/1591 503/482/1592 506/486/1593 
f 506/486/1594 509/490/1595 512/494/1596 
f 519/499/1597 518/500/1598 513/497/1599 
f 513/497/1600 517/498/1601 519/499/1602 
f 522/502/1603 519/499/1604 517/498/1605 
f 517/498/1606 521/501/1607 522/502/1608 
f 521/501/1609 514/504/1610 520/503/1611 
f 520/503/1612 522/502/1613 521/501/1614 
f 522/502/1615 520/503/1616 524/505/1617 
f 524/505/1618 525/506/1619 522/502/1620 
f 524/505/1621 515/508/1622 523/507/1623 
f 523/507/1624 525/506/1625 524/505/1626 
f 525/506/1627 523/507/1628 527/509/1629 
f 527/509/1630 528/510/1631 525/506/1632 
f 528/510/1633 527/509/1634 516/511/1635 
f 516/511/1636 526/512/1637 528/510/1638 
f 528/510/1639 526/512/1640 518/500/1641 
f 518/500/1642 519/499/1643 528/510/1644 
f 528/510/1645 519/499/1646 522/502/1647 
f 522/502/1648 525/506/1649 528/510/1650 
f 535/515/1651 534/516/1652 529/513/1653 
f 529/513/1654 533/514/1655 535/515/1656 
f 535/515/1657 533/514/1658 537/517/1659 
f 537/517/1660 538/518/1661 535/515/1662 
f 538/518/1663 537/517/1664 530/519/1665 
f 530/519/1666 536/520/1667 538/518/1668 
f 541/522/1669 538/518/1670 536/520/1671 
f 536/520/1672 540/521/1673 541/522/1674 
f 540/521/1675 531/524/1676 539/523/1677 
f 539/523/1678 541/522/1679 540/521/1680 
f 541/522/1681 539/523/1682 543/525/1683 
f 543/525/1684 544/526/1685 541/522/1686 
f 543/525/1687 532/528/1688 542/527/1689 
f 542/527/1690 544/526/1691 543/525/1692 
f 544/526/1693 542/527/1694 534/516/1695 
f 534/516/1696 535/515/1697 544/526/1698 
f 544/526/1699 535/515/1700 538/518/1701 
f 538/518/1702 541/522/1703 544/526/1704 
f 550/531/1705 545/532/1706 549/529/1707 
f 549/529/1708 551/530/1709 550/531/1710 
f 551/530/1711 549/529/1712 553/533/1713 
f 553/533/1714 554/534/1715 551/530/1716 
f 553/533/1717 546/536/1718 552/535/1719 
f 552/535/1720 554/534/1721 553/533/1722 
f 554/534/1723 552/535/1724 556/537/1725 
f 556/537/1726 557/538/1727 554/534/1728 
f 557/538/1729 556/537/1730 547/539/1731 
f 547/539/1732 555/540/1733 557/538/1734 
f 557/538/1735 555/540/1736 559/541/1737 
f 559/541/1738 560/542/1739 557/538/1740 
f 560/542/1741 559/541/1742 548/543/1743 
f 548/543/1744 558/544/1745 560/542/1746 
f 551/530/1747 560/542/1748 558/544/1749 
f 558/544/1750 550/531/1751 551/530/1752 
f 560/542/1753 551/530/1754 554/534/1755 
f 554/534/1756 557/538/1757 560/542/1758 
f 566/547/1759 561/548/1760 565/545/1761 
f 565/545/1762 567/546/1763 566/547/1764 
f 567/546/1765 565/545/1766 569/549/1767 
f 569/549/1768 570/550/1769 567/546/1770 
f 570/550/1771 569/549/1772 562/551/1773 
f 562/551/1774 568/552/1775 570/550/1776 
f 570/550/1777 568/552/1778 572/553/1779 
f 572/553/1780 573/554/1781 570/550/1782 
f 573/554/1783 572/553/1784 563/555/1785 
f 563/555/1786 571/556/1787 573/554/1788 
f 576/558/1789 573/554/1790 571/556/1791 
f 571/556/1792 575/557/1793 576/558/1794 
f 575/557/1795 564/560/1796 574/559/1797 
f 574/559/1798 576/558/1799 575/557/1800 
f 576/558/1801 574/559/1802 566/547/1803 
f 566/547/1804 567/546/1805 576/558/1806 
f 576/558/1807 567/546/1808 570/550/1809 
f 570/550/1810 573/554/1811 576/558/1812 
f 599/563/1813 598/564/1814 593/561/1815 
f 593/561/1816 597/562/1817 599/563/1818 
f 599/563/1819 597/562/1820 601/565/1821 
f 601/565/1822 602/566/1823 599/563/1824 
f 602/566/1825 601/565/1826 594/567/1827 
f 594/567/1828 600/568/1829 602/566/1830 
f 605/570/1831 602/566/1832 600/568/1833 
f 600/568/1834 604/569/1835 605/570/1836 
f 604/569/1837 595/572/1838 603/571/1839 
f 603/571/1840 605/570/1841 604/569/1842 
f 605/570/1843 603/571/1844 607/573/1845 
f 607/573/1846 608/574/1847 605/570/1848 
f 607/573/1849 596/576/1850 606/575/1851 
f 606/575/1852 608/574/1853 607/573/1854 
f 608/574/1855 606/575/1856 598/564/1857 
f 598/564/1858 599/563/1859 608/574/1860 
f 608/574/1861 599/563/1862 602/566/1863 
f 602/566/1864 605/570/1865 608/574/1866 
f 615/579/1867 614/580/1868 609/577/1869 
f 609/577/1870 613/578/1871 615/579/1872 
f 618/582/1873 615/579/1874 613/578/1875 
f 613/578/1876 617/581/1877 618/582/1878 
f 617/581/1879 610/584/1880 616/583/1881 
f 616/583/1882 618/582/1883 617/581/1884 
f 618/582/1885 616/583/1886 620/585/1887 
f 620/585/1888 621/586/1889 618/582/1890 
f 620/585/1891 611/588/1892 619/587/1893 
f 619/587/1894 621/586/1895 620/585/1896 
f 621/586/1897 619/587/1898 623/589/1899 
f 623/589/1900 624/590/1901 621/586/1902 
f 624/590/1903 623/589/1904 612/591/1905 
f 612/591/1906 622/592/1907 624/590/1908 
f 624/590/1909 622/592/1910 614/580/1911 
f 614/580/1912 615/579/1913 624/590/1914 
f 624/590/1915 615/579/1916 618/582/1917 
f 618/582/1918 621/586/1919 624/590/1920 
f 630/595/1921 625/596/1922 629/593/1923 
f 629/593/1924 631/594/1925 630/595/1926 
f 631/594/1927 629/593/1928 633/597/1929 
f 633/597/1930 634/598/1931 631/594/1932 
f 634/598/1933 633/597/1934 626/599/1935 
f 626/599/1936 632/600/1937 634/598/1938 
f 634/598/1939 632/600/1940 636/601/1941 
f 636/601/1942 637/602/1943 634/598/1944 
f 637/602/1945 636/601/1946 627/603/1947 
f 627/603/1948 635/604/1949 637/602/1950 
f 640/606/1951 637/602/1952 635/604/1953 
f 635/604/1954 639/605/1955 640/606/1956 
f 639/605/1957 628/608/1958 638/607/1959 
f 638/607/1960 640/606/1961 639/605/1962 
f 640/606/1963 638/607/1964 630/595/1965 
f 630/595/1966 631/594/1967 640/606/1968 
f 640/606/1969 631/594/1970 634/598/1971 
f 634/598/1972 637/602/1973 640/606/1974 
f 646/611/1975 641/954/1976 645/609/1977 
f 645/609/1978 647/610/1979 646/611/1980 
f 647/610/1981 645/609/1982 649/613/1983 
f 649/613/1984 650/614/1985 647/610/1986 
f 649/613/1987 642/616/1988 648/615/1989 
f 648/615/1990 650/614/1991 649/613/1992 
f 650/614/1993 648/615/1994 652/617/1995 
f 652/617/1996 653/618/1997 650/614/1998 
f 653/618/1999 652/617/2000 643/619/2001 
f 643/619/2002 651/620/2003 653/618/2004 
f 653/618/2005 651/620/2006 655/621/2007 
f 655/621/2008 656/622/2009 653/618/2010 
f 656/622/2011 655/621/2012 644/623/2013 
f 644/623/2014 654/624/2015 656/622/2016 
f 647/610/2017 656/622/2018 654/624/2019 
f 654/624/2020 646/611/2021 647/610/2022 
f 656/622/2023 647/610/2024 650/614/2025 
f 650/614/2026 653/618/2027 656/622/2028 
f 663/627/2029 662/628/2030 657/625/2031 
f 657/625/2032 661/626/2033 663/627/2034 
f 663/627/2035 661/626/2036 665/629/2037 
f 665/629/2038 666/630/2039 663/627/2040 
f 666/630/2041 665/629/2042 658/631/2043 
f 658/631/2044 664/632/2045 666/630/2046 
f 669/634/2047 666/630/2048 664/632/2049 
f 664/632/2050 668/633/2051 669/634/2052 
f 668/633/2053 659/636/2054 667/635/2055 
f 667/635/2056 669/634/2057 668/633/2058 
f 669/634/2059 667/635/2060 671/637/2061 
f 671/637/2062 672/638/2063 669/634/2064 
f 671/637/2065 660/640/2066 670/639/2067 
f 670/639/2068 672/638/2069 671/637/2070 
f 672/638/2071 670/639/2072 662/628/2073 
f 662/628/2074 663/627/2075 672/638/2076 
f 672/638/2077 663/627/2078 666/630/2079 
f 666/630/2080 669/634/2081 672/638/2082 
f 679/643/2083 678/644/2084 673/641/2085 
f 673/641/2086 677/642/2087 679/643/2088 
f 682/646/2089 679/643/2090 677/642/2091 
f 677/642/2092 681/645/2093 682/646/2094 
f 681/645/2095 674/648/2096 680/647/2097 
f 680/647/2098 682/646/2099 681/645/2100 
f 682/646/2101 680/647/2102 684/649/2103 
f 684/649/2104 685/650/2105 682/646/2106 
f 684/649/2107 675/652/2108 683/651/2109 
f 683/651/2110 685/650/2111 684/649/2112 
f 685/650/2113 683/651/2114 687/653/2115 
f 687/653/2116 688/654/2117 685/650/2118 
f 688/654/2119 687/653/2120 676/655/2121 
f 676/655/2122 686/656/2123 688/654/2124 
f 688/654/2125 686/656/2126 678/644/2127 
f 678/644/2128 679/643/2129 688/654/2130 
f 688/654/2131 679/643/2132 682/646/2133 
f 682/646/2134 685/650/2135 688/654/2136 
f 694/659/2137 689/660/2138 693/657/2139 
f 693/657/2140 695/658/2141 694/659/2142 
f 695/658/2143 693/657/2144 697/661/2145 
f 697/661/2146 698/662/2147 695/658/2148 
f 698/662/2149 697/661/2150 690/663/2151 
f 690/663/2152 696/664/2153 698/662/2154 
f 698/662/2155 696/664/2156 700/665/2157 
f 700/665/2158 701/666/2159 698/662/2160 
f 701/666/2161 700/665/2162 691/667/2163 
f 691/667/2164 699/668/2165 701/666/2166 
f 704/670/2167 701/666/2168 699/668/2169 
f 699/668/2170 703/669/2171 704/670/2172 
f 703/669/2173 692/672/2174 702/671/2175 
f 702/671/2176 704/670/2177 703/669/2178 
f 704/670/2179 702/671/2180 694/659/2181 
f 694/659/2182 695/658/2183 704/670/2184 
f 704/670/2185 695/658/2186 698/662/2187 
f 698/662/2188 701/666/2189 704/670/2190 
f 710/675/2191 705/975/2192 709/673/2193 
f 709/673/2194 711/674/2195 710/675/2196 
f 711/674/2197 709/673/2198 713/677/2199 
f 713/677/2200 714/678/2201 711/674/2202 
f 713/677/2203 706/680/2204 712/679/2205 
f 712/679/2206 714/678/2207 713/677/2208 
f 714/678/2209 712/679/2210 716/681/2211 
f 716/681/2212 717/682/2213 714/678/2214 
f 717/682/2215 716/681/2216 707/683/2217 
f 707/683/2218 715/684/2219 717/682/2220 
f 717/682/2221 715/684/2222 719/685/2223 
f 719/685/2224 720/686/2225 717/682/2226 
f 720/686/2227 719/685/2228 708/687/2229 
f 708/687/2230 718/688/2231 720/686/2232 
f 711/674/2233 720/686/2234 718/688/2235 
f 718/688/2236 710/675/2237 711/674/2238 
f 720/686/2239 711/674/2240 714/678/2241 
f 714/678/2242 717/682/2243 720/686/2244 
f 54/60/2245 44/59/2246 2/8/2247 
f 2/8/2248 10/5/2249 54/60/2250 
f 46/47/2251 54/60/2252 10/5/2253 
f 10/5/2254 6/1/2255 46/47/2256 
f 41/48/2257 46/47/2258 6/1/2259 
f 6/1/2260 1/4/2261 41/48/2262 
f 9/7/2263 2/8/2264 22/30/2265 
f 22/30/2266 30/27/2267 9/7/2268 
f 13/9/2269 9/7/2270 30/27/2271 
f 30/27/2272 26/23/2273 13/9/2274 
f 3/12/2275 13/753/2276 26/759/2277 
f 26/759/2278 21/26/2279 3/12/2280 
f 65/65/2281 29/29/2282 22/30/2283 
f 22/30/2284 58/67/2285 65/65/2286 
f 61/61/2287 33/31/2288 29/29/2289 
f 29/29/2290 65/65/2291 61/61/2292 
f 57/64/2293 23/34/2294 33/31/2295 
f 33/31/2296 61/61/2297 57/64/2298 
f 64/68/2299 58/67/2300 44/59/2301 
f 44/59/2302 55/57/2303 64/68/2304 
f 68/69/2305 64/68/2306 55/57/2307 
f 55/57/2308 51/56/2309 68/69/2310 
f 59/71/2311 68/69/2312 51/56/2313 
f 51/56/2314 43/55/2315 59/71/2316 
f 90/97/2317 77/98/2318 114/128/2319 
f 114/128/2320 121/125/2321 90/97/2322 
f 79/79/2323 90/97/2324 121/125/2325 
f 121/125/2326 117/122/2327 79/79/2328 
f 73/80/2329 79/79/2330 117/122/2331 
f 117/122/2332 113/121/2333 73/80/2334 
f 120/127/2335 114/128/2336 130/801/2337 
f 130/801/2338 137/800/2339 120/127/2340 
f 124/129/2341 120/127/2342 137/800/2343 
f 137/800/2344 133/795/2345 124/129/2346 
f 115/132/2347 124/129/2348 133/795/2349 
f 133/795/2350 129/140/2351 115/132/2352 
f 102/103/2353 136/143/2354 130/144/2355 
f 130/144/2356 94/106/2357 102/103/2358 
f 98/99/2359 140/145/2360 136/143/2361 
f 136/143/2362 102/103/2363 98/99/2364 
f 93/102/2365 131/147/2366 140/145/2367 
f 140/145/2368 98/99/2369 93/102/2370 
f 101/782/2371 94/783/2372 77/98/2373 
f 77/98/2374 91/95/2375 101/782/2376 
f 105/784/2377 101/782/2378 91/95/2379 
f 91/95/2380 87/93/2381 105/784/2382 
f 95/110/2383 105/784/2384 87/93/2385 
f 87/93/2386 76/780/2387 95/110/2388 
f 78/77/2389 73/80/2390 1/4/2391 
f 1/4/2392 7/3/2393 78/77/2394 
f 18/19/2395 82/85/2396 739/81/2397 
f 739/81/2398 737/21/2399 18/19/2400 
f 74/86/2401 82/85/2402 18/19/2403 
f 18/19/2404 5/20/2405 74/86/2406 
f 118/124/2407 45/45/2408 41/48/2409 
f 41/48/2410 113/121/2411 118/124/2412 
f 49/49/2413 45/45/2414 118/124/2415 
f 118/124/2416 126/136/2417 49/49/2418 
f 42/52/2419 49/49/2420 126/136/2421 
f 126/136/2422 116/135/2423 42/52/2424 
f 139/148/2425 131/147/2426 57/64/2427 
f 57/64/2428 62/63/2429 139/148/2430 
f 143/149/2431 139/148/2432 62/63/2433 
f 62/63/2434 70/75/2435 143/149/2436 
f 60/76/2437 132/151/2438 143/149/2439 
f 143/149/2440 70/75/2441 60/76/2442 
f 32/33/2443 23/34/2444 93/102/2445 
f 93/102/2446 99/101/2447 32/33/2448 
f 110/117/2449 36/39/2450 749/763/2451 
f 749/763/2452 751/119/2453 110/117/2454 
f 24/40/2455 36/39/2456 110/117/2457 
f 110/117/2458 97/118/2459 24/40/2460 
f 174/184/2461 164/183/2462 146/159/2463 
f 146/159/2464 153/157/2465 174/184/2466 
f 166/172/2467 174/184/2468 153/157/2469 
f 153/157/2470 149/154/2471 166/172/2472 
f 161/169/2473 166/172/2474 149/154/2475 
f 149/154/2476 145/153/2477 161/169/2478 
f 190/199/2479 180/200/2480 194/822/2481 
f 194/822/2482 201/821/2483 190/199/2484 
f 182/187/2485 190/199/2486 201/821/2487 
f 201/821/2488 197/816/2489 182/187/2490 
f 177/188/2491 182/187/2492 197/816/2493 
f 197/816/2494 193/204/2495 177/188/2496 
f 188/193/2497 155/163/2498 147/164/2499 
f 147/164/2500 179/195/2501 188/193/2502 
f 159/165/2503 155/163/2504 188/193/2505 
f 188/193/2506 184/192/2507 159/165/2508 
f 148/168/2509 159/165/2510 184/192/2511 
f 184/192/2512 178/191/2513 148/168/2514 
f 203/212/2515 195/211/2516 163/180/2517 
f 163/180/2518 172/177/2519 203/212/2520 
f 207/213/2521 203/212/2522 172/177/2523 
f 172/177/2524 168/175/2525 207/213/2526 
f 162/176/2527 196/215/2528 207/213/2529 
f 207/213/2530 168/175/2531 162/176/2532 
f 273/265/2533 242/237/2534 229/238/2535 
f 229/238/2536 266/267/2537 273/265/2538 
f 269/261/2539 231/219/2540 242/237/2541 
f 242/237/2542 273/265/2543 269/261/2544 
f 265/264/2545 225/220/2546 231/219/2547 
f 231/219/2548 269/261/2549 265/264/2550 
f 272/268/2551 266/267/2552 282/283/2553 
f 282/283/2554 289/281/2555 272/268/2556 
f 276/269/2557 272/268/2558 289/281/2559 
f 289/281/2560 285/278/2561 276/269/2562 
f 267/271/2563 276/269/2564 285/278/2565 
f 285/278/2566 281/277/2567 267/271/2568 
f 288/284/2569 282/283/2570 246/246/2571 
f 246/246/2572 254/243/2573 288/284/2574 
f 292/285/2575 288/284/2576 254/243/2577 
f 254/243/2578 250/239/2579 292/285/2580 
f 283/288/2581 292/285/2582 250/239/2583 
f 250/239/2584 245/242/2585 283/288/2586 
f 253/245/2587 246/246/2588 229/238/2589 
f 229/238/2590 243/235/2591 253/245/2592 
f 257/247/2593 253/245/2594 243/235/2595 
f 243/235/2596 239/830/2597 257/247/2598 
f 247/250/2599 257/831/2600 239/233/2601 
f 239/233/2602 228/234/2603 247/250/2604 
f 306/297/2605 350/351/2606 340/352/2607 
f 340/352/2608 298/300/2609 306/297/2610 
f 302/293/2611 342/340/2612 350/351/2613 
f 350/351/2614 306/297/2615 302/293/2616 
f 297/296/2617 337/337/2618 342/340/2619 
f 342/340/2620 302/293/2621 297/296/2622 
f 305/845/2623 298/846/2624 318/322/2625 
f 318/322/2626 326/319/2627 305/845/2628 
f 309/847/2629 305/845/2630 326/319/2631 
f 326/319/2632 322/315/2633 309/847/2634 
f 299/850/2635 309/847/2636 322/315/2637 
f 322/315/2638 317/857/2639 299/850/2640 
f 325/321/2641 318/322/2642 354/360/2643 
f 354/360/2644 361/357/2645 325/321/2646 
f 329/323/2647 325/321/2648 361/357/2649 
f 361/357/2650 357/354/2651 329/323/2652 
f 319/326/2653 329/323/2654 357/354/2655 
f 357/354/2656 353/353/2657 319/326/2658 
f 360/359/2659 354/360/2660 340/871/2661 
f 340/871/2662 351/870/2663 360/359/2664 
f 364/361/2665 360/359/2666 351/870/2667 
f 351/870/2668 347/866/2669 364/361/2670 
f 355/364/2671 364/361/2672 347/866/2673 
f 347/866/2674 339/868/2675 355/364/2676 
f 341/338/2677 337/337/2678 265/264/2679 
f 265/264/2680 270/263/2681 341/338/2682 
f 345/341/2683 341/338/2684 270/263/2685 
f 270/263/2686 278/275/2687 345/341/2688 
f 268/276/2689 338/343/2690 345/341/2691 
f 345/341/2692 278/275/2693 268/276/2694 
f 230/217/2695 225/220/2696 297/296/2697 
f 297/296/2698 303/295/2699 230/217/2700 
f 314/311/2701 234/225/2702 741/825/2703 
f 741/825/2704 743/313/2705 314/311/2706 
f 226/226/2707 234/225/2708 314/311/2709 
f 314/311/2710 301/312/2711 226/226/2712 
f 328/325/2713 319/326/2714 245/242/2715 
f 245/242/2716 251/241/2717 328/325/2718 
f 262/257/2719 332/331/2720 747/327/2721 
f 747/327/2722 745/259/2723 262/257/2724 
f 320/332/2725 332/331/2726 262/257/2727 
f 262/257/2728 249/258/2729 320/332/2730 
f 358/356/2731 291/287/2732 283/288/2733 
f 283/288/2734 353/353/2735 358/356/2736 
f 295/289/2737 291/287/2738 358/356/2739 
f 358/356/2740 366/368/2741 295/289/2742 
f 284/292/2743 295/289/2744 366/368/2745 
f 366/368/2746 356/367/2747 284/292/2748 
f 382/384/2749 372/383/2750 386/391/2751 
f 386/391/2752 393/389/2753 382/384/2754 
f 374/372/2755 382/384/2756 393/389/2757 
f 393/389/2758 389/386/2759 374/372/2760 
f 369/369/2761 374/372/2762 389/386/2763 
f 389/386/2764 385/385/2765 369/369/2766 
f 430/431/2767 420/432/2768 402/890/2769 
f 402/890/2770 409/889/2771 430/431/2772 
f 422/419/2773 430/431/2774 409/889/2775 
f 409/889/2776 405/884/2777 422/419/2778 
f 417/420/2779 422/419/2780 405/884/2781 
f 405/884/2782 401/886/2783 417/420/2784 
f 411/412/2785 403/411/2786 371/380/2787 
f 371/380/2788 380/377/2789 411/412/2790 
f 415/413/2791 411/412/2792 380/377/2793 
f 380/377/2794 376/375/2795 415/413/2796 
f 370/376/2797 404/415/2798 415/413/2799 
f 415/413/2800 376/375/2801 370/376/2802 
f 428/425/2803 395/395/2804 387/396/2805 
f 387/396/2806 419/427/2807 428/425/2808 
f 399/397/2809 395/395/2810 428/425/2811 
f 428/425/2812 424/424/2813 399/397/2814 
f 388/400/2815 399/397/2816 424/424/2817 
f 424/424/2818 418/423/2819 388/400/2820 
f 462/448/2821 452/447/2822 466/455/2823 
f 466/455/2824 473/453/2825 462/448/2826 
f 454/436/2827 462/448/2828 473/453/2829 
f 473/453/2830 469/450/2831 454/436/2832 
f 449/433/2833 454/436/2834 469/450/2835 
f 469/450/2836 465/449/2837 449/433/2838 
f 510/495/2839 500/496/2840 482/911/2841 
f 482/911/2842 489/910/2843 510/495/2844 
f 502/483/2845 510/495/2846 489/910/2847 
f 489/910/2848 485/905/2849 502/483/2850 
f 497/484/2851 502/483/2852 485/905/2853 
f 485/905/2854 481/907/2855 497/484/2856 
f 495/477/2857 456/439/2858 450/440/2859 
f 450/440/2860 484/479/2861 495/477/2862 
f 460/441/2863 456/439/2864 495/477/2865 
f 495/477/2866 491/476/2867 460/441/2868 
f 451/444/2869 460/441/2870 491/476/2871 
f 491/476/2872 483/475/2873 451/444/2874 
f 504/488/2875 498/487/2876 468/464/2877 
f 468/464/2878 479/461/2879 504/488/2880 
f 508/489/2881 504/488/2882 479/461/2883 
f 479/461/2884 475/459/2885 508/489/2886 
f 467/460/2887 499/491/2888 508/489/2889 
f 508/489/2890 475/459/2891 467/460/2892 
f 526/512/2893 516/511/2894 530/519/2895 
f 530/519/2896 537/517/2897 526/512/2898 
f 518/500/2899 526/512/2900 537/517/2901 
f 537/517/2902 533/514/2903 518/500/2904 
f 513/497/2905 518/500/2906 533/514/2907 
f 533/514/2908 529/513/2909 513/497/2910 
f 574/559/2911 564/560/2912 546/932/2913 
f 546/932/2914 553/931/2915 574/559/2916 
f 566/547/2917 574/559/2918 553/931/2919 
f 553/931/2920 549/926/2921 566/547/2922 
f 561/548/2923 566/547/2924 549/926/2925 
f 549/926/2926 545/928/2927 561/548/2928 
f 559/541/2929 520/503/2930 514/504/2931 
f 514/504/2932 548/543/2933 559/541/2934 
f 524/505/2935 520/503/2936 559/541/2937 
f 559/541/2938 555/540/2939 524/505/2940 
f 515/508/2941 524/505/2942 555/540/2943 
f 555/540/2944 547/539/2945 515/508/2946 
f 568/552/2947 562/551/2948 532/528/2949 
f 532/528/2950 543/525/2951 568/552/2952 
f 572/553/2953 568/552/2954 543/525/2955 
f 543/525/2956 539/523/2957 572/553/2958 
f 531/524/2959 563/555/2960 572/553/2961 
f 572/553/2962 539/523/2963 531/524/2964 
f 622/592/2965 612/591/2966 594/567/2967 
f 594/567/2968 601/565/2969 622/592/2970 
f 614/580/2971 622/592/2972 601/565/2973 
f 601/565/2974 597/562/2975 614/580/2976 
f 609/577/2977 614/580/2978 597/562/2979 
f 597/562/2980 593/561/2981 609/577/2982 
f 638/607/2983 628/608/2984 642/957/2985 
f 642/957/2986 649/956/2987 638/607/2988 
f 630/595/2989 638/607/2990 649/956/2991 
f 649/956/2992 645/951/2993 630/595/2994 
f 625/596/2995 630/595/2996 645/951/2997 
f 645/951/2998 641/612/2999 625/596/3000 
f 632/600/3001 626/599/3002 596/576/3003 
f 596/576/3004 607/573/3005 632/600/3006 
f 636/601/3007 632/600/3008 607/573/3009 
f 607/573/3010 603/571/3011 636/601/3012 
f 595/572/3013 627/603/3014 636/601/3015 
f 636/601/3016 603/571/3017 595/572/3018 
f 655/621/3019 616/583/3020 610/584/3021 
f 610/584/3022 644/623/3023 655/621/3024 
f 620/585/3025 616/583/3026 655/621/3027 
f 655/621/3028 651/620/3029 620/585/3030 
f 611/588/3031 620/585/3032 651/620/3033 
f 651/620/3034 643/619/3035 611/588/3036 
f 686/656/3037 676/655/3038 658/631/3039 
f 658/631/3040 665/629/3041 686/656/3042 
f 678/644/3043 686/656/3044 665/629/3045 
f 665/629/3046 661/626/3047 678/644/3048 
f 673/641/3049 678/644/3050 661/626/3051 
f 661/626/3052 657/625/3053 673/641/3054 
f 702/671/3055 692/672/3056 706/978/3057 
f 706/978/3058 713/977/3059 702/671/3060 
f 694/659/3061 702/671/3062 713/977/3063 
f 713/977/3064 709/972/3065 694/659/3066 
f 689/660/3067 694/659/3068 709/972/3069 
f 709/972/3070 705/676/3071 689/660/3072 
f 696/664/3073 690/663/3074 660/640/3075 
f 660/640/3076 671/637/3077 696/664/3078 
f 700/665/3079 696/664/3080 671/637/3081 
f 671/637/3082 667/635/3083 700/665/3084 
f 659/636/3085 691/667/3086 700/665/3087 
f 700/665/3088 667/635/3089 659/636/3090 
f 719/685/3091 680/647/3092 674/648/3093 
f 674/648/3094 708/687/3095 719/685/3096 
f 684/649/3097 680/647/3098 719/685/3099 
f 719/685/3100 715/684/3101 684/649/3102 
f 675/652/3103 684/649/3104 715/684/3105 
f 715/684/3106 707/683/3107 675/652/3108 
f 152/160/3109 146/159/3110 43/768/3111 
f 43/768/3112 52/767/3113 152/160/3114 
f 156/161/3115 152/160/3116 52/767/3117 
f 52/767/3118 48/765/3119 156/161/3120 
f 147/164/3121 156/161/3122 48/765/3123 
f 48/765/3124 42/766/3125 147/164/3126 
f 67/770/3127 59/769/3128 164/183/3129 
f 164/183/3130 175/181/3131 67/770/3132 
f 71/771/3133 67/770/3134 175/181/3135 
f 175/181/3136 171/179/3137 71/771/3138 
f 60/772/3139 71/771/3140 171/179/3141 
f 171/179/3142 163/180/3143 60/772/3144 
f 123/791/3145 115/792/3146 180/200/3147 
f 180/200/3148 191/197/3149 123/791/3150 
f 127/793/3151 123/791/3152 191/197/3153 
f 191/197/3154 187/196/3155 127/793/3156 
f 116/794/3157 127/793/3158 187/196/3159 
f 187/196/3160 179/195/3161 116/794/3162 
f 200/207/3163 194/208/3164 129/799/3165 
f 129/799/3166 134/796/3167 200/207/3168 
f 204/209/3169 200/207/3170 134/796/3171 
f 134/796/3172 142/803/3173 204/209/3174 
f 195/211/3175 204/209/3176 142/803/3177 
f 142/803/3178 132/802/3179 195/211/3180 
f 211/689/3181 209/690/3182 145/804/3183 
f 145/804/3184 150/805/3185 211/689/3186 
f 212/691/3187 211/689/3188 150/805/3189 
f 150/805/3190 158/806/3191 212/691/3192 
f 210/692/3193 212/691/3194 158/806/3195 
f 158/806/3196 148/807/3197 210/692/3198 
f 165/809/3199 161/808/3200 214/693/3201 
f 214/693/3202 216/694/3203 165/809/3204 
f 169/810/3205 165/809/3206 216/694/3207 
f 216/694/3208 215/695/3209 169/810/3210 
f 162/811/3211 169/810/3212 215/695/3213 
f 215/695/3214 213/696/3215 162/811/3216 
f 181/812/3217 177/813/3218 218/697/3219 
f 218/697/3220 220/698/3221 181/812/3222 
f 185/814/3223 181/812/3224 220/698/3225 
f 220/698/3226 219/699/3227 185/814/3228 
f 178/815/3229 185/814/3230 219/699/3231 
f 219/699/3232 217/700/3233 178/815/3234 
f 223/701/3235 221/702/3236 193/820/3237 
f 193/820/3238 198/817/3239 223/701/3240 
f 224/703/3241 223/701/3242 198/817/3243 
f 198/817/3244 206/824/3245 224/703/3246 
f 222/704/3247 224/703/3248 206/824/3249 
f 206/824/3250 196/823/3251 222/704/3252 
f 275/838/3253 267/837/3254 372/383/3255 
f 372/383/3256 383/381/3257 275/838/3258 
f 279/839/3259 275/838/3260 383/381/3261 
f 383/381/3262 379/379/3263 279/839/3264 
f 268/840/3265 279/839/3266 379/379/3267 
f 379/379/3268 371/380/3269 268/840/3270 
f 392/392/3271 386/391/3272 281/841/3273 
f 281/841/3274 286/842/3275 392/392/3276 
f 396/393/3277 392/392/3278 286/842/3279 
f 286/842/3280 294/843/3281 396/393/3282 
f 387/396/3283 396/393/3284 294/843/3285 
f 294/843/3286 284/844/3287 387/396/3288 
f 408/407/3289 402/408/3290 339/867/3291 
f 339/867/3292 348/865/3293 408/407/3294 
f 412/409/3295 408/407/3296 348/865/3297 
f 348/865/3298 344/864/3299 412/409/3300 
f 403/411/3301 412/409/3302 344/864/3303 
f 344/864/3304 338/863/3305 403/411/3306 
f 363/872/3307 355/873/3308 420/432/3309 
f 420/432/3310 431/429/3311 363/872/3312 
f 367/874/3313 363/872/3314 431/429/3315 
f 431/429/3316 427/428/3317 367/874/3318 
f 356/875/3319 367/874/3320 427/428/3321 
f 427/428/3322 419/427/3323 356/875/3324 
f 373/877/3325 369/876/3326 434/705/3327 
f 434/705/3328 436/706/3329 373/877/3330 
f 377/878/3331 373/877/3332 436/706/3333 
f 436/706/3334 435/707/3335 377/878/3336 
f 370/879/3337 377/878/3338 435/707/3339 
f 435/707/3340 433/708/3341 370/879/3342 
f 439/709/3343 437/710/3344 385/880/3345 
f 385/880/3346 390/881/3347 439/709/3348 
f 440/711/3349 439/709/3350 390/881/3351 
f 390/881/3352 398/882/3353 440/711/3354 
f 438/712/3355 440/711/3356 398/882/3357 
f 398/882/3358 388/883/3359 438/712/3360 
f 443/713/3361 441/714/3362 401/887/3363 
f 401/887/3364 406/885/3365 443/713/3366 
f 444/715/3367 443/713/3368 406/885/3369 
f 406/885/3370 414/892/3371 444/715/3372 
f 442/716/3373 444/715/3374 414/892/3375 
f 414/892/3376 404/891/3377 442/716/3378 
f 421/893/3379 417/894/3380 446/717/3381 
f 446/717/3382 448/718/3383 421/893/3384 
f 425/895/3385 421/893/3386 448/718/3387 
f 448/718/3388 447/719/3389 425/895/3390 
f 418/896/3391 425/895/3392 447/719/3393 
f 447/719/3394 445/720/3395 418/896/3396 
f 472/456/3397 466/455/3398 25/44/3399 
f 25/44/3400 39/41/3401 472/456/3402 
f 476/457/3403 472/456/3404 39/41/3405 
f 39/41/3406 35/37/3407 476/457/3408 
f 467/460/3409 476/457/3410 35/37/3411 
f 35/37/3412 24/40/3413 467/460/3414 
f 38/43/3415 25/44/3416 248/254/3417 
f 248/254/3418 260/251/3419 38/43/3420 
f 27/762/3421 38/43/3422 260/251/3423 
f 260/251/3424 256/249/3425 27/762/3426 
f 21/26/3427 27/25/3428 256/834/3429 
f 256/834/3430 247/250/3431 21/26/3432 
f 463/445/3433 259/253/3434 248/254/3435 
f 248/254/3436 452/447/3437 463/445/3438 
f 459/443/3439 263/255/3440 259/253/3441 
f 259/253/3442 463/445/3443 459/443/3444 
f 451/444/3445 249/258/3446 263/255/3447 
f 263/255/3448 459/443/3449 451/444/3450 
f 107/113/3451 96/114/3452 500/496/3453 
f 500/496/3454 511/493/3455 107/113/3456 
f 111/115/3457 107/113/3458 511/493/3459 
f 511/493/3460 507/492/3461 111/115/3462 
f 97/118/3463 111/115/3464 507/492/3465 
f 507/492/3466 499/491/3467 97/118/3468 
f 335/333/3469 488/471/3470 482/472/3471 
f 482/472/3472 321/336/3473 335/333/3474 
f 331/329/3475 492/473/3476 488/471/3477 
f 488/471/3478 335/333/3479 331/329/3480 
f 320/332/3481 483/475/3482 492/473/3483 
f 492/473/3484 331/329/3485 320/332/3486 
f 334/861/3487 321/862/3488 96/114/3489 
f 96/114/3490 108/111/3491 334/861/3492 
f 323/855/3493 334/861/3494 108/111/3495 
f 108/111/3496 104/109/3497 323/855/3498 
f 317/318/3499 323/855/3500 104/109/3501 
f 104/109/3502 95/788/3503 317/318/3504 
f 536/520/3505 530/519/3506 465/901/3507 
f 465/901/3508 470/902/3509 536/520/3510 
f 540/521/3511 536/520/3512 470/902/3513 
f 470/902/3514 478/903/3515 540/521/3516 
f 531/524/3517 540/521/3518 478/903/3519 
f 478/903/3520 468/904/3521 531/524/3522 
f 453/898/3523 449/897/3524 516/511/3525 
f 516/511/3526 527/509/3527 453/898/3528 
f 457/899/3529 453/898/3530 527/509/3531 
f 527/509/3532 523/507/3533 457/899/3534 
f 450/900/3535 457/899/3536 523/507/3537 
f 523/507/3538 515/508/3539 450/900/3540 
f 501/914/3541 497/915/3542 564/560/3543 
f 564/560/3544 575/557/3545 501/914/3546 
f 505/916/3547 501/914/3548 575/557/3549 
f 575/557/3550 571/556/3551 505/916/3552 
f 498/917/3553 505/916/3554 571/556/3555 
f 571/556/3556 563/555/3557 498/917/3558 
f 552/535/3559 546/536/3560 481/908/3561 
f 481/908/3562 486/906/3563 552/535/3564 
f 556/537/3565 552/535/3566 486/906/3567 
f 486/906/3568 494/913/3569 556/537/3570 
f 547/539/3571 556/537/3572 494/913/3573 
f 494/913/3574 484/912/3575 547/539/3576 
f 583/721/3577 581/722/3578 529/922/3579 
f 529/922/3580 534/923/3581 583/721/3582 
f 584/723/3583 583/721/3584 534/923/3585 
f 534/923/3586 542/924/3587 584/723/3588 
f 582/724/3589 584/723/3590 542/924/3591 
f 542/924/3592 532/925/3593 582/724/3594 
f 517/919/3595 513/918/3596 578/725/3597 
f 578/725/3598 580/726/3599 517/919/3600 
f 521/920/3601 517/919/3602 580/726/3603 
f 580/726/3604 579/727/3605 521/920/3606 
f 514/921/3607 521/920/3608 579/727/3609 
f 579/727/3610 577/728/3611 514/921/3612 
f 565/935/3613 561/936/3614 590/729/3615 
f 590/729/3616 592/730/3617 565/935/3618 
f 569/937/3619 565/935/3620 592/730/3621 
f 592/730/3622 591/731/3623 569/937/3624 
f 562/938/3625 569/937/3626 591/731/3627 
f 591/731/3628 589/732/3629 562/938/3630 
f 587/733/3631 585/734/3632 545/929/3633 
f 545/929/3634 550/927/3635 587/733/3636 
f 588/735/3637 587/733/3638 550/927/3639 
f 550/927/3640 558/934/3641 588/735/3642 
f 586/736/3643 588/735/3644 558/934/3645 
f 558/934/3646 548/933/3647 586/736/3648 
f 623/589/3649 15/15/3650 4/16/3651 
f 4/16/3652 612/591/3653 623/589/3654 
f 619/587/3655 19/17/3656 15/15/3657 
f 15/15/3658 623/589/3659 619/587/3660 
f 611/588/3661 5/20/3662 19/17/3663 
f 19/17/3664 619/587/3665 611/588/3666 
f 600/568/3667 594/567/3668 227/230/3669 
f 227/230/3670 237/227/3671 600/568/3672 
f 604/569/3673 600/568/3674 237/227/3675 
f 237/227/3676 233/223/3677 604/569/3678 
f 595/572/3679 604/569/3680 233/223/3681 
f 233/223/3682 226/226/3683 595/572/3684 
f 236/229/3685 227/230/3686 4/16/3687 
f 4/16/3688 16/13/3689 236/229/3690 
f 240/231/3691 236/229/3692 16/13/3693 
f 16/13/3694 12/756/3695 240/231/3696 
f 228/234/3697 240/827/3698 12/11/3699 
f 12/11/3700 3/12/3701 228/234/3702 
f 85/87/3703 648/615/3704 642/616/3705 
f 642/616/3706 75/90/3707 85/87/3708 
f 81/83/3709 652/617/3710 648/615/3711 
f 648/615/3712 85/87/3713 81/83/3714 
f 74/86/3715 643/619/3716 652/617/3717 
f 652/617/3718 81/83/3719 74/86/3720 
f 84/775/3721 75/776/3722 300/308/3723 
f 300/308/3724 312/305/3725 84/775/3726 
f 88/777/3727 84/775/3728 312/305/3729 
f 312/305/3730 308/303/3731 88/777/3732 
f 76/94/3733 88/777/3734 308/303/3735 
f 308/303/3736 299/304/3737 76/94/3738 
f 311/307/3739 300/308/3740 628/608/3741 
f 628/608/3742 639/605/3743 311/307/3744 
f 315/309/3745 311/307/3746 639/605/3747 
f 639/605/3748 635/604/3749 315/309/3750 
f 301/312/3751 315/309/3752 635/604/3753 
f 635/604/3754 627/603/3755 301/312/3756 
f 613/944/3757 609/943/3758 676/655/3759 
f 676/655/3760 687/653/3761 613/944/3762 
f 617/945/3763 613/944/3764 687/653/3765 
f 687/653/3766 683/651/3767 617/945/3768 
f 610/946/3769 617/945/3770 683/651/3771 
f 683/651/3772 675/652/3773 610/946/3774 
f 664/632/3775 658/631/3776 593/939/3777 
f 593/939/3778 598/940/3779 664/632/3780 
f 668/633/3781 664/632/3782 598/940/3783 
f 598/940/3784 606/941/3785 668/633/3786 
f 659/636/3787 668/633/3788 606/941/3789 
f 606/941/3790 596/942/3791 659/636/3792 
f 712/679/3793 706/680/3794 641/955/3795 
f 641/955/3796 646/952/3797 712/679/3798 
f 716/681/3799 712/679/3800 646/952/3801 
f 646/952/3802 654/959/3803 716/681/3804 
f 707/683/3805 716/681/3806 654/959/3807 
f 654/959/3808 644/958/3809 707/683/3810 
f 629/947/3811 625/948/3812 692/672/3813 
f 692/672/3814 703/669/3815 629/947/3816 
f 633/949/3817 629/947/3818 703/669/3819 
f 703/669/3820 699/668/3821 633/949/3822 
f 626/950/3823 633/949/3824 699/668/3825 
f 699/668/3826 691/667/3827 626/950/3828 
f 677/965/3829 673/964/3830 726/737/3831 
f 726/737/3832 728/738/3833 677/965/3834 
f 681/966/3835 677/965/3836 728/738/3837 
f 728/738/3838 727/739/3839 681/966/3840 
f 674/967/3841 681/966/3842 727/739/3843 
f 727/739/3844 725/740/3845 674/967/3846 
f 723/741/3847 721/742/3848 657/960/3849 
f 657/960/3850 662/961/3851 723/741/3852 
f 724/743/3853 723/741/3854 662/961/3855 
f 662/961/3856 670/962/3857 724/743/3858 
f 722/744/3859 724/743/3860 670/962/3861 
f 670/962/3862 660/963/3863 722/744/3864 
f 735/745/3865 733/746/3866 705/976/3867 
f 705/976/3868 710/973/3869 735/745/3870 
f 736/747/3871 735/745/3872 710/973/3873 
f 710/973/3874 718/980/3875 736/747/3876 
f 734/748/3877 736/747/3878 718/980/3879 
f 718/980/3880 708/979/3881 734/748/3882 
f 693/968/3883 689/969/3884 730/749/3885 
f 730/749/3886 732/750/3887 693/968/3888 
f 697/970/3889 693/968/3890 732/750/3891 
f 732/750/3892 731/751/3893 697/970/3894 
f 690/971/3895 697/970/3896 731/751/3897 
f 731/751/3898 729/752/3899 690/971/3900 
s 12
f 113/121/3901 41/48/3902 1/4/3903 
f 1/4/3904 73/80/3905 113/121/3906 
s 5
f 643/619/3907 74/86/3908 5/20/3909 
f 5/20/3910 611/588/3911 643/619/3912 
s 2
f 594/567/3913 612/591/3914 4/16/3915 
f 4/16/3916 227/230/3917 594/567/3918 
f 22/30/3919 2/8/3920 44/59/3921 
f 44/59/3922 58/67/3923 22/30/3924 
f 247/250/3925 228/234/3926 3/12/3927 
f 3/12/3928 21/26/3929 247/250/3930 
s 12
f 23/34/3931 57/64/3932 131/147/3933 
f 131/147/3934 93/102/3935 23/34/3936 
f 499/491/3937 467/460/3938 24/40/3939 
f 24/40/3940 97/118/3941 499/491/3942 
s 2
f 248/254/3943 25/44/3944 466/455/3945 
f 466/455/3946 452/447/3947 248/254/3948 
s 12
f 147/164/3949 42/766/3950 116/794/3951 
f 116/794/3952 179/195/3953 147/164/3954 
s 4
f 59/769/3955 43/768/3956 146/159/3957 
f 146/159/3958 164/183/3959 59/769/3960 
s 12
f 132/802/3961 60/772/3962 163/180/3963 
f 163/180/3964 195/211/3965 132/802/3966 
s 1
f 130/801/3967 114/128/3968 77/98/3969 
f 77/98/3970 94/783/3971 130/801/3972 
f 300/308/3973 75/776/3974 642/957/3975 
f 642/957/3976 628/608/3977 300/308/3978 
f 299/849/3979 317/856/3980 95/786/3981 
f 95/786/3982 76/781/3983 299/849/3984 
f 482/911/3985 500/496/3986 96/114/3987 
f 96/114/3988 321/862/3989 482/911/3990 
f 194/822/3991 180/200/3992 115/792/3993 
f 115/792/3994 129/797/3995 194/822/3996 
s 12
f 161/808/3997 145/804/3998 209/690/3999 
f 209/690/4000 214/693/4001 161/808/4002 
f 210/692/4003 148/807/4004 178/815/4005 
f 178/815/4006 217/700/4007 210/692/4008 
f 196/823/4009 162/811/4010 213/696/4011 
f 213/696/4012 222/704/4013 196/823/4014 
f 221/994/4015 218/697/4016 177/813/4017 
f 177/813/4018 193/818/4019 221/994/4020 
s 1
f 219/991/4021 220/990/4022 218/989/4023 
f 218/989/4024 221/995/4025 223/993/4026 
f 223/993/4027 224/996/4028 222/997/4029 
f 218/989/4030 223/993/4031 222/997/4032 
f 222/997/4033 213/988/4034 215/987/4035 
f 215/987/4036 216/986/4037 214/985/4038 
f 222/997/4039 215/987/4040 214/985/4041 
f 218/989/4042 222/997/4043 214/985/4044 
f 214/985/4045 209/982/4046 211/981/4047 
f 211/981/4048 212/983/4049 210/984/4050 
f 214/985/4051 211/981/4052 210/984/4053 
f 218/989/4054 214/985/4055 210/984/4056 
f 219/991/4057 218/989/4058 210/984/4059 
f 219/991/4060 210/984/4061 217/992/4062 
s 12
f 225/220/4063 265/264/4064 337/337/4065 
f 337/337/4066 297/296/4067 225/220/4068 
s 2
f 282/283/4069 266/267/4070 229/238/4071 
f 229/238/4072 246/246/4073 282/283/4074 
s 12
f 627/603/4075 595/572/4076 226/226/4077 
f 226/226/4078 301/312/4079 627/603/4080 
f 353/353/4081 283/288/4082 245/242/4083 
f 245/242/4084 319/326/4085 353/353/4086 
f 483/475/4087 320/332/4088 249/258/4089 
f 249/258/4090 451/444/4091 483/475/4092 
f 338/863/4093 268/840/4094 371/380/4095 
f 371/380/4096 403/411/4097 338/863/4098 
s 4
f 386/391/4099 372/383/4100 267/837/4101 
f 267/837/4102 281/841/4103 386/391/4104 
s 12
f 387/396/4105 284/844/4106 356/875/4107 
f 356/875/4108 419/427/4109 387/396/4110 
s 1
f 318/322/4111 298/846/4112 340/871/4113 
f 340/871/4114 354/360/4115 318/322/4116 
s 8
f 355/873/4117 339/869/4118 402/890/4119 
f 402/890/4120 420/432/4121 355/873/4122 
s 12
f 437/710/4123 434/705/4124 369/876/4125 
f 369/876/4126 385/880/4127 437/710/4128 
f 404/891/4129 370/879/4130 433/708/4131 
f 433/708/4132 442/716/4133 404/891/4134 
f 438/712/4135 388/883/4136 418/896/4137 
f 418/896/4138 445/720/4139 438/712/4140 
s 14
f 417/894/4141 401/888/4142 441/1007/4143 
f 441/1007/4144 446/717/4145 417/894/4146 
s 1
f 447/1013/4147 448/1012/4148 446/1011/4149 
f 446/1011/4150 441/1008/4151 443/1006/4152 
f 443/1006/4153 444/1009/4154 442/1010/4155 
f 446/1011/4156 443/1006/4157 442/1010/4158 
f 442/1010/4159 433/1001/4160 435/1000/4161 
f 435/1000/4162 436/999/4163 434/998/4164 
f 442/1010/4165 435/1000/4166 434/998/4167 
f 446/1011/4168 442/1010/4169 434/998/4170 
f 434/998/4171 437/1003/4172 439/1002/4173 
f 439/1002/4174 440/1004/4175 438/1005/4176 
f 434/998/4177 439/1002/4178 438/1005/4179 
f 446/1011/4180 434/998/4181 438/1005/4182 
f 447/1013/4183 446/1011/4184 438/1005/4185 
f 447/1013/4186 438/1005/4187 445/1014/4188 
s 4
f 449/897/4189 465/901/4190 530/519/4191 
f 530/519/4192 516/511/4193 449/897/4194 
s 12
f 484/912/4195 450/900/4196 515/508/4197 
f 515/508/4198 547/539/4199 484/912/4200 
f 498/917/4201 563/555/4202 531/524/4203 
f 531/524/4204 468/904/4205 498/917/4206 
s 8
f 546/932/4207 564/560/4208 497/915/4209 
f 497/915/4210 481/909/4211 546/932/4212 
s 12
f 513/918/4213 529/922/4214 581/722/4215 
f 581/722/4216 578/725/4217 513/918/4218 
f 548/933/4219 514/921/4220 577/728/4221 
f 577/728/4222 586/736/4223 548/933/4224 
f 562/938/4225 589/732/4226 582/724/4227 
f 582/724/4228 532/925/4229 562/938/4230 
f 585/1028/4231 590/729/4232 561/936/4233 
f 561/936/4234 545/930/4235 585/1028/4236 
s 1
f 583/1015/4237 584/1017/4238 582/1018/4239 
f 582/1018/4240 589/1026/4241 591/1025/4242 
f 591/1025/4243 592/1024/4244 590/1023/4245 
f 582/1018/4246 591/1025/4247 590/1023/4248 
f 590/1023/4249 585/1029/4250 587/1027/4251 
f 587/1027/4252 588/1030/4253 586/1031/4254 
f 590/1023/4255 587/1027/4256 586/1031/4257 
f 582/1018/4258 590/1023/4259 586/1031/4260 
f 586/1031/4261 577/1022/4262 579/1021/4263 
f 579/1021/4264 580/1020/4265 578/1019/4266 
f 586/1031/4267 579/1021/4268 578/1019/4269 
f 582/1018/4270 586/1031/4271 578/1019/4272 
f 583/1015/4273 582/1018/4274 578/1019/4275 
f 583/1015/4276 578/1019/4277 581/1016/4278 
s 4
f 658/631/4279 676/655/4280 609/943/4281 
f 609/943/4282 593/939/4283 658/631/4284 
s 12
f 626/950/4285 691/667/4286 659/636/4287 
f 659/636/4288 596/942/4289 626/950/4290 
f 644/958/4291 610/946/4292 675/652/4293 
f 675/652/4294 707/683/4295 644/958/4296 
s 8
f 625/948/4297 641/953/4298 706/978/4299 
f 706/978/4300 692/672/4301 625/948/4302 
s 12
f 721/742/4303 726/737/4304 673/964/4305 
f 673/964/4306 657/960/4307 721/742/4308 
f 690/971/4309 729/752/4310 722/744/4311 
f 722/744/4312 660/963/4313 690/971/4314 
f 708/979/4315 674/967/4316 725/740/4317 
f 725/740/4318 734/748/4319 708/979/4320 
f 689/969/4321 705/974/4322 733/1041/4323 
f 733/1041/4324 730/749/4325 689/969/4326 
s 1
f 735/1040/4327 736/1043/4328 734/1044/4329 
f 734/1044/4330 725/1035/4331 727/1034/4332 
f 727/1034/4333 728/1033/4334 726/1032/4335 
f 734/1044/4336 727/1034/4337 726/1032/4338 
f 726/1032/4339 721/1037/4340 723/1036/4341 
f 723/1036/4342 724/1038/4343 722/1039/4344 
f 726/1032/4345 723/1036/4346 722/1039/4347 
f 734/1044/4348 726/1032/4349 722/1039/4350 
f 722/1039/4351 729/1048/4352 731/1047/4353 
f 731/1047/4354 732/1046/4355 730/1045/4356 
f 722/1039/4357 731/1047/4358 730/1045/4359 
f 734/1044/4360 722/1039/4361 730/1045/4362 
f 735/1040/4363 734/1044/4364 730/1045/4365 
f 735/1040/4366 730/1045/4367 733/1042/4368 
f 738/758/4369 737/757/4370 7/3/4371 
f 7/3/4372 8/2/4373 738/758/4374 
f 740/774/4375 739/81/4376 82/85/4377 
f 82/85/4378 83/84/4379 740/774/4380 
f 737/757/4381 739/773/4382 78/77/4383 
f 78/77/4384 7/3/4385 737/757/4386 
f 742/826/4387 741/825/4388 234/225/4389 
f 234/225/4390 235/224/4391 742/826/4392 
f 744/853/4393 743/852/4394 303/295/4395 
f 303/295/4396 304/294/4397 744/853/4398 
f 743/852/4399 741/221/4400 230/217/4401 
f 230/217/4402 303/295/4403 743/852/4404 
f 746/836/4405 745/835/4406 251/241/4407 
f 251/241/4408 252/240/4409 746/836/4410 
f 748/328/4411 747/327/4412 332/331/4413 
f 332/331/4414 333/330/4415 748/328/4416 
f 745/835/4417 747/859/4418 328/325/4419 
f 328/325/4420 251/241/4421 745/835/4422 
f 750/36/4423 749/763/4424 36/39/4425 
f 36/39/4426 37/38/4427 750/36/4428 
f 752/790/4429 751/789/4430 99/101/4431 
f 99/101/4432 100/100/4433 752/790/4434 
f 751/789/4435 749/35/4436 32/33/4437 
f 32/33/4438 99/101/4439 751/789/4440 
f 750/764/4441 28/760/4442 31/28/4443 
f 31/28/4444 34/32/4445 750/764/4446 
f 11/6/4447 14/10/4448 738/758/4449 
f 738/758/4450 8/2/4451 11/6/4452 
f 742/222/4453 241/828/4454 244/236/4455 
f 244/236/4456 232/218/4457 742/222/4458 
f 255/244/4459 258/248/4460 746/836/4461 
f 746/836/4462 252/240/4463 255/244/4464 
f 740/82/4465 89/778/4466 92/96/4467 
f 92/96/4468 80/78/4469 740/82/4470 
f 103/104/4471 106/785/4472 752/790/4473 
f 752/790/4474 100/100/4475 103/104/4476 
f 748/860/4477 324/316/4478 327/320/4479 
f 327/320/4480 330/324/4481 748/860/4482 
f 307/298/4483 310/848/4484 744/853/4485 
f 744/853/4486 304/294/4487 307/298/4488 
f 324/854/4489 323/317/4490 317/858/4491 
f 310/848/4492 309/301/4493 299/851/4494 
f 106/785/4495 105/107/4496 95/787/4497 
f 89/92/4498 88/91/4499 76/779/4500 
# 1500 faces

