# 3ds Max Wavefront OBJ Exporter v0.99 - (c)2007 guruware
# File Created: 06.04.2026 06:05:34

mtllib DropShip.mtl

#
# object root
#

v  10.2442 0.1047 -0.1047
v  10.2442 -0.1047 -0.1047
v  10.2442 0.1047 0.1047
v  10.2442 -0.1047 0.1047
v  1.0474 1.0474 1.0474
v  1.0474 -1.0474 1.0474
v  1.0474 1.0474 -1.0474
v  1.0474 -1.0474 -1.0474
v  -0.0000 0.0000 -0.0000
# 9 vertices

vn 1.0000 -0.0000 -0.0000
vn 0.1020 0.0000 0.9948
vn 0.1020 0.9948 -0.0000
vn 0.1020 -0.9948 0.0000
vn 0.1020 -0.0000 -0.9948
vn -0.7071 0.7071 -0.0000
vn -0.7071 0.0000 0.7071
vn -0.7071 -0.7071 0.0000
vn -0.7071 0.0000 -0.7071
# 9 vertex normals

o root
g root
usemtl wire_174186203
s 1
f 3//1 2//1 1//1 
f 2//1 3//1 4//1 
s 2
f 6//2 3//2 5//2 
f 3//2 6//2 4//2 
s 4
f 5//3 1//3 7//3 
f 1//3 5//3 3//3 
s 8
f 4//4 8//4 2//4 
f 8//4 4//4 6//4 
s 16
f 2//5 7//5 1//5 
f 7//5 2//5 8//5 
s 32
f 5//6 7//6 9//6 
s 64
f 6//7 5//7 9//7 
s 128
f 8//8 6//8 9//8 
s 256
f 7//9 8//9 9//9 
# 14 faces

#
# object bn_Front_Bay
#

v  10.2442 23.4115 -63.6128
v  10.2442 23.2020 -63.6128
v  10.2442 23.4115 -63.4033
v  10.2442 23.2020 -63.4033
v  1.0474 24.3541 -62.4606
v  1.0474 22.2593 -62.4606
v  1.0474 24.3541 -64.5555
v  1.0474 22.2593 -64.5555
v  -0.0000 23.3067 -63.5080
# 9 vertices

vn 1.0000 0.0000 -0.0000
vn 0.1020 0.0000 0.9948
vn 0.1020 0.9948 -0.0000
vn 0.1020 -0.9948 0.0000
vn 0.1020 -0.0000 -0.9948
vn -0.7071 0.7071 -0.0000
vn -0.7071 0.0000 0.7071
vn -0.7071 -0.7071 0.0000
vn -0.7071 0.0000 -0.7071
# 9 vertex normals

o bn_Front_Bay
g bn_Front_Bay
usemtl wire_174186203
s 1
f 12//10 11//10 10//10 
f 11//10 12//10 13//10 
s 2
f 15//11 12//11 14//11 
f 12//11 15//11 13//11 
s 4
f 14//12 10//12 16//12 
f 10//12 14//12 12//12 
s 8
f 13//13 17//13 11//13 
f 17//13 13//13 15//13 
s 16
f 11//14 16//14 10//14 
f 16//14 11//14 17//14 
s 32
f 14//15 16//15 18//15 
s 64
f 15//16 14//16 18//16 
s 128
f 17//17 15//17 18//17 
s 256
f 16//18 17//18 18//18 
# 14 faces

#
# object bn_Left_Back_Engine
#

v  48.3862 15.5404 76.6139
v  48.3862 15.3209 76.6139
v  48.3862 15.5404 76.8334
v  48.3862 15.3209 76.8334
v  43.4937 16.5281 77.8211
v  43.4937 14.3332 77.8211
v  43.4937 16.5281 75.6262
v  43.4937 14.3332 75.6262
v  42.3962 15.4307 76.7237
# 9 vertices

vn 1.0000 -0.0000 0.0000
vn 0.1979 -0.0000 0.9802
vn 0.1979 0.9802 0.0000
vn 0.1979 -0.9802 -0.0000
vn 0.1979 0.0000 -0.9802
vn -0.7071 0.7071 -0.0000
vn -0.7071 -0.0000 0.7071
vn -0.7071 -0.7071 -0.0000
vn -0.7071 0.0000 -0.7071
# 9 vertex normals

o bn_Left_Back_Engine
g bn_Left_Back_Engine
usemtl wire_174186203
s 1
f 21//19 20//19 19//19 
f 20//19 21//19 22//19 
s 2
f 24//20 21//20 23//20 
f 21//20 24//20 22//20 
s 4
f 23//21 19//21 25//21 
f 19//21 23//21 21//21 
s 8
f 22//22 26//22 20//22 
f 26//22 22//22 24//22 
s 16
f 20//23 25//23 19//23 
f 25//23 20//23 26//23 
s 32
f 23//24 25//24 27//24 
s 64
f 24//25 23//25 27//25 
s 128
f 26//26 24//26 27//26 
s 256
f 25//27 26//27 27//27 
# 14 faces

#
# object bn_Left_Back_Thruster
#

v  53.1425 1.5661 39.4963
v  53.1425 1.1661 39.4963
v  53.1425 1.5661 39.7444
v  53.1425 1.1661 39.7444
v  46.3143 3.3661 40.8607
v  46.3143 -0.6339 40.8607
v  46.3143 3.3661 38.3800
v  46.3143 -0.6339 38.3800
v  45.0740 1.3661 39.6203
# 9 vertices

vn 1.0000 0.0000 -0.0000
vn 0.1613 0.0000 0.9869
vn 0.2549 0.9670 -0.0000
vn 0.2549 -0.9670 0.0000
vn 0.1613 -0.0000 -0.9869
vn -0.8498 0.5270 -0.0000
vn -0.7071 0.0000 0.7071
vn -0.8498 -0.5270 0.0000
vn -0.7071 0.0000 -0.7071
# 9 vertex normals

o bn_Left_Back_Thruster
g bn_Left_Back_Thruster
usemtl wire_174186203
s 1
f 30//28 29//28 28//28 
f 29//28 30//28 31//28 
s 2
f 33//29 30//29 32//29 
f 30//29 33//29 31//29 
s 4
f 32//30 28//30 34//30 
f 28//30 32//30 30//30 
s 8
f 31//31 35//31 29//31 
f 35//31 31//31 33//31 
s 16
f 29//32 34//32 28//32 
f 34//32 29//32 35//32 
s 32
f 32//33 34//33 36//33 
s 64
f 33//34 32//34 36//34 
s 128
f 35//35 33//35 36//35 
s 256
f 34//36 35//36 36//36 
# 14 faces

#
# object bn_left_Back_Weapon
#

v  27.9318 44.8182 60.5816
v  27.9405 44.7690 60.5825
v  27.9810 44.8270 60.5823
v  27.9897 44.7778 60.5831
v  28.1032 45.1431 64.3305
v  28.1905 44.6509 64.3391
v  27.6109 45.0556 64.3239
v  27.6983 44.5634 64.3325
v  27.8967 44.8569 64.5814
# 9 vertices

vn 0.0160 -0.0147 -0.9998
vn 0.9837 0.1737 -0.0467
vn -0.1734 0.9818 -0.0772
vn 0.1754 -0.9836 -0.0426
vn -0.9818 -0.1755 -0.0730
vn -0.1349 0.7065 0.6947
vn 0.6848 0.1341 0.7163
vn 0.1122 -0.6857 0.7192
vn -0.7075 -0.1133 0.6976
# 9 vertex normals

o bn_left_Back_Weapon
g bn_left_Back_Weapon
usemtl wire_174186203
s 1
f 39//37 38//37 37//37 
f 38//37 39//37 40//37 
s 2
f 42//38 39//38 41//38 
f 39//38 42//38 40//38 
s 4
f 41//39 37//39 43//39 
f 37//39 41//39 39//39 
s 8
f 40//40 44//40 38//40 
f 44//40 40//40 42//40 
s 16
f 38//41 43//41 37//41 
f 43//41 38//41 44//41 
s 32
f 41//42 43//42 45//42 
s 64
f 42//43 41//43 45//43 
s 128
f 44//44 42//44 45//44 
s 256
f 43//45 44//45 45//45 
# 14 faces

#
# object bn_Left_Front_thruster
#

v  52.9924 -2.7342 -19.6101
v  52.9924 -3.1342 -19.6101
v  52.9924 -2.7342 -19.3620
v  52.9924 -3.1342 -19.3620
v  46.1642 -0.9342 -18.2457
v  46.1642 -4.9342 -18.2457
v  46.1642 -0.9342 -20.7264
v  46.1642 -4.9342 -20.7264
v  44.9239 -2.9342 -19.4861
# 9 vertices

vn 1.0000 0.0000 -0.0000
vn 0.1613 0.0000 0.9869
vn 0.2549 0.9670 -0.0000
vn 0.2549 -0.9670 0.0000
vn 0.1613 -0.0000 -0.9869
vn -0.8498 0.5270 -0.0000
vn -0.7071 0.0000 0.7071
vn -0.8498 -0.5270 0.0000
vn -0.7071 0.0000 -0.7071
# 9 vertex normals

o bn_Left_Front_thruster
g bn_Left_Front_thruster
usemtl wire_174186203
s 1
f 48//46 47//46 46//46 
f 47//46 48//46 49//46 
s 2
f 51//47 48//47 50//47 
f 48//47 51//47 49//47 
s 4
f 50//48 46//48 52//48 
f 46//48 50//48 48//48 
s 8
f 49//49 53//49 47//49 
f 53//49 49//49 51//49 
s 16
f 47//50 52//50 46//50 
f 52//50 47//50 53//50 
s 32
f 50//51 52//51 54//51 
s 64
f 51//52 50//52 54//52 
s 128
f 53//53 51//53 54//53 
s 256
f 52//54 53//54 54//54 
# 14 faces

#
# object bn_Left_Front_Weapon
#

v  27.8627 44.8509 -46.4122
v  27.8713 44.8017 -46.4103
v  27.9119 44.8595 -46.4126
v  27.9206 44.8103 -46.4107
v  28.0996 45.2673 -42.6760
v  28.1857 44.7752 -42.6568
v  27.6071 45.1813 -42.6720
v  27.6932 44.6891 -42.6527
v  27.8967 44.9881 -42.4146
# 9 vertices

vn -0.0013 -0.0394 -0.9992
vn 0.9832 0.1693 -0.0679
vn -0.1720 0.9802 -0.0983
vn 0.1718 -0.9849 -0.0214
vn -0.9834 -0.1741 -0.0518
vn -0.1209 0.7238 0.6793
vn 0.6974 0.1495 0.7009
vn 0.1227 -0.6682 0.7338
vn -0.6956 -0.0938 0.7122
# 9 vertex normals

o bn_Left_Front_Weapon
g bn_Left_Front_Weapon
usemtl wire_174186203
s 1
f 57//55 56//55 55//55 
f 56//55 57//55 58//55 
s 2
f 60//56 57//56 59//56 
f 57//56 60//56 58//56 
s 4
f 59//57 55//57 61//57 
f 55//57 59//57 57//57 
s 8
f 58//58 62//58 56//58 
f 62//58 58//58 60//58 
s 16
f 56//59 61//59 55//59 
f 61//59 56//59 62//59 
s 32
f 59//60 61//60 63//60 
s 64
f 60//61 59//61 63//61 
s 128
f 62//62 60//62 63//62 
s 256
f 61//63 62//63 63//63 
# 14 faces

#
# object bn_Left_middle_weapon
#

v  28.0575 44.7522 5.9833
v  28.0663 44.7031 5.9858
v  28.1067 44.7611 5.9840
v  28.1155 44.7119 5.9865
v  28.2045 45.2010 9.7204
v  28.2923 44.7094 9.7459
v  27.7124 45.1127 9.7135
v  27.8002 44.6212 9.7390
v  27.9967 44.9230 9.9794
# 9 vertices

vn 0.0224 -0.0477 -0.9986
vn 0.9838 0.1734 -0.0462
vn -0.1740 0.9785 -0.1107
vn 0.1767 -0.9842 -0.0090
vn -0.9811 -0.1791 -0.0735
vn -0.1401 0.7289 0.6701
vn 0.6801 0.1586 0.7158
vn 0.1083 -0.6614 0.7421
vn -0.7118 -0.0911 0.6965
# 9 vertex normals

o bn_Left_middle_weapon
g bn_Left_middle_weapon
usemtl wire_174186203
s 1
f 66//64 65//64 64//64 
f 65//64 66//64 67//64 
s 2
f 69//65 66//65 68//65 
f 66//65 69//65 67//65 
s 4
f 68//66 64//66 70//66 
f 64//66 68//66 66//66 
s 8
f 67//67 71//67 65//67 
f 71//67 67//67 69//67 
s 16
f 65//68 70//68 64//68 
f 70//68 65//68 71//68 
s 32
f 68//69 70//69 72//69 
s 64
f 69//70 68//70 72//70 
s 128
f 71//71 69//71 72//71 
s 256
f 70//72 71//72 72//72 
# 14 faces

#
# object bn_Middle_Front_Weapon
#

v  0.0357 46.3749 -49.0372
v  0.0494 46.2971 -49.0339
v  0.1135 46.3887 -49.0367
v  0.1272 46.3109 -49.0335
v  0.3253 47.0339 -43.1274
v  0.4630 46.2564 -43.0950
v  -0.4528 46.8959 -43.1320
v  -0.3151 46.1184 -43.0996
v  -0.0000 46.5917 -42.7188
# 9 vertices

vn 0.0129 -0.0394 -0.9991
vn 0.9836 0.1720 -0.0540
vn -0.1732 0.9797 -0.1008
vn 0.1747 -0.9844 -0.0189
vn -0.9821 -0.1767 -0.0656
vn -0.1323 0.7235 0.6775
vn 0.6871 0.1513 0.7106
vn 0.1141 -0.6679 0.7355
vn -0.7053 -0.0957 0.7024
# 9 vertex normals

o bn_Middle_Front_Weapon
g bn_Middle_Front_Weapon
usemtl wire_174186203
s 1
f 75//73 74//73 73//73 
f 74//73 75//73 76//73 
s 2
f 78//74 75//74 77//74 
f 75//74 78//74 76//74 
s 4
f 77//75 73//75 79//75 
f 73//75 77//75 75//75 
s 8
f 76//76 80//76 74//76 
f 80//76 76//76 78//76 
s 16
f 74//77 79//77 73//77 
f 79//77 74//77 80//77 
s 32
f 77//78 79//78 81//78 
s 64
f 78//79 77//79 81//79 
s 128
f 80//80 78//80 81//80 
s 256
f 79//81 80//81 81//81 
# 14 faces

#
# object bn_Right_Back_Engine
#

v  -39.0511 15.5248 76.5391
v  -39.0511 15.3053 76.5391
v  -39.0511 15.5248 76.7585
v  -39.0511 15.3053 76.7585
v  -43.9436 16.5126 77.7463
v  -43.9436 14.3176 77.7463
v  -43.9436 16.5126 75.5513
v  -43.9436 14.3176 75.5513
v  -45.0411 15.4151 76.6488
# 9 vertices

vn 1.0000 -0.0000 0.0000
vn 0.1979 -0.0000 0.9802
vn 0.1979 0.9802 0.0000
vn 0.1979 -0.9802 -0.0000
vn 0.1979 0.0000 -0.9802
vn -0.7071 0.7071 -0.0000
vn -0.7071 -0.0000 0.7071
vn -0.7071 -0.7071 -0.0000
vn -0.7071 0.0000 -0.7071
# 9 vertex normals

o bn_Right_Back_Engine
g bn_Right_Back_Engine
usemtl wire_174186203
s 1
f 84//82 83//82 82//82 
f 83//82 84//82 85//82 
s 2
f 87//83 84//83 86//83 
f 84//83 87//83 85//83 
s 4
f 86//84 82//84 88//84 
f 82//84 86//84 84//84 
s 8
f 85//85 89//85 83//85 
f 89//85 85//85 87//85 
s 16
f 83//86 88//86 82//86 
f 88//86 83//86 89//86 
s 32
f 86//87 88//87 90//87 
s 64
f 87//88 86//88 90//88 
s 128
f 89//89 87//89 90//89 
s 256
f 88//90 89//90 90//90 
# 14 faces

#
# object bn_Right_Back_Thruster
#

v  -38.6553 1.6027 39.3539
v  -38.6553 1.2027 39.3539
v  -38.6553 1.6027 39.6019
v  -38.6553 1.2027 39.6019
v  -45.4835 3.4027 40.7183
v  -45.4835 -0.5973 40.7183
v  -45.4835 3.4027 38.2376
v  -45.4835 -0.5973 38.2376
v  -46.7238 1.4027 39.4779
# 9 vertices

vn 1.0000 0.0000 -0.0000
vn 0.1613 0.0000 0.9869
vn 0.2549 0.9670 -0.0000
vn 0.2549 -0.9670 0.0000
vn 0.1613 -0.0000 -0.9869
vn -0.8498 0.5270 -0.0000
vn -0.7071 0.0000 0.7071
vn -0.8498 -0.5270 0.0000
vn -0.7071 0.0000 -0.7071
# 9 vertex normals

o bn_Right_Back_Thruster
g bn_Right_Back_Thruster
usemtl wire_174186203
s 1
f 93//91 92//91 91//91 
f 92//91 93//91 94//91 
s 2
f 96//92 93//92 95//92 
f 93//92 96//92 94//92 
s 4
f 95//93 91//93 97//93 
f 91//93 95//93 93//93 
s 8
f 94//94 98//94 92//94 
f 98//94 94//94 96//94 
s 16
f 92//95 97//95 91//95 
f 97//95 92//95 98//95 
s 32
f 95//96 97//96 99//96 
s 64
f 96//97 95//97 99//97 
s 128
f 98//98 96//98 99//98 
s 256
f 97//99 98//99 99//99 
# 14 faces

#
# object bn_Right_Back_Weapon
#

v  -27.9192 44.8183 60.5819
v  -27.9104 44.7691 60.5828
v  -27.8700 44.8271 60.5829
v  -27.8612 44.7779 60.5838
v  -27.7717 45.1433 64.3317
v  -27.6839 44.6512 64.3409
v  -28.2638 45.0553 64.3220
v  -28.1760 44.5632 64.3313
v  -27.9794 44.8569 64.5814
# 9 vertices

vn 0.0223 -0.0147 -0.9996
vn 0.9838 0.1748 -0.0405
vn -0.1740 0.9816 -0.0782
vn 0.1766 -0.9834 -0.0415
vn -0.9811 -0.1765 -0.0792
vn -0.1399 0.7064 0.6938
vn 0.6802 0.1348 0.7205
vn 0.1084 -0.6856 0.7199
vn -0.7117 -0.1140 0.6932
# 9 vertex normals

o bn_Right_Back_Weapon
g bn_Right_Back_Weapon
usemtl wire_174186203
s 1
f 102//100 101//100 100//100 
f 101//100 102//100 103//100 
s 2
f 105//101 102//101 104//101 
f 102//101 105//101 103//101 
s 4
f 104//102 100//102 106//102 
f 100//102 104//102 102//102 
s 8
f 103//103 107//103 101//103 
f 107//103 103//103 105//103 
s 16
f 101//104 106//104 100//104 
f 106//104 101//104 107//104 
s 32
f 104//105 106//105 108//105 
s 64
f 105//106 104//106 108//106 
s 128
f 107//107 105//107 108//107 
s 256
f 106//108 107//108 108//108 
# 14 faces

#
# object bn_Right_Front_Thruster
#

v  -38.6553 -2.6476 -19.6524
v  -38.6553 -3.0476 -19.6524
v  -38.6553 -2.6476 -19.4043
v  -38.6553 -3.0476 -19.4043
v  -45.4835 -0.8476 -18.2880
v  -45.4835 -4.8476 -18.2880
v  -45.4835 -0.8476 -20.7687
v  -45.4835 -4.8476 -20.7687
v  -46.7238 -2.8476 -19.5283
# 9 vertices

vn 1.0000 0.0000 -0.0000
vn 0.1613 0.0000 0.9869
vn 0.2549 0.9670 -0.0000
vn 0.2549 -0.9670 0.0000
vn 0.1613 -0.0000 -0.9869
vn -0.8498 0.5270 -0.0000
vn -0.7071 0.0000 0.7071
vn -0.8498 -0.5270 0.0000
vn -0.7071 0.0000 -0.7071
# 9 vertex normals

o bn_Right_Front_Thruster
g bn_Right_Front_Thruster
usemtl wire_174186203
s 1
f 111//109 110//109 109//109 
f 110//109 111//109 112//109 
s 2
f 114//110 111//110 113//110 
f 111//110 114//110 112//110 
s 4
f 113//111 109//111 115//111 
f 109//111 113//111 111//111 
s 8
f 112//112 116//112 110//112 
f 116//112 112//112 114//112 
s 16
f 110//113 115//113 109//113 
f 115//113 110//113 116//113 
s 32
f 113//114 115//114 117//114 
s 64
f 114//115 113//115 117//115 
s 128
f 116//116 114//116 117//116 
s 256
f 115//117 116//117 117//117 
# 14 faces

#
# object bn_Right_Front_weapon
#

v  -27.9513 44.8509 -46.4123
v  -27.9426 44.8017 -46.4102
v  -27.9021 44.8596 -46.4119
v  -27.8934 44.8105 -46.4098
v  -27.7758 45.2679 -42.6727
v  -27.6885 44.7760 -42.6521
v  -28.2681 45.1804 -42.6766
v  -28.1808 44.6885 -42.6560
v  -27.9820 44.9881 -42.4146
# 9 vertices

vn 0.0149 -0.0394 -0.9991
vn 0.9837 0.1723 -0.0520
vn -0.1733 0.9797 -0.1011
vn 0.1751 -0.9844 -0.0186
vn -0.9819 -0.1771 -0.0676
vn -0.1340 0.7235 0.6772
vn 0.6856 0.1516 0.7120
vn 0.1129 -0.6678 0.7357
vn -0.7067 -0.0959 0.7010
# 9 vertex normals

o bn_Right_Front_weapon
g bn_Right_Front_weapon
usemtl wire_174186203
s 1
f 120//118 119//118 118//118 
f 119//118 120//118 121//118 
s 2
f 123//119 120//119 122//119 
f 120//119 123//119 121//119 
s 4
f 122//120 118//120 124//120 
f 118//120 122//120 120//120 
s 8
f 121//121 125//121 119//121 
f 125//121 121//121 123//121 
s 16
f 119//122 124//122 118//122 
f 124//122 119//122 125//122 
s 32
f 122//123 124//123 126//123 
s 64
f 123//124 122//124 126//124 
s 128
f 125//125 123//125 126//125 
s 256
f 124//126 125//126 126//126 
# 14 faces

#
# object bn_Right_Miiddle_Weapon
#

v  -27.9766 44.7521 5.9828
v  -27.9679 44.7030 5.9852
v  -27.9274 44.7608 5.9827
v  -27.9187 44.7116 5.9851
v  -27.7679 45.2003 9.7170
v  -27.6812 44.7085 9.7411
v  -28.2603 45.1136 9.7182
v  -28.1737 44.6218 9.7422
v  -27.9723 44.9230 9.9793
# 9 vertices

vn 0.0062 -0.0478 -0.9988
vn 0.9835 0.1702 -0.0620
vn -0.1726 0.9791 -0.1079
vn 0.1733 -0.9848 -0.0118
vn -0.9827 -0.1759 -0.0576
vn -0.1269 0.7294 0.6723
vn 0.6920 0.1564 0.7047
vn 0.1182 -0.6618 0.7403
vn -0.7008 -0.0888 0.7079
# 9 vertex normals

o bn_Right_Miiddle_Weapon
g bn_Right_Miiddle_Weapon
usemtl wire_174186203
s 1
f 129//127 128//127 127//127 
f 128//127 129//127 130//127 
s 2
f 132//128 129//128 131//128 
f 129//128 132//128 130//128 
s 4
f 131//129 127//129 133//129 
f 127//129 131//129 129//129 
s 8
f 130//130 134//130 128//130 
f 134//130 130//130 132//130 
s 16
f 128//131 133//131 127//131 
f 133//131 128//131 134//131 
s 32
f 131//132 133//132 135//132 
s 64
f 132//133 131//133 135//133 
s 128
f 134//134 132//134 135//134 
s 256
f 133//135 134//135 135//135 
# 14 faces

#
# object Box001
#

v  42.8571 23.3915 -47.9483
v  37.0449 -6.5924 -47.9483
v  36.6063 4.4076 -75.9996
v  37.0449 11.1192 -84.9787
v  37.0449 -6.5925 45.8054
v  37.0449 -6.5925 22.2405
v  42.8571 23.3915 22.2405
v  42.8571 23.3915 45.8054
v  42.8571 23.3915 -1.7150
v  37.0449 -6.5925 -1.7150
v  34.3003 -9.1674 -1.7150
v  34.3003 -9.1674 22.2405
v  31.8990 23.3915 -1.7150
v  31.8990 23.3915 22.2405
v  31.8990 32.4075 22.2405
v  31.8990 32.4075 -1.7150
v  31.8990 23.3915 71.7018
v  31.8990 32.4075 71.7018
v  31.8990 32.4075 45.8054
v  31.8990 23.3915 45.8054
v  31.8990 -6.5925 22.2405
v  31.8990 -6.5925 -1.7150
v  20.0000 44.5524 22.2405
v  20.0000 44.5524 45.8054
v  34.6413 44.5524 45.8054
v  34.6413 44.5524 22.2405
v  -36.6063 4.4076 -75.9996
v  -37.0449 11.1192 -84.9787
v  -31.8990 11.1192 -84.9787
v  -20.0000 11.1192 -84.9787
v  20.0000 11.1192 -84.9787
v  31.8990 11.1192 -84.9787
v  32.6561 24.9023 -84.9787
v  20.0000 24.9023 -84.9787
v  20.0000 44.5524 -47.9483
v  34.6412 44.5524 -47.9483
v  31.8990 -9.1674 71.7018
v  34.3003 -9.1674 71.7018
v  37.0450 -6.5925 71.7018
v  31.8990 -8.0311 71.7018
v  31.8990 -6.5925 71.7018
v  20.0000 11.1192 -87.3924
v  20.0000 26.0883 -87.3924
v  20.0000 18.4184 -84.9787
v  20.0000 46.2274 -47.9483
v  20.0000 46.2273 22.2405
v  20.0000 46.2273 45.8054
v  20.0000 44.5523 71.7018
v  20.0000 46.2273 75.0058
v  20.0000 32.4075 75.0057
v  20.0000 32.4075 71.7018
v  42.8571 30.4949 22.2405
v  42.8571 30.4949 -1.7150
v  38.4303 37.2947 -1.7150
v  38.4303 37.2947 22.2405
v  20.0000 23.3915 -43.5490
v  9.2316 23.3915 -43.5490
v  9.2316 -6.5924 -43.5490
v  20.0000 -6.5924 -43.5490
v  9.2316 20.4076 -51.5465
v  9.2316 -3.5924 -51.5465
v  16.9854 12.4076 -87.3924
v  16.9854 24.4076 -87.3924
v  14.4352 14.4076 -85.2485
v  14.4352 21.9076 -85.2485
v  31.8990 18.4184 -84.9787
v  34.3612 21.6176 -84.9787
v  34.3003 -9.1673 -47.9483
v  33.2748 0.4076 -73.9544
v  38.4303 37.2947 -47.9483
v  34.6412 44.5524 -1.7150
v  42.8571 30.4950 -47.9483
v  37.0449 17.4449 -84.9787
v  31.8990 -6.5925 66.0299
v  30.1813 17.4897 -83.0808
v  30.1813 12.0478 -83.0808
v  22.1694 12.0478 -83.0808
v  22.1694 17.4897 -83.0808
v  21.5216 11.6977 -84.9787
v  30.8292 11.6977 -84.9787
v  30.8292 17.8398 -84.9787
v  21.5216 17.8398 -84.9787
v  -19.9155 0.4076 -73.9544
v  -33.2749 0.4076 -73.9544
v  20.0000 0.4076 -73.9544
v  15.7074 36.7002 71.8594
v  15.7074 41.9347 71.8594
v  -15.7074 41.9347 71.8594
v  -15.7074 36.7002 71.8594
v  20.0000 -9.1673 -47.9483
v  -20.0000 -9.1673 -47.9483
v  -16.9854 12.4076 -87.3924
v  -20.0000 11.1192 -87.3924
v  31.8990 -6.5925 45.8054
v  22.3809 42.1715 74.0852
v  22.3809 34.7884 74.0852
v  34.2799 34.7884 74.0852
v  33.1984 42.1715 74.0852
v  36.3726 36.0915 74.0852
v  31.8990 32.4076 -43.5490
v  31.8990 23.3915 -43.5490
v  31.8990 -6.5924 -43.5490
v  20.0000 32.4076 -43.5490
v  -20.0000 32.4075 75.0057
v  -20.0000 32.4075 71.7018
v  -14.4352 21.9076 -85.2485
v  -16.9854 24.4076 -87.3924
v  20.0000 32.4075 22.2405
v  20.0000 32.4075 45.8054
v  -20.0000 32.4075 45.8054
v  -20.0000 32.4075 22.2405
v  20.0000 32.4075 -1.7150
v  -20.0000 32.4075 -1.7149
v  -20.0000 32.4076 -43.5490
v  -20.0000 -9.1674 -1.7150
v  20.0000 -9.1674 -1.7150
v  20.0000 -9.1674 22.2405
v  -20.0000 -9.1674 22.2405
v  34.3003 -9.1674 45.8054
v  20.0000 44.5524 -1.7150
v  34.6413 44.5523 71.7018
v  20.0000 46.2274 -1.7150
v  42.8571 30.4949 71.7018
v  42.8571 30.4949 45.8054
v  38.4303 37.2947 45.8054
v  38.4303 37.2947 71.7018
v  -20.0000 46.2274 -1.7149
v  -20.0000 46.2274 -47.9483
v  -20.0000 46.2273 22.2405
v  -20.0000 46.2273 45.8054
v  -20.0000 46.2273 75.0058
v  42.8571 23.3915 71.7018
v  -20.0000 -6.5925 45.8054
v  20.0000 -6.5925 45.8054
v  20.0000 -6.5925 22.2405
v  -20.0000 -6.5925 22.2405
v  -42.8571 23.3915 -47.9483
v  -37.0449 -6.5924 -47.9483
v  -37.0449 -6.5925 45.8054
v  -42.8571 23.3915 45.8054
v  -42.8571 23.3915 22.2405
v  -37.0449 -6.5925 22.2405
v  -37.0449 -6.5925 -1.7150
v  -42.8571 23.3915 -1.7149
v  -34.3003 -9.1674 -1.7150
v  -34.3003 -9.1674 22.2405
v  -31.8990 23.3915 -1.7150
v  -31.8990 32.4075 -1.7149
v  -31.8990 32.4075 22.2405
v  -31.8990 23.3915 22.2405
v  -31.8989 23.3915 71.7018
v  -31.8989 23.3915 45.8054
v  -31.8989 32.4075 45.8054
v  -31.8989 32.4075 71.7018
v  -31.8990 -6.5925 22.2405
v  -31.8990 -6.5925 -1.7150
v  -20.0000 44.5524 22.2405
v  -34.6412 44.5524 22.2405
v  -34.6412 44.5524 45.8054
v  -20.0000 44.5524 45.8054
v  -32.6561 24.9023 -84.9787
v  -34.6412 44.5524 -47.9483
v  -20.0000 44.5524 -47.9483
v  -20.0000 24.9023 -84.9787
v  -35.0812 -5.2915 74.0853
v  -34.2798 -5.2915 74.0852
v  -34.2798 23.3915 74.0853
v  -40.4762 23.3915 74.0852
v  -20.0000 18.4184 -84.9787
v  -20.0000 26.0883 -87.3924
v  -20.0000 44.5523 71.7018
v  -42.8571 30.4949 22.2405
v  -38.4303 37.2947 22.2405
v  -38.4303 37.2947 -1.7149
v  -42.8571 30.4949 -1.7149
v  -20.0000 23.3915 -43.5490
v  -20.0000 -6.5924 -43.5490
v  -9.2316 -6.5924 -43.5490
v  -9.2316 23.3915 -43.5490
v  -9.2316 -3.5924 -51.5465
v  -9.2316 20.4076 -51.5465
v  -14.4352 14.4076 -85.2485
v  -31.8990 18.4184 -84.9787
v  -34.3612 21.6176 -84.9787
v  -34.3003 -9.1673 -47.9483
v  -38.4303 37.2947 -47.9483
v  -34.6412 44.5524 -1.7149
v  -37.0449 17.4449 -84.9787
v  -42.8571 30.4950 -47.9483
v  -30.1813 17.4897 -83.0808
v  -22.1694 17.4897 -83.0808
v  -22.1694 12.0478 -83.0808
v  -30.1813 12.0478 -83.0808
v  -30.8292 11.6977 -84.9787
v  -21.5216 11.6977 -84.9787
v  -30.8292 17.8398 -84.9787
v  -21.5216 17.8398 -84.9787
v  -20.0000 -6.5925 65.9922
v  20.0000 -6.5925 65.9922
v  20.0000 -6.5925 -1.7150
v  -20.0000 -6.5925 -1.7150
v  -31.8989 -6.5925 66.0028
v  -31.8989 -6.5925 45.8054
v  -31.8989 -6.5925 71.7018
v  -33.1984 42.1715 74.0852
v  -36.3726 36.0915 74.0852
v  -34.2798 34.7884 74.0852
v  -22.3809 34.7884 74.0852
v  -22.3809 42.1715 74.0852
v  -31.8990 32.4076 -43.5490
v  -31.8990 23.3915 -43.5490
v  -31.8990 -6.5924 -43.5490
v  20.0000 -9.1674 45.8054
v  -20.0000 -9.1674 45.8054
v  -34.3003 -9.1674 45.8054
v  -20.0000 44.5524 -1.7149
v  -34.6412 44.5523 71.7018
v  -42.8571 30.4949 71.7018
v  -38.4302 37.2947 71.7018
v  -38.4302 37.2947 45.8054
v  -42.8571 30.4949 45.8054
v  -37.0449 -6.5925 71.7018
v  -42.8571 23.3915 71.7018
v  -34.3003 -9.1674 71.7018
v  -20.0000 -9.1674 71.7018
v  20.0000 -9.1674 71.7018
v  20.0000 -8.0311 71.7018
v  -20.0000 -8.0311 71.7018
v  -31.8989 -9.1674 71.7018
v  -31.8989 -8.0311 71.7018
v  34.2799 23.3915 74.0852
v  40.4762 23.3915 74.0852
v  40.4762 29.7882 74.0852
v  -40.4762 29.7882 74.0852
v  34.2799 -5.2918 74.0852
v  35.0813 -5.2918 74.0852
v  19.1712 33.2364 75.8346
v  19.1712 45.3985 75.8346
v  18.0883 44.3156 75.8346
v  18.0883 34.3193 75.8346
v  -19.1711 33.2364 75.8346
v  -18.0882 34.3193 75.8346
v  -19.1711 45.3985 75.8346
v  -18.0882 44.3156 75.8346
v  40.7368 29.0788 48.3037
v  52.1299 29.0788 48.3037
v  47.6839 33.8405 45.5644
v  36.5504 33.8405 45.5644
v  47.6839 33.8405 42.9351
v  36.5504 33.8405 42.9351
v  52.1299 29.0788 42.9351
v  48.8393 36.4563 42.9351
v  36.5504 36.4563 42.9351
v  54.6360 29.0788 42.9351
v  48.8393 36.4563 34.6903
v  36.5504 36.4563 34.6903
v  40.7368 29.0788 29.3217
v  36.5504 33.8406 32.0611
v  47.6839 33.8406 32.0611
v  52.1299 29.0788 29.3217
v  36.5504 33.8406 34.6903
v  47.6839 33.8406 34.6903
v  52.1299 29.0788 34.6903
v  54.6360 29.0788 34.6903
v  -40.7368 29.0788 48.3037
v  -36.5504 33.8405 45.5644
v  -47.6839 33.8405 45.5644
v  -52.1299 29.0788 48.3037
v  -36.5504 33.8405 42.9351
v  -47.6839 33.8405 42.9351
v  -52.1299 29.0788 42.9351
v  -36.5504 36.4563 42.9351
v  -48.8393 36.4563 42.9351
v  -54.6360 29.0788 42.9351
v  -36.5504 36.4563 34.6903
v  -48.8393 36.4563 34.6903
v  -40.7368 29.0788 29.3217
v  -52.1299 29.0788 29.3217
v  -47.6839 33.8406 32.0611
v  -36.5504 33.8406 32.0611
v  -47.6839 33.8406 34.6903
v  -36.5504 33.8406 34.6903
v  -52.1299 29.0788 34.6903
v  -54.6360 29.0788 34.6903
v  51.5006 -9.2312 63.4967
v  46.4772 -9.2312 68.5201
v  39.3731 -9.2312 68.5200
v  34.3497 -9.2312 63.4967
v  34.3497 -9.2312 56.3925
v  39.3731 -9.2312 51.3692
v  46.4772 -9.2312 51.3692
v  51.5006 -9.2312 56.3926
v  53.3318 -8.6109 64.2552
v  53.3318 -5.3339 64.2552
v  47.2357 -5.3340 70.3513
v  47.2357 -8.6109 70.3513
v  38.6146 -5.3340 70.3513
v  38.6146 -8.6109 70.3513
v  32.5185 -5.3340 64.2552
v  32.5185 -8.6109 64.2552
v  32.5185 -8.6109 55.6340
v  32.5185 -5.3339 55.6340
v  38.6146 -5.3339 49.5380
v  38.6146 -8.6109 49.5380
v  47.2357 -5.3339 49.5380
v  47.2357 -8.6109 49.5380
v  53.3318 -5.3339 55.6340
v  53.3318 -8.6109 55.6340
v  46.4772 -4.7137 51.4049
v  39.3731 -4.7137 51.4049
v  34.3497 -4.7137 56.4283
v  34.3497 -4.7137 63.5324
v  39.3731 -4.7137 68.5558
v  46.4772 -4.7137 68.5558
v  51.5006 -4.7137 63.5324
v  51.5006 -4.7137 56.4283
v  -46.4772 -9.2312 51.3692
v  -39.3731 -9.2312 51.3692
v  -34.3497 -9.2312 56.3925
v  -34.3497 -9.2312 63.4967
v  -39.3731 -9.2312 68.5201
v  -46.4772 -9.2312 68.5201
v  -51.5006 -9.2312 63.4967
v  -51.5006 -9.2312 56.3926
v  -53.3318 -8.6109 64.2552
v  -47.2357 -8.6109 70.3513
v  -47.2357 -5.3340 70.3513
v  -53.3318 -5.3339 64.2552
v  -38.6145 -8.6109 70.3513
v  -38.6145 -5.3340 70.3513
v  -32.5185 -8.6109 64.2552
v  -32.5185 -5.3340 64.2552
v  -32.5185 -8.6109 55.6340
v  -38.6146 -8.6109 49.5380
v  -38.6146 -5.3339 49.5380
v  -32.5185 -5.3339 55.6340
v  -47.2357 -8.6109 49.5380
v  -47.2357 -5.3339 49.5380
v  -53.3318 -8.6109 55.6341
v  -53.3318 -5.3339 55.6341
v  -51.5006 -4.7137 63.5324
v  -46.4772 -4.7137 68.5558
v  -39.3731 -4.7137 68.5558
v  -34.3497 -4.7137 63.5324
v  -34.3497 -4.7137 56.4283
v  -39.3731 -4.7137 51.4049
v  -46.4772 -4.7137 51.4049
v  -51.5006 -4.7137 56.4283
v  50.5311 -4.8596 61.7005
v  50.5311 -4.8596 58.3115
v  50.5311 -3.1492 58.3115
v  50.5311 -3.1492 61.7005
v  44.5024 -4.8596 64.0969
v  46.8988 -4.8596 61.7005
v  46.8988 -1.5098 61.7005
v  44.5024 -1.5098 64.0969
v  41.1134 -4.8596 67.7292
v  44.5024 -4.8596 67.7292
v  44.5024 -3.1492 67.7292
v  41.1134 -3.1492 67.7292
v  38.7170 -4.8596 61.7005
v  41.1134 -4.8596 64.0969
v  41.1134 -1.5098 64.0969
v  38.7170 -1.5098 61.7005
v  41.1134 -4.8596 55.9151
v  38.7170 -4.8596 58.3115
v  38.7170 -1.5098 58.3115
v  41.1134 -1.5098 55.9152
v  44.5024 -4.8595 52.2828
v  41.1134 -4.8595 52.2828
v  41.1134 -3.1492 52.2828
v  44.5024 -3.1492 52.2828
v  46.8988 -4.8596 58.3115
v  44.5024 -4.8596 55.9151
v  44.5024 -1.5098 55.9152
v  46.8988 -1.5098 58.3115
v  46.8988 11.1421 61.7006
v  46.8988 11.1421 58.3116
v  44.5024 11.1421 64.0969
v  41.1134 11.1421 64.0969
v  38.7170 11.1421 61.7006
v  38.7170 11.1421 58.3116
v  41.1134 11.1421 55.9152
v  44.5024 11.1421 55.9152
v  35.0847 -4.8596 58.3115
v  35.0847 -3.1492 58.3115
v  35.0847 -3.1492 61.7005
v  35.0847 -4.8596 61.7005
v  -50.5310 -4.8596 61.7005
v  -50.5310 -3.1492 61.7005
v  -50.5310 -3.1492 58.3115
v  -50.5310 -4.8596 58.3115
v  -44.5024 -4.8596 64.0969
v  -44.5024 -1.5098 64.0969
v  -46.8987 -1.5098 61.7005
v  -46.8987 -4.8596 61.7005
v  -41.1134 -4.8596 67.7292
v  -41.1134 -3.1492 67.7292
v  -44.5024 -3.1492 67.7292
v  -44.5024 -4.8596 67.7292
v  -38.7170 -4.8596 61.7005
v  -38.7170 -1.5098 61.7005
v  -41.1134 -1.5098 64.0969
v  -41.1134 -4.8596 64.0969
v  -41.1134 -4.8596 55.9152
v  -41.1134 -1.5098 55.9152
v  -38.7170 -1.5098 58.3116
v  -38.7170 -4.8596 58.3115
v  -44.5024 -4.8595 52.2828
v  -44.5024 -3.1492 52.2829
v  -41.1134 -3.1492 52.2829
v  -41.1134 -4.8595 52.2829
v  -46.8987 -4.8596 58.3115
v  -46.8987 -1.5098 58.3116
v  -44.5024 -1.5098 55.9152
v  -44.5024 -4.8596 55.9152
v  -46.8987 11.1421 61.7006
v  -46.8987 11.1421 58.3116
v  -44.5024 11.1421 64.0970
v  -41.1134 11.1421 64.0970
v  -38.7170 11.1421 61.7006
v  -38.7170 11.1421 58.3116
v  -41.1134 11.1421 55.9152
v  -44.5024 11.1421 55.9152
v  -35.0847 -3.1492 58.3116
v  -35.0847 -4.8596 58.3116
v  -35.0847 -3.1492 61.7005
v  -35.0847 -4.8596 61.7005
v  45.0463 25.5805 -28.8552
v  40.8599 30.3422 -26.1159
v  48.7308 30.3422 -26.1159
v  53.1768 25.5805 -28.8552
v  40.8599 30.3422 -23.4866
v  48.7308 30.3422 -23.4866
v  53.1768 25.5804 -23.4867
v  40.8599 32.9580 -23.4866
v  49.8862 32.9580 -23.4866
v  55.6829 25.5804 -23.4867
v  40.8599 32.9580 -15.2418
v  49.8862 32.9580 -15.2418
v  45.0463 25.5804 -9.8733
v  53.1768 25.5804 -9.8733
v  48.7308 30.3422 -12.6126
v  40.8599 30.3422 -12.6126
v  48.7308 30.3422 -15.2418
v  40.8599 30.3422 -15.2418
v  53.1768 25.5804 -15.2418
v  55.6829 25.5804 -15.2418
v  -45.0463 25.5805 -28.8552
v  -53.1768 25.5805 -28.8552
v  -48.7308 30.3422 -26.1159
v  -40.8599 30.3422 -26.1159
v  -48.7308 30.3422 -23.4866
v  -40.8599 30.3422 -23.4866
v  -53.1768 25.5804 -23.4866
v  -49.8863 32.9580 -23.4866
v  -40.8599 32.9580 -23.4866
v  -55.6829 25.5804 -23.4866
v  -40.8599 32.9580 -15.2418
v  -49.8862 32.9580 -15.2418
v  -45.0463 25.5804 -9.8732
v  -40.8599 30.3422 -12.6126
v  -48.7308 30.3422 -12.6126
v  -53.1768 25.5804 -9.8732
v  -40.8599 30.3422 -15.2418
v  -48.7308 30.3422 -15.2418
v  -53.1768 25.5804 -15.2418
v  -55.6829 25.5804 -15.2418
v  51.4937 -9.2312 -39.5767
v  46.4704 -9.2312 -34.5533
v  39.3662 -9.2312 -34.5533
v  34.3428 -9.2312 -39.5767
v  34.3428 -9.2312 -46.6808
v  39.3662 -9.2312 -51.7042
v  46.4703 -9.2312 -51.7042
v  51.4937 -9.2312 -46.6808
v  53.3249 -8.6109 -38.8181
v  53.3249 -5.3339 -38.8181
v  47.2289 -5.3339 -32.7221
v  47.2289 -8.6109 -32.7221
v  38.6077 -5.3339 -32.7221
v  38.6077 -8.6109 -32.7221
v  32.5116 -5.3339 -38.8182
v  32.5116 -8.6109 -38.8182
v  32.5116 -8.6109 -47.4393
v  32.5116 -5.3339 -47.4393
v  38.6077 -5.3339 -53.5354
v  38.6077 -8.6109 -53.5354
v  47.2289 -5.3339 -53.5354
v  47.2289 -8.6109 -53.5354
v  53.3249 -5.3339 -47.4393
v  53.3249 -8.6109 -47.4393
v  46.4703 -4.7136 -51.6684
v  39.3662 -4.7136 -51.6684
v  34.3428 -4.7136 -46.6451
v  34.3428 -4.7136 -39.5410
v  39.3662 -4.7137 -34.5176
v  46.4703 -4.7137 -34.5176
v  51.4937 -4.7136 -39.5409
v  51.4937 -4.7136 -46.6451
v  -46.4703 -9.2312 -51.7041
v  -39.3662 -9.2312 -51.7042
v  -34.3428 -9.2312 -46.6808
v  -34.3428 -9.2312 -39.5767
v  -39.3662 -9.2312 -34.5533
v  -46.4703 -9.2312 -34.5533
v  -51.4937 -9.2312 -39.5766
v  -51.4937 -9.2312 -46.6808
v  -53.3249 -8.6109 -38.8181
v  -47.2289 -8.6109 -32.7220
v  -47.2289 -5.3339 -32.7220
v  -53.3249 -5.3339 -38.8181
v  -38.6077 -8.6109 -32.7221
v  -38.6077 -5.3339 -32.7221
v  -32.5116 -8.6109 -38.8181
v  -32.5116 -5.3339 -38.8181
v  -32.5116 -8.6109 -47.4393
v  -38.6077 -8.6109 -53.5354
v  -38.6077 -5.3339 -53.5354
v  -32.5116 -5.3339 -47.4393
v  -47.2289 -8.6109 -53.5354
v  -47.2289 -5.3339 -53.5354
v  -53.3249 -8.6109 -47.4393
v  -53.3249 -5.3339 -47.4393
v  -51.4937 -4.7136 -39.5409
v  -46.4703 -4.7137 -34.5175
v  -39.3662 -4.7137 -34.5176
v  -34.3428 -4.7136 -39.5409
v  -34.3428 -4.7136 -46.6451
v  -39.3662 -4.7136 -51.6684
v  -46.4703 -4.7136 -51.6684
v  -51.4937 -4.7136 -46.6451
v  50.5242 -4.8711 -41.1175
v  50.5242 -4.8711 -44.5065
v  50.5242 -3.1492 -44.5065
v  50.5242 -3.1492 -41.1175
v  44.4955 -4.8711 -38.7211
v  46.8919 -4.8711 -41.1175
v  46.8919 -1.5355 -41.1175
v  44.4955 -1.5355 -38.7211
v  41.1065 -4.8711 -35.0888
v  44.4955 -4.8711 -35.0888
v  44.4955 -3.1492 -35.0888
v  41.1065 -3.1492 -35.0888
v  38.7102 -4.8711 -41.1175
v  41.1065 -4.8711 -38.7211
v  41.1065 -1.5355 -38.7211
v  38.7102 -1.5355 -41.1175
v  41.1065 -4.8711 -46.9029
v  38.7102 -4.8711 -44.5065
v  38.7102 -1.5355 -44.5065
v  41.1065 -1.5355 -46.9029
v  44.4955 -4.8711 -50.5352
v  41.1065 -4.8711 -50.5352
v  41.1065 -3.1492 -50.5352
v  44.4955 -3.1492 -50.5352
v  46.8919 -4.8711 -44.5065
v  44.4955 -4.8711 -46.9029
v  44.4955 -1.5355 -46.9029
v  46.8919 -1.5355 -44.5065
v  46.8919 6.0935 -41.1175
v  46.8919 6.0935 -44.5065
v  44.4955 3.0064 -38.7211
v  41.1065 0.5049 -38.7211
v  38.7102 0.5049 -41.1175
v  38.7102 0.5049 -44.5065
v  41.1065 0.5049 -46.9028
v  44.4955 5.4351 -46.9028
v  35.0779 -4.8711 -44.5065
v  35.0779 -3.1492 -44.5065
v  35.0779 -3.1492 -41.1175
v  35.0779 -4.8711 -41.1175
v  -50.5242 -4.8711 -41.1175
v  -50.5242 -3.1492 -41.1175
v  -50.5242 -3.1492 -44.5065
v  -50.5242 -4.8711 -44.5065
v  -44.4955 -4.8711 -38.7211
v  -44.4955 -1.5355 -38.7211
v  -46.8919 -1.5355 -41.1175
v  -46.8919 -4.8711 -41.1175
v  -41.1065 -4.8711 -35.0888
v  -41.1065 -3.1492 -35.0888
v  -44.4955 -3.1492 -35.0888
v  -44.4955 -4.8711 -35.0888
v  -38.7102 -4.8711 -41.1175
v  -38.7102 -1.5355 -41.1175
v  -41.1065 -1.5355 -38.7211
v  -41.1065 -4.8711 -38.7211
v  -41.1065 -4.8711 -46.9028
v  -41.1065 -1.5355 -46.9028
v  -38.7102 -1.5355 -44.5065
v  -38.7102 -4.8711 -44.5065
v  -44.4955 -4.8711 -50.5352
v  -44.4955 -3.1492 -50.5352
v  -41.1065 -3.1492 -50.5352
v  -41.1065 -4.8711 -50.5352
v  -46.8919 -4.8711 -44.5065
v  -46.8919 -1.5355 -44.5065
v  -44.4955 -1.5355 -46.9028
v  -44.4955 -4.8711 -46.9028
v  -46.8919 6.0935 -41.1175
v  -46.8919 6.0935 -44.5064
v  -44.4955 3.0064 -38.7211
v  -41.1065 0.5049 -38.7211
v  -38.7102 0.5049 -41.1175
v  -38.7102 0.5049 -44.5065
v  -41.1065 0.5049 -46.9028
v  -44.4955 5.4351 -46.9028
v  -35.0779 -3.1492 -44.5065
v  -35.0779 -4.8711 -44.5065
v  -35.0779 -3.1492 -41.1175
v  -35.0778 -4.8711 -41.1175
v  48.2383 25.8634 -7.3799
v  53.1485 25.8634 -9.6908
v  55.4093 25.8634 -12.3145
v  57.2841 25.8634 -17.4658
v  57.2841 25.8634 -21.5698
v  55.4093 25.8634 -26.7212
v  53.1485 25.8634 -29.3448
v  48.2383 25.8634 -31.6557
v  36.1990 25.8634 -31.6557
v  36.1990 25.8634 -7.3799
v  58.8221 1.5511 -10.8145
v  58.8221 16.8375 -10.8145
v  54.4144 16.8361 -5.7587
v  54.4144 1.5525 -5.7587
v  60.6761 1.5555 -23.2784
v  60.6761 16.8330 -23.2784
v  60.6761 16.8330 -15.7572
v  60.6761 1.5555 -15.7572
v  54.4144 1.5525 -33.2770
v  54.4144 16.8361 -33.2770
v  58.8222 16.8375 -28.2211
v  58.8221 1.5511 -28.2211
v  36.2071 1.5484 -35.4001
v  36.2071 16.8401 -35.4001
v  49.7430 16.8401 -35.4001
v  49.7430 1.5484 -35.4001
v  49.7429 1.5484 -3.6355
v  49.7429 16.8401 -3.6355
v  36.1807 16.8401 -3.6355
v  36.1807 1.5484 -3.6355
v  57.3203 23.9793 -11.4536
v  53.7737 23.9793 -7.3378
v  36.1977 23.9793 -5.2030
v  49.1161 23.9793 -5.2030
v  36.2029 23.9793 -33.8326
v  49.1161 23.9793 -33.8326
v  57.3203 23.9793 -27.5820
v  53.7738 23.9793 -31.6978
v  59.1604 23.9780 -16.4065
v  59.1604 23.9780 -22.6292
v  57.3203 -4.6888 -11.4536
v  53.7737 -4.6888 -7.3378
v  52.8269 -6.5531 -9.2408
v  55.5011 -6.5641 -12.3869
v  59.1604 -4.6875 -22.6292
v  59.1604 -4.6875 -16.4065
v  57.2840 -6.5729 -17.0732
v  57.2840 -6.5729 -21.9625
v  57.3203 -4.6888 -27.5820
v  55.5398 -6.5611 -26.6155
v  52.8269 -6.5531 -29.7948
v  53.7737 -4.6888 -31.6978
v  36.2029 -4.6888 -33.8326
v  49.1161 -4.6888 -33.8326
v  48.5237 -6.5408 -31.7419
v  36.1990 -6.5729 -31.6557
v  36.1977 -4.6888 -5.2030
v  36.1989 -6.5729 -7.3799
v  48.4491 -6.5480 -7.3129
v  49.1161 -4.6888 -5.2030
v  52.2195 -6.5729 -11.6922
v  53.5681 -6.5729 -13.2572
v  55.4077 -6.5729 -18.2101
v  55.4077 -6.5729 -20.8255
v  53.5682 -6.5729 -25.7784
v  52.2195 -6.5729 -27.3435
v  47.5619 -6.5729 -29.4783
v  36.2112 -6.5729 -29.4783
v  36.2112 -6.5729 -9.5573
v  47.5619 -6.5729 -9.5573
v  52.2195 -0.8333 -11.6922
v  53.5682 -0.8333 -13.2572
v  55.4077 -0.8333 -18.2101
v  55.4077 -0.8333 -20.8255
v  53.5682 -0.8333 -25.7784
v  52.2195 -0.8333 -27.3435
v  47.5619 -0.8333 -29.4783
v  36.2112 -0.8333 -29.4783
v  36.2112 -0.8333 -9.5573
v  47.5619 -0.8333 -9.5573
v  57.3210 -0.0039 -11.4528
v  53.7748 -0.0024 -7.3365
v  53.7748 18.3910 -7.3365
v  57.3210 18.3924 -11.4528
v  59.1628 0.0006 -22.6292
v  59.1628 0.0006 -16.4065
v  59.1628 18.3879 -16.4065
v  59.1628 18.3879 -22.6292
v  53.7749 -0.0024 -31.6991
v  57.3210 -0.0039 -27.5828
v  57.3210 18.3924 -27.5828
v  53.7749 18.3910 -31.6991
v  36.2029 -0.0065 -33.8326
v  49.1161 -0.0065 -33.8326
v  49.1161 18.3950 -33.8326
v  36.2029 18.3951 -33.8326
v  49.1161 -0.0065 -5.2030
v  36.1977 -0.0065 -5.2030
v  36.1977 18.3950 -5.2030
v  49.1161 18.3950 -5.2030
v  48.0366 30.2576 51.5917
v  52.9469 30.2576 49.2808
v  55.2076 30.2576 46.6572
v  57.0824 30.2576 41.5058
v  57.0824 30.2576 37.4018
v  55.2077 30.2576 32.2505
v  52.9469 30.2576 29.6269
v  48.0367 30.2576 27.3159
v  35.9973 30.2576 27.3159
v  35.9973 30.2576 51.5917
v  58.6205 5.9452 48.1571
v  58.6205 21.2316 48.1571
v  54.2127 21.2302 53.2130
v  54.2127 5.9466 53.2130
v  60.4745 5.9496 35.6932
v  60.4745 21.2271 35.6932
v  60.4745 21.2271 43.2144
v  60.4745 5.9496 43.2144
v  54.2128 5.9466 25.6947
v  54.2128 21.2302 25.6947
v  58.6205 21.2316 30.7505
v  58.6205 5.9452 30.7505
v  36.0055 5.9426 23.5715
v  36.0055 21.2343 23.5715
v  49.5413 21.2342 23.5715
v  49.5413 5.9426 23.5715
v  49.5413 5.9425 55.3361
v  49.5413 21.2342 55.3361
v  35.9791 21.2342 55.3361
v  35.9791 5.9425 55.3361
v  57.1187 28.3734 47.5180
v  53.5721 28.3734 51.6338
v  35.9961 28.3734 53.7687
v  48.9144 28.3734 53.7686
v  36.0013 28.3734 25.1390
v  48.9145 28.3734 25.1390
v  57.1187 28.3734 31.3896
v  53.5721 28.3734 27.2738
v  58.9588 28.3721 42.5651
v  58.9588 28.3721 36.3425
v  57.1187 -0.2947 47.5180
v  53.5721 -0.2947 51.6338
v  52.6252 -2.1590 49.7308
v  55.2994 -2.1700 46.5847
v  58.9588 -0.2934 36.3425
v  58.9588 -0.2934 42.5651
v  57.0824 -2.1788 41.8984
v  57.0824 -2.1788 37.0092
v  57.1187 -0.2947 31.3896
v  55.3382 -2.1670 32.3561
v  52.6253 -2.1590 29.1768
v  53.5721 -0.2947 27.2738
v  36.0013 -0.2947 25.1390
v  48.9145 -0.2947 25.1390
v  48.3220 -2.1467 27.2298
v  35.9973 -2.1788 27.3159
v  35.9961 -0.2947 53.7686
v  35.9973 -2.1788 51.5917
v  48.2475 -2.1539 51.6587
v  48.9144 -0.2947 53.7686
v  52.0179 -2.1788 47.2795
v  53.3665 -2.1788 45.7144
v  55.2061 -2.1788 40.7615
v  55.2061 -2.1788 38.1461
v  53.3665 -2.1788 33.1932
v  52.0179 -2.1788 31.6282
v  47.3603 -2.1788 29.4933
v  36.0096 -2.1788 29.4933
v  36.0095 -2.1788 49.4143
v  47.3602 -2.1788 49.4143
v  52.0179 3.5609 47.2795
v  53.3665 3.5609 45.7144
v  55.2061 3.5609 40.7615
v  55.2061 3.5609 38.1461
v  53.3665 3.5609 33.1932
v  52.0179 3.5609 31.6282
v  47.3603 3.5609 29.4933
v  36.0096 3.5609 29.4933
v  36.0095 3.5609 49.4143
v  47.3602 3.5609 49.4143
v  57.1194 4.3903 47.5188
v  53.5732 4.3917 51.6351
v  53.5732 22.7851 51.6351
v  57.1194 22.7865 47.5188
v  58.9612 4.3947 36.3425
v  58.9611 4.3947 42.5651
v  58.9611 22.7821 42.5652
v  58.9612 22.7821 36.3425
v  53.5732 4.3917 27.2725
v  57.1194 4.3903 31.3888
v  57.1194 22.7865 31.3888
v  53.5732 22.7851 27.2725
v  36.0013 4.3876 25.1390
v  48.9145 4.3876 25.1390
v  48.9145 22.7892 25.1390
v  36.0013 22.7892 25.1390
v  48.9144 4.3876 53.7686
v  35.9961 4.3876 53.7686
v  35.9961 22.7892 53.7686
v  48.9144 22.7892 53.7686
v  -35.9973 30.2576 27.3159
v  -48.0366 30.2576 27.3159
v  -52.9469 30.2576 29.6269
v  -55.2076 30.2576 32.2505
v  -57.0824 30.2576 37.4019
v  -57.0824 30.2575 41.5058
v  -55.2076 30.2576 46.6572
v  -52.9468 30.2576 49.2808
v  -48.0366 30.2576 51.5917
v  -35.9973 30.2576 51.5917
v  -58.6205 5.9452 48.1571
v  -54.2127 5.9466 53.2130
v  -54.2127 21.2302 53.2130
v  -58.6205 21.2316 48.1571
v  -60.4745 5.9496 35.6932
v  -60.4744 5.9496 43.2144
v  -60.4744 21.2271 43.2144
v  -60.4745 21.2271 35.6932
v  -54.2128 5.9466 25.6947
v  -58.6205 5.9452 30.7505
v  -58.6205 21.2316 30.7505
v  -54.2128 21.2302 25.6947
v  -36.0055 5.9426 23.5715
v  -49.5413 5.9426 23.5716
v  -49.5413 21.2343 23.5716
v  -36.0055 21.2343 23.5716
v  -49.5413 5.9425 55.3361
v  -35.9790 5.9425 55.3361
v  -35.9791 21.2342 55.3361
v  -49.5413 21.2342 55.3361
v  -57.1187 28.3734 47.5180
v  -53.5721 28.3734 51.6338
v  -35.9960 28.3734 53.7687
v  -48.9144 28.3734 53.7687
v  -36.0013 28.3734 25.1390
v  -48.9145 28.3734 25.1390
v  -57.1187 28.3734 31.3896
v  -53.5721 28.3734 27.2738
v  -58.9588 28.3721 42.5652
v  -58.9588 28.3721 36.3425
v  -57.1187 -0.2947 47.5180
v  -55.2994 -2.1700 46.5847
v  -52.6252 -2.1590 49.7308
v  -53.5721 -0.2947 51.6338
v  -58.9588 -0.2934 36.3425
v  -57.0824 -2.1788 37.0092
v  -57.0824 -2.1788 41.8984
v  -58.9588 -0.2934 42.5652
v  -57.1187 -0.2947 31.3896
v  -53.5721 -0.2947 27.2738
v  -52.6253 -2.1590 29.1768
v  -55.3381 -2.1670 32.3561
v  -36.0012 -0.2946 25.1390
v  -35.9973 -2.1788 27.3159
v  -48.3220 -2.1467 27.2298
v  -48.9145 -0.2947 25.1390
v  -35.9960 -0.2947 53.7686
v  -48.9144 -0.2947 53.7686
v  -48.2475 -2.1539 51.6587
v  -35.9973 -2.1788 51.5917
v  -53.3665 -2.1788 45.7144
v  -52.0179 -2.1788 47.2795
v  -55.2061 -2.1788 38.1461
v  -55.2061 -2.1788 40.7615
v  -52.0179 -2.1788 31.6282
v  -53.3665 -2.1788 33.1932
v  -36.0096 -2.1788 29.4933
v  -47.3603 -2.1788 29.4933
v  -47.3602 -2.1788 49.4143
v  -36.0095 -2.1788 49.4143
v  -53.3665 3.5609 45.7144
v  -52.0179 3.5609 47.2795
v  -55.2061 3.5609 38.1461
v  -55.2061 3.5609 40.7615
v  -52.0179 3.5609 31.6282
v  -53.3665 3.5609 33.1932
v  -36.0096 3.5609 29.4934
v  -47.3603 3.5609 29.4934
v  -47.3602 3.5609 49.4143
v  -36.0095 3.5609 49.4143
v  -53.5732 4.3917 51.6351
v  -57.1193 4.3903 47.5188
v  -57.1193 22.7865 47.5188
v  -53.5732 22.7851 51.6351
v  -58.9611 4.3947 42.5652
v  -58.9611 4.3947 36.3425
v  -58.9611 22.7821 36.3425
v  -58.9611 22.7821 42.5652
v  -57.1194 4.3903 31.3888
v  -53.5732 4.3917 27.2725
v  -53.5732 22.7851 27.2725
v  -57.1194 22.7865 31.3888
v  -48.9145 4.3876 25.1390
v  -36.0012 4.3876 25.1390
v  -36.0013 22.7892 25.1390
v  -48.9145 22.7892 25.1390
v  -35.9960 4.3876 53.7686
v  -48.9144 4.3876 53.7686
v  -48.9144 22.7892 53.7687
v  -35.9960 22.7892 53.7687
v  -36.1990 25.8634 -31.6557
v  -48.2383 25.8634 -31.6557
v  -53.1485 25.8634 -29.3447
v  -55.4093 25.8634 -26.7211
v  -57.2841 25.8634 -21.5698
v  -57.2840 25.8634 -17.4658
v  -55.4093 25.8634 -12.3144
v  -53.1485 25.8634 -9.6908
v  -48.2383 25.8634 -7.3799
v  -36.1990 25.8634 -7.3799
v  -58.8221 1.5511 -10.8145
v  -54.4144 1.5525 -5.7586
v  -54.4144 16.8361 -5.7586
v  -58.8221 16.8375 -10.8145
v  -60.6761 1.5555 -23.2784
v  -60.6761 1.5555 -15.7572
v  -60.6761 16.8330 -15.7572
v  -60.6761 16.8330 -23.2784
v  -54.4144 1.5525 -33.2769
v  -58.8222 1.5511 -28.2211
v  -58.8222 16.8375 -28.2211
v  -54.4144 16.8361 -33.2769
v  -36.2071 1.5484 -35.4001
v  -49.7430 1.5484 -35.4001
v  -49.7430 16.8401 -35.4001
v  -36.2071 16.8401 -35.4001
v  -49.7429 1.5484 -3.6355
v  -36.1807 1.5484 -3.6355
v  -36.1807 16.8401 -3.6355
v  -49.7429 16.8401 -3.6355
v  -57.3203 23.9793 -11.4536
v  -53.7737 23.9793 -7.3378
v  -36.1977 23.9793 -5.2030
v  -49.1161 23.9793 -5.2030
v  -36.2029 23.9793 -33.8326
v  -49.1161 23.9793 -33.8326
v  -57.3203 23.9793 -27.5820
v  -53.7738 23.9793 -31.6978
v  -59.1604 23.9780 -16.4065
v  -59.1604 23.9780 -22.6291
v  -57.3203 -4.6888 -11.4536
v  -55.5011 -6.5641 -12.3869
v  -52.8269 -6.5531 -9.2408
v  -53.7737 -4.6888 -7.3378
v  -59.1604 -4.6875 -22.6291
v  -57.2840 -6.5729 -21.9624
v  -57.2840 -6.5729 -17.0732
v  -59.1604 -4.6875 -16.4065
v  -57.3203 -4.6888 -27.5820
v  -53.7738 -4.6888 -31.6978
v  -52.8269 -6.5531 -29.7948
v  -55.5398 -6.5611 -26.6155
v  -36.2029 -4.6888 -33.8326
v  -36.1990 -6.5729 -31.6557
v  -48.5237 -6.5408 -31.7419
v  -49.1161 -4.6888 -33.8326
v  -36.1977 -4.6888 -5.2030
v  -49.1161 -4.6888 -5.2030
v  -48.4491 -6.5480 -7.3129
v  -36.1989 -6.5729 -7.3799
v  -53.5681 -6.5729 -13.2572
v  -52.2195 -6.5729 -11.6922
v  -55.4077 -6.5729 -20.8255
v  -55.4077 -6.5729 -18.2101
v  -52.2195 -6.5729 -27.3435
v  -53.5682 -6.5729 -25.7784
v  -36.2112 -6.5729 -29.4783
v  -47.5619 -6.5729 -29.4783
v  -47.5619 -6.5729 -9.5573
v  -36.2112 -6.5729 -9.5573
v  -53.5682 -0.8333 -13.2572
v  -52.2195 -0.8333 -11.6921
v  -55.4077 -0.8333 -20.8255
v  -55.4077 -0.8333 -18.2101
v  -52.2196 -0.8333 -27.3435
v  -53.5682 -0.8333 -25.7784
v  -36.2112 -0.8333 -29.4783
v  -47.5619 -0.8333 -29.4783
v  -47.5619 -0.8333 -9.5573
v  -36.2112 -0.8333 -9.5573
v  -53.7748 -0.0024 -7.3365
v  -57.3210 -0.0039 -11.4528
v  -57.3210 18.3924 -11.4528
v  -53.7748 18.3910 -7.3365
v  -59.1628 0.0006 -16.4065
v  -59.1628 0.0006 -22.6291
v  -59.1628 18.3879 -22.6291
v  -59.1628 18.3879 -16.4065
v  -57.3210 -0.0039 -27.5828
v  -53.7749 -0.0024 -31.6991
v  -53.7749 18.3910 -31.6991
v  -57.3210 18.3924 -27.5828
v  -49.1161 -0.0065 -33.8326
v  -36.2029 -0.0065 -33.8326
v  -36.2029 18.3951 -33.8326
v  -49.1161 18.3950 -33.8326
v  -36.1977 -0.0065 -5.2030
v  -49.1161 -0.0065 -5.2030
v  -49.1161 18.3950 -5.2030
v  -36.1977 18.3950 -5.2030
v  43.7459 0.3661 -48.6289
v  43.7386 0.3661 -33.0872
v  38.2645 0.3661 -33.0872
v  38.2645 0.3661 -48.6289
v  48.6822 13.0696 -60.6746
v  53.2891 13.0696 -33.0872
v  53.2891 7.5185 -33.0872
v  48.6822 7.5185 -60.6746
v  41.0253 20.2220 -33.0872
v  46.1533 20.2220 -33.0872
v  42.8176 20.2220 -47.4604
v  41.4917 20.2220 -47.4604
v  40.9245 19.2271 -49.5988
v  42.9407 19.2271 -49.5988
v  44.8983 14.8535 -53.8626
v  38.2645 14.8534 -53.8626
v  46.1487 5.7347 -53.8626
v  38.2645 5.7347 -53.8626
v  44.6549 18.9419 -48.3116
v  48.1791 18.9288 -33.0872
v  50.7830 14.8534 -33.0872
v  46.4955 14.8535 -52.3081
v  50.7830 5.7346 -33.0872
v  47.4267 14.8535 -61.0990
v  46.4782 14.8535 -54.9836
v  52.1045 14.8534 -33.0872
v  38.2645 14.8535 -61.8271
v  38.2645 5.7347 -61.8271
v  47.4267 5.7347 -61.0990
v  52.1045 5.7346 -33.0872
v  47.4848 13.0696 -62.4231
v  47.4848 7.5185 -62.4231
v  37.7402 7.5185 -68.2022
v  37.7402 13.0697 -68.2022
v  37.8577 14.8535 -66.7741
v  37.8577 5.7347 -66.7741
v  -43.7459 0.3661 -48.6289
v  -38.2646 0.3661 -48.6289
v  -38.2646 0.3661 -33.0872
v  -43.7387 0.3661 -33.0872
v  -48.6823 13.0696 -60.6746
v  -48.6823 7.5185 -60.6746
v  -53.2891 7.5185 -33.0872
v  -53.2891 13.0696 -33.0872
v  -41.0253 20.2220 -33.0872
v  -41.4917 20.2220 -47.4604
v  -42.8176 20.2220 -47.4604
v  -46.1534 20.2220 -33.0872
v  -40.9245 19.2271 -49.5988
v  -38.2646 14.8535 -53.8626
v  -44.8983 14.8535 -53.8625
v  -42.9408 19.2271 -49.5987
v  -46.1487 5.7347 -53.8626
v  -38.2646 5.7347 -53.8626
v  -44.6549 18.9419 -48.3116
v  -46.4955 14.8535 -52.3081
v  -50.7830 14.8534 -33.0872
v  -48.1791 18.9288 -33.0872
v  -50.7830 5.7346 -33.0872
v  -46.4783 14.8535 -54.9836
v  -47.4267 14.8535 -61.0990
v  -52.1045 14.8534 -33.0872
v  -38.2646 14.8535 -61.8271
v  -47.4267 5.7347 -61.0990
v  -38.2646 5.7347 -61.8271
v  -52.1045 5.7346 -33.0872
v  -47.4848 13.0696 -62.4231
v  -37.7402 13.0697 -68.2022
v  -37.7402 7.5185 -68.2022
v  -47.4848 7.5185 -62.4231
v  -37.8577 14.8535 -66.7740
v  -37.8577 5.7347 -66.7741
v  49.8116 28.5847 30.2580
v  49.8872 25.5179 30.2580
v  49.8872 25.5180 -32.6450
v  49.8872 28.5849 -32.6450
v  42.0634 25.5181 -44.9691
v  42.0634 28.5849 -44.9691
v  42.8000 23.6308 30.2580
v  42.8000 23.6309 -38.6423
v  44.6106 23.6309 -32.4861
v  44.6106 23.6308 30.2580
v  42.8000 30.4719 30.2580
v  44.5350 30.4719 30.2580
v  44.6106 30.4720 -32.4860
v  42.8000 30.4720 -38.6423
v  -49.8116 28.5847 30.2580
v  -49.8872 28.5849 -32.6449
v  -49.8872 25.5180 -32.6449
v  -49.8872 25.5179 30.2580
v  -42.0634 25.5181 -44.9691
v  -42.0634 28.5849 -44.9691
v  -42.8000 23.6308 30.2580
v  -44.6106 23.6308 30.2580
v  -44.6106 23.6309 -32.4860
v  -42.8000 23.6309 -38.6423
v  -42.8000 30.4719 30.2580
v  -42.8000 30.4720 -38.6423
v  -44.6106 30.4720 -32.4860
v  -44.5350 30.4719 30.2580
v  38.4982 24.4123 65.1117
v  38.5123 20.0386 69.4115
v  45.1924 20.0386 69.4115
v  43.1885 24.4123 65.1117
v  44.9027 24.1271 63.8605
v  43.0653 25.4072 63.0527
v  38.5075 25.4072 63.0527
v  46.7432 20.0386 67.8571
v  38.5065 25.4072 52.5678
v  44.7302 25.4072 52.5678
v  48.7701 20.0386 52.5678
v  46.6624 24.1205 52.5678
v  43.2482 6.4448 65.1118
v  45.1924 10.9198 69.4115
v  38.5123 10.9198 69.4115
v  38.4982 6.4448 65.1118
v  44.8966 6.4448 63.8192
v  44.9279 6.4448 52.5678
v  48.7701 10.9198 52.5678
v  46.7228 10.9198 67.9486
v  38.5123 20.0386 76.6472
v  47.6745 20.0386 76.6472
v  46.6553 20.0386 70.5047
v  46.6553 10.9198 70.5047
v  47.6745 10.9198 76.6472
v  38.5123 10.9198 76.6472
v  50.6598 10.9198 52.5678
v  48.9300 18.2547 75.4838
v  51.8445 18.2547 52.5678
v  50.6598 20.0386 52.5678
v  45.5909 13.9733 75.5156
v  45.5909 16.9852 75.5156
v  40.4161 16.9852 75.5156
v  40.4161 13.9733 75.5156
v  48.9300 12.7037 75.4838
v  36.8836 12.4465 75.6464
v  36.8836 18.5119 75.6464
v  36.8836 18.5119 70.4115
v  36.8836 12.4465 70.4115
v  39.3230 18.9393 77.8882
v  47.0496 18.9393 77.8882
v  39.3230 12.0192 77.8882
v  47.0496 12.0192 77.8882
v  39.7772 18.2391 77.9936
v  46.5894 18.2391 77.9936
v  39.7772 12.7194 77.9936
v  46.5894 12.7194 77.9936
v  42.9113 5.5513 63.0527
v  42.9080 5.5513 52.5678
v  38.5075 5.5513 63.0527
v  38.5065 5.5513 52.5678
v  51.8445 12.7037 52.5678
v  -45.1924 20.0386 69.4115
v  -38.5123 20.0386 69.4115
v  -40.8433 24.4123 65.1117
v  -40.7864 25.4072 63.0527
v  -44.9027 24.1238 63.8605
v  -46.7432 20.0386 67.8571
v  -38.5065 25.4072 52.5678
v  -44.7302 25.4072 52.5678
v  -46.6624 24.1238 52.5678
v  -48.7701 20.0386 52.5679
v  -43.2482 6.4448 65.1118
v  -38.4982 6.4448 65.1118
v  -38.5123 10.9198 69.4115
v  -45.1924 10.9198 69.4115
v  -44.8966 6.4448 63.8193
v  -46.7228 10.9198 67.9486
v  -48.7701 10.9198 52.5679
v  -44.9279 6.4448 52.5679
v  -38.5123 20.0386 76.6472
v  -47.6745 20.0386 76.6472
v  -46.6553 20.0386 70.5047
v  -47.6745 10.9198 76.6472
v  -46.6553 10.9198 70.5047
v  -38.5123 10.9198 76.6472
v  -50.6598 10.9198 52.5679
v  -48.9300 18.2547 75.4838
v  -50.6598 20.0386 52.5679
v  -51.8444 18.2547 52.5679
v  -45.5908 13.9733 75.5156
v  -40.4161 13.9733 75.5156
v  -40.4161 16.9852 75.5156
v  -45.5908 16.9852 75.5156
v  -48.9300 12.7037 75.4838
v  -36.8836 12.4465 75.6464
v  -36.8836 12.4465 70.4115
v  -36.8836 18.5119 70.4115
v  -36.8836 18.5119 75.6464
v  -47.0495 18.9393 77.8882
v  -39.3230 18.9393 77.8882
v  -39.3230 12.0192 77.8882
v  -47.0495 12.0192 77.8882
v  -39.7772 18.2391 77.9936
v  -46.5893 18.2391 77.9936
v  -39.7772 12.7194 77.9936
v  -46.5893 12.7194 77.9936
v  -42.9113 5.5513 63.0527
v  -42.9080 5.5513 52.5679
v  -38.5075 5.5513 63.0527
v  -38.5065 5.5513 52.5679
v  -51.8444 12.7037 52.5679
# 1214 vertices

vn 0.9942 -0.0855 -0.0649
vn 0.9810 -0.1902 -0.0390
vn 0.9780 -0.1876 -0.0910
vn 0.9884 -0.0821 -0.1279
vn 0.9817 -0.1903 -0.0000
vn 0.9980 -0.0637 -0.0000
vn 0.9954 -0.0956 -0.0000
vn 0.6842 -0.7293 -0.0000
vn -1.0000 0.0000 0.0000
vn -1.0000 -0.0000 0.0000
vn 0.0000 0.0000 -1.0000
vn -0.0000 -1.0000 -0.0000
vn 0.0000 -1.0000 -0.0000
vn 0.0000 -0.0000 1.0000
vn 0.0000 1.0000 0.0000
vn -0.0000 1.0000 0.0000
vn -0.0000 -0.6908 -0.7231
vn 0.0000 -0.8010 -0.5987
vn -0.0000 -0.8010 -0.5987
vn -0.0000 0.8833 -0.4687
vn -0.0000 0.9704 -0.2415
vn 0.0000 0.9713 -0.2378
vn -0.0000 -0.0000 1.0000
vn 1.0000 0.0000 -0.0000
vn 1.0000 -0.0000 0.0000
vn 1.0000 -0.0000 -0.0000
vn 0.8381 0.5456 -0.0000
vn 0.8632 0.5048 -0.0000
vn 0.8633 0.5048 -0.0000
vn 0.0000 0.0000 1.0000
vn -1.0000 0.0000 -0.0000
vn -0.6435 0.0000 -0.7655
vn -0.0000 0.0000 -1.0000
vn -0.0000 -0.0000 -1.0000
vn 0.6763 -0.7205 -0.1534
vn 0.6781 -0.7228 -0.1329
vn 0.6606 -0.6954 -0.2829
vn 0.6609 -0.6951 -0.2829
vn 0.8517 0.4424 -0.2809
vn 0.8799 0.4594 -0.1211
vn 0.8559 0.4954 -0.1484
vn 0.8220 0.4860 -0.2967
vn 0.8865 0.4628 -0.0000
vn 0.8267 0.5380 -0.1648
vn 0.8004 0.5148 -0.3071
vn 0.9879 0.0000 -0.1551
vn 0.9977 0.0000 -0.0685
vn -0.0000 0.9834 -0.1814
vn 0.0000 0.9834 -0.1814
vn -0.9464 0.0000 -0.3230
vn -0.0000 -0.9834 -0.1814
vn 0.0000 -0.9834 -0.1814
vn 0.9464 0.0000 -0.3231
vn 0.0000 -0.4553 -0.8904
vn -0.0000 -0.4553 -0.8904
vn 0.0000 -0.9384 -0.3455
vn -0.0000 -0.9384 -0.3455
vn -0.0000 -0.9845 -0.1755
vn -0.0000 0.0000 1.0000
vn 0.0000 -0.6510 -0.7591
vn 0.8381 0.5456 0.0000
vn 0.8632 0.5048 0.0000
vn 0.8865 0.4628 0.0000
vn -0.0000 0.9723 -0.2338
vn -0.9942 -0.0855 -0.0649
vn -0.9884 -0.0821 -0.1279
vn -0.9780 -0.1876 -0.0910
vn -0.9810 -0.1902 -0.0390
vn -0.9817 -0.1903 -0.0000
vn -0.9954 -0.0956 -0.0000
vn -0.9980 -0.0637 0.0000
vn -0.6842 -0.7293 0.0000
vn -0.6842 -0.7293 -0.0000
vn -0.0000 0.9713 -0.2378
vn 0.0000 0.8833 -0.4687
vn -1.0000 -0.0000 -0.0000
vn -0.8381 0.5456 0.0000
vn -0.8632 0.5048 0.0000
vn 0.6435 0.0000 -0.7655
vn -0.6763 -0.7205 -0.1534
vn -0.6609 -0.6951 -0.2829
vn -0.6606 -0.6954 -0.2829
vn -0.6781 -0.7228 -0.1329
vn -0.8517 0.4424 -0.2809
vn -0.8220 0.4860 -0.2967
vn -0.8559 0.4954 -0.1484
vn -0.8799 0.4594 -0.1211
vn -0.8865 0.4628 0.0000
vn -0.8004 0.5148 -0.3071
vn -0.8267 0.5380 -0.1648
vn -0.9879 0.0000 -0.1551
vn -0.9977 0.0000 -0.0685
vn 0.9464 0.0000 -0.3230
vn -0.9464 0.0000 -0.3231
vn 0.0000 -0.9369 0.3496
vn 0.0000 0.7312 -0.6821
vn 0.0000 0.9924 0.1231
vn -0.0002 0.9924 0.1230
vn 0.0000 0.8906 -0.4547
vn -0.0000 0.8906 -0.4547
vn -0.0000 0.9929 0.1188
vn 0.0000 0.9363 0.3512
vn 0.0000 0.9929 0.1188
vn 0.0000 0.9697 0.2443
vn -0.0003 0.9696 0.2446
vn 0.0000 -0.9849 -0.1734
vn -0.0001 0.9923 0.1239
vn 0.0001 0.9924 0.1234
vn 0.0002 0.9696 0.2446
vn 0.0000 0.9693 0.2459
vn 0.7070 -0.0634 0.7044
vn 0.7058 -0.0687 0.7051
vn 0.7237 -0.1400 0.6758
vn 0.7251 -0.1406 0.6741
vn -0.0000 -0.8778 0.4790
vn 0.0000 -0.8778 0.4790
vn -0.7075 -0.0000 0.7067
vn -0.7075 0.0000 0.7067
vn 0.0000 -0.7075 0.7067
vn 0.0000 0.7075 0.7067
vn 0.6272 0.3274 0.7067
vn 0.6104 0.3569 0.7071
vn 0.6638 0.1970 0.7215
vn 0.7075 0.0000 0.7067
vn 0.7075 -0.0000 0.7067
vn 0.0000 -0.8778 0.4791
vn -0.7245 -0.1366 0.6756
vn -0.7266 -0.1367 0.6733
vn -0.7066 -0.0708 0.7041
vn -0.7060 -0.0650 0.7052
vn -0.6638 0.1970 0.7215
vn -0.6104 0.3569 0.7071
vn -0.6272 0.3274 0.7067
vn -0.8579 -0.0000 0.5138
vn -0.8579 0.0000 0.5138
vn 0.0000 0.8579 0.5138
vn 0.8579 -0.0000 0.5138
vn 0.8579 0.0000 0.5138
vn 0.0000 -0.8579 0.5138
vn 0.7071 -0.0000 0.7071
vn 0.0000 -0.7071 0.7071
vn -0.7071 -0.0000 0.7071
vn 0.0000 0.7071 0.7071
vn 0.0000 0.4987 0.8668
vn 0.0000 0.4986 0.8668
vn 0.7309 0.6825 0.0000
vn -0.0000 0.4987 -0.8668
vn 0.0000 0.4987 -0.8668
vn 0.0000 1.0000 -0.0000
vn 0.7309 0.6825 -0.0000
vn 0.7863 0.6178 0.0000
vn -0.0000 0.4987 0.8668
vn -0.7309 0.6825 0.0000
vn -0.0000 1.0000 -0.0000
vn -0.7309 0.6825 -0.0000
vn -0.7863 0.6178 0.0000
vn 0.9239 -0.0000 0.3827
vn 0.3827 -0.0000 0.9239
vn -0.3827 -0.0000 0.9239
vn -0.7071 0.0000 -0.7071
vn -0.3827 0.0000 -0.9239
vn 0.3827 0.0000 -0.9239
vn 0.9239 0.0000 -0.3827
vn 0.2269 -0.9471 0.2269
vn 0.3208 -0.9471 -0.0000
vn 0.2269 -0.9471 -0.2269
vn 0.0000 -0.9471 -0.3208
vn -0.2269 -0.9471 -0.2269
vn -0.2269 -0.9471 0.2269
vn -0.0000 -0.9471 0.3208
vn 0.2297 0.9458 0.2297
vn -0.0000 0.9452 0.3265
vn -0.2297 0.9458 0.2297
vn -0.2241 0.9485 -0.2241
vn 0.0000 0.9490 -0.3153
vn 0.2241 0.9485 -0.2241
vn 0.3208 0.9471 0.0000
vn -0.9239 -0.0000 0.3827
vn 0.7071 0.0000 -0.7071
vn -0.9239 0.0000 -0.3827
vn -0.3208 -0.9471 -0.0000
vn -0.0000 -0.9471 -0.3208
vn 0.0000 -0.9471 0.3208
vn 0.0000 0.9452 0.3265
vn -0.0000 0.9490 -0.3153
vn -0.3208 0.9471 0.0000
vn 0.8629 -0.0000 0.5055
vn 0.5054 -0.0000 0.8629
vn -0.5054 -0.0000 0.8629
vn -0.8629 -0.0000 0.5054
vn -0.8629 0.0000 -0.5054
vn -0.5054 0.0000 -0.8629
vn 0.5054 0.0000 -0.8629
vn 0.8629 0.0000 -0.5054
vn 0.4114 0.9115 0.0000
vn 0.0000 0.9115 0.4114
vn -0.4114 0.9115 0.0000
vn 0.0000 0.9115 -0.4114
vn 0.8629 -0.0000 0.5054
vn -0.5055 0.0000 -0.8629
vn -0.0000 0.9115 0.4114
vn -0.0000 0.4986 0.8668
vn 0.9239 0.0000 0.3827
vn -0.7071 0.0000 0.7071
vn -0.9239 0.0000 0.3827
vn -0.3827 0.0000 0.9239
vn 0.9648 -0.0000 0.2629
vn 0.9339 0.0000 -0.3577
vn 0.5366 -0.0000 0.8438
vn -0.3175 -0.0000 0.9483
vn -0.2911 0.0000 -0.9567
vn 0.5590 0.0000 -0.8291
vn 0.4060 0.9139 0.0000
vn 0.0000 0.9139 0.4060
vn 1.0000 0.0000 0.0000
vn -0.4060 0.9139 0.0000
vn 0.0000 0.9139 -0.4060
vn -0.0000 0.9139 -0.4060
vn 0.7071 0.0000 0.7071
vn 0.5055 -0.0000 0.8629
vn 0.5055 0.0000 -0.8629
vn 0.8629 0.0000 -0.5055
vn -0.7071 -0.0000 -0.7071
vn -0.9648 -0.0000 0.2629
vn -0.9339 0.0000 -0.3577
vn -0.5366 -0.0000 0.8438
vn 0.3175 -0.0000 0.9483
vn 0.2911 0.0000 -0.9567
vn -0.5590 0.0000 -0.8291
vn 0.8587 -0.0000 0.5124
vn 0.5973 -0.0000 0.8020
vn 0.9839 -0.0000 -0.1785
vn 0.9839 0.0000 -0.1785
vn 0.9839 -0.0000 0.1785
vn 0.5973 -0.0000 -0.8020
vn 0.5973 0.0000 -0.8020
vn 0.8588 -0.0000 -0.5124
vn 0.8587 -0.0000 -0.5124
vn 0.2116 0.0000 -0.9774
vn 0.2116 -0.0000 0.9774
vn 0.5799 0.7429 0.3343
vn 0.5754 0.7414 0.3453
vn 0.4161 0.7597 0.4997
vn 0.3637 0.7719 0.5214
vn 0.0000 0.7561 0.6544
vn 0.1455 0.7777 0.6116
vn 0.1250 0.7746 0.6200
vn 0.0000 0.7561 -0.6544
vn 0.1226 0.7755 -0.6194
vn 0.1439 0.7762 -0.6138
vn 0.5801 0.7420 -0.3361
vn 0.3668 0.7701 -0.5220
vn 0.4171 0.7603 -0.4980
vn 0.5739 0.7421 -0.3463
vn 0.6628 0.7363 0.1364
vn 0.6645 0.7350 -0.1351
vn 0.6775 0.7290 -0.0974
vn 0.6779 0.7285 0.0988
vn 0.5849 -0.7360 0.3410
vn 0.3863 -0.7498 0.5372
vn 0.4081 -0.7459 0.5265
vn 0.5823 -0.7350 0.3474
vn 0.6793 -0.7222 -0.1304
vn 0.6772 -0.7238 0.1323
vn 0.6834 -0.7209 0.1155
vn 0.6833 -0.7214 -0.1125
vn 0.5863 -0.7330 -0.3448
vn 0.5831 -0.7341 -0.3479
vn 0.4115 -0.7462 -0.5234
vn 0.3907 -0.7472 -0.5376
vn -0.0022 -0.7550 -0.6557
vn 0.1407 -0.7595 -0.6351
vn 0.1308 -0.7607 -0.6357
vn -0.0026 -0.7561 -0.6544
vn -0.0017 -0.7553 0.6554
vn -0.0020 -0.7561 0.6544
vn 0.1291 -0.7624 0.6341
vn 0.1426 -0.7645 0.6286
vn 0.0034 -1.0000 0.0040
vn 0.0036 -1.0000 0.0076
vn 0.0037 -1.0000 0.0064
vn 0.0028 -1.0000 0.0026
vn -0.0008 -1.0000 -0.0013
vn 0.0005 -1.0000 0.0005
vn 0.0000 -1.0000 0.0000
vn 0.0002 -1.0000 -0.0008
vn 0.0041 -1.0000 -0.0035
vn 0.0048 -1.0000 -0.0029
vn 0.0038 -1.0000 -0.0072
vn 0.0022 -1.0000 -0.0075
vn 0.0003 -1.0000 -0.0016
vn 0.0034 -0.9999 -0.0117
vn 0.0037 -0.9999 -0.0119
vn -0.0000 -1.0000 0.0000
vn 0.0002 -1.0000 0.0013
vn 0.0024 -1.0000 0.0092
vn 0.0027 -0.9999 0.0101
vn -0.8611 0.0000 -0.5085
vn -0.6009 0.0000 -0.7993
vn -0.9842 0.0000 0.1769
vn -0.9842 0.0000 -0.1769
vn -0.6009 0.0000 0.7993
vn -0.8611 0.0000 0.5085
vn -0.2132 0.0000 0.9770
vn -0.2132 -0.0000 0.9770
vn -0.2132 0.0000 -0.9770
vn 0.8610 -0.0003 0.5086
vn 0.8610 -0.0002 0.5086
vn 0.6009 -0.0002 0.7993
vn 0.6009 -0.0004 0.7993
vn 0.6009 0.0002 0.7993
vn 0.6009 0.0003 0.7993
vn 0.8610 0.0003 0.5085
vn 0.8610 0.0002 0.5085
vn 0.9842 -0.0004 -0.1770
vn 0.9842 -0.0005 -0.1770
vn 0.9842 -0.0004 0.1769
vn 0.9842 -0.0005 0.1769
vn 0.9842 0.0004 0.1770
vn 0.9842 0.0004 -0.1769
vn 0.6009 -0.0002 -0.7993
vn 0.6009 -0.0004 -0.7993
vn 0.8610 -0.0003 -0.5085
vn 0.8610 -0.0002 -0.5085
vn 0.8610 0.0003 -0.5086
vn 0.8610 0.0002 -0.5086
vn 0.6009 0.0002 -0.7993
vn 0.6009 0.0003 -0.7993
vn 0.2132 -0.0001 -0.9770
vn 0.2132 0.0000 -0.9770
vn 0.2132 0.0001 -0.9770
vn 0.2131 0.0000 -0.9770
vn 0.2132 -0.0001 0.9770
vn 0.2131 0.0000 0.9770
vn 0.2132 0.0001 0.9770
vn 0.2132 -0.0000 0.9770
vn 0.6000 -0.7203 0.3481
vn 0.3977 -0.7285 0.5577
vn 0.4287 -0.7251 0.5390
vn 0.5923 -0.7206 0.3604
vn 0.4283 0.7248 0.5396
vn 0.3968 0.7291 0.5576
vn 0.5999 0.7208 0.3472
vn 0.5931 0.7203 0.3599
vn 0.6895 -0.7160 -0.1096
vn 0.6813 -0.7194 -0.1349
vn 0.6820 -0.7189 0.1343
vn 0.6893 -0.7163 0.1088
vn 0.6895 0.7160 0.1096
vn 0.6813 0.7194 0.1349
vn 0.6820 0.7189 -0.1343
vn 0.6893 0.7163 -0.1088
vn 0.4283 -0.7248 -0.5396
vn 0.3968 -0.7291 -0.5576
vn 0.5999 -0.7208 -0.3472
vn 0.5931 -0.7203 -0.3599
vn 0.6000 0.7203 -0.3481
vn 0.3977 0.7285 -0.5577
vn 0.4287 0.7251 -0.5390
vn 0.5923 0.7206 -0.3604
vn -0.0000 -0.7099 -0.7043
vn 0.1548 -0.7321 -0.6634
vn 0.1330 -0.7297 -0.6707
vn 0.1322 0.7300 -0.6705
vn 0.1543 0.7316 -0.6641
vn -0.0000 0.7099 -0.7043
vn 0.1322 -0.7300 0.6705
vn 0.1543 -0.7316 0.6641
vn -0.0000 -0.7099 0.7043
vn 0.0000 0.7099 0.7043
vn 0.1548 0.7321 0.6634
vn 0.1330 0.7297 0.6707
vn 0.8587 0.0000 0.5124
vn 0.8588 0.0000 -0.5124
vn -0.0000 0.7561 -0.6544
vn -0.6009 -0.0000 0.7993
vn -0.8611 -0.0000 0.5085
vn 0.6009 -0.0003 -0.7993
vn 0.0000 0.7099 -0.7043
vn 0.0000 -0.7099 0.7043
vn -0.8587 -0.0000 0.5124
vn -0.5973 -0.0000 0.8020
vn -0.9839 -0.0000 -0.1785
vn -0.9839 -0.0000 0.1785
vn -0.5973 0.0000 -0.8020
vn -0.8588 -0.0000 -0.5124
vn -0.2116 0.0000 -0.9774
vn -0.2116 -0.0000 0.9774
vn -0.5799 0.7429 0.3343
vn -0.3637 0.7719 0.5214
vn -0.4161 0.7597 0.4997
vn -0.5754 0.7414 0.3453
vn -0.1250 0.7746 0.6200
vn -0.1455 0.7777 0.6116
vn -0.1439 0.7762 -0.6138
vn -0.1226 0.7755 -0.6194
vn -0.5801 0.7420 -0.3361
vn -0.5739 0.7421 -0.3463
vn -0.4171 0.7603 -0.4980
vn -0.3668 0.7701 -0.5220
vn -0.6628 0.7363 0.1364
vn -0.6779 0.7285 0.0988
vn -0.6775 0.7290 -0.0974
vn -0.6645 0.7350 -0.1351
vn -0.5849 -0.7360 0.3410
vn -0.5823 -0.7350 0.3474
vn -0.4081 -0.7459 0.5265
vn -0.3863 -0.7498 0.5372
vn -0.6793 -0.7222 -0.1304
vn -0.6833 -0.7214 -0.1125
vn -0.6834 -0.7209 0.1155
vn -0.6772 -0.7238 0.1323
vn -0.5863 -0.7330 -0.3448
vn -0.3907 -0.7472 -0.5376
vn -0.4115 -0.7462 -0.5234
vn -0.5831 -0.7341 -0.3479
vn 0.0022 -0.7550 -0.6557
vn 0.0026 -0.7561 -0.6544
vn -0.1308 -0.7607 -0.6357
vn -0.1407 -0.7595 -0.6351
vn 0.0017 -0.7553 0.6554
vn -0.1426 -0.7645 0.6286
vn -0.1291 -0.7624 0.6341
vn 0.0020 -0.7561 0.6544
vn -0.0034 -1.0000 0.0040
vn -0.0028 -1.0000 0.0026
vn -0.0037 -1.0000 0.0064
vn -0.0036 -1.0000 0.0076
vn 0.0008 -1.0000 -0.0013
vn -0.0002 -1.0000 -0.0008
vn -0.0005 -1.0000 0.0005
vn -0.0041 -1.0000 -0.0035
vn -0.0022 -1.0000 -0.0075
vn -0.0038 -1.0000 -0.0072
vn -0.0048 -1.0000 -0.0029
vn -0.0003 -1.0000 -0.0016
vn -0.0037 -0.9999 -0.0119
vn -0.0034 -0.9999 -0.0117
vn -0.0002 -1.0000 0.0013
vn -0.0027 -0.9999 0.0101
vn -0.0024 -1.0000 0.0092
vn 0.8611 0.0000 -0.5085
vn 0.6009 0.0000 -0.7993
vn 0.9842 0.0000 0.1769
vn 0.9842 0.0000 -0.1769
vn 0.6009 -0.0000 0.7993
vn 0.8611 0.0000 0.5085
vn -0.8610 -0.0003 0.5086
vn -0.6009 -0.0004 0.7993
vn -0.6009 -0.0002 0.7993
vn -0.8610 -0.0002 0.5086
vn -0.6009 0.0002 0.7993
vn -0.8610 0.0002 0.5085
vn -0.8610 0.0003 0.5085
vn -0.6009 0.0003 0.7993
vn -0.9842 -0.0004 -0.1770
vn -0.9842 -0.0005 0.1769
vn -0.9842 -0.0004 0.1769
vn -0.9842 -0.0005 -0.1770
vn -0.9842 0.0004 0.1770
vn -0.9842 0.0004 -0.1769
vn -0.6009 -0.0002 -0.7993
vn -0.8610 -0.0002 -0.5085
vn -0.8610 -0.0003 -0.5085
vn -0.6009 -0.0004 -0.7993
vn -0.8610 0.0003 -0.5086
vn -0.6009 0.0003 -0.7993
vn -0.6009 0.0002 -0.7993
vn -0.8610 0.0002 -0.5086
vn -0.2132 -0.0001 -0.9770
vn -0.2132 0.0001 -0.9770
vn -0.2131 0.0000 -0.9770
vn -0.2132 -0.0001 0.9770
vn -0.2131 0.0000 0.9770
vn -0.2132 0.0001 0.9770
vn -0.6000 -0.7203 0.3481
vn -0.5923 -0.7206 0.3604
vn -0.4287 -0.7251 0.5390
vn -0.3977 -0.7285 0.5577
vn -0.4283 0.7248 0.5396
vn -0.5931 0.7203 0.3599
vn -0.5999 0.7208 0.3472
vn -0.3968 0.7291 0.5576
vn -0.6895 -0.7160 -0.1096
vn -0.6893 -0.7163 0.1088
vn -0.6820 -0.7189 0.1343
vn -0.6813 -0.7194 -0.1349
vn -0.6895 0.7160 0.1096
vn -0.6893 0.7163 -0.1088
vn -0.6820 0.7189 -0.1343
vn -0.6813 0.7194 0.1349
vn -0.4283 -0.7248 -0.5396
vn -0.5931 -0.7203 -0.3599
vn -0.5999 -0.7208 -0.3472
vn -0.3968 -0.7291 -0.5576
vn -0.6000 0.7203 -0.3481
vn -0.5923 0.7206 -0.3604
vn -0.4287 0.7251 -0.5390
vn -0.3977 0.7285 -0.5577
vn 0.0000 -0.7099 -0.7043
vn -0.1330 -0.7297 -0.6707
vn -0.1548 -0.7321 -0.6634
vn -0.1322 0.7300 -0.6705
vn -0.1543 0.7316 -0.6641
vn -0.1322 -0.7300 0.6705
vn -0.1543 -0.7316 0.6641
vn -0.0000 0.7099 0.7043
vn -0.1330 0.7297 0.6707
vn -0.1548 0.7321 0.6634
vn -0.8588 0.0000 -0.5124
vn -0.5973 -0.0000 -0.8020
vn 0.8611 -0.0000 0.5085
vn 0.2132 0.0000 0.9770
vn 0.9276 -0.0000 -0.3737
vn 0.9863 0.0000 -0.1647
vn 0.9863 -0.0000 -0.1647
vn 0.3157 0.9461 -0.0727
vn 0.2256 0.9505 -0.2138
vn -0.0000 0.9735 -0.2289
vn 0.0000 0.7945 -0.6072
vn 0.2146 0.8107 -0.5447
vn 0.2607 0.7312 -0.6304
vn -0.0000 0.6981 -0.7160
vn 0.0000 -0.6981 -0.7160
vn 0.6233 0.7268 -0.2884
vn 0.7121 0.6826 -0.1643
vn 0.8252 0.5321 -0.1893
vn 0.6198 0.6727 -0.4041
vn 0.6701 -0.7408 -0.0475
vn 0.6061 -0.7954 0.0003
vn 0.7813 -0.6073 -0.1440
vn 0.8187 -0.5445 -0.1826
vn 0.6837 -0.0000 -0.7298
vn 0.6837 0.0000 -0.7298
vn 0.5101 0.0000 -0.8601
vn 0.5574 -0.5064 -0.6579
vn 0.8149 -0.5064 -0.2819
vn 0.6966 -0.5358 -0.4771
vn 0.8149 0.5064 -0.2819
vn 0.6966 0.5358 -0.4771
vn 0.8251 0.5479 -0.1378
vn 0.8251 -0.5479 -0.1378
vn 0.4267 0.5479 -0.7195
vn 0.5574 0.5064 -0.6579
vn 0.4267 -0.5479 -0.7195
vn -0.9276 0.0000 -0.3737
vn -0.9863 0.0000 -0.1647
vn 0.0000 0.9735 -0.2289
vn -0.2256 0.9505 -0.2138
vn -0.3157 0.9461 -0.0727
vn -0.0000 0.7945 -0.6072
vn -0.2607 0.7312 -0.6304
vn -0.2146 0.8107 -0.5447
vn -0.0000 -0.6981 -0.7160
vn -0.6233 0.7268 -0.2884
vn -0.6198 0.6727 -0.4041
vn -0.8252 0.5321 -0.1893
vn -0.7121 0.6826 -0.1643
vn -0.6701 -0.7408 -0.0475
vn -0.8187 -0.5445 -0.1826
vn -0.7813 -0.6073 -0.1440
vn -0.6061 -0.7954 0.0003
vn -0.6837 0.0000 -0.7298
vn -0.5101 0.0000 -0.8601
vn -0.5574 -0.5064 -0.6579
vn -0.6966 -0.5358 -0.4771
vn -0.8149 -0.5064 -0.2819
vn -0.8149 0.5064 -0.2819
vn -0.8251 0.5479 -0.1378
vn -0.6966 0.5358 -0.4771
vn -0.8251 -0.5479 -0.1378
vn -0.4267 0.5479 -0.7195
vn -0.5574 0.5064 -0.6579
vn -0.4267 -0.5479 -0.7195
vn 0.9997 0.0239 0.0000
vn 0.9997 0.0247 -0.0000
vn 0.9604 0.0004 -0.2785
vn 0.9604 -0.0000 -0.2785
vn 0.8442 -0.0000 -0.5360
vn 0.8442 0.0000 -0.5360
vn 0.3333 0.9390 -0.0845
vn 0.3607 0.9257 -0.1139
vn 0.3368 0.9416 0.0004
vn 0.3368 -0.9416 -0.0000
vn 0.3349 -0.9408 -0.0520
vn 0.3573 -0.9314 -0.0689
vn 0.4477 -0.8556 -0.2598
vn 0.4754 -0.8263 -0.3018
vn 0.4975 0.8369 -0.2280
vn 0.8329 0.4962 -0.2450
vn -0.9997 0.0239 0.0000
vn -0.9604 -0.0000 -0.2785
vn -0.9604 0.0004 -0.2785
vn -0.9997 0.0247 -0.0000
vn -0.8442 -0.0000 -0.5360
vn -0.8442 0.0000 -0.5360
vn -0.3333 0.9390 -0.0845
vn -0.3368 0.9416 0.0004
vn -0.3607 0.9257 -0.1139
vn -0.3368 -0.9416 -0.0000
vn -0.3573 -0.9314 -0.0689
vn -0.3349 -0.9408 -0.0520
vn -0.4754 -0.8263 -0.3018
vn -0.4477 -0.8556 -0.2598
vn -0.8329 0.4962 -0.2450
vn -0.4975 0.8369 -0.2280
vn -0.0000 0.8127 0.5827
vn 0.0000 0.7011 0.7131
vn 0.2637 0.7350 0.6247
vn 0.2129 0.8085 0.5486
vn 0.6522 0.7113 0.2620
vn 0.2370 0.9484 0.2108
vn -0.0000 0.9747 0.2234
vn 0.6385 0.6669 0.3843
vn 0.3153 0.9477 0.0501
vn 0.8752 0.4657 0.1311
vn 0.7502 0.6508 0.1174
vn 0.1774 -0.8167 0.5491
vn 0.2576 -0.7187 0.6458
vn 0.0000 -0.6928 0.7211
vn 0.0000 -0.8211 0.5708
vn 0.6042 -0.7595 0.2410
vn 0.5969 -0.8023 0.0011
vn 0.7960 -0.6043 0.0337
vn 0.6543 -0.6395 0.4036
vn 0.8434 0.5269 0.1047
vn 0.8284 0.5501 0.1054
vn 0.8293 0.5488 0.1053
vn 0.8441 0.5258 0.1047
vn 0.6797 -0.0000 0.7335
vn 0.6797 0.0000 0.7335
vn -0.0000 0.7485 0.6631
vn 0.0000 0.7485 0.6631
vn -0.7004 0.0000 0.7138
vn -0.8372 0.0000 0.5469
vn -0.0000 -0.7485 0.6631
vn 0.8932 0.0000 0.4498
vn -0.6839 0.7296 -0.0000
vn -0.5232 0.0000 -0.8522
vn -0.6839 -0.7296 -0.0000
vn -0.5235 0.0000 0.8520
vn -0.0000 -0.3077 0.9515
vn -0.0000 -0.8923 0.4515
vn 0.0000 -0.2778 0.9606
vn 0.1787 0.0000 0.9839
vn 0.9683 0.0000 0.2497
vn -0.0000 0.2778 0.9606
vn 0.0000 0.8923 0.4515
vn -0.0000 0.8923 0.4515
vn -0.0000 0.3077 0.9515
vn -0.1633 0.0000 0.9866
vn -0.9275 0.0000 0.3737
vn -0.0000 0.1488 0.9889
vn -0.0000 0.1489 0.9889
vn -0.2261 0.0000 0.9741
vn -0.2260 0.0000 0.9741
vn -0.0000 -0.1488 0.9889
vn 0.2232 0.0000 0.9748
vn 0.1754 -0.9695 0.1713
vn 0.2067 -0.9784 -0.0001
vn 0.0000 -0.9791 0.2035
vn 0.9920 -0.0000 0.1262
vn 0.9920 0.0000 0.1262
vn 0.8434 -0.5269 0.1047
vn 0.8441 -0.5258 0.1047
vn 0.8293 -0.5488 0.1053
vn 0.8284 -0.5501 0.1054
vn -0.2651 0.7971 0.5426
vn -0.0000 0.7011 0.7131
vn -0.1734 0.8055 0.5667
vn -0.2216 0.9551 0.1968
vn -0.5330 0.7900 0.3030
vn -0.5576 0.7370 0.3821
vn -0.3442 0.9299 0.1295
vn -0.7239 0.6719 0.1567
vn -0.8752 0.4656 0.1313
vn -0.1774 -0.8167 0.5491
vn -0.2576 -0.7187 0.6458
vn -0.6042 -0.7595 0.2410
vn -0.6543 -0.6395 0.4036
vn -0.7960 -0.6043 0.0337
vn -0.5969 -0.8023 0.0011
vn -0.8434 0.5269 0.1047
vn -0.8441 0.5258 0.1047
vn -0.8293 0.5488 0.1053
vn -0.8284 0.5501 0.1054
vn -0.6797 0.0000 0.7335
vn 0.7004 0.0000 0.7138
vn 0.8372 0.0000 0.5469
vn 0.0000 -0.7485 0.6631
vn -0.8931 0.0000 0.4498
vn 0.6839 0.7296 -0.0000
vn 0.5232 -0.0000 -0.8522
vn 0.6839 -0.7296 0.0000
vn 0.6839 -0.7296 -0.0000
vn 0.5235 0.0000 0.8520
vn 0.0000 -0.3077 0.9515
vn 0.0000 -0.8923 0.4515
vn -0.1787 0.0000 0.9839
vn -0.9683 0.0000 0.2497
vn 0.0000 0.2778 0.9606
vn 0.0000 0.3077 0.9515
vn 0.1632 0.0000 0.9866
vn 0.9275 0.0000 0.3737
vn 0.0000 0.1489 0.9889
vn 0.2261 0.0000 0.9741
vn 0.2260 0.0000 0.9741
vn 0.0000 -0.1489 0.9889
vn -0.2232 0.0000 0.9748
vn -0.2233 0.0000 0.9748
vn -0.1754 -0.9695 0.1713
vn -0.2067 -0.9784 -0.0001
vn -0.9920 -0.0000 0.1262
vn -0.9920 0.0000 0.1262
vn -0.8434 -0.5269 0.1047
vn -0.8284 -0.5501 0.1054
vn -0.8293 -0.5488 0.1053
vn -0.8441 -0.5258 0.1047
# 718 vertex normals

vt 0.0964 0.6471 0.0000
vt 0.0131 0.6471 0.0000
vt 0.0436 0.5691 0.0000
vt 0.0623 0.5441 0.0000
vt 0.0131 0.9077 0.0000
vt 0.0131 0.8422 0.0000
vt 0.0964 0.8422 0.0000
vt 0.0964 0.9077 0.0000
vt 0.0964 0.7756 0.0000
vt 0.0131 0.7756 0.0000
vt 0.0059 0.7756 0.0000
vt 0.0059 0.8422 0.0000
vt 0.5758 0.7583 0.0000
vt 0.5758 0.8249 0.0000
vt 0.5507 0.8249 0.0000
vt 0.5507 0.7583 0.0000
vt 0.5758 0.9624 0.0000
vt 0.5507 0.9624 0.0000
vt 0.5507 0.8904 0.0000
vt 0.5758 0.8904 0.0000
vt 0.6617 0.7951 0.0000
vt 0.6617 0.8094 0.0000
vt 0.5784 0.8094 0.0000
vt 0.5784 0.7790 0.0000
vt 0.3484 0.3886 0.0000
vt 0.3484 0.3582 0.0000
vt 0.4150 0.3582 0.0000
vt 0.4150 0.3886 0.0000
vt 0.7694 0.7492 0.0000
vt 0.6860 0.7654 0.0000
vt 0.6860 0.7349 0.0000
vt 0.7694 0.7349 0.0000
vt 0.7805 0.5691 0.0000
vt 0.7805 0.5548 0.0000
vt 0.8471 0.5548 0.0000
vt 0.8471 0.5691 0.0000
vt 0.8422 0.1233 0.0000
vt 0.9077 0.1233 0.0000
vt 0.9077 0.1640 0.0000
vt 0.8422 0.1640 0.0000
vt 0.9778 0.8957 0.0000
vt 0.9592 0.8969 0.0000
vt 0.9592 0.8826 0.0000
vt 0.9592 0.8495 0.0000
vt 0.9592 0.7383 0.0000
vt 0.9778 0.6921 0.0000
vt 0.9592 0.7052 0.0000
vt 0.9592 0.6909 0.0000
vt 0.5441 0.1585 0.0000
vt 0.5441 0.1233 0.0000
vt 0.6471 0.1233 0.0000
vt 0.6471 0.1640 0.0000
vt 0.0450 0.1376 0.0000
vt 0.0450 0.1310 0.0000
vt 0.0522 0.1233 0.0000
vt 0.0482 0.1376 0.0000
vt 0.0522 0.1376 0.0000
vt 0.0059 0.0824 0.0000
vt 0.0117 0.0412 0.0000
vt 0.0179 0.0454 0.0000
vt 0.0154 0.0632 0.0000
vt 0.0125 0.0833 0.0000
vt 0.1281 0.0010 0.0000
vt 0.1274 0.0056 0.0000
vt 0.3213 0.0282 0.0000
vt 0.3862 0.0373 0.0000
vt 0.3855 0.0419 0.0000
vt 0.3207 0.0328 0.0000
vt 0.4568 0.0519 0.0000
vt 0.4666 0.0486 0.0000
vt 0.4612 0.0866 0.0000
vt 0.4521 0.0853 0.0000
vt 0.1162 0.8422 0.0000
vt 0.1162 0.7756 0.0000
vt 0.1351 0.7756 0.0000
vt 0.1351 0.8422 0.0000
vt 0.0799 0.2676 0.0000
vt 0.0799 0.2377 0.0000
vt 0.1633 0.2377 0.0000
vt 0.1633 0.2676 0.0000
vt 0.3388 0.2995 0.0000
vt 0.3305 0.3217 0.0000
vt 0.2638 0.3217 0.0000
vt 0.2554 0.2995 0.0000
vt 0.6615 0.6909 0.0000
vt 0.6699 0.6945 0.0000
vt 0.6699 0.7278 0.0000
vt 0.6615 0.7325 0.0000
vt 0.6770 0.7000 0.0000
vt 0.6770 0.7209 0.0000
vt 0.9389 0.7052 0.0000
vt 0.9389 0.7383 0.0000
vt 0.9209 0.7383 0.0000
vt 0.9209 0.7031 0.0000
vt 0.9300 0.6984 0.0000
vt 0.0059 0.6471 0.0000
vt 0.0325 0.5748 0.0000
vt 0.1006 0.5441 0.0000
vt 0.1552 0.6471 0.0000
vt 0.1351 0.6471 0.0000
vt 0.0915 0.5441 0.0000
vt 0.1552 0.7756 0.0000
vt 0.1552 0.8422 0.0000
vt 0.1162 0.6471 0.0000
vt 0.0799 0.5441 0.0000
vt 0.6592 0.9466 0.0000
vt 0.6632 0.9624 0.0000
vt 0.6592 0.9624 0.0000
vt 0.9416 0.6909 0.0000
vt 0.5392 0.3386 0.0000
vt 0.5543 0.3386 0.0000
vt 0.5543 0.3609 0.0000
vt 0.5392 0.3609 0.0000
vt 0.9576 0.7340 0.0000
vt 0.9576 0.7082 0.0000
vt 0.9405 0.7082 0.0000
vt 0.9405 0.7340 0.0000
vt 0.4903 0.1037 0.0000
vt 0.4956 0.1056 0.0000
vt 0.4956 0.1278 0.0000
vt 0.4903 0.1296 0.0000
vt 0.5494 0.3899 0.0000
vt 0.5441 0.3890 0.0000
vt 0.5441 0.3738 0.0000
vt 0.5494 0.3729 0.0000
vt 0.4952 0.3337 0.0000
vt 0.5005 0.3355 0.0000
vt 0.5005 0.3578 0.0000
vt 0.4952 0.3596 0.0000
vt 0.5298 0.3899 0.0000
vt 0.5245 0.3890 0.0000
vt 0.5245 0.3738 0.0000
vt 0.5298 0.3729 0.0000
vt 0.9890 0.8493 0.0000
vt 0.9890 0.8864 0.0000
vt 0.9890 0.7383 0.0000
vt 0.9890 0.7014 0.0000
vt 0.0986 0.4551 0.0000
vt 0.0840 0.4551 0.0000
vt 0.0840 0.3678 0.0000
vt 0.0986 0.3678 0.0000
vt 0.1976 0.5832 0.0000
vt 0.3085 0.5832 0.0000
vt 0.3085 0.6556 0.0000
vt 0.1973 0.6556 0.0000
vt 0.7644 0.6945 0.0000
vt 0.7727 0.6909 0.0000
vt 0.6592 0.8904 0.0000
vt 0.1051 0.3257 0.0000
vt 0.1051 0.3462 0.0000
vt 0.0720 0.3462 0.0000
vt 0.0751 0.3257 0.0000
vt 0.0662 0.3426 0.0000
vt 0.5507 0.6420 0.0000
vt 0.5758 0.6420 0.0000
vt 0.6592 0.6420 0.0000
vt 0.6592 0.7583 0.0000
vt 0.0799 0.3007 0.0000
vt 0.0548 0.3007 0.0000
vt 0.0548 0.2676 0.0000
vt 0.1633 0.3007 0.0000
vt 0.5042 0.9771 0.0000
vt 0.5042 0.9863 0.0000
vt 0.3930 0.9863 0.0000
vt 0.3930 0.9771 0.0000
vt 0.7573 0.7209 0.0000
vt 0.7644 0.7278 0.0000
vt 0.5042 0.8396 0.0000
vt 0.5042 0.9051 0.0000
vt 0.3930 0.9051 0.0000
vt 0.3930 0.8396 0.0000
vt 0.6592 0.8249 0.0000
vt 0.5373 0.9051 0.0000
vt 0.5373 0.9771 0.0000
vt 0.5042 0.6566 0.0000
vt 0.5042 0.7729 0.0000
vt 0.3930 0.7729 0.0000
vt 0.3930 0.6566 0.0000
vt 0.5373 0.8396 0.0000
vt 0.5373 0.7729 0.0000
vt 0.5373 0.6566 0.0000
vt 0.1973 0.7841 0.0000
vt 0.3085 0.7841 0.0000
vt 0.3085 0.8507 0.0000
vt 0.1973 0.8507 0.0000
vt 0.0059 0.9077 0.0000
vt 0.7756 0.1233 0.0000
vt 0.7756 0.1640 0.0000
vt 0.9797 0.1640 0.0000
vt 0.9797 0.1233 0.0000
vt 0.2554 0.0189 0.0000
vt 0.2547 0.0235 0.0000
vt 0.1162 0.9797 0.0000
vt 0.1162 0.9077 0.0000
vt 0.1351 0.9077 0.0000
vt 0.1351 0.9797 0.0000
vt 0.1552 0.9077 0.0000
vt 0.1552 0.9797 0.0000
vt 0.7725 0.0059 0.0000
vt 0.7725 0.1171 0.0000
vt 0.6440 0.1171 0.0000
vt 0.6440 0.0059 0.0000
vt 0.8391 0.0059 0.0000
vt 0.8391 0.1171 0.0000
vt 0.9858 0.1171 0.0000
vt 0.9046 0.1171 0.0000
vt 0.9046 0.0059 0.0000
vt 0.9858 0.0059 0.0000
vt 0.0131 0.9797 0.0000
vt 0.0964 0.9797 0.0000
vt 0.0059 0.9797 0.0000
vt 0.9126 0.4105 0.0000
vt 0.9126 0.5217 0.0000
vt 0.8471 0.5217 0.0000
vt 0.8471 0.4105 0.0000
vt 0.6471 0.3019 0.0000
vt 0.5441 0.2678 0.0000
vt 0.5691 0.2491 0.0000
vt 0.6471 0.2186 0.0000
vt 0.9077 0.2186 0.0000
vt 0.9077 0.3019 0.0000
vt 0.8422 0.3019 0.0000
vt 0.8422 0.2186 0.0000
vt 0.7756 0.2186 0.0000
vt 0.7756 0.3019 0.0000
vt 0.7756 0.2114 0.0000
vt 0.8422 0.2114 0.0000
vt 0.7778 0.6003 0.0000
vt 0.7778 0.5752 0.0000
vt 0.8444 0.5752 0.0000
vt 0.8444 0.6003 0.0000
vt 0.9820 0.6003 0.0000
vt 0.9100 0.6003 0.0000
vt 0.9100 0.5752 0.0000
vt 0.9820 0.5752 0.0000
vt 0.3388 0.3382 0.0000
vt 0.2554 0.3544 0.0000
vt 0.2554 0.3239 0.0000
vt 0.3388 0.3239 0.0000
vt 0.3533 0.3239 0.0000
vt 0.4199 0.3239 0.0000
vt 0.4199 0.3544 0.0000
vt 0.3533 0.3544 0.0000
vt 0.5881 0.7786 0.0000
vt 0.5881 0.7643 0.0000
vt 0.6715 0.7643 0.0000
vt 0.6715 0.7947 0.0000
vt 0.7805 0.3631 0.0000
vt 0.8471 0.3631 0.0000
vt 0.8471 0.3774 0.0000
vt 0.7805 0.3774 0.0000
vt 0.8422 0.2081 0.0000
vt 0.8422 0.1674 0.0000
vt 0.9077 0.1674 0.0000
vt 0.9077 0.2081 0.0000
vt 0.5441 0.1729 0.0000
vt 0.6471 0.1674 0.0000
vt 0.6471 0.2081 0.0000
vt 0.5441 0.2081 0.0000
vt 0.0582 0.3337 0.0000
vt 0.0603 0.3345 0.0000
vt 0.0331 0.4094 0.0000
vt 0.0169 0.4035 0.0000
vt 0.0986 0.0352 0.0000
vt 0.0986 0.0420 0.0000
vt 0.0783 0.0420 0.0000
vt 0.0603 0.0420 0.0000
vt 0.0570 0.0352 0.0000
vt 0.0057 0.1449 0.0000
vt 0.0010 0.1449 0.0000
vt 0.0010 0.3401 0.0000
vt 0.0057 0.3401 0.0000
vt 0.0057 0.4056 0.0000
vt 0.0010 0.4056 0.0000
vt 0.0394 0.4868 0.0000
vt 0.0010 0.4868 0.0000
vt 0.0057 0.4776 0.0000
vt 0.0394 0.4776 0.0000
vt 0.8422 0.3217 0.0000
vt 0.8422 0.3406 0.0000
vt 0.7756 0.3406 0.0000
vt 0.7756 0.3217 0.0000
vt 0.0799 0.1564 0.0000
vt 0.1633 0.1564 0.0000
vt 0.1633 0.1863 0.0000
vt 0.0799 0.1863 0.0000
vt 0.4218 0.1822 0.0000
vt 0.4218 0.0989 0.0000
vt 0.4440 0.1072 0.0000
vt 0.4440 0.1739 0.0000
vt 0.7727 0.7325 0.0000
vt 0.7573 0.7000 0.0000
vt 0.9389 0.8826 0.0000
vt 0.9300 0.8894 0.0000
vt 0.9209 0.8847 0.0000
vt 0.9209 0.8495 0.0000
vt 0.9389 0.8495 0.0000
vt 0.5748 0.2380 0.0000
vt 0.6471 0.2114 0.0000
vt 0.5441 0.3061 0.0000
vt 0.5441 0.2970 0.0000
vt 0.6471 0.3406 0.0000
vt 0.6471 0.3607 0.0000
vt 0.8422 0.3607 0.0000
vt 0.7756 0.3607 0.0000
vt 0.5441 0.2854 0.0000
vt 0.6471 0.3217 0.0000
vt 0.9416 0.8969 0.0000
vt 0.5343 0.3364 0.0000
vt 0.5343 0.3141 0.0000
vt 0.5494 0.3141 0.0000
vt 0.5494 0.3364 0.0000
vt 0.9576 0.8796 0.0000
vt 0.9576 0.8537 0.0000
vt 0.9405 0.8796 0.0000
vt 0.9405 0.8537 0.0000
vt 0.4805 0.1296 0.0000
vt 0.4805 0.1037 0.0000
vt 0.4859 0.1056 0.0000
vt 0.4859 0.1278 0.0000
vt 0.1576 0.5735 0.0000
vt 0.1746 0.5735 0.0000
vt 0.1737 0.5787 0.0000
vt 0.1585 0.5787 0.0000
vt 0.9516 0.8185 0.0000
vt 0.9257 0.8185 0.0000
vt 0.9275 0.8132 0.0000
vt 0.9498 0.8132 0.0000
vt 0.5396 0.3729 0.0000
vt 0.5396 0.3899 0.0000
vt 0.5343 0.3890 0.0000
vt 0.5343 0.3738 0.0000
vt 0.4200 0.3214 0.0000
vt 0.3533 0.3214 0.0000
vt 0.3533 0.2701 0.0000
vt 0.4200 0.2701 0.0000
vt 0.0010 0.6064 0.0000
vt 0.0010 0.4952 0.0000
vt 0.0077 0.4952 0.0000
vt 0.0077 0.6064 0.0000
vt 0.8132 0.8230 0.0000
vt 0.8645 0.8230 0.0000
vt 0.8645 0.8452 0.0000
vt 0.8132 0.8452 0.0000
vt 0.9687 0.4105 0.0000
vt 0.9687 0.5217 0.0000
vt 0.7805 0.5217 0.0000
vt 0.7805 0.4105 0.0000
vt 0.9661 0.6836 0.0000
vt 0.9100 0.6836 0.0000
vt 0.9820 0.6836 0.0000
vt 0.0180 0.4595 0.0000
vt 0.0155 0.4406 0.0000
vt 0.0222 0.4392 0.0000
vt 0.0533 0.4505 0.0000
vt 0.0463 0.4698 0.0000
vt 0.6615 0.5752 0.0000
vt 0.6615 0.6003 0.0000
vt 0.7778 0.6836 0.0000
vt 0.6615 0.6836 0.0000
vt 0.0799 0.1233 0.0000
vt 0.0548 0.1564 0.0000
vt 0.0548 0.1233 0.0000
vt 0.1633 0.1233 0.0000
vt 0.5343 0.1171 0.0000
vt 0.5343 0.0059 0.0000
vt 0.3085 0.9162 0.0000
vt 0.1973 0.9162 0.0000
vt 0.6642 0.4917 0.0000
vt 0.6420 0.4917 0.0000
vt 0.6420 0.4404 0.0000
vt 0.6642 0.4404 0.0000
vt 0.8444 0.6836 0.0000
vt 0.3599 0.9771 0.0000
vt 0.3599 0.9051 0.0000
vt 0.3599 0.8396 0.0000
vt 0.3599 0.7729 0.0000
vt 0.3599 0.6566 0.0000
vt 0.9077 0.2114 0.0000
vt 0.7756 0.1674 0.0000
vt 0.7756 0.2081 0.0000
vt 0.9797 0.1674 0.0000
vt 0.9797 0.2081 0.0000
vt 0.0057 0.2735 0.0000
vt 0.0010 0.2735 0.0000
vt 0.9797 0.3217 0.0000
vt 0.9797 0.3406 0.0000
vt 0.9077 0.3406 0.0000
vt 0.9077 0.3217 0.0000
vt 0.9797 0.3607 0.0000
vt 0.9077 0.3607 0.0000
vt 0.9797 0.2186 0.0000
vt 0.9797 0.3019 0.0000
vt 0.9797 0.2114 0.0000
vt 0.0450 0.2819 0.0000
vt 0.0450 0.1707 0.0000
vt 0.0482 0.1707 0.0000
vt 0.0482 0.2819 0.0000
vt 0.9846 0.4105 0.0000
vt 0.9846 0.5217 0.0000
vt 0.6642 0.4105 0.0000
vt 0.6642 0.5217 0.0000
vt 0.3085 0.9882 0.0000
vt 0.1973 0.9882 0.0000
vt 0.1604 0.5832 0.0000
vt 0.1576 0.6556 0.0000
vt 0.3454 0.5832 0.0000
vt 0.3483 0.6556 0.0000
vt 0.1576 0.7841 0.0000
vt 0.1576 0.8507 0.0000
vt 0.3483 0.8507 0.0000
vt 0.3483 0.7841 0.0000
vt 0.9126 0.3774 0.0000
vt 0.9126 0.5548 0.0000
vt 0.9689 0.5548 0.0000
vt 0.9688 0.3774 0.0000
vt 0.3483 0.9162 0.0000
vt 0.1576 0.9162 0.0000
vt 0.0450 0.3150 0.0000
vt 0.0482 0.3150 0.0000
vt 0.9846 0.3774 0.0000
vt 0.9846 0.5548 0.0000
vt 0.1642 0.9882 0.0000
vt 0.1576 0.9882 0.0000
vt 0.3483 0.9882 0.0000
vt 0.3416 0.9882 0.0000
vt 0.6642 0.3774 0.0000
vt 0.6642 0.5548 0.0000
vt 0.9820 0.6876 0.0000
vt 0.0720 0.3779 0.0000
vt 0.0548 0.3779 0.0000
vt 0.0548 0.3601 0.0000
vt 0.0108 0.4202 0.0000
vt 0.0720 0.4576 0.0000
vt 0.0698 0.4576 0.0000
vt 0.0522 0.3150 0.0000
vt 0.0522 0.3293 0.0000
vt 0.0450 0.3217 0.0000
vt 0.0964 0.9863 0.0000
vt 0.0167 0.9863 0.0000
vt 0.5312 0.3040 0.0000
vt 0.5245 0.2985 0.0000
vt 0.5245 0.2963 0.0000
vt 0.5312 0.2897 0.0000
vt 0.6555 0.9690 0.0000
vt 0.5758 0.9690 0.0000
vt 0.5441 0.9690 0.0000
vt 0.5439 0.9837 0.0000
vt 0.5108 0.9837 0.0000
vt 0.1118 0.3528 0.0000
vt 0.1118 0.3190 0.0000
vt 0.9863 0.1299 0.0000
vt 0.9863 0.1600 0.0000
vt 0.1486 0.9863 0.0000
vt 0.1317 0.9863 0.0000
vt 0.1142 0.9863 0.0000
vt 0.9886 0.5686 0.0000
vt 0.9886 0.6003 0.0000
vt 0.9886 0.6800 0.0000
vt 0.4920 0.1719 0.0000
vt 0.4854 0.1653 0.0000
vt 0.4854 0.1630 0.0000
vt 0.4920 0.1576 0.0000
vt 0.9863 0.2222 0.0000
vt 0.9863 0.3019 0.0000
vt 0.9863 0.3197 0.0000
vt 0.9863 0.3372 0.0000
vt 0.9863 0.3541 0.0000
vt 0.9863 0.1714 0.0000
vt 0.9863 0.2014 0.0000
vt 0.0502 0.4783 0.0000
vt 0.0618 0.4465 0.0000
vt 0.3864 0.9837 0.0000
vt 0.3533 0.9837 0.0000
vt 0.1082 0.4648 0.0000
vt 0.0744 0.4648 0.0000
vt 0.0774 0.4618 0.0000
vt 0.1052 0.4618 0.0000
vt 0.1082 0.3582 0.0000
vt 0.1052 0.3612 0.0000
vt 0.0744 0.3582 0.0000
vt 0.0774 0.3612 0.0000
vt 0.4638 0.0847 0.0000
vt 0.4686 0.0512 0.0000
vt 0.3953 0.9886 0.0000
vt 0.5019 0.9886 0.0000
vt 0.0033 0.4891 0.0000
vt 0.0371 0.4891 0.0000
vt 0.9881 0.1148 0.0000
vt 0.9881 0.0082 0.0000
vt 0.4432 0.3141 0.0000
vt 0.4749 0.3141 0.0000
vt 0.4625 0.3294 0.0000
vt 0.4316 0.3294 0.0000
vt 0.4316 0.3022 0.0000
vt 0.4625 0.3022 0.0000
vt 0.4625 0.3095 0.0000
vt 0.4316 0.3095 0.0000
vt 0.4749 0.2946 0.0000
vt 0.4749 0.3095 0.0000
vt 0.0970 0.5360 0.0000
vt 0.0673 0.5275 0.0000
vt 0.0662 0.5196 0.0000
vt 0.0990 0.5291 0.0000
vt 0.0517 0.5368 0.0000
vt 0.0450 0.5349 0.0000
vt 0.9061 0.8132 0.0000
vt 0.9061 0.8361 0.0000
vt 0.8719 0.8361 0.0000
vt 0.8719 0.8132 0.0000
vt 0.4560 0.2671 0.0000
vt 0.4713 0.2554 0.0000
vt 0.4713 0.2864 0.0000
vt 0.4560 0.2987 0.0000
vt 0.1502 0.6119 0.0000
vt 0.1429 0.6119 0.0000
vt 0.1429 0.5809 0.0000
vt 0.1502 0.5809 0.0000
vt 0.1429 0.5686 0.0000
vt 0.1578 0.5686 0.0000
vt 0.8303 0.9075 0.0000
vt 0.8230 0.9075 0.0000
vt 0.8230 0.8734 0.0000
vt 0.8303 0.8766 0.0000
vt 0.8435 0.8572 0.0000
vt 0.8435 0.8642 0.0000
vt 0.9222 0.8361 0.0000
vt 0.9222 0.8132 0.0000
vt 0.4316 0.3454 0.0000
vt 0.4468 0.3337 0.0000
vt 0.4468 0.3647 0.0000
vt 0.4316 0.3770 0.0000
vt 0.4536 0.2938 0.0000
vt 0.4462 0.2938 0.0000
vt 0.4462 0.2629 0.0000
vt 0.4536 0.2629 0.0000
vt 0.4462 0.2505 0.0000
vt 0.4612 0.2505 0.0000
vt 0.8205 0.8977 0.0000
vt 0.8132 0.8977 0.0000
vt 0.8132 0.8636 0.0000
vt 0.8205 0.8668 0.0000
vt 0.8337 0.8475 0.0000
vt 0.8337 0.8544 0.0000
vt 0.8734 0.8475 0.0000
vt 0.9075 0.8475 0.0000
vt 0.9075 0.8704 0.0000
vt 0.8734 0.8704 0.0000
vt 0.5196 0.5856 0.0000
vt 0.5196 0.5539 0.0000
vt 0.5329 0.5663 0.0000
vt 0.5329 0.5972 0.0000
vt 0.3631 0.4539 0.0000
vt 0.3940 0.4539 0.0000
vt 0.3940 0.4612 0.0000
vt 0.3631 0.4612 0.0000
vt 0.4064 0.4462 0.0000
vt 0.4064 0.4612 0.0000
vt 0.9363 0.7967 0.0000
vt 0.9448 0.7669 0.0000
vt 0.9527 0.7659 0.0000
vt 0.9433 0.7987 0.0000
vt 0.9355 0.7514 0.0000
vt 0.9375 0.7447 0.0000
vt 0.8572 0.8704 0.0000
vt 0.8572 0.8475 0.0000
vt 0.6458 0.5878 0.0000
vt 0.6318 0.6018 0.0000
vt 0.6121 0.6018 0.0000
vt 0.5981 0.5878 0.0000
vt 0.5981 0.5681 0.0000
vt 0.6121 0.5541 0.0000
vt 0.6318 0.5541 0.0000
vt 0.6458 0.5681 0.0000
vt 0.2790 0.4511 0.0000
vt 0.2790 0.4603 0.0000
vt 0.2621 0.4603 0.0000
vt 0.2621 0.4511 0.0000
vt 0.2381 0.4603 0.0000
vt 0.2381 0.4511 0.0000
vt 0.2212 0.4603 0.0000
vt 0.2212 0.4511 0.0000
vt 0.4554 0.1616 0.0000
vt 0.4462 0.1616 0.0000
vt 0.4462 0.1447 0.0000
vt 0.4554 0.1447 0.0000
vt 0.4462 0.1207 0.0000
vt 0.4554 0.1207 0.0000
vt 0.4462 0.1037 0.0000
vt 0.4554 0.1037 0.0000
vt 0.2988 0.4653 0.0000
vt 0.2897 0.4653 0.0000
vt 0.2897 0.4414 0.0000
vt 0.2988 0.4414 0.0000
vt 0.6262 0.4507 0.0000
vt 0.6122 0.4647 0.0000
vt 0.5925 0.4647 0.0000
vt 0.5785 0.4507 0.0000
vt 0.5785 0.4310 0.0000
vt 0.5924 0.4170 0.0000
vt 0.6122 0.4170 0.0000
vt 0.6262 0.4310 0.0000
vt 0.6340 0.6069 0.0000
vt 0.6509 0.5899 0.0000
vt 0.6509 0.5659 0.0000
vt 0.6340 0.5490 0.0000
vt 0.6100 0.5490 0.0000
vt 0.5930 0.5659 0.0000
vt 0.5930 0.5899 0.0000
vt 0.6100 0.6069 0.0000
vt 0.6144 0.4120 0.0000
vt 0.5904 0.4120 0.0000
vt 0.5735 0.4290 0.0000
vt 0.5735 0.4529 0.0000
vt 0.5904 0.4699 0.0000
vt 0.6144 0.4699 0.0000
vt 0.6313 0.4529 0.0000
vt 0.6313 0.4289 0.0000
vt 0.3577 0.5003 0.0000
vt 0.3774 0.5003 0.0000
vt 0.3914 0.5142 0.0000
vt 0.3914 0.5340 0.0000
vt 0.3774 0.5480 0.0000
vt 0.3577 0.5480 0.0000
vt 0.3437 0.5340 0.0000
vt 0.3437 0.5142 0.0000
vt 0.8835 0.7202 0.0000
vt 0.9004 0.7202 0.0000
vt 0.9004 0.7294 0.0000
vt 0.8835 0.7294 0.0000
vt 0.5050 0.3577 0.0000
vt 0.5050 0.3337 0.0000
vt 0.5141 0.3337 0.0000
vt 0.5141 0.3577 0.0000
vt 0.5679 0.3484 0.0000
vt 0.5679 0.3653 0.0000
vt 0.5588 0.3653 0.0000
vt 0.5588 0.3484 0.0000
vt 0.9764 0.9985 0.0000
vt 0.9595 0.9985 0.0000
vt 0.9595 0.9894 0.0000
vt 0.9764 0.9894 0.0000
vt 0.9355 0.9985 0.0000
vt 0.9355 0.9894 0.0000
vt 0.8426 0.7202 0.0000
vt 0.8595 0.7202 0.0000
vt 0.8595 0.7294 0.0000
vt 0.8426 0.7294 0.0000
vt 0.6270 0.4905 0.0000
vt 0.6410 0.5044 0.0000
vt 0.6410 0.5242 0.0000
vt 0.6270 0.5382 0.0000
vt 0.6073 0.5382 0.0000
vt 0.5933 0.5242 0.0000
vt 0.5933 0.5044 0.0000
vt 0.6073 0.4905 0.0000
vt 0.3556 0.5530 0.0000
vt 0.3386 0.5361 0.0000
vt 0.3386 0.5121 0.0000
vt 0.3556 0.4952 0.0000
vt 0.3795 0.4952 0.0000
vt 0.3965 0.5121 0.0000
vt 0.3965 0.5361 0.0000
vt 0.3795 0.5530 0.0000
vt 0.6291 0.4854 0.0000
vt 0.6460 0.5023 0.0000
vt 0.6460 0.5263 0.0000
vt 0.6291 0.5433 0.0000
vt 0.6051 0.5433 0.0000
vt 0.5881 0.5263 0.0000
vt 0.5881 0.5023 0.0000
vt 0.6051 0.4854 0.0000
vt 0.4952 0.6273 0.0000
vt 0.5046 0.6273 0.0000
vt 0.5046 0.6320 0.0000
vt 0.4952 0.6320 0.0000
vt 0.4840 0.5592 0.0000
vt 0.4773 0.5592 0.0000
vt 0.4773 0.5499 0.0000
vt 0.4840 0.5499 0.0000
vt 0.6077 0.9796 0.0000
vt 0.6171 0.9796 0.0000
vt 0.6171 0.9843 0.0000
vt 0.6077 0.9843 0.0000
vt 0.4854 0.6049 0.0000
vt 0.4854 0.5982 0.0000
vt 0.4947 0.5982 0.0000
vt 0.4947 0.6049 0.0000
vt 0.4854 0.6210 0.0000
vt 0.4854 0.6143 0.0000
vt 0.4947 0.6143 0.0000
vt 0.4947 0.6210 0.0000
vt 0.9257 0.8328 0.0000
vt 0.9352 0.8328 0.0000
vt 0.9352 0.8375 0.0000
vt 0.9257 0.8375 0.0000
vt 0.4679 0.5592 0.0000
vt 0.4612 0.5592 0.0000
vt 0.4612 0.5499 0.0000
vt 0.4679 0.5499 0.0000
vt 0.4773 0.5147 0.0000
vt 0.4679 0.5147 0.0000
vt 0.4840 0.5147 0.0000
vt 0.8688 0.9502 0.0000
vt 0.8688 0.9854 0.0000
vt 0.8593 0.9854 0.0000
vt 0.8593 0.9502 0.0000
vt 0.5299 0.6049 0.0000
vt 0.5299 0.5982 0.0000
vt 0.5299 0.6143 0.0000
vt 0.5299 0.6210 0.0000
vt 0.4434 0.2265 0.0000
vt 0.4434 0.1913 0.0000
vt 0.4529 0.1913 0.0000
vt 0.4529 0.2265 0.0000
vt 0.4612 0.5147 0.0000
vt 0.8527 0.9947 0.0000
vt 0.8426 0.9947 0.0000
vt 0.8426 0.9899 0.0000
vt 0.8527 0.9854 0.0000
vt 0.5686 0.4022 0.0000
vt 0.5796 0.4022 0.0000
vt 0.5796 0.4116 0.0000
vt 0.5686 0.4116 0.0000
vt 0.4368 0.1913 0.0000
vt 0.4267 0.1868 0.0000
vt 0.4267 0.1820 0.0000
vt 0.4368 0.1820 0.0000
vt 0.4854 0.5881 0.0000
vt 0.4901 0.5881 0.0000
vt 0.5196 0.4414 0.0000
vt 0.5307 0.4414 0.0000
vt 0.5307 0.4508 0.0000
vt 0.5196 0.4508 0.0000
vt 0.4941 0.5545 0.0000
vt 0.4941 0.5592 0.0000
vt 0.4595 0.1820 0.0000
vt 0.4696 0.1820 0.0000
vt 0.4696 0.1868 0.0000
vt 0.4595 0.1913 0.0000
vt 0.5539 0.4071 0.0000
vt 0.5650 0.4071 0.0000
vt 0.5650 0.4165 0.0000
vt 0.5539 0.4165 0.0000
vt 0.8754 0.9854 0.0000
vt 0.8855 0.9899 0.0000
vt 0.8855 0.9947 0.0000
vt 0.8754 0.9947 0.0000
vt 0.4511 0.5592 0.0000
vt 0.4511 0.5545 0.0000
vt 0.5294 0.4267 0.0000
vt 0.5405 0.4267 0.0000
vt 0.5405 0.4361 0.0000
vt 0.5294 0.4361 0.0000
vt 0.4901 0.6311 0.0000
vt 0.4854 0.6311 0.0000
vt 0.5878 0.9796 0.0000
vt 0.5878 0.9843 0.0000
vt 0.5784 0.9843 0.0000
vt 0.5784 0.9796 0.0000
vt 0.9213 0.9782 0.0000
vt 0.9120 0.9782 0.0000
vt 0.9120 0.9715 0.0000
vt 0.9213 0.9715 0.0000
vt 0.5340 0.6273 0.0000
vt 0.5340 0.6320 0.0000
vt 0.5245 0.6320 0.0000
vt 0.5245 0.6273 0.0000
vt 0.3354 0.4614 0.0000
vt 0.3354 0.4521 0.0000
vt 0.3421 0.4521 0.0000
vt 0.3421 0.4614 0.0000
vt 0.3193 0.4614 0.0000
vt 0.3193 0.4521 0.0000
vt 0.3260 0.4521 0.0000
vt 0.3260 0.4614 0.0000
vt 0.9058 0.9942 0.0000
vt 0.9058 0.9990 0.0000
vt 0.8964 0.9990 0.0000
vt 0.8964 0.9942 0.0000
vt 0.9213 0.9621 0.0000
vt 0.9120 0.9621 0.0000
vt 0.9120 0.9554 0.0000
vt 0.9213 0.9554 0.0000
vt 0.8768 0.9715 0.0000
vt 0.8768 0.9621 0.0000
vt 0.8768 0.9782 0.0000
vt 0.5165 0.5837 0.0000
vt 0.5070 0.5837 0.0000
vt 0.5070 0.5485 0.0000
vt 0.5165 0.5485 0.0000
vt 0.3354 0.4169 0.0000
vt 0.3421 0.4169 0.0000
vt 0.3260 0.4169 0.0000
vt 0.3193 0.4169 0.0000
vt 0.6326 0.6098 0.0000
vt 0.6326 0.6192 0.0000
vt 0.5975 0.6192 0.0000
vt 0.5975 0.6098 0.0000
vt 0.8768 0.9554 0.0000
vt 0.5004 0.5392 0.0000
vt 0.5004 0.5485 0.0000
vt 0.4903 0.5440 0.0000
vt 0.4903 0.5392 0.0000
vt 0.5245 0.4120 0.0000
vt 0.5340 0.4120 0.0000
vt 0.5340 0.4231 0.0000
vt 0.5245 0.4231 0.0000
vt 0.5975 0.6031 0.0000
vt 0.5881 0.6031 0.0000
vt 0.5881 0.5930 0.0000
vt 0.5929 0.5930 0.0000
vt 0.3522 0.4566 0.0000
vt 0.3522 0.4614 0.0000
vt 0.5001 0.4414 0.0000
vt 0.5095 0.4414 0.0000
vt 0.5095 0.4524 0.0000
vt 0.5001 0.4524 0.0000
vt 0.9213 0.9883 0.0000
vt 0.9166 0.9883 0.0000
vt 0.5881 0.6259 0.0000
vt 0.5975 0.6259 0.0000
vt 0.5929 0.6360 0.0000
vt 0.5881 0.6360 0.0000
vt 0.5486 0.4231 0.0000
vt 0.5392 0.4231 0.0000
vt 0.5392 0.4120 0.0000
vt 0.5486 0.4120 0.0000
vt 0.5231 0.5485 0.0000
vt 0.5231 0.5392 0.0000
vt 0.5332 0.5392 0.0000
vt 0.5332 0.5440 0.0000
vt 0.9166 0.9453 0.0000
vt 0.9213 0.9453 0.0000
vt 0.5050 0.4655 0.0000
vt 0.5050 0.4560 0.0000
vt 0.5160 0.4560 0.0000
vt 0.5160 0.4655 0.0000
vt 0.3092 0.4614 0.0000
vt 0.3092 0.4566 0.0000
vt 0.5196 0.2720 0.0000
vt 0.5349 0.2603 0.0000
vt 0.5349 0.2822 0.0000
vt 0.5196 0.2946 0.0000
vt 0.5077 0.2897 0.0000
vt 0.5150 0.2897 0.0000
vt 0.5150 0.3116 0.0000
vt 0.5077 0.3116 0.0000
vt 0.5150 0.3239 0.0000
vt 0.5001 0.3239 0.0000
vt 0.4927 0.2820 0.0000
vt 0.4854 0.2820 0.0000
vt 0.4854 0.2569 0.0000
vt 0.4927 0.2601 0.0000
vt 0.5059 0.2407 0.0000
vt 0.5059 0.2477 0.0000
vt 0.4594 0.4169 0.0000
vt 0.4594 0.4420 0.0000
vt 0.4365 0.4420 0.0000
vt 0.4365 0.4169 0.0000
vt 0.5068 0.2554 0.0000
vt 0.5294 0.2554 0.0000
vt 0.5171 0.2707 0.0000
vt 0.4952 0.2707 0.0000
vt 0.4636 0.3777 0.0000
vt 0.4636 0.3559 0.0000
vt 0.4710 0.3559 0.0000
vt 0.4710 0.3777 0.0000
vt 0.4560 0.3435 0.0000
vt 0.4710 0.3435 0.0000
vt 0.8173 0.9314 0.0000
vt 0.7968 0.9239 0.0000
vt 0.7962 0.9160 0.0000
vt 0.8198 0.9245 0.0000
vt 0.7806 0.9321 0.0000
vt 0.7741 0.9297 0.0000
vt 0.4594 0.4581 0.0000
vt 0.4365 0.4581 0.0000
vt 0.4726 0.3875 0.0000
vt 0.4952 0.3875 0.0000
vt 0.4828 0.4028 0.0000
vt 0.4609 0.4028 0.0000
vt 0.4832 0.3777 0.0000
vt 0.4832 0.3559 0.0000
vt 0.4905 0.3559 0.0000
vt 0.4905 0.3777 0.0000
vt 0.4756 0.3435 0.0000
vt 0.4905 0.3435 0.0000
vt 0.7684 0.9314 0.0000
vt 0.7478 0.9239 0.0000
vt 0.7473 0.9160 0.0000
vt 0.7709 0.9245 0.0000
vt 0.7317 0.9321 0.0000
vt 0.7251 0.9297 0.0000
vt 0.4952 0.1967 0.0000
vt 0.5181 0.1967 0.0000
vt 0.5181 0.2218 0.0000
vt 0.4952 0.2218 0.0000
vt 0.4903 0.2964 0.0000
vt 0.5056 0.2848 0.0000
vt 0.5056 0.3067 0.0000
vt 0.4903 0.3190 0.0000
vt 0.4783 0.2995 0.0000
vt 0.4856 0.2995 0.0000
vt 0.4856 0.3213 0.0000
vt 0.4783 0.3213 0.0000
vt 0.4856 0.3337 0.0000
vt 0.4707 0.3337 0.0000
vt 0.5657 0.2246 0.0000
vt 0.5657 0.2319 0.0000
vt 0.5406 0.2319 0.0000
vt 0.5439 0.2246 0.0000
vt 0.5245 0.2114 0.0000
vt 0.5315 0.2114 0.0000
vt 0.5181 0.2379 0.0000
vt 0.4952 0.2379 0.0000
vt 0.8178 0.7058 0.0000
vt 0.8317 0.7197 0.0000
vt 0.8317 0.7395 0.0000
vt 0.8178 0.7534 0.0000
vt 0.7980 0.7534 0.0000
vt 0.7841 0.7395 0.0000
vt 0.7841 0.7197 0.0000
vt 0.7980 0.7058 0.0000
vt 0.2283 0.5050 0.0000
vt 0.2283 0.5141 0.0000
vt 0.2114 0.5141 0.0000
vt 0.2114 0.5050 0.0000
vt 0.5288 0.3626 0.0000
vt 0.5196 0.3626 0.0000
vt 0.5196 0.3386 0.0000
vt 0.5288 0.3386 0.0000
vt 0.5343 0.4015 0.0000
vt 0.5343 0.3924 0.0000
vt 0.5513 0.3924 0.0000
vt 0.5513 0.4015 0.0000
vt 0.5630 0.3947 0.0000
vt 0.5539 0.3947 0.0000
vt 0.5539 0.3777 0.0000
vt 0.5630 0.3777 0.0000
vt 0.5092 0.3919 0.0000
vt 0.5001 0.3919 0.0000
vt 0.5001 0.3680 0.0000
vt 0.5092 0.3680 0.0000
vt 0.2693 0.5050 0.0000
vt 0.2693 0.5141 0.0000
vt 0.2523 0.5141 0.0000
vt 0.2523 0.5050 0.0000
vt 0.3674 0.3976 0.0000
vt 0.3872 0.3976 0.0000
vt 0.4012 0.4116 0.0000
vt 0.4012 0.4313 0.0000
vt 0.3872 0.4453 0.0000
vt 0.3674 0.4453 0.0000
vt 0.3535 0.4313 0.0000
vt 0.3535 0.4116 0.0000
vt 0.8368 0.7176 0.0000
vt 0.8199 0.7007 0.0000
vt 0.7959 0.7007 0.0000
vt 0.7790 0.7176 0.0000
vt 0.7790 0.7416 0.0000
vt 0.7959 0.7585 0.0000
vt 0.8199 0.7585 0.0000
vt 0.8368 0.7416 0.0000
vt 0.3484 0.4333 0.0000
vt 0.3653 0.4503 0.0000
vt 0.3893 0.4503 0.0000
vt 0.4063 0.4333 0.0000
vt 0.4063 0.4094 0.0000
vt 0.3893 0.3924 0.0000
vt 0.3653 0.3924 0.0000
vt 0.3484 0.4094 0.0000
vt 0.4361 0.5577 0.0000
vt 0.4164 0.5577 0.0000
vt 0.4024 0.5438 0.0000
vt 0.4024 0.5240 0.0000
vt 0.4164 0.5101 0.0000
vt 0.4361 0.5101 0.0000
vt 0.4501 0.5240 0.0000
vt 0.4501 0.5438 0.0000
vt 0.8181 0.6344 0.0000
vt 0.8181 0.6175 0.0000
vt 0.8272 0.6175 0.0000
vt 0.8272 0.6344 0.0000
vt 0.5196 0.3283 0.0000
vt 0.5196 0.3044 0.0000
vt 0.5288 0.3044 0.0000
vt 0.5288 0.3283 0.0000
vt 0.5050 0.3973 0.0000
vt 0.5219 0.3973 0.0000
vt 0.5219 0.4064 0.0000
vt 0.5050 0.4064 0.0000
vt 0.7416 0.9642 0.0000
vt 0.7246 0.9642 0.0000
vt 0.7246 0.9551 0.0000
vt 0.7416 0.9551 0.0000
vt 0.7007 0.9642 0.0000
vt 0.7007 0.9551 0.0000
vt 0.8181 0.6754 0.0000
vt 0.8181 0.6584 0.0000
vt 0.8272 0.6584 0.0000
vt 0.8272 0.6754 0.0000
vt 0.6128 0.3538 0.0000
vt 0.6266 0.3679 0.0000
vt 0.6264 0.3877 0.0000
vt 0.6122 0.4015 0.0000
vt 0.5925 0.4012 0.0000
vt 0.5787 0.3870 0.0000
vt 0.5789 0.3673 0.0000
vt 0.5931 0.3535 0.0000
vt 0.4382 0.5050 0.0000
vt 0.4552 0.5219 0.0000
vt 0.4552 0.5459 0.0000
vt 0.4382 0.5628 0.0000
vt 0.4143 0.5628 0.0000
vt 0.3973 0.5459 0.0000
vt 0.3973 0.5219 0.0000
vt 0.4143 0.5050 0.0000
vt 0.6149 0.3487 0.0000
vt 0.6316 0.3659 0.0000
vt 0.6313 0.3898 0.0000
vt 0.6142 0.4066 0.0000
vt 0.5902 0.4063 0.0000
vt 0.5735 0.3891 0.0000
vt 0.5738 0.3651 0.0000
vt 0.5909 0.3484 0.0000
vt 0.4365 0.4609 0.0000
vt 0.4459 0.4609 0.0000
vt 0.4459 0.4657 0.0000
vt 0.4365 0.4657 0.0000
vt 0.5306 0.1677 0.0000
vt 0.5306 0.1743 0.0000
vt 0.5213 0.1743 0.0000
vt 0.5213 0.1677 0.0000
vt 0.9404 0.8328 0.0000
vt 0.9498 0.8328 0.0000
vt 0.9498 0.8376 0.0000
vt 0.9404 0.8376 0.0000
vt 0.4318 0.4088 0.0000
vt 0.4318 0.4155 0.0000
vt 0.4226 0.4155 0.0000
vt 0.4226 0.4088 0.0000
vt 0.4318 0.3927 0.0000
vt 0.4318 0.3994 0.0000
vt 0.4226 0.3994 0.0000
vt 0.4226 0.3927 0.0000
vt 0.5930 0.9796 0.0000
vt 0.6025 0.9796 0.0000
vt 0.6025 0.9844 0.0000
vt 0.5930 0.9844 0.0000
vt 0.5306 0.1838 0.0000
vt 0.5306 0.1904 0.0000
vt 0.5213 0.1904 0.0000
vt 0.5213 0.1838 0.0000
vt 0.5001 0.1743 0.0000
vt 0.5001 0.1838 0.0000
vt 0.5087 0.1677 0.0000
vt 0.0355 0.5605 0.0000
vt 0.0298 0.5605 0.0000
vt 0.0298 0.5511 0.0000
vt 0.0425 0.5511 0.0000
vt 0.4169 0.4088 0.0000
vt 0.4169 0.4155 0.0000
vt 0.4169 0.3994 0.0000
vt 0.4169 0.3927 0.0000
vt 0.7905 0.9649 0.0000
vt 0.7905 0.9843 0.0000
vt 0.7810 0.9843 0.0000
vt 0.7810 0.9786 0.0000
vt 0.5019 0.1904 0.0000
vt 0.0206 0.5444 0.0000
vt 0.0206 0.5343 0.0000
vt 0.0254 0.5343 0.0000
vt 0.0298 0.5444 0.0000
vt 0.5490 0.4573 0.0000
vt 0.5490 0.4462 0.0000
vt 0.5584 0.4462 0.0000
vt 0.5584 0.4573 0.0000
vt 0.7971 0.9843 0.0000
vt 0.8072 0.9888 0.0000
vt 0.8072 0.9935 0.0000
vt 0.7971 0.9935 0.0000
vt 0.4318 0.4256 0.0000
vt 0.4271 0.4256 0.0000
vt 0.5050 0.5196 0.0000
vt 0.5160 0.5196 0.0000
vt 0.5160 0.5291 0.0000
vt 0.5050 0.5291 0.0000
vt 0.5258 0.1576 0.0000
vt 0.5306 0.1576 0.0000
vt 0.7744 0.9935 0.0000
vt 0.7643 0.9935 0.0000
vt 0.7643 0.9888 0.0000
vt 0.7744 0.9843 0.0000
vt 0.5343 0.4573 0.0000
vt 0.5343 0.4462 0.0000
vt 0.5437 0.4462 0.0000
vt 0.5437 0.4573 0.0000
vt 0.0298 0.5672 0.0000
vt 0.0254 0.5773 0.0000
vt 0.0206 0.5773 0.0000
vt 0.0206 0.5672 0.0000
vt 0.5306 0.2005 0.0000
vt 0.5258 0.2005 0.0000
vt 0.5307 0.5291 0.0000
vt 0.5196 0.5291 0.0000
vt 0.5196 0.5196 0.0000
vt 0.5307 0.5196 0.0000
vt 0.4270 0.3826 0.0000
vt 0.4318 0.3826 0.0000
vt 0.5686 0.2260 0.0000
vt 0.5686 0.2212 0.0000
vt 0.5780 0.2212 0.0000
vt 0.5780 0.2260 0.0000
vt 0.8290 0.9831 0.0000
vt 0.8197 0.9831 0.0000
vt 0.8197 0.9764 0.0000
vt 0.8290 0.9764 0.0000
vt 0.6318 0.9796 0.0000
vt 0.6318 0.9844 0.0000
vt 0.6224 0.9844 0.0000
vt 0.6224 0.9796 0.0000
vt 0.4169 0.4480 0.0000
vt 0.4262 0.4480 0.0000
vt 0.4262 0.4546 0.0000
vt 0.4169 0.4546 0.0000
vt 0.4169 0.4319 0.0000
vt 0.4262 0.4319 0.0000
vt 0.4262 0.4385 0.0000
vt 0.4169 0.4385 0.0000
vt 0.5193 0.6273 0.0000
vt 0.5193 0.6321 0.0000
vt 0.5099 0.6321 0.0000
vt 0.5099 0.6273 0.0000
vt 0.8290 0.9670 0.0000
vt 0.8197 0.9670 0.0000
vt 0.8197 0.9603 0.0000
vt 0.8290 0.9603 0.0000
vt 0.7985 0.9764 0.0000
vt 0.7985 0.9670 0.0000
vt 0.8071 0.9831 0.0000
vt 0.4434 0.3893 0.0000
vt 0.4365 0.3798 0.0000
vt 0.4491 0.3798 0.0000
vt 0.4491 0.3893 0.0000
vt 0.4318 0.4480 0.0000
vt 0.4318 0.4546 0.0000
vt 0.4318 0.4385 0.0000
vt 0.4318 0.4319 0.0000
vt 0.4609 0.1691 0.0000
vt 0.4746 0.1597 0.0000
vt 0.4803 0.1597 0.0000
vt 0.4803 0.1691 0.0000
vt 0.8004 0.9603 0.0000
vt 0.4584 0.3732 0.0000
vt 0.4491 0.3732 0.0000
vt 0.4536 0.3631 0.0000
vt 0.4584 0.3631 0.0000
vt 0.4997 0.5258 0.0000
vt 0.4903 0.5258 0.0000
vt 0.4903 0.5147 0.0000
vt 0.4997 0.5147 0.0000
vt 0.4803 0.1757 0.0000
vt 0.4896 0.1757 0.0000
vt 0.4896 0.1858 0.0000
vt 0.4848 0.1858 0.0000
vt 0.4217 0.4647 0.0000
vt 0.4169 0.4647 0.0000
vt 0.5490 0.9890 0.0000
vt 0.5490 0.9796 0.0000
vt 0.5600 0.9796 0.0000
vt 0.5600 0.9890 0.0000
vt 0.8290 0.9932 0.0000
vt 0.8242 0.9932 0.0000
vt 0.4896 0.1530 0.0000
vt 0.4803 0.1530 0.0000
vt 0.4848 0.1429 0.0000
vt 0.4896 0.1429 0.0000
vt 0.5539 0.4361 0.0000
vt 0.5539 0.4267 0.0000
vt 0.5649 0.4267 0.0000
vt 0.5649 0.4361 0.0000
vt 0.4491 0.3959 0.0000
vt 0.4584 0.3959 0.0000
vt 0.4584 0.4060 0.0000
vt 0.4536 0.4060 0.0000
vt 0.8242 0.9502 0.0000
vt 0.8290 0.9502 0.0000
vt 0.5637 0.9890 0.0000
vt 0.5637 0.9796 0.0000
vt 0.5747 0.9796 0.0000
vt 0.5747 0.9890 0.0000
vt 0.4169 0.4218 0.0000
vt 0.4217 0.4218 0.0000
vt 0.4120 0.5986 0.0000
vt 0.4184 0.5850 0.0000
vt 0.4257 0.5787 0.0000
vt 0.4400 0.5735 0.0000
vt 0.4514 0.5735 0.0000
vt 0.4658 0.5787 0.0000
vt 0.4731 0.5850 0.0000
vt 0.4795 0.5986 0.0000
vt 0.4795 0.6321 0.0000
vt 0.4120 0.6321 0.0000
vt 0.1276 0.4978 0.0000
vt 0.1276 0.5403 0.0000
vt 0.1135 0.5403 0.0000
vt 0.1135 0.4978 0.0000
vt 0.1622 0.4979 0.0000
vt 0.1622 0.5403 0.0000
vt 0.1413 0.5403 0.0000
vt 0.1413 0.4979 0.0000
vt 0.1900 0.4978 0.0000
vt 0.1900 0.5403 0.0000
vt 0.1760 0.5403 0.0000
vt 0.1760 0.4978 0.0000
vt 0.2643 0.5703 0.0000
vt 0.2218 0.5703 0.0000
vt 0.2218 0.5326 0.0000
vt 0.2643 0.5326 0.0000
vt 0.2728 0.2586 0.0000
vt 0.3153 0.2586 0.0000
vt 0.3153 0.2963 0.0000
vt 0.2728 0.2963 0.0000
vt 0.1294 0.5602 0.0000
vt 0.1318 0.5654 0.0000
vt 0.1245 0.5654 0.0000
vt 0.1179 0.5602 0.0000
vt 0.3351 0.2963 0.0000
vt 0.3351 0.2604 0.0000
vt 0.3404 0.2628 0.0000
vt 0.3404 0.2963 0.0000
vt 0.2020 0.5703 0.0000
vt 0.1967 0.5703 0.0000
vt 0.1967 0.5368 0.0000
vt 0.2020 0.5344 0.0000
vt 0.1742 0.5602 0.0000
vt 0.1857 0.5602 0.0000
vt 0.1791 0.5654 0.0000
vt 0.1718 0.5654 0.0000
vt 0.1431 0.5602 0.0000
vt 0.1604 0.5602 0.0000
vt 0.1575 0.5654 0.0000
vt 0.1461 0.5654 0.0000
vt 0.7384 0.7694 0.0000
vt 0.7499 0.7793 0.0000
vt 0.7446 0.7819 0.0000
vt 0.7358 0.7745 0.0000
vt 0.7074 0.7643 0.0000
vt 0.7247 0.7643 0.0000
vt 0.7228 0.7695 0.0000
vt 0.7092 0.7695 0.0000
vt 0.6936 0.7694 0.0000
vt 0.6963 0.7743 0.0000
vt 0.6874 0.7819 0.0000
vt 0.6821 0.7793 0.0000
vt 0.6762 0.8281 0.0000
vt 0.6762 0.7922 0.0000
vt 0.6820 0.7939 0.0000
vt 0.6823 0.8281 0.0000
vt 0.7558 0.8281 0.0000
vt 0.7498 0.8281 0.0000
vt 0.7499 0.7941 0.0000
vt 0.7558 0.7922 0.0000
vt 0.7378 0.7836 0.0000
vt 0.7334 0.7798 0.0000
vt 0.7196 0.7747 0.0000
vt 0.7124 0.7747 0.0000
vt 0.6986 0.7798 0.0000
vt 0.6943 0.7836 0.0000
vt 0.6883 0.7965 0.0000
vt 0.6883 0.8281 0.0000
vt 0.7437 0.8281 0.0000
vt 0.7437 0.7965 0.0000
vt 0.4426 0.2946 0.0000
vt 0.4426 0.2989 0.0000
vt 0.4267 0.2989 0.0000
vt 0.4267 0.2946 0.0000
vt 0.4426 0.2735 0.0000
vt 0.4426 0.2808 0.0000
vt 0.4267 0.2808 0.0000
vt 0.4267 0.2735 0.0000
vt 0.4426 0.2554 0.0000
vt 0.4426 0.2598 0.0000
vt 0.4267 0.2598 0.0000
vt 0.4267 0.2554 0.0000
vt 0.7007 0.9355 0.0000
vt 0.7322 0.9355 0.0000
vt 0.7322 0.9515 0.0000
vt 0.7007 0.9515 0.0000
vt 0.9075 0.8947 0.0000
vt 0.9075 0.9262 0.0000
vt 0.8915 0.9262 0.0000
vt 0.8915 0.8947 0.0000
vt 0.1294 0.4805 0.0000
vt 0.1294 0.4935 0.0000
vt 0.1179 0.4935 0.0000
vt 0.1179 0.4805 0.0000
vt 0.1179 0.5447 0.0000
vt 0.1294 0.5447 0.0000
vt 0.1604 0.4805 0.0000
vt 0.1604 0.4935 0.0000
vt 0.1431 0.4935 0.0000
vt 0.1431 0.4805 0.0000
vt 0.1431 0.5447 0.0000
vt 0.1604 0.5447 0.0000
vt 0.1857 0.4805 0.0000
vt 0.1857 0.4935 0.0000
vt 0.1742 0.4935 0.0000
vt 0.1742 0.4805 0.0000
vt 0.1742 0.5447 0.0000
vt 0.1857 0.5447 0.0000
vt 0.2817 0.5703 0.0000
vt 0.2686 0.5703 0.0000
vt 0.2686 0.5344 0.0000
vt 0.2817 0.5344 0.0000
vt 0.2175 0.5344 0.0000
vt 0.2175 0.5703 0.0000
vt 0.2554 0.2604 0.0000
vt 0.2684 0.2604 0.0000
vt 0.2684 0.2963 0.0000
vt 0.2554 0.2963 0.0000
vt 0.3196 0.2963 0.0000
vt 0.3196 0.2604 0.0000
vt 0.8030 0.8931 0.0000
vt 0.7714 0.8931 0.0000
vt 0.7585 0.8871 0.0000
vt 0.7547 0.8828 0.0000
vt 0.7496 0.8690 0.0000
vt 0.7496 0.8617 0.0000
vt 0.7547 0.8480 0.0000
vt 0.7585 0.8436 0.0000
vt 0.7714 0.8377 0.0000
vt 0.8030 0.8377 0.0000
vt 0.3153 0.2456 0.0000
vt 0.2728 0.2456 0.0000
vt 0.2643 0.5196 0.0000
vt 0.2218 0.5196 0.0000
vt 0.3404 0.2492 0.0000
vt 0.3351 0.2474 0.0000
vt 0.1967 0.5232 0.0000
vt 0.2020 0.5214 0.0000
vt 0.7452 0.9515 0.0000
vt 0.7452 0.9355 0.0000
vt 0.8915 0.8817 0.0000
vt 0.9075 0.8817 0.0000
vt 0.2685 0.2474 0.0000
vt 0.2554 0.2474 0.0000
vt 0.3196 0.2474 0.0000
vt 0.2817 0.5214 0.0000
vt 0.2686 0.5214 0.0000
vt 0.2175 0.5214 0.0000
vt 0.4053 0.1918 0.0000
vt 0.4201 0.1947 0.0000
vt 0.4280 0.2002 0.0000
vt 0.4366 0.2127 0.0000
vt 0.4394 0.2238 0.0000
vt 0.4379 0.2390 0.0000
vt 0.4337 0.2476 0.0000
vt 0.4220 0.2572 0.0000
vt 0.3896 0.2655 0.0000
vt 0.3729 0.2001 0.0000
vt 0.2010 0.1704 0.0000
vt 0.2010 0.2129 0.0000
vt 0.1869 0.2129 0.0000
vt 0.1869 0.1704 0.0000
vt 0.2356 0.1704 0.0000
vt 0.2356 0.2129 0.0000
vt 0.2147 0.2129 0.0000
vt 0.2147 0.1704 0.0000
vt 0.2634 0.1704 0.0000
vt 0.2634 0.2129 0.0000
vt 0.2494 0.2129 0.0000
vt 0.2494 0.1704 0.0000
vt 0.9862 0.9186 0.0000
vt 0.9862 0.9611 0.0000
vt 0.9485 0.9611 0.0000
vt 0.9485 0.9186 0.0000
vt 0.2923 0.2048 0.0000
vt 0.3349 0.2048 0.0000
vt 0.3349 0.2425 0.0000
vt 0.2923 0.2425 0.0000
vt 0.2028 0.2327 0.0000
vt 0.2052 0.2380 0.0000
vt 0.1979 0.2380 0.0000
vt 0.1913 0.2327 0.0000
vt 0.3547 0.2425 0.0000
vt 0.3547 0.2066 0.0000
vt 0.3599 0.2090 0.0000
vt 0.3599 0.2425 0.0000
vt 0.9862 0.9810 0.0000
vt 0.9862 0.9862 0.0000
vt 0.9527 0.9862 0.0000
vt 0.9503 0.9810 0.0000
vt 0.2476 0.2327 0.0000
vt 0.2590 0.2327 0.0000
vt 0.2525 0.2380 0.0000
vt 0.2452 0.2380 0.0000
vt 0.2165 0.2327 0.0000
vt 0.2338 0.2327 0.0000
vt 0.2309 0.2380 0.0000
vt 0.2195 0.2380 0.0000
vt 0.2028 0.1530 0.0000
vt 0.1913 0.1530 0.0000
vt 0.1966 0.1478 0.0000
vt 0.2054 0.1478 0.0000
vt 0.2338 0.1530 0.0000
vt 0.2165 0.1530 0.0000
vt 0.2184 0.1478 0.0000
vt 0.2320 0.1478 0.0000
vt 0.2476 0.1530 0.0000
vt 0.2449 0.1478 0.0000
vt 0.2538 0.1478 0.0000
vt 0.2590 0.1530 0.0000
vt 0.2554 0.4119 0.0000
vt 0.2554 0.3760 0.0000
vt 0.2612 0.3776 0.0000
vt 0.2615 0.4119 0.0000
vt 0.3350 0.4119 0.0000
vt 0.3290 0.4119 0.0000
vt 0.3292 0.3778 0.0000
vt 0.3350 0.3760 0.0000
vt 0.3151 0.3582 0.0000
vt 0.3238 0.3657 0.0000
vt 0.3170 0.3674 0.0000
vt 0.3126 0.3636 0.0000
vt 0.2884 0.3533 0.0000
vt 0.3020 0.3533 0.0000
vt 0.2989 0.3585 0.0000
vt 0.2916 0.3585 0.0000
vt 0.2755 0.3581 0.0000
vt 0.2778 0.3636 0.0000
vt 0.2735 0.3674 0.0000
vt 0.2667 0.3657 0.0000
vt 0.2675 0.3803 0.0000
vt 0.2675 0.4119 0.0000
vt 0.3229 0.4119 0.0000
vt 0.3229 0.3803 0.0000
vt 0.4609 0.1081 0.0000
vt 0.4609 0.1037 0.0000
vt 0.4769 0.1037 0.0000
vt 0.4769 0.1081 0.0000
vt 0.4609 0.1291 0.0000
vt 0.4609 0.1219 0.0000
vt 0.4769 0.1219 0.0000
vt 0.4769 0.1291 0.0000
vt 0.4609 0.1473 0.0000
vt 0.4609 0.1429 0.0000
vt 0.4769 0.1429 0.0000
vt 0.4769 0.1473 0.0000
vt 0.9270 0.8964 0.0000
vt 0.9270 0.9279 0.0000
vt 0.9111 0.9279 0.0000
vt 0.9111 0.8964 0.0000
vt 0.8683 0.8947 0.0000
vt 0.8683 0.9262 0.0000
vt 0.8524 0.9262 0.0000
vt 0.8524 0.8947 0.0000
vt 0.2028 0.1660 0.0000
vt 0.1913 0.1661 0.0000
vt 0.1913 0.2172 0.0000
vt 0.2028 0.2172 0.0000
vt 0.2338 0.1661 0.0000
vt 0.2165 0.1661 0.0000
vt 0.2165 0.2172 0.0000
vt 0.2338 0.2172 0.0000
vt 0.2590 0.1661 0.0000
vt 0.2476 0.1660 0.0000
vt 0.2476 0.2172 0.0000
vt 0.2590 0.2172 0.0000
vt 0.9862 0.9013 0.0000
vt 0.9862 0.9143 0.0000
vt 0.9503 0.9143 0.0000
vt 0.9503 0.9013 0.0000
vt 0.9503 0.9655 0.0000
vt 0.9862 0.9655 0.0000
vt 0.2750 0.2066 0.0000
vt 0.2880 0.2066 0.0000
vt 0.2880 0.2425 0.0000
vt 0.2750 0.2425 0.0000
vt 0.3392 0.2425 0.0000
vt 0.3392 0.2066 0.0000
vt 0.7594 0.7692 0.0000
vt 0.7909 0.7692 0.0000
vt 0.8039 0.7751 0.0000
vt 0.8076 0.7795 0.0000
vt 0.8128 0.7932 0.0000
vt 0.8128 0.8005 0.0000
vt 0.8076 0.8143 0.0000
vt 0.8039 0.8186 0.0000
vt 0.7909 0.8246 0.0000
vt 0.7594 0.8246 0.0000
vt 0.3348 0.1918 0.0000
vt 0.2924 0.1918 0.0000
vt 0.9355 0.9186 0.0000
vt 0.9355 0.9611 0.0000
vt 0.3599 0.1953 0.0000
vt 0.3547 0.1936 0.0000
vt 0.9391 0.9862 0.0000
vt 0.9373 0.9810 0.0000
vt 0.2614 0.3630 0.0000
vt 0.3291 0.3630 0.0000
vt 0.9111 0.9409 0.0000
vt 0.9270 0.9409 0.0000
vt 0.8524 0.8817 0.0000
vt 0.8683 0.8817 0.0000
vt 0.2880 0.1936 0.0000
vt 0.2750 0.1936 0.0000
vt 0.3392 0.1936 0.0000
vt 0.9373 0.9013 0.0000
vt 0.9373 0.9143 0.0000
vt 0.9373 0.9654 0.0000
vt 0.4073 0.6312 0.0000
vt 0.3739 0.6314 0.0000
vt 0.3602 0.6251 0.0000
vt 0.3538 0.6179 0.0000
vt 0.3485 0.6036 0.0000
vt 0.3484 0.5922 0.0000
vt 0.3535 0.5778 0.0000
vt 0.3597 0.5705 0.0000
vt 0.3733 0.5639 0.0000
vt 0.4068 0.5637 0.0000
vt 0.2298 0.2731 0.0000
vt 0.2439 0.2731 0.0000
vt 0.2439 0.3156 0.0000
vt 0.2298 0.3156 0.0000
vt 0.1952 0.2731 0.0000
vt 0.2161 0.2731 0.0000
vt 0.2161 0.3156 0.0000
vt 0.1952 0.3156 0.0000
vt 0.1674 0.2731 0.0000
vt 0.1814 0.2731 0.0000
vt 0.1814 0.3156 0.0000
vt 0.1674 0.3156 0.0000
vt 0.1407 0.4773 0.0000
vt 0.1407 0.4397 0.0000
vt 0.1832 0.4397 0.0000
vt 0.1832 0.4773 0.0000
vt 0.4013 0.0972 0.0000
vt 0.4013 0.1349 0.0000
vt 0.3588 0.1349 0.0000
vt 0.3588 0.0972 0.0000
vt 0.2280 0.3355 0.0000
vt 0.2395 0.3355 0.0000
vt 0.2329 0.3407 0.0000
vt 0.2256 0.3407 0.0000
vt 0.3390 0.1348 0.0000
vt 0.3337 0.1348 0.0000
vt 0.3337 0.1013 0.0000
vt 0.3390 0.0989 0.0000
vt 0.2030 0.4773 0.0000
vt 0.2030 0.4414 0.0000
vt 0.2083 0.4438 0.0000
vt 0.2083 0.4773 0.0000
vt 0.1832 0.3355 0.0000
vt 0.1856 0.3407 0.0000
vt 0.1783 0.3407 0.0000
vt 0.1717 0.3355 0.0000
vt 0.2143 0.3355 0.0000
vt 0.2113 0.3407 0.0000
vt 0.1999 0.3407 0.0000
vt 0.1970 0.3355 0.0000
vt 0.2280 0.2558 0.0000
vt 0.2254 0.2506 0.0000
vt 0.2342 0.2506 0.0000
vt 0.2395 0.2558 0.0000
vt 0.1970 0.2558 0.0000
vt 0.1988 0.2505 0.0000
vt 0.2124 0.2505 0.0000
vt 0.2143 0.2558 0.0000
vt 0.1832 0.2558 0.0000
vt 0.1717 0.2558 0.0000
vt 0.1770 0.2506 0.0000
vt 0.1859 0.2506 0.0000
vt 0.3434 0.4903 0.0000
vt 0.3434 0.4963 0.0000
vt 0.3091 0.4961 0.0000
vt 0.3075 0.4903 0.0000
vt 0.3434 0.5699 0.0000
vt 0.3075 0.5699 0.0000
vt 0.3093 0.5640 0.0000
vt 0.3434 0.5638 0.0000
vt 0.2897 0.5499 0.0000
vt 0.2951 0.5475 0.0000
vt 0.2989 0.5518 0.0000
vt 0.2972 0.5587 0.0000
vt 0.2848 0.5233 0.0000
vt 0.2900 0.5264 0.0000
vt 0.2900 0.5337 0.0000
vt 0.2848 0.5369 0.0000
vt 0.2896 0.5103 0.0000
vt 0.2972 0.5015 0.0000
vt 0.2989 0.5083 0.0000
vt 0.2951 0.5127 0.0000
vt 0.3434 0.5024 0.0000
vt 0.3118 0.5024 0.0000
vt 0.3118 0.5578 0.0000
vt 0.3434 0.5578 0.0000
vt 0.4867 0.0494 0.0000
vt 0.4707 0.0494 0.0000
vt 0.4707 0.0450 0.0000
vt 0.4867 0.0450 0.0000
vt 0.4867 0.0704 0.0000
vt 0.4707 0.0704 0.0000
vt 0.4707 0.0632 0.0000
vt 0.4867 0.0632 0.0000
vt 0.4867 0.0885 0.0000
vt 0.4707 0.0885 0.0000
vt 0.4707 0.0842 0.0000
vt 0.4867 0.0842 0.0000
vt 0.8675 0.9306 0.0000
vt 0.8675 0.9466 0.0000
vt 0.8359 0.9466 0.0000
vt 0.8359 0.9306 0.0000
vt 0.8487 0.9084 0.0000
vt 0.8328 0.9084 0.0000
vt 0.8328 0.8768 0.0000
vt 0.8487 0.8768 0.0000
vt 0.2395 0.2688 0.0000
vt 0.2280 0.2688 0.0000
vt 0.2280 0.3199 0.0000
vt 0.2395 0.3199 0.0000
vt 0.2143 0.2688 0.0000
vt 0.1970 0.2688 0.0000
vt 0.1970 0.3199 0.0000
vt 0.2143 0.3199 0.0000
vt 0.1832 0.2688 0.0000
vt 0.1717 0.2688 0.0000
vt 0.1717 0.3199 0.0000
vt 0.1832 0.3199 0.0000
vt 0.1233 0.4773 0.0000
vt 0.1233 0.4414 0.0000
vt 0.1363 0.4414 0.0000
vt 0.1363 0.4773 0.0000
vt 0.1875 0.4773 0.0000
vt 0.1875 0.4414 0.0000
vt 0.4187 0.0989 0.0000
vt 0.4187 0.1348 0.0000
vt 0.4056 0.1348 0.0000
vt 0.4056 0.0989 0.0000
vt 0.3545 0.0989 0.0000
vt 0.3545 0.1348 0.0000
vt 0.9133 0.7447 0.0000
vt 0.9262 0.7506 0.0000
vt 0.9300 0.7550 0.0000
vt 0.9351 0.7688 0.0000
vt 0.9351 0.7760 0.0000
vt 0.9300 0.7898 0.0000
vt 0.9262 0.7942 0.0000
vt 0.9133 0.8001 0.0000
vt 0.8817 0.8001 0.0000
vt 0.8817 0.7447 0.0000
vt 0.3588 0.0842 0.0000
vt 0.4013 0.0842 0.0000
vt 0.1407 0.4267 0.0000
vt 0.1832 0.4267 0.0000
vt 0.3337 0.0877 0.0000
vt 0.3390 0.0860 0.0000
vt 0.2030 0.4285 0.0000
vt 0.2083 0.4302 0.0000
vt 0.2945 0.4962 0.0000
vt 0.2945 0.5639 0.0000
vt 0.8230 0.9466 0.0000
vt 0.8230 0.9306 0.0000
vt 0.8487 0.9213 0.0000
vt 0.8328 0.9213 0.0000
vt 0.4056 0.0860 0.0000
vt 0.4187 0.0860 0.0000
vt 0.3545 0.0860 0.0000
vt 0.1233 0.4285 0.0000
vt 0.1364 0.4285 0.0000
vt 0.1875 0.4285 0.0000
vt 0.6911 0.8572 0.0000
vt 0.7246 0.8573 0.0000
vt 0.7382 0.8638 0.0000
vt 0.7445 0.8711 0.0000
vt 0.7496 0.8855 0.0000
vt 0.7496 0.8969 0.0000
vt 0.7443 0.9112 0.0000
vt 0.7380 0.9185 0.0000
vt 0.7244 0.9248 0.0000
vt 0.6909 0.9247 0.0000
vt 0.1753 0.3576 0.0000
vt 0.1753 0.3435 0.0000
vt 0.2178 0.3435 0.0000
vt 0.2178 0.3576 0.0000
vt 0.1753 0.3922 0.0000
vt 0.1753 0.3713 0.0000
vt 0.2178 0.3713 0.0000
vt 0.2178 0.3922 0.0000
vt 0.1753 0.4200 0.0000
vt 0.1753 0.4059 0.0000
vt 0.2178 0.4059 0.0000
vt 0.2178 0.4200 0.0000
vt 0.3207 0.1714 0.0000
vt 0.2831 0.1714 0.0000
vt 0.2831 0.1288 0.0000
vt 0.3207 0.1288 0.0000
vt 0.4013 0.1510 0.0000
vt 0.4013 0.1887 0.0000
vt 0.3588 0.1887 0.0000
vt 0.3588 0.1510 0.0000
vt 0.2376 0.3593 0.0000
vt 0.2376 0.3479 0.0000
vt 0.2429 0.3544 0.0000
vt 0.2429 0.3617 0.0000
vt 0.3390 0.1886 0.0000
vt 0.3337 0.1886 0.0000
vt 0.3337 0.1552 0.0000
vt 0.3390 0.1527 0.0000
vt 0.3207 0.1090 0.0000
vt 0.2848 0.1090 0.0000
vt 0.2873 0.1037 0.0000
vt 0.3207 0.1037 0.0000
vt 0.2376 0.4042 0.0000
vt 0.2429 0.4018 0.0000
vt 0.2429 0.4091 0.0000
vt 0.2376 0.4156 0.0000
vt 0.2376 0.3731 0.0000
vt 0.2429 0.3760 0.0000
vt 0.2429 0.3875 0.0000
vt 0.2376 0.3904 0.0000
vt 0.1579 0.3593 0.0000
vt 0.1527 0.3619 0.0000
vt 0.1527 0.3532 0.0000
vt 0.1579 0.3479 0.0000
vt 0.1579 0.3904 0.0000
vt 0.1527 0.3885 0.0000
vt 0.1527 0.3750 0.0000
vt 0.1579 0.3731 0.0000
vt 0.1579 0.4042 0.0000
vt 0.1579 0.4156 0.0000
vt 0.1527 0.4103 0.0000
vt 0.1527 0.4015 0.0000
vt 0.2700 0.4218 0.0000
vt 0.2700 0.4278 0.0000
vt 0.2357 0.4276 0.0000
vt 0.2341 0.4218 0.0000
vt 0.2700 0.5014 0.0000
vt 0.2341 0.5014 0.0000
vt 0.2360 0.4955 0.0000
vt 0.2700 0.4953 0.0000
vt 0.2163 0.4814 0.0000
vt 0.2217 0.4790 0.0000
vt 0.2255 0.4833 0.0000
vt 0.2238 0.4902 0.0000
vt 0.2114 0.4548 0.0000
vt 0.2166 0.4579 0.0000
vt 0.2166 0.4652 0.0000
vt 0.2114 0.4684 0.0000
vt 0.2162 0.4418 0.0000
vt 0.2238 0.4330 0.0000
vt 0.2255 0.4398 0.0000
vt 0.2217 0.4442 0.0000
vt 0.2700 0.4339 0.0000
vt 0.2384 0.4339 0.0000
vt 0.2384 0.4893 0.0000
vt 0.2700 0.4893 0.0000
vt 0.4720 0.2011 0.0000
vt 0.4560 0.2011 0.0000
vt 0.4560 0.1967 0.0000
vt 0.4720 0.1967 0.0000
vt 0.4720 0.2221 0.0000
vt 0.4560 0.2221 0.0000
vt 0.4560 0.2148 0.0000
vt 0.4720 0.2148 0.0000
vt 0.4720 0.2402 0.0000
vt 0.4560 0.2402 0.0000
vt 0.4560 0.2359 0.0000
vt 0.4720 0.2359 0.0000
vt 0.8039 0.9355 0.0000
vt 0.8039 0.9515 0.0000
vt 0.7723 0.9515 0.0000
vt 0.7723 0.9355 0.0000
vt 0.8879 0.9133 0.0000
vt 0.8719 0.9133 0.0000
vt 0.8719 0.8817 0.0000
vt 0.8879 0.8817 0.0000
vt 0.1709 0.3479 0.0000
vt 0.1709 0.3593 0.0000
vt 0.2221 0.3593 0.0000
vt 0.2221 0.3479 0.0000
vt 0.1710 0.3731 0.0000
vt 0.1710 0.3904 0.0000
vt 0.2221 0.3904 0.0000
vt 0.2221 0.3731 0.0000
vt 0.1709 0.4042 0.0000
vt 0.1709 0.4156 0.0000
vt 0.2221 0.4156 0.0000
vt 0.2221 0.4042 0.0000
vt 0.3207 0.1887 0.0000
vt 0.2848 0.1887 0.0000
vt 0.2848 0.1757 0.0000
vt 0.3207 0.1757 0.0000
vt 0.3207 0.1245 0.0000
vt 0.2848 0.1245 0.0000
vt 0.4187 0.1527 0.0000
vt 0.4187 0.1886 0.0000
vt 0.4056 0.1886 0.0000
vt 0.4056 0.1527 0.0000
vt 0.3545 0.1527 0.0000
vt 0.3545 0.1886 0.0000
vt 0.8448 0.8001 0.0000
vt 0.8319 0.7942 0.0000
vt 0.8281 0.7898 0.0000
vt 0.8230 0.7760 0.0000
vt 0.8230 0.7688 0.0000
vt 0.8281 0.7550 0.0000
vt 0.8319 0.7506 0.0000
vt 0.8448 0.7447 0.0000
vt 0.8764 0.7447 0.0000
vt 0.8764 0.8001 0.0000
vt 0.3588 0.1380 0.0000
vt 0.4013 0.1380 0.0000
vt 0.2701 0.1713 0.0000
vt 0.2701 0.1288 0.0000
vt 0.3337 0.1415 0.0000
vt 0.3390 0.1398 0.0000
vt 0.2719 0.1090 0.0000
vt 0.2736 0.1037 0.0000
vt 0.2212 0.4277 0.0000
vt 0.2212 0.4954 0.0000
vt 0.7594 0.9515 0.0000
vt 0.7594 0.9355 0.0000
vt 0.8879 0.9262 0.0000
vt 0.8719 0.9262 0.0000
vt 0.4056 0.1398 0.0000
vt 0.4187 0.1398 0.0000
vt 0.3545 0.1398 0.0000
vt 0.2719 0.1887 0.0000
vt 0.2719 0.1757 0.0000
vt 0.2719 0.1245 0.0000
vt 0.2115 0.1254 0.0000
vt 0.1683 0.1239 0.0000
vt 0.1688 0.1086 0.0000
vt 0.2120 0.1102 0.0000
vt 0.6665 0.9437 0.0000
vt 0.6665 0.8670 0.0000
vt 0.6819 0.8670 0.0000
vt 0.6819 0.9437 0.0000
vt 0.3427 0.0805 0.0000
vt 0.3408 0.0663 0.0000
vt 0.3816 0.0703 0.0000
vt 0.3821 0.0739 0.0000
vt 0.3882 0.0747 0.0000
vt 0.3875 0.0691 0.0000
vt 0.3985 0.0622 0.0000
vt 0.4009 0.0805 0.0000
vt 0.2258 0.1326 0.0000
vt 0.2265 0.1107 0.0000
vt 0.7607 0.8999 0.0000
vt 0.8030 0.9000 0.0000
vt 0.8030 0.9113 0.0000
vt 0.7496 0.9113 0.0000
vt 0.1676 0.1434 0.0000
vt 0.4175 0.0526 0.0000
vt 0.4010 0.0574 0.0000
vt 0.3936 0.0583 0.0000
vt 0.3386 0.0499 0.0000
vt 0.3391 0.0536 0.0000
vt 0.4229 0.0775 0.0000
vt 0.2487 0.1114 0.0000
vt 0.2458 0.1368 0.0000
vt 0.1675 0.1471 0.0000
vt 0.6665 0.9486 0.0000
vt 0.6819 0.9486 0.0000
vt 0.6819 0.9647 0.0000
vt 0.6665 0.9647 0.0000
vt 0.4367 0.0768 0.0000
vt 0.2625 0.1108 0.0000
vt 0.3833 0.0649 0.0000
vt 0.6869 0.9449 0.0000
vt 0.6615 0.9449 0.0000
vt 0.6615 0.8670 0.0000
vt 0.1674 0.1504 0.0000
vt 0.2445 0.1403 0.0000
vt 0.8030 0.8964 0.0000
vt 0.7631 0.8964 0.0000
vt 0.4406 0.0766 0.0000
vt 0.4211 0.0519 0.0000
vt 0.2494 0.1371 0.0000
vt 0.2664 0.1106 0.0000
vt 0.1302 0.3622 0.0000
vt 0.1150 0.3622 0.0000
vt 0.1150 0.3190 0.0000
vt 0.1302 0.3190 0.0000
vt 0.1051 0.2122 0.0000
vt 0.1051 0.1968 0.0000
vt 0.1818 0.1968 0.0000
vt 0.1818 0.2122 0.0000
vt 0.0206 0.5020 0.0000
vt 0.0598 0.4941 0.0000
vt 0.0606 0.4977 0.0000
vt 0.0238 0.5159 0.0000
vt 0.0652 0.4912 0.0000
vt 0.0750 0.4813 0.0000
vt 0.0793 0.4992 0.0000
vt 0.0665 0.4967 0.0000
vt 0.1369 0.3768 0.0000
vt 0.1150 0.3768 0.0000
vt 0.8555 0.8070 0.0000
vt 0.8666 0.8184 0.0000
vt 0.8132 0.8184 0.0000
vt 0.8132 0.8070 0.0000
vt 0.1498 0.3190 0.0000
vt 0.0761 0.5046 0.0000
vt 0.0833 0.5028 0.0000
vt 0.1005 0.5015 0.0000
vt 0.0276 0.5320 0.0000
vt 0.0268 0.5284 0.0000
vt 0.0966 0.4762 0.0000
vt 0.1405 0.3969 0.0000
vt 0.1150 0.3989 0.0000
vt 0.1535 0.3190 0.0000
vt 0.1002 0.2122 0.0000
vt 0.0842 0.2122 0.0000
vt 0.0842 0.1968 0.0000
vt 0.1002 0.1968 0.0000
vt 0.1097 0.4719 0.0000
vt 0.1139 0.4127 0.0000
vt 0.0641 0.5021 0.0000
vt 0.1039 0.1918 0.0000
vt 0.1818 0.2172 0.0000
vt 0.1039 0.2172 0.0000
vt 0.1568 0.3190 0.0000
vt 0.1440 0.3957 0.0000
vt 0.8132 0.8034 0.0000
vt 0.8532 0.8034 0.0000
vt 0.1135 0.4707 0.0000
vt 0.1041 0.5008 0.0000
vt 0.1406 0.4006 0.0000
vt 0.1135 0.4167 0.0000
vt 0.0108 0.1429 0.0000
vt 0.0193 0.1429 0.0000
vt 0.0193 0.3178 0.0000
vt 0.0108 0.3178 0.0000
vt 0.0193 0.3520 0.0000
vt 0.0108 0.3520 0.0000
vt 0.0226 0.3325 0.0000
vt 0.0226 0.1409 0.0000
vt 0.0277 0.1580 0.0000
vt 0.0277 0.3325 0.0000
vt 0.3031 0.0540 0.0000
vt 0.3030 0.0588 0.0000
vt 0.1286 0.0573 0.0000
vt 0.1115 0.0521 0.0000
vt 0.1280 0.0720 0.0000
vt 0.3029 0.0735 0.0000
vt 0.0423 0.3325 0.0000
vt 0.0423 0.1576 0.0000
vt 0.0206 0.1233 0.0000
vt 0.0940 0.0499 0.0000
vt 0.4793 0.0144 0.0000
vt 0.3044 0.0144 0.0000
vt 0.3044 0.0059 0.0000
vt 0.4793 0.0059 0.0000
vt 0.2701 0.0059 0.0000
vt 0.2701 0.0144 0.0000
vt 0.1135 0.0501 0.0000
vt 0.1135 0.0450 0.0000
vt 0.2880 0.0450 0.0000
vt 0.3051 0.0501 0.0000
vt 0.1086 0.0926 0.0000
vt 0.2996 0.0778 0.0000
vt 0.2830 0.0841 0.0000
vt 0.1090 0.0974 0.0000
vt 0.2845 0.0987 0.0000
vt 0.1101 0.1120 0.0000
vt 0.1135 0.0304 0.0000
vt 0.2884 0.0304 0.0000
vt 0.3227 0.0521 0.0000
vt 0.3170 0.0744 0.0000
vt 0.5241 0.0323 0.0000
vt 0.5241 0.0494 0.0000
vt 0.5055 0.0494 0.0000
vt 0.5111 0.0323 0.0000
vt 0.5063 0.0304 0.0000
vt 0.5114 0.0263 0.0000
vt 0.5241 0.0263 0.0000
vt 0.5012 0.0463 0.0000
vt 0.5241 0.0059 0.0000
vt 0.5068 0.0059 0.0000
vt 0.4870 0.2281 0.0000
vt 0.4756 0.2392 0.0000
vt 0.4756 0.1967 0.0000
vt 0.4870 0.1967 0.0000
vt 0.4905 0.2259 0.0000
vt 0.4905 0.1967 0.0000
vt 0.8732 0.6992 0.0000
vt 0.8612 0.7046 0.0000
vt 0.8612 0.6860 0.0000
vt 0.8732 0.6860 0.0000
vt 0.8768 0.7038 0.0000
vt 0.9081 0.7039 0.0000
vt 0.9081 0.7146 0.0000
vt 0.8653 0.7089 0.0000
vt 0.5241 0.0635 0.0000
vt 0.4986 0.0635 0.0000
vt 0.5014 0.0515 0.0000
vt 0.8582 0.7087 0.0000
vt 0.8411 0.7115 0.0000
vt 0.8411 0.6860 0.0000
vt 0.9081 0.7198 0.0000
vt 0.2849 0.3746 0.0000
vt 0.2849 0.4384 0.0000
vt 0.2799 0.4384 0.0000
vt 0.2799 0.3714 0.0000
vt 0.5193 0.4218 0.0000
vt 0.5193 0.4302 0.0000
vt 0.5050 0.4302 0.0000
vt 0.5050 0.4218 0.0000
vt 0.3052 0.3714 0.0000
vt 0.3003 0.3746 0.0000
vt 0.4880 0.4113 0.0000
vt 0.4880 0.4282 0.0000
vt 0.4735 0.4282 0.0000
vt 0.4735 0.4113 0.0000
vt 0.5218 0.0681 0.0000
vt 0.5003 0.0681 0.0000
vt 0.4908 0.4071 0.0000
vt 0.4943 0.4102 0.0000
vt 0.4943 0.4294 0.0000
vt 0.4908 0.4325 0.0000
vt 0.8377 0.7098 0.0000
vt 0.8377 0.6883 0.0000
vt 0.2829 0.3680 0.0000
vt 0.3022 0.3680 0.0000
vt 0.4707 0.4325 0.0000
vt 0.4707 0.4071 0.0000
vt 0.5216 0.3918 0.0000
vt 0.5147 0.3900 0.0000
vt 0.5147 0.3756 0.0000
vt 0.5216 0.3729 0.0000
vt 0.8964 0.9913 0.0000
vt 0.8999 0.9845 0.0000
vt 0.9082 0.9845 0.0000
vt 0.9117 0.9913 0.0000
vt 0.5016 0.0806 0.0000
vt 0.5044 0.0733 0.0000
vt 0.5188 0.0733 0.0000
vt 0.5205 0.0806 0.0000
vt 0.5497 0.2456 0.0000
vt 0.5462 0.2525 0.0000
vt 0.5378 0.2525 0.0000
vt 0.5343 0.2456 0.0000
vt 0.5205 0.0697 0.0000
vt 0.5016 0.0697 0.0000
vt 0.5218 0.0818 0.0000
vt 0.5003 0.0818 0.0000
vt 0.8789 0.6983 0.0000
vt 0.9081 0.6983 0.0000
vt 0.8789 0.6860 0.0000
vt 0.9081 0.6860 0.0000
vt 0.3003 0.4384 0.0000
vt 0.4903 0.0165 0.0000
vt 0.4955 0.0165 0.0000
vt 0.3052 0.4384 0.0000
vt 0.8024 0.6463 0.0000
vt 0.7839 0.6463 0.0000
vt 0.7903 0.6292 0.0000
vt 0.7902 0.6233 0.0000
vt 0.8016 0.6274 0.0000
vt 0.8068 0.6433 0.0000
vt 0.7839 0.6028 0.0000
vt 0.8012 0.6028 0.0000
vt 0.6090 0.6224 0.0000
vt 0.6404 0.6224 0.0000
vt 0.6404 0.6337 0.0000
vt 0.5979 0.6337 0.0000
vt 0.8065 0.6054 0.0000
vt 0.5133 0.1197 0.0000
vt 0.5001 0.1197 0.0000
vt 0.5001 0.1077 0.0000
vt 0.5187 0.1077 0.0000
vt 0.5179 0.1233 0.0000
vt 0.5229 0.1118 0.0000
vt 0.5286 0.1546 0.0000
vt 0.5179 0.1546 0.0000
vt 0.7839 0.6604 0.0000
vt 0.8093 0.6604 0.0000
vt 0.8065 0.6484 0.0000
vt 0.5256 0.0876 0.0000
vt 0.5227 0.1047 0.0000
vt 0.5001 0.0876 0.0000
vt 0.5339 0.1546 0.0000
vt 0.7211 0.7905 0.0000
vt 0.7260 0.7873 0.0000
vt 0.7260 0.8542 0.0000
vt 0.7211 0.8542 0.0000
vt 0.8035 0.6702 0.0000
vt 0.7892 0.6702 0.0000
vt 0.7892 0.6642 0.0000
vt 0.8035 0.6642 0.0000
vt 0.7056 0.7905 0.0000
vt 0.7007 0.7873 0.0000
vt 0.4880 0.4576 0.0000
vt 0.4735 0.4576 0.0000
vt 0.4735 0.4407 0.0000
vt 0.4880 0.4407 0.0000
vt 0.8076 0.6650 0.0000
vt 0.7861 0.6650 0.0000
vt 0.4908 0.4618 0.0000
vt 0.4908 0.4365 0.0000
vt 0.4943 0.4395 0.0000
vt 0.4943 0.4588 0.0000
vt 0.5024 0.0842 0.0000
vt 0.5238 0.0842 0.0000
vt 0.7037 0.7839 0.0000
vt 0.7230 0.7839 0.0000
vt 0.4707 0.4365 0.0000
vt 0.4707 0.4618 0.0000
vt 0.5777 0.3357 0.0000
vt 0.5588 0.3357 0.0000
vt 0.5616 0.3288 0.0000
vt 0.5759 0.3288 0.0000
vt 0.1302 0.5686 0.0000
vt 0.1302 0.5839 0.0000
vt 0.1233 0.5804 0.0000
vt 0.1233 0.5721 0.0000
vt 0.8063 0.6775 0.0000
vt 0.7874 0.6775 0.0000
vt 0.5050 0.4120 0.0000
vt 0.5203 0.4120 0.0000
vt 0.5168 0.4189 0.0000
vt 0.5084 0.4189 0.0000
vt 0.7874 0.6666 0.0000
vt 0.8063 0.6666 0.0000
vt 0.7861 0.6787 0.0000
vt 0.8076 0.6787 0.0000
vt 0.5123 0.1254 0.0000
vt 0.5123 0.1546 0.0000
vt 0.5001 0.1254 0.0000
vt 0.5001 0.1546 0.0000
vt 0.7056 0.8542 0.0000
vt 0.8176 0.6135 0.0000
vt 0.8124 0.6135 0.0000
vt 0.7007 0.8542 0.0000
# 2137 texture coords

o Box001
g Box001
usemtl 04___Default
s 1
f 136/1/136 137/2/137 138/3/138 
f 138/3/138 139/4/139 136/1/136 
f 140/5/140 141/6/140 142/7/141 
f 142/7/141 143/8/142 140/5/140 
f 136/1/136 144/9/141 145/10/140 
f 145/10/140 137/2/137 136/1/136 
s 2
f 146/11/143 145/10/143 141/6/143 
f 141/6/143 147/12/143 146/11/143 
s 1
f 148/13/144 149/14/144 150/15/144 
f 150/15/144 151/16/144 148/13/144 
f 152/17/144 153/18/144 154/19/144 
f 154/19/144 155/20/145 152/17/144 
s 4
f 141/21/146 156/22/146 149/23/146 
f 149/23/146 142/24/146 141/21/146 
s 2
f 142/25/147 149/26/148 148/27/147 
f 148/27/147 144/28/147 142/25/147 
s 4
f 145/29/149 144/30/149 148/31/149 
f 148/31/149 157/32/149 145/29/149 
s 8
f 145/33/150 157/34/151 156/35/151 
f 156/35/151 141/36/151 145/33/150 
s 1
f 158/37/151 159/38/151 160/39/151 
f 160/39/151 161/40/151 158/37/151 
s 4
f 162/41/152 163/42/153 164/43/153 
f 162/41/152 164/43/153 165/44/153 
f 162/41/152 165/44/153 166/45/154 
f 138/46/152 162/41/152 166/45/154 
f 138/46/152 166/45/154 167/47/154 
f 138/46/152 167/47/154 139/48/153 
s 1
f 168/49/155 169/50/155 170/51/156 
f 170/51/156 171/52/157 168/49/155 
s 4
f 172/53/158 173/54/149 174/55/158 
f 175/56/158 172/53/158 174/55/158 
f 176/57/149 175/56/158 174/55/158 
s 2
f 177/58/159 178/59/159 169/60/159 
f 177/58/159 169/60/159 179/61/159 
f 177/58/159 179/61/159 166/62/159 
f 169/60/159 178/59/159 180/63/160 
f 180/63/160 170/64/160 169/60/159 
f 181/65/161 182/66/161 159/67/161 
f 159/67/161 158/68/161 181/65/161 
f 183/69/161 184/70/161 185/71/159 
f 185/71/159 186/72/159 183/69/161 
f 187/73/162 188/74/162 189/75/163 
f 189/75/163 190/76/164 187/73/162 
f 191/77/149 192/78/165 193/79/149 
f 193/79/149 194/80/165 191/77/149 
s 1
f 192/81/166 195/82/166 196/83/166 
f 196/83/166 193/84/166 192/81/166 
f 177/85/146 197/86/146 198/87/146 
f 198/87/146 178/88/146 177/85/146 
s 2
f 197/86/167 199/89/167 200/90/167 
f 200/90/167 198/87/167 197/86/167 
s 8
f 201/91/168 179/92/169 169/93/168 
f 201/91/168 169/93/168 168/94/168 
f 201/91/168 168/94/168 202/95/146 
s 2
f 137/2/170 203/96/171 204/97/172 
f 204/97/172 138/3/173 137/2/170 
f 168/98/174 171/99/175 205/100/176 
f 205/100/176 202/101/177 168/98/174 
f 190/76/164 189/75/163 206/102/178 
f 206/102/178 161/103/178 190/76/164 
f 202/101/177 205/100/176 207/104/179 
f 207/104/179 208/105/180 202/101/177 
s 1
f 209/106/145 175/107/166 176/108/145 
s 8
f 201/91/168 202/95/146 208/109/146 
f 201/91/168 208/109/146 139/48/146 
f 201/91/168 139/48/146 167/47/169 
s 1
f 208/105/181 207/104/182 136/1/136 
f 136/1/136 139/4/139 208/105/181 
f 207/104/182 188/74/159 144/9/141 
f 144/9/141 136/1/136 207/104/182 
f 210/110/146 211/111/146 212/112/146 
f 212/112/146 213/113/146 210/110/146 
s 8
f 166/45/168 214/114/168 215/115/169 
f 215/115/169 167/47/169 166/45/168 
f 167/47/169 215/115/169 216/116/168 
f 216/116/168 201/91/168 167/47/169 
f 201/91/168 216/116/168 217/117/169 
f 217/117/169 179/92/169 201/91/168 
f 179/92/169 217/117/169 214/114/168 
f 214/114/168 166/45/168 179/92/169 
s 2
f 214/118/183 212/119/184 211/120/183 
f 211/120/183 215/121/183 214/118/183 
s 4
f 215/122/185 211/123/185 210/124/185 
f 210/124/185 216/125/185 215/122/185 
s 2
f 216/126/186 210/127/187 213/128/186 
f 213/128/186 217/129/186 216/126/186 
s 4
f 217/130/188 213/131/188 212/132/188 
f 212/132/188 214/133/188 217/130/188 
f 218/134/189 219/135/189 162/41/152 
f 220/136/190 218/134/189 162/41/152 
f 204/137/190 220/136/190 162/41/152 
f 204/137/190 162/41/152 138/46/152 
s 1
f 221/138/165 222/139/165 223/140/165 
f 223/140/165 224/141/165 221/138/165 
f 218/142/191 220/143/192 225/144/193 
f 225/144/193 226/145/193 218/142/191 
f 227/146/146 197/86/146 177/85/146 
f 177/85/146 228/147/146 227/146/146 
f 155/20/145 229/148/144 209/106/145 
f 155/20/145 209/106/145 176/108/145 
f 152/17/144 155/20/145 176/108/145 
f 230/149/165 231/150/165 232/151/194 
f 233/152/165 230/149/165 232/151/194 
f 233/152/165 232/151/194 234/153/165 
f 235/154/166 236/155/166 148/13/144 
f 148/13/144 151/16/144 235/154/166 
f 236/155/166 237/156/166 157/157/166 
f 157/157/166 148/13/144 236/155/166 
s 2
f 236/158/158 235/159/158 238/160/149 
f 238/160/149 191/77/149 236/158/158 
f 237/161/158 236/158/158 191/77/149 
f 191/77/149 194/80/165 237/161/158 
s 4
f 186/162/147 185/163/148 239/164/148 
f 239/164/148 240/165/147 186/162/147 
f 200/90/195 241/166/195 242/167/195 
f 242/167/195 198/87/195 200/90/195 
f 243/168/147 244/169/148 245/170/147 
f 245/170/147 246/171/147 243/168/147 
s 1
f 149/14/144 155/20/145 154/19/144 
f 154/19/144 150/15/144 149/14/144 
f 156/172/166 229/148/144 155/20/145 
f 155/20/145 149/14/144 156/172/166 
s 4
f 186/162/147 244/169/148 154/173/148 
f 154/173/148 153/174/147 186/162/147 
f 238/175/148 247/176/147 248/177/147 
f 248/177/147 249/178/147 238/175/148 
f 150/179/147 154/173/148 244/169/148 
f 244/169/148 243/168/147 150/179/147 
f 150/179/147 243/168/147 247/176/147 
f 247/176/147 151/180/147 150/179/147 
f 151/180/147 247/176/147 238/175/148 
f 238/175/148 235/181/148 151/180/147 
s 1
f 250/182/147 251/183/148 252/184/148 
f 252/184/148 253/185/147 250/182/147 
s 2
f 145/10/143 146/11/143 203/96/171 
f 203/96/171 137/2/170 145/10/143 
f 254/186/143 147/12/143 141/6/143 
f 141/6/143 140/5/143 254/186/143 
s 1
f 170/51/156 255/187/151 206/188/150 
f 206/188/150 171/52/157 170/51/156 
f 255/187/151 158/37/151 161/40/151 
f 161/40/151 206/188/150 255/187/151 
f 256/189/150 160/39/151 159/38/151 
f 159/38/151 183/190/150 256/189/150 
s 2
f 180/63/160 257/191/161 255/192/161 
f 255/192/161 170/64/160 180/63/160 
f 257/191/161 181/65/161 158/68/161 
f 158/68/161 255/192/161 257/191/161 
f 183/69/161 159/67/161 182/66/161 
f 182/66/161 184/70/161 183/69/161 
f 258/193/196 259/194/162 260/195/163 
f 260/195/163 261/196/197 258/193/196 
f 259/194/162 187/73/162 190/76/164 
f 190/76/164 260/195/163 259/194/162 
f 205/100/176 189/75/163 188/74/162 
f 188/74/162 207/104/179 205/100/176 
f 261/196/197 260/195/163 160/197/198 
f 160/197/198 256/198/198 261/196/197 
f 260/195/163 190/76/164 161/103/178 
f 161/103/178 160/197/198 260/195/163 
f 171/99/175 206/102/178 189/75/163 
f 189/75/163 205/100/176 171/99/175 
s 4
f 262/199/150 257/200/150 180/201/199 
f 180/201/199 263/202/199 262/199/150 
f 262/199/150 264/203/150 181/204/150 
f 181/204/150 257/200/150 262/199/150 
f 184/205/150 182/206/150 265/207/150 
f 265/207/150 266/208/150 184/205/150 
s 1
f 144/9/141 188/74/159 187/73/159 
f 187/73/159 142/7/141 144/9/141 
f 142/7/141 187/73/159 259/194/161 
f 259/194/161 143/8/142 142/7/141 
f 174/209/140 140/5/140 143/8/142 
f 143/8/142 267/210/142 174/209/140 
s 2
f 173/211/143 254/186/143 140/5/143 
f 140/5/143 174/209/143 173/211/143 
s 1
f 143/8/142 259/194/161 258/193/161 
f 258/193/161 267/210/142 143/8/142 
s 8
f 268/212/150 269/213/151 270/214/151 
f 270/214/151 271/215/150 268/212/150 
s 1
f 272/216/200 163/217/201 162/218/202 
f 162/218/202 273/219/203 272/216/200 
f 274/220/204 275/221/205 276/222/206 
f 276/222/206 277/223/204 274/220/204 
f 272/216/200 273/219/203 278/224/204 
f 278/224/204 279/225/206 272/216/200 
s 2
f 280/226/207 281/227/208 277/223/208 
f 277/223/208 278/224/207 280/226/207 
s 1
f 282/228/159 283/229/159 284/230/159 
f 284/230/159 285/231/159 282/228/159 
f 286/232/159 287/233/159 288/234/159 
f 288/234/159 289/235/159 286/232/159 
s 4
f 277/236/168 276/237/146 285/238/168 
f 285/238/168 290/239/168 277/236/168 
s 2
f 276/240/147 279/241/147 282/242/147 
f 282/242/147 285/243/148 276/240/147 
s 4
f 278/244/149 291/245/165 282/246/149 
f 282/246/149 279/247/149 278/244/149 
s 8
f 278/248/150 277/249/150 290/250/150 
f 290/250/150 291/251/151 278/248/150 
s 1
f 292/252/150 293/253/150 294/254/150 
f 294/254/150 295/255/150 292/252/150 
f 296/256/155 297/257/209 298/258/156 
f 298/258/156 299/259/210 296/256/155 
f 300/260/149 301/261/149 302/262/194 
f 302/262/194 303/263/158 300/260/149 
s 2
f 228/264/166 165/265/166 304/266/166 
f 228/264/166 304/266/166 299/267/166 
f 228/264/166 299/267/166 305/268/166 
f 299/267/166 298/269/144 263/270/144 
f 263/270/144 305/268/166 299/267/166 
f 264/271/145 292/272/145 295/273/145 
f 295/273/145 265/274/145 264/271/145 
f 239/275/166 266/276/211 306/277/211 
f 306/277/211 240/278/166 239/275/166 
f 307/279/212 308/280/213 309/281/213 
f 309/281/213 310/282/212 307/279/212 
f 311/283/149 312/284/149 313/285/158 
f 313/285/158 314/286/165 311/283/149 
s 1
f 314/287/159 313/288/159 315/289/159 
f 315/289/159 316/290/159 314/287/159 
f 228/147/146 305/291/146 242/167/146 
f 242/167/146 227/146/146 228/147/146 
s 2
f 227/146/214 242/167/214 241/166/214 
f 241/166/214 317/292/214 227/146/214 
s 8
f 318/293/146 319/294/146 296/295/146 
f 318/293/146 296/295/146 299/296/146 
f 318/293/146 299/296/146 304/297/146 
s 2
f 273/219/215 162/218/216 219/298/217 
f 219/298/217 320/299/218 273/219/215 
f 296/300/219 319/301/220 321/302/221 
f 321/302/221 297/303/222 296/300/219 
f 308/280/213 293/304/223 322/305/223 
f 322/305/223 309/281/213 308/280/213 
f 319/301/220 323/306/224 324/307/225 
f 324/307/225 321/302/221 319/301/220 
s 8
f 318/293/146 164/43/146 163/42/146 
f 318/293/146 163/42/146 323/308/146 
f 318/293/146 323/308/146 319/294/146 
s 1
f 323/306/226 163/217/201 272/216/200 
f 272/216/200 324/307/227 323/306/226 
f 324/307/227 272/216/200 279/225/206 
f 279/225/206 310/282/144 324/307/227 
f 325/309/168 326/310/168 327/311/168 
f 327/311/168 328/312/168 325/309/168 
s 8
f 165/44/146 164/43/146 329/313/146 
f 329/313/146 330/314/146 165/44/146 
f 164/43/146 318/293/146 331/315/146 
f 331/315/146 329/313/146 164/43/146 
f 318/293/146 304/297/146 332/316/146 
f 332/316/146 331/315/146 318/293/146 
f 304/297/146 165/44/146 330/314/146 
f 330/314/146 332/316/146 304/297/146 
s 2
f 330/317/183 329/318/184 328/319/183 
f 328/319/183 327/320/183 330/317/183 
s 4
f 329/321/228 331/322/228 325/323/228 
f 325/323/228 328/324/228 329/321/228 
s 2
f 331/325/186 332/326/187 326/327/186 
f 326/327/186 325/328/186 331/325/186 
s 4
f 332/329/229 330/330/229 327/331/229 
f 327/331/229 326/332/229 332/329/229 
f 264/203/150 265/207/150 182/206/150 
f 182/206/150 181/204/150 264/203/150 
s 1
f 317/292/146 241/166/146 200/90/146 
f 200/90/146 199/89/146 317/292/146 
f 242/167/146 305/291/146 178/88/146 
f 178/88/146 198/87/146 242/167/146 
s 2
f 316/333/165 315/334/165 196/335/165 
f 196/335/165 195/336/165 316/333/165 
s 16
f 166/337/148 165/338/148 228/339/148 
f 228/339/148 177/340/148 166/337/148 
s 4
f 192/341/230 314/342/230 316/343/230 
f 316/343/230 195/344/230 192/341/230 
f 227/146/231 317/292/231 199/89/231 
f 199/89/231 197/86/231 227/146/231 
s 8
f 269/213/151 268/212/150 333/345/232 
f 333/345/232 334/346/233 269/213/151 
f 335/347/150 336/348/150 271/215/150 
f 271/215/150 270/214/151 335/347/150 
s 1
f 337/349/159 338/350/159 287/233/159 
f 339/351/159 337/349/159 287/233/159 
f 286/232/159 339/351/159 287/233/159 
f 340/352/149 341/353/194 342/354/165 
f 342/354/165 343/355/165 344/356/149 
f 340/352/149 342/354/165 344/356/149 
f 345/357/159 283/229/159 282/228/159 
f 282/228/159 346/358/159 345/357/159 
f 346/358/159 282/228/159 291/359/159 
f 291/359/159 347/360/159 346/358/159 
s 2
f 346/361/165 311/283/149 249/362/165 
f 249/362/165 345/363/165 346/361/165 
f 347/364/149 312/284/149 311/283/149 
f 311/283/149 346/361/165 347/364/149 
s 4
f 180/201/199 178/365/234 305/366/235 
f 305/366/235 263/202/199 180/201/199 
s 2
f 238/160/149 249/362/165 311/283/149 
f 238/160/149 311/283/149 314/286/165 
f 238/160/149 314/286/165 192/78/165 
f 238/160/149 192/78/165 191/77/149 
s 1
f 348/367/147 349/368/148 253/185/147 
f 253/185/147 252/184/148 348/367/147 
s 8
f 193/369/236 196/370/237 315/371/237 
f 315/371/237 313/372/238 193/369/236 
s 1
f 285/231/159 284/230/159 288/234/159 
f 288/234/159 287/233/159 285/231/159 
f 290/373/159 285/231/159 287/233/159 
f 287/233/159 338/350/159 290/373/159 
s 4
f 240/165/147 289/374/147 288/375/147 
f 288/375/147 245/170/147 240/165/147 
f 243/168/147 246/171/147 248/177/147 
f 248/177/147 247/176/147 243/168/147 
f 245/170/147 244/169/148 186/162/147 
f 186/162/147 240/165/147 245/170/147 
f 284/376/147 246/171/147 245/170/147 
f 245/170/147 288/375/147 284/376/147 
f 284/376/147 283/377/147 248/177/147 
f 248/177/147 246/171/147 284/376/147 
f 283/377/147 345/378/148 249/178/147 
f 249/178/147 248/177/147 283/377/147 
s 1
f 251/183/148 250/182/147 226/145/193 
f 226/145/193 225/144/193 251/183/148 
s 2
f 278/224/207 273/219/215 320/299/218 
f 320/299/218 280/226/207 278/224/207 
f 350/379/208 274/220/208 277/223/208 
f 277/223/208 281/227/208 350/379/208 
s 1
f 298/258/156 297/257/209 322/380/150 
f 322/380/150 351/381/150 298/258/156 
f 351/381/150 322/380/150 293/253/150 
f 293/253/150 292/252/150 351/381/150 
f 352/382/150 306/383/150 295/255/150 
f 295/255/150 294/254/150 352/382/150 
s 2
f 263/270/144 298/269/144 351/384/144 
f 351/384/144 262/385/145 263/270/144 
f 262/385/145 351/384/144 292/272/145 
f 292/272/145 264/271/145 262/385/145 
f 265/274/145 295/273/145 306/277/211 
f 306/277/211 266/276/211 265/274/145 
f 353/386/212 354/387/213 355/388/213 
f 355/388/213 356/389/212 353/386/212 
f 356/389/212 355/388/213 308/280/213 
f 308/280/213 307/279/212 356/389/212 
f 321/302/221 324/307/225 310/282/212 
f 310/282/212 309/281/213 321/302/221 
f 354/387/213 352/390/223 294/391/223 
f 294/391/223 355/388/213 354/387/213 
f 355/388/213 294/391/223 293/304/223 
f 293/304/223 308/280/213 355/388/213 
f 297/303/222 321/302/221 309/281/213 
f 309/281/213 322/305/223 297/303/222 
s 1
f 279/225/206 276/222/206 307/279/145 
f 307/279/145 310/282/144 279/225/206 
f 276/222/206 275/221/205 356/389/145 
f 356/389/145 307/279/145 276/222/206 
f 357/392/204 358/393/205 275/221/205 
f 275/221/205 274/220/204 357/392/204 
s 2
f 359/394/208 357/392/208 274/220/208 
f 274/220/208 350/379/208 359/394/208 
s 1
f 275/221/205 358/393/205 353/386/166 
f 353/386/166 356/389/145 275/221/205 
s 4
f 360/395/165 361/396/165 362/397/165 
f 362/397/165 363/398/165 360/395/165 
s 8
f 363/399/239 362/400/240 334/346/233 
f 334/346/233 333/345/232 363/399/239 
f 312/401/151 336/348/150 335/347/150 
f 313/372/238 312/401/151 335/347/150 
f 193/369/236 313/372/238 335/347/150 
f 193/369/236 335/347/150 194/402/151 
s 1
f 349/368/148 348/367/147 361/403/148 
f 361/403/148 360/404/147 349/368/148 
f 219/405/191 218/142/191 226/145/193 
f 226/145/193 320/406/241 219/405/191 
f 225/144/193 220/143/192 204/407/192 
f 204/407/192 203/408/241 225/144/193 
f 280/409/147 250/182/147 253/185/147 
f 253/185/147 281/410/148 280/409/147 
f 147/411/148 252/184/148 251/183/148 
f 251/183/148 146/412/148 147/411/148 
s 8
f 338/413/151 268/212/150 271/215/150 
f 271/215/150 290/250/150 338/413/151 
f 156/35/151 270/214/151 269/213/151 
f 269/213/151 229/414/151 156/35/151 
f 229/414/151 269/213/151 334/346/233 
f 334/346/233 209/415/242 229/414/151 
f 337/416/243 333/345/232 268/212/150 
f 268/212/150 338/413/151 337/416/243 
f 157/34/151 335/347/150 270/214/151 
f 270/214/151 156/35/151 157/34/151 
f 290/250/150 271/215/150 336/348/150 
f 336/348/150 291/251/151 290/250/150 
s 1
f 254/417/148 348/367/147 252/184/148 
f 252/184/148 147/411/148 254/417/148 
f 281/410/148 253/185/147 349/368/148 
f 349/368/148 350/418/148 281/410/148 
f 146/412/148 251/183/148 225/144/193 
f 225/144/193 203/408/241 146/412/148 
f 320/406/241 226/145/193 250/182/147 
f 250/182/147 280/409/147 320/406/241 
s 4
f 364/419/165 360/395/165 363/398/165 
f 363/398/165 365/420/149 364/419/165 
f 175/56/158 362/397/165 361/396/165 
f 361/396/165 172/53/158 175/56/158 
s 8
f 365/421/244 363/399/239 333/345/232 
f 333/345/232 337/416/243 365/421/244 
f 209/415/242 334/346/233 362/400/240 
f 362/400/240 175/422/245 209/415/242 
s 1
f 349/368/148 360/404/147 364/423/147 
f 349/368/148 364/423/147 359/424/148 
f 349/368/148 359/424/148 350/418/148 
f 361/403/148 348/367/147 254/417/148 
f 254/417/148 173/425/148 172/426/148 
f 361/403/148 254/417/148 172/426/148 
s 8
f 291/251/151 336/348/150 312/401/151 
f 312/401/151 347/427/151 291/251/151 
f 237/428/150 194/402/151 335/347/150 
f 335/347/150 157/34/151 237/428/150 
s 1
f 337/349/159 339/351/159 365/429/159 
f 234/153/165 232/151/194 366/430/165 
f 366/430/165 367/431/149 368/432/165 
f 234/153/165 366/430/165 368/432/165 
f 369/433/194 303/263/158 302/262/194 
f 341/353/194 369/433/194 302/262/194 
f 342/354/165 341/353/194 302/262/194 
f 366/430/165 370/434/158 371/435/158 
f 371/435/158 367/431/149 366/430/165 
s 4
f 339/436/149 357/437/149 359/438/149 
f 359/438/149 364/419/165 365/420/149 
f 339/436/149 359/438/149 365/420/149 
s 8
f 267/210/246 367/439/247 371/440/248 
f 371/440/248 174/209/249 267/210/246 
s 16
f 174/441/250 371/442/250 370/443/250 
f 370/443/250 176/444/251 174/441/250 
s 2
f 176/108/252 370/445/252 366/446/253 
f 366/446/253 152/17/253 176/108/252 
f 152/17/253 366/446/253 232/447/253 
f 232/447/253 153/18/253 152/17/253 
s 8
f 153/174/254 232/448/254 231/449/254 
f 231/449/254 186/162/254 153/174/254 
s 16
f 186/450/252 231/150/253 230/149/252 
f 230/149/252 183/451/252 186/450/252 
s 4
f 183/190/255 230/452/255 233/453/255 
f 233/453/255 256/189/255 183/190/255 
s 8
f 256/198/256 233/454/256 234/455/257 
f 234/455/257 261/196/257 256/198/256 
f 261/196/257 234/455/257 368/456/258 
f 368/456/258 258/193/258 261/196/257 
f 258/193/258 368/456/258 367/439/247 
f 367/439/247 267/210/246 258/193/258 
s 2
f 289/235/259 342/457/259 302/458/259 
f 302/458/259 286/232/259 289/235/259 
f 286/232/259 302/458/259 301/459/260 
f 301/459/260 339/351/260 286/232/259 
s 8
f 339/460/261 301/461/261 300/462/261 
f 300/462/261 357/463/261 339/460/261 
s 16
f 357/392/262 300/464/263 303/465/264 
f 303/465/264 358/393/265 357/392/262 
f 358/393/265 303/465/264 369/466/266 
f 369/466/266 353/386/266 358/393/265 
f 353/386/266 369/466/266 341/467/267 
f 341/467/267 354/387/267 353/386/266 
f 354/387/267 341/467/267 340/468/268 
f 340/468/268 352/390/268 354/387/267 
s 4
f 352/382/255 340/469/255 344/470/255 
f 344/470/255 306/383/255 352/382/255 
s 8
f 306/471/260 344/356/259 343/355/260 
f 343/355/260 240/472/260 306/471/260 
s 16
f 240/165/254 343/473/254 342/474/254 
f 342/474/254 289/374/254 240/165/254 
s 1
f 372/475/158 373/476/149 374/477/149 
f 374/477/149 375/478/158 372/475/158 
f 376/479/149 372/475/158 375/478/158 
f 375/478/158 377/480/149 376/479/149 
f 378/481/158 376/479/149 377/480/149 
f 377/480/149 379/482/158 378/481/158 
f 373/476/149 378/481/158 379/482/158 
f 379/482/158 374/477/149 373/476/149 
s 2
f 374/477/269 222/139/270 221/138/269 
f 221/138/269 375/478/269 374/477/269 
s 4
f 375/478/271 221/138/271 224/141/271 
f 224/141/271 377/480/271 375/478/271 
s 2
f 377/480/272 224/141/273 223/140/272 
f 223/140/272 379/482/272 377/480/272 
s 4
f 379/482/274 223/140/274 222/139/274 
f 222/139/274 374/477/274 379/482/274 
s 8
f 372/483/275 185/71/275 184/70/275 
f 184/70/275 373/484/275 372/483/275 
s 16
f 376/485/276 239/164/276 185/163/276 
f 185/163/276 372/486/276 376/485/276 
s 8
f 378/487/277 266/276/277 239/275/277 
f 239/275/277 376/488/277 378/487/277 
s 16
f 373/489/278 184/205/278 266/208/278 
f 266/208/278 378/490/278 373/489/278 
s 8
f 380/491/279 381/492/279 382/493/279 
f 382/493/279 383/494/280 380/491/279 
s 4
f 383/495/150 382/496/150 384/497/150 
f 384/497/150 385/498/150 383/495/150 
s 16
f 382/496/281 381/499/281 386/500/281 
f 386/500/281 384/497/281 382/496/281 
s off
f 385/501/149 384/502/149 387/503/149 
f 387/503/165 388/504/165 385/501/165 
f 384/502/158 386/505/158 389/506/158 
f 389/506/158 387/503/158 384/502/158 
s 4
f 387/507/150 390/508/150 391/509/150 
f 391/509/150 388/510/150 387/507/150 
s 8
f 392/511/282 393/512/282 394/513/282 
f 394/513/282 395/514/283 392/511/282 
s 4
f 393/515/150 396/516/150 397/517/150 
f 397/517/150 394/518/284 393/515/150 
s 16
f 394/518/285 397/517/285 398/519/281 
f 398/519/281 395/520/281 394/518/285 
s off
f 396/521/146 391/522/146 390/523/146 
f 390/523/168 397/524/168 396/521/168 
f 397/524/168 390/523/168 399/525/168 
f 399/525/146 398/526/146 397/524/146 
s 1
f 399/527/286 390/508/286 387/507/286 
f 387/507/286 389/528/286 399/527/286 
s 8
f 400/529/287 401/530/287 402/531/287 
f 402/531/287 403/532/287 400/529/287 
s 4
f 401/533/151 404/534/284 405/535/151 
f 405/535/151 402/536/151 401/533/151 
s 16
f 402/536/288 405/535/288 406/537/288 
f 406/537/288 403/538/288 402/536/288 
s off
f 404/539/149 407/540/149 408/541/149 
f 408/541/149 405/542/149 404/539/149 
f 405/542/149 408/541/149 409/543/149 
f 409/543/149 406/544/149 405/542/149 
s 4
f 408/545/151 407/546/150 410/547/151 
f 410/547/151 411/548/151 408/545/151 
s 8
f 412/549/282 413/550/283 414/551/282 
f 414/551/282 415/552/282 412/549/282 
s 4
f 415/553/151 414/554/289 416/555/151 
f 416/555/151 417/556/150 415/553/151 
s 16
f 414/554/288 413/557/288 418/558/288 
f 418/558/288 416/555/290 414/554/288 
s off
f 417/559/169 416/560/169 411/561/169 
f 411/561/168 410/562/168 417/559/168 
f 416/560/146 418/563/146 419/564/146 
f 419/564/146 411/561/146 416/560/146 
s 1
f 419/565/291 409/566/291 408/545/291 
f 408/545/291 411/548/291 419/565/291 
f 420/567/148 421/568/148 422/569/148 
f 422/569/148 423/570/148 424/571/148 
f 420/567/148 422/569/148 424/571/148 
f 424/571/148 425/572/148 426/573/148 
f 420/567/148 424/571/148 426/573/148 
f 427/574/148 420/567/148 426/573/148 
s 8
f 428/575/292 429/576/292 430/577/293 
f 430/577/293 431/578/293 428/575/292 
f 431/578/293 430/577/293 432/579/294 
f 432/579/294 433/580/294 431/578/293 
f 433/580/294 432/579/294 434/581/277 
f 434/581/277 435/582/277 433/580/294 
f 436/583/295 437/584/295 438/585/296 
f 438/585/296 439/586/296 436/583/295 
f 439/586/296 438/585/296 440/587/297 
f 440/587/297 441/588/297 439/586/296 
f 441/588/297 440/587/297 442/589/298 
f 442/589/298 443/590/298 441/588/297 
f 443/591/298 442/592/298 429/593/292 
f 429/593/292 428/594/292 443/591/298 
s 1
f 444/595/151 445/596/151 446/597/151 
f 446/597/151 447/598/150 448/599/151 
f 444/595/151 446/597/151 448/599/151 
f 448/599/151 449/600/151 450/601/151 
f 444/595/151 448/599/151 450/601/151 
f 451/602/151 444/595/151 450/601/151 
s off
f 431/603/299 421/568/299 420/567/299 
f 420/567/299 428/604/299 431/603/299 
f 428/604/300 420/567/300 427/574/300 
f 427/574/300 443/605/300 428/604/300 
f 443/605/301 427/574/301 426/573/301 
f 426/573/301 441/606/301 443/605/301 
f 441/606/302 426/573/302 425/572/302 
f 425/572/302 439/607/302 441/606/302 
f 439/607/303 425/572/303 424/571/303 
f 424/571/303 436/608/303 439/607/303 
f 435/609/304 423/570/304 422/569/304 
f 422/569/304 433/610/304 435/609/304 
f 433/610/305 422/569/305 421/568/305 
f 421/568/305 431/603/305 433/610/305 
f 429/611/306 450/601/306 449/600/306 
f 449/600/306 430/612/306 429/611/306 
f 430/612/307 449/600/307 448/599/307 
f 448/599/307 432/613/307 430/612/307 
f 432/613/308 448/599/308 447/598/308 
f 447/598/308 434/614/308 432/613/308 
f 437/615/309 446/597/309 445/596/309 
f 445/596/309 438/616/309 437/615/309 
f 438/616/310 445/596/310 444/595/310 
f 444/595/310 440/617/310 438/616/310 
f 440/617/311 444/595/311 451/602/311 
f 451/602/311 442/618/311 440/617/311 
f 442/618/312 451/602/312 450/601/312 
f 450/601/312 429/611/312 442/618/312 
s 1
f 452/619/147 453/620/147 454/621/147 
f 454/621/147 455/622/148 456/623/147 
f 456/623/147 457/624/147 458/625/147 
f 454/621/147 456/623/147 458/625/147 
f 452/619/147 454/621/147 458/625/147 
f 459/626/147 452/619/147 458/625/147 
s 8
f 460/627/313 461/628/294 462/629/294 
f 462/629/294 463/630/313 460/627/313 
f 461/631/294 464/632/293 465/633/293 
f 465/633/293 462/634/294 461/631/294 
f 464/635/293 466/636/275 467/637/275 
f 467/637/275 465/638/293 464/635/293 
f 468/639/314 469/640/297 470/641/297 
f 470/641/297 471/642/314 468/639/314 
f 469/640/297 472/643/296 473/644/296 
f 473/644/296 470/641/297 469/640/297 
f 472/645/296 474/646/315 475/647/315 
f 475/647/315 473/648/296 472/645/296 
f 474/646/315 460/627/313 463/630/313 
f 463/630/313 475/647/315 474/646/315 
s 1
f 476/649/150 477/650/150 478/651/150 
f 478/651/150 479/652/151 480/653/150 
f 480/653/150 481/654/150 482/655/150 
f 478/651/150 480/653/150 482/655/150 
f 476/649/150 478/651/150 482/655/150 
f 483/656/150 476/649/150 482/655/150 
s off
f 461/657/304 460/658/304 458/625/304 
f 458/625/304 457/624/304 461/657/304 
f 460/658/316 474/659/316 459/626/316 
f 459/626/316 458/625/316 460/658/316 
f 474/659/303 472/660/303 452/619/303 
f 452/619/303 459/626/303 474/659/303 
f 472/660/317 469/661/317 453/620/317 
f 453/620/317 452/619/317 472/660/317 
f 469/661/301 468/662/301 454/621/301 
f 454/621/301 453/620/301 469/661/301 
f 466/663/299 464/664/299 456/623/299 
f 456/623/299 455/622/299 466/663/299 
f 464/664/318 461/657/318 457/624/318 
f 457/624/318 456/623/318 464/664/318 
f 463/665/308 462/666/308 477/650/308 
f 477/650/308 476/649/308 463/665/308 
f 462/666/319 465/667/319 478/651/319 
f 478/651/319 477/650/319 462/666/319 
f 465/667/306 467/668/306 479/652/306 
f 479/652/306 478/651/306 465/667/306 
f 471/669/311 470/670/311 481/654/311 
f 481/654/311 480/653/311 471/669/311 
f 470/670/320 473/671/320 482/655/320 
f 482/655/320 481/654/320 470/670/320 
f 473/671/309 475/672/309 483/656/309 
f 483/656/309 482/655/309 473/671/309 
f 475/672/321 463/665/321 476/649/321 
f 476/649/321 483/656/321 475/672/321 
s 8
f 484/673/159 485/674/159 486/675/159 
f 486/675/159 487/676/159 484/673/159 
f 488/677/275 489/678/275 490/679/322 
f 490/679/322 491/680/323 488/677/275 
f 492/681/149 493/682/149 494/683/149 
f 494/683/149 495/684/149 492/681/149 
f 496/685/277 497/686/277 498/687/324 
f 498/687/324 499/688/325 496/685/277 
f 500/689/295 501/690/295 502/691/326 
f 502/691/326 503/692/327 500/689/295 
f 504/693/168 505/694/168 506/695/168 
f 506/695/168 507/696/168 504/693/168 
f 508/697/314 509/698/314 510/699/328 
f 510/699/328 511/700/329 508/697/314 
f 512/701/292 490/679/322 511/700/329 
f 511/700/329 513/702/298 512/701/292 
f 514/703/293 491/680/323 490/679/322 
f 490/679/322 512/701/292 514/703/293 
f 515/704/294 498/705/324 491/706/323 
f 491/706/323 514/707/293 515/704/294 
f 516/708/313 499/688/325 498/687/324 
f 498/687/324 515/709/294 516/708/313 
f 517/710/315 502/691/326 499/688/325 
f 499/688/325 516/708/313 517/710/315 
f 518/711/296 503/692/327 502/691/326 
f 502/691/326 517/710/315 518/711/296 
f 519/712/297 510/713/328 503/714/327 
f 503/714/327 518/715/296 519/712/297 
f 513/702/298 511/700/329 510/699/328 
f 510/699/328 519/716/297 513/702/298 
s off
f 489/717/149 484/718/149 487/719/149 
f 487/719/149 490/720/149 489/717/149 
f 490/721/330 487/722/330 486/723/330 
f 486/723/330 511/724/330 490/721/330 
f 511/725/168 486/726/168 485/727/168 
f 485/727/146 508/728/146 511/725/146 
f 497/686/166 492/729/166 495/730/166 
f 495/730/166 498/687/166 497/686/166 
f 498/731/331 495/732/331 494/733/331 
f 494/733/331 491/734/331 498/731/331 
f 491/680/161 494/735/161 493/736/161 
f 493/736/160 488/677/160 491/680/160 
f 501/737/168 520/738/168 521/739/168 
f 521/739/168 502/740/168 501/737/168 
f 502/741/332 521/742/332 522/743/332 
f 522/743/332 499/744/332 502/741/332 
f 499/745/149 522/746/149 523/747/149 
f 523/747/149 496/748/149 499/745/149 
f 509/698/161 504/749/161 507/750/161 
f 507/750/160 510/699/160 509/698/160 
f 510/751/333 507/752/333 506/753/333 
f 506/753/333 503/754/333 510/751/333 
f 503/692/166 506/755/166 505/756/166 
f 505/756/166 500/689/166 503/692/166 
s 8
f 524/757/145 525/758/211 526/759/145 
f 526/759/145 527/760/144 524/757/145 
f 528/761/277 529/762/324 530/763/325 
f 530/763/325 531/764/277 528/761/277 
f 532/765/149 533/766/149 534/767/149 
f 534/767/149 535/768/149 532/765/149 
f 536/769/275 537/770/334 538/771/323 
f 538/771/323 539/772/275 536/769/275 
f 540/773/314 541/774/328 542/775/329 
f 542/775/329 543/776/314 540/773/314 
f 544/777/146 545/778/146 546/779/146 
f 546/779/146 547/780/146 544/777/146 
f 548/781/295 549/782/326 550/783/335 
f 550/783/335 551/784/295 548/781/295 
f 552/785/313 553/786/315 549/782/326 
f 549/782/326 530/763/325 552/785/313 
f 554/787/294 552/785/313 530/763/325 
f 530/763/325 529/762/324 554/787/294 
f 555/788/293 554/789/294 529/790/324 
f 529/790/324 538/791/323 555/788/293 
f 556/792/292 555/793/293 538/771/323 
f 538/771/323 537/770/334 556/792/292 
f 557/794/298 556/792/292 537/770/334 
f 537/770/334 542/775/329 557/794/298 
f 558/795/297 557/794/298 542/775/329 
f 542/775/329 541/774/328 558/795/297 
f 559/796/296 558/797/297 541/798/328 
f 541/798/328 550/799/335 559/796/296 
f 553/786/315 559/800/296 550/783/335 
f 550/783/335 549/782/326 553/786/315 
s off
f 531/801/158 530/802/158 525/803/158 
f 525/803/158 524/804/158 531/801/158 
f 530/805/332 549/806/332 526/807/332 
f 526/807/332 525/808/332 530/805/332 
f 549/809/146 548/810/146 527/811/146 
f 527/811/146 526/812/146 549/809/146 
f 539/772/159 538/771/159 533/813/159 
f 533/813/159 532/814/159 539/772/159 
f 538/815/331 529/816/331 534/817/331 
f 534/817/336 533/818/336 538/815/336 
f 529/762/145 528/761/145 535/819/145 
f 535/819/211 534/820/211 529/762/211 
f 543/821/146 542/822/146 560/823/146 
f 560/823/146 561/824/146 543/821/146 
f 542/825/330 537/826/330 562/827/330 
f 562/827/330 560/828/330 542/825/330 
f 537/829/149 536/830/149 563/831/149 
f 563/831/158 562/832/158 537/829/158 
f 551/784/145 550/783/145 545/833/145 
f 545/833/211 544/834/211 551/784/211 
f 550/835/333 541/836/333 546/837/333 
f 546/837/333 545/838/333 550/835/333 
f 541/774/159 540/773/159 547/839/159 
f 547/839/159 546/840/159 541/774/159 
s 8
f 564/841/283 565/842/283 566/843/283 
f 566/843/283 567/844/283 564/841/283 
s 4
f 565/845/150 568/846/150 569/847/150 
f 569/847/150 566/848/150 565/845/150 
s 16
f 566/848/281 569/847/281 570/849/281 
f 570/849/281 567/850/281 566/848/281 
s off
f 568/851/146 571/852/146 572/853/146 
f 572/853/146 569/854/146 568/851/146 
f 569/854/168 572/853/168 573/855/168 
f 573/855/146 570/856/146 569/854/146 
s 4
f 574/857/150 575/858/150 572/859/150 
f 572/859/150 571/860/150 574/857/150 
s 8
f 576/861/280 577/862/280 578/863/280 
f 578/863/280 579/864/280 576/861/280 
s 4
f 579/865/150 578/866/150 580/867/150 
f 580/867/150 581/868/150 579/865/150 
s 16
f 578/866/281 577/869/281 582/870/281 
f 582/870/281 580/867/281 578/866/281 
s off
f 581/871/158 580/872/158 575/873/158 
f 575/873/158 574/874/158 581/871/158 
f 580/872/149 582/875/149 583/876/149 
f 583/876/149 575/873/149 580/872/149 
s 1
f 572/859/286 575/858/286 583/877/286 
f 583/877/286 573/878/286 572/859/286 
s 8
f 584/879/282 585/880/283 586/881/282 
f 586/881/282 587/882/282 584/879/282 
s 4
f 587/883/150 586/884/150 588/885/150 
f 588/885/150 589/886/150 587/883/150 
s 16
f 586/884/288 585/887/288 590/888/288 
f 590/888/288 588/885/288 586/884/288 
s off
f 589/889/168 588/890/168 591/891/168 
f 591/891/168 592/892/168 589/889/168 
f 588/890/146 590/893/146 593/894/146 
f 593/894/146 591/891/146 588/890/146 
s 4
f 594/895/151 592/896/151 591/897/151 
f 591/897/151 595/898/151 594/895/151 
s 8
f 596/899/337 597/900/337 598/901/337 
f 598/901/337 599/902/337 596/899/337 
s 4
f 597/903/151 600/904/151 601/905/151 
f 601/905/151 598/906/151 597/903/151 
s 16
f 598/906/288 601/905/288 602/907/288 
f 602/907/288 599/908/288 598/906/288 
s off
f 600/909/149 594/910/149 595/911/149 
f 595/911/149 601/912/149 600/909/149 
f 601/912/158 595/911/158 603/913/158 
f 603/913/149 602/914/149 601/912/149 
s 1
f 591/897/291 593/915/291 603/916/291 
f 603/916/291 595/898/291 591/897/291 
f 604/917/148 605/918/148 606/919/148 
f 606/919/148 607/920/147 608/921/148 
f 604/917/148 606/919/148 608/921/148 
f 608/921/148 609/922/148 610/923/148 
f 604/917/148 608/921/148 610/923/148 
f 611/924/147 604/917/148 610/923/148 
s 8
f 612/925/292 613/926/338 614/927/293 
f 614/927/293 615/928/293 612/925/292 
f 615/929/293 614/930/293 616/931/294 
f 616/931/294 617/932/294 615/929/293 
f 617/933/294 616/934/294 618/935/277 
f 618/935/277 619/936/339 617/933/294 
f 620/937/295 621/938/295 622/939/296 
f 622/939/296 623/940/296 620/937/295 
f 623/941/296 622/942/296 624/943/297 
f 624/943/297 625/944/297 623/941/296 
f 625/945/297 624/946/297 626/947/298 
f 626/947/298 627/948/298 625/945/297 
f 627/948/298 626/947/298 613/926/338 
f 613/926/338 612/925/292 627/948/298 
s 1
f 628/949/151 629/950/151 630/951/150 
f 630/951/150 631/952/150 632/953/151 
f 628/949/151 630/951/150 632/953/151 
f 632/953/151 633/954/151 634/955/151 
f 628/949/151 632/953/151 634/955/151 
f 635/956/150 628/949/151 634/955/151 
s off
f 615/957/299 605/918/299 604/917/299 
f 604/917/299 612/958/299 615/957/299 
f 612/958/300 604/917/300 611/924/300 
f 611/924/300 627/959/300 612/958/300 
f 627/959/301 611/924/301 610/923/301 
f 610/923/301 625/960/301 627/959/301 
f 625/960/302 610/923/302 609/922/302 
f 609/922/302 623/961/302 625/960/302 
f 623/961/303 609/922/303 608/921/303 
f 608/921/303 620/962/303 623/961/303 
f 619/963/304 607/920/304 606/919/304 
f 606/919/304 617/964/304 619/963/304 
f 617/964/305 606/919/305 605/918/305 
f 605/918/305 615/957/305 617/964/305 
f 613/965/306 634/955/306 633/954/306 
f 633/954/306 614/966/306 613/965/306 
f 614/966/307 633/954/307 632/953/307 
f 632/953/307 616/967/307 614/966/307 
f 616/967/308 632/953/308 631/952/308 
f 631/952/308 618/968/308 616/967/308 
f 621/969/309 630/951/309 629/950/309 
f 629/950/309 622/970/309 621/969/309 
f 622/970/310 629/950/310 628/949/310 
f 628/949/310 624/971/310 622/970/310 
f 624/971/311 628/949/311 635/956/311 
f 635/956/311 626/972/311 624/971/311 
f 626/972/312 635/956/312 634/955/312 
f 634/955/312 613/965/312 626/972/312 
s 1
f 636/973/147 637/974/147 638/975/147 
f 638/975/147 639/976/148 640/977/147 
f 640/977/147 641/978/147 642/979/147 
f 638/975/147 640/977/147 642/979/147 
f 636/973/147 638/975/147 642/979/147 
f 643/980/148 636/973/147 642/979/147 
s 8
f 644/981/340 645/982/341 646/983/341 
f 646/983/341 647/984/340 644/981/340 
f 645/985/341 648/986/293 649/987/293 
f 649/987/293 646/988/341 645/985/341 
f 648/989/293 650/990/275 651/991/275 
f 651/991/275 649/992/293 648/989/293 
f 652/993/314 653/994/297 654/995/297 
f 654/995/297 655/996/314 652/993/314 
f 653/994/297 656/997/296 657/998/296 
f 657/998/296 654/995/297 653/994/297 
f 656/999/296 658/1000/315 659/1001/315 
f 659/1001/315 657/1002/296 656/999/296 
f 658/1000/315 644/981/340 647/984/340 
f 647/984/340 659/1001/315 658/1000/315 
s 1
f 660/1003/151 661/1004/150 662/1005/150 
f 662/1005/150 663/1006/151 664/1007/150 
f 664/1007/150 665/1008/150 666/1009/150 
f 662/1005/150 664/1007/150 666/1009/150 
f 660/1003/151 662/1005/150 666/1009/150 
f 667/1010/151 660/1003/151 666/1009/150 
s off
f 645/1011/304 644/1012/304 642/979/304 
f 642/979/304 641/978/304 645/1011/304 
f 644/1012/316 658/1013/316 643/980/316 
f 643/980/316 642/979/316 644/1012/316 
f 658/1013/303 656/1014/303 636/973/303 
f 636/973/303 643/980/303 658/1013/303 
f 656/1014/317 653/1015/317 637/974/317 
f 637/974/317 636/973/317 656/1014/317 
f 653/1015/301 652/1016/301 638/975/301 
f 638/975/301 637/974/301 653/1015/301 
f 650/1017/299 648/1018/299 640/977/299 
f 640/977/299 639/976/299 650/1017/299 
f 648/1018/318 645/1011/318 641/978/318 
f 641/978/318 640/977/318 648/1018/318 
f 647/1019/308 646/1020/308 661/1004/308 
f 661/1004/308 660/1003/308 647/1019/308 
f 646/1020/319 649/1021/319 662/1005/319 
f 662/1005/319 661/1004/319 646/1020/319 
f 649/1021/306 651/1022/306 663/1006/306 
f 663/1006/306 662/1005/306 649/1021/306 
f 655/1023/311 654/1024/311 665/1008/311 
f 665/1008/311 664/1007/311 655/1023/311 
f 654/1024/320 657/1025/320 666/1009/320 
f 666/1009/320 665/1008/320 654/1024/320 
f 657/1025/309 659/1026/309 667/1010/309 
f 667/1010/309 666/1009/309 657/1025/309 
f 659/1026/321 647/1019/321 660/1003/321 
f 660/1003/321 667/1010/321 659/1026/321 
s 8
f 668/1027/161 669/1028/159 670/1029/161 
f 670/1029/161 671/1030/161 668/1027/161 
f 672/1031/275 673/1032/275 674/1033/334 
f 674/1033/334 675/1034/323 672/1031/275 
f 676/1035/149 677/1036/165 678/1037/149 
f 678/1037/149 679/1038/149 676/1035/149 
f 680/1039/339 681/1040/339 682/1041/324 
f 682/1041/324 683/1042/325 680/1039/339 
f 684/1043/295 685/1044/295 686/1045/326 
f 686/1045/326 687/1046/335 684/1043/295 
f 688/1047/168 689/1048/168 690/1049/168 
f 690/1049/168 691/1050/146 688/1047/168 
f 692/1051/314 693/1052/314 694/1053/328 
f 694/1053/328 695/1054/329 692/1051/314 
f 696/1055/342 674/1033/334 695/1054/329 
f 695/1054/329 697/1056/343 696/1055/342 
f 698/1057/344 675/1034/323 674/1033/334 
f 674/1033/334 696/1055/342 698/1057/344 
f 699/1058/345 682/1059/324 675/1060/323 
f 675/1060/323 698/1061/344 699/1058/345 
f 700/1062/313 683/1042/325 682/1041/324 
f 682/1041/324 699/1063/345 700/1062/313 
f 701/1064/315 686/1045/326 683/1042/325 
f 683/1042/325 700/1062/313 701/1064/315 
f 702/1065/346 687/1046/335 686/1045/326 
f 686/1045/326 701/1064/315 702/1065/346 
f 703/1066/347 694/1067/328 687/1068/335 
f 687/1068/335 702/1069/346 703/1066/347 
f 697/1056/343 695/1054/329 694/1053/328 
f 694/1053/328 703/1070/347 697/1056/343 
s off
f 673/1071/149 668/1072/149 671/1073/149 
f 671/1073/158 674/1074/158 673/1071/158 
f 674/1075/348 671/1076/348 670/1077/348 
f 670/1077/348 695/1078/348 674/1075/348 
f 695/1079/146 670/1080/146 669/1081/146 
f 669/1081/168 692/1082/168 695/1079/168 
f 681/1040/166 676/1083/166 679/1084/166 
f 679/1084/166 682/1041/166 681/1040/166 
f 682/1085/349 679/1086/349 678/1087/349 
f 678/1087/349 675/1088/349 682/1085/349 
f 675/1034/350 678/1089/350 677/1090/350 
f 677/1090/350 672/1031/350 675/1034/350 
f 685/1091/146 704/1092/146 705/1093/146 
f 705/1093/168 686/1094/168 685/1091/168 
f 686/1095/351 705/1096/351 706/1097/351 
f 706/1097/351 683/1098/351 686/1095/351 
f 683/1099/149 706/1100/149 707/1101/149 
f 707/1101/165 680/1102/165 683/1099/165 
f 693/1052/161 688/1103/161 691/1104/161 
f 691/1104/350 694/1053/350 693/1052/350 
f 694/1105/352 691/1106/352 690/1107/352 
f 690/1107/353 687/1108/353 694/1105/353 
f 687/1046/166 690/1109/166 689/1110/166 
f 689/1110/166 684/1043/166 687/1046/166 
s 8
f 708/1111/145 709/1112/145 710/1113/145 
f 710/1113/145 711/1114/145 708/1111/145 
f 712/1115/277 713/1116/324 714/1117/325 
f 714/1117/325 715/1118/277 712/1115/277 
f 716/1119/165 717/1120/165 718/1121/165 
f 718/1121/165 719/1122/165 716/1119/165 
f 720/1123/354 721/1124/334 722/1125/355 
f 722/1125/355 723/1126/354 720/1123/354 
f 724/1127/314 725/1128/356 726/1129/357 
f 726/1129/357 727/1130/314 724/1127/314 
f 728/1131/146 729/1132/146 730/1133/146 
f 730/1133/146 731/1134/146 728/1131/146 
f 732/1135/358 733/1136/326 734/1137/327 
f 734/1137/327 735/1138/295 732/1135/358 
f 736/1139/359 737/1140/360 733/1136/326 
f 733/1136/326 714/1117/325 736/1139/359 
f 738/1141/361 736/1139/359 714/1117/325 
f 714/1117/325 713/1116/324 738/1141/361 
f 739/1142/362 738/1143/361 713/1144/324 
f 713/1144/324 722/1145/355 739/1142/362 
f 740/1146/292 739/1147/362 722/1125/355 
f 722/1125/355 721/1124/334 740/1146/292 
f 741/1148/298 740/1146/292 721/1124/334 
f 721/1124/334 726/1129/357 741/1148/298 
f 742/1149/363 741/1148/298 726/1129/357 
f 726/1129/357 725/1128/356 742/1149/363 
f 743/1150/364 742/1151/363 725/1152/356 
f 725/1152/356 734/1153/327 743/1150/364 
f 737/1140/360 743/1154/364 734/1137/327 
f 734/1137/327 733/1136/326 737/1140/360 
s off
f 715/1155/149 714/1156/149 709/1157/149 
f 709/1157/149 708/1158/149 715/1155/149 
f 714/1159/351 733/1160/351 710/1161/351 
f 710/1161/351 709/1162/351 714/1159/351 
f 733/1163/146 732/1164/146 711/1165/146 
f 711/1165/168 710/1166/168 733/1163/168 
f 723/1126/159 722/1125/159 717/1167/159 
f 717/1167/159 716/1168/159 723/1126/159 
f 722/1169/349 713/1170/349 718/1171/349 
f 718/1171/349 717/1172/349 722/1169/349 
f 713/1116/145 712/1115/145 719/1173/145 
f 719/1173/144 718/1174/144 713/1116/144 
f 727/1175/168 726/1176/168 744/1177/168 
f 744/1177/146 745/1178/146 727/1175/146 
f 726/1179/348 721/1180/348 746/1181/348 
f 746/1181/348 744/1182/348 726/1179/348 
f 721/1183/165 720/1184/165 747/1185/165 
f 747/1185/158 746/1186/158 721/1183/158 
f 735/1138/144 734/1137/144 729/1187/144 
f 729/1187/211 728/1188/211 735/1138/211 
f 734/1189/352 725/1190/352 730/1191/352 
f 730/1191/352 729/1192/352 734/1189/352 
f 725/1128/159 724/1127/159 731/1193/159 
f 731/1193/159 730/1194/159 725/1128/159 
s 1
f 748/1195/150 749/1196/289 750/1197/150 
f 750/1197/150 751/1198/150 752/1199/150 
f 748/1195/150 750/1197/150 752/1199/150 
f 752/1199/150 753/1200/151 754/1201/150 
f 748/1195/150 752/1199/150 754/1201/150 
f 754/1201/150 755/1202/150 756/1203/150 
f 748/1195/150 754/1201/150 756/1203/150 
f 757/1204/150 748/1195/150 756/1203/150 
f 758/1205/365 759/1206/365 760/1207/366 
f 760/1207/366 761/1208/366 758/1205/365 
f 762/1209/367 763/1210/368 764/1211/369 
f 764/1211/369 765/1212/369 762/1209/367 
f 766/1213/370 767/1214/371 768/1215/372 
f 768/1215/372 769/1216/373 766/1213/370 
f 770/1217/168 771/1218/146 772/1219/374 
f 772/1219/374 773/1220/374 770/1217/168 
f 774/1221/375 775/1222/375 776/1223/149 
f 776/1223/149 777/1224/149 774/1221/375 
s 2
f 778/1225/376 750/1226/377 749/1227/378 
f 749/1227/378 779/1228/379 778/1225/376 
f 780/1229/380 781/1230/381 748/1231/382 
f 748/1231/382 757/1232/380 780/1229/380 
f 782/1233/383 756/1234/383 755/1235/384 
f 755/1235/384 783/1236/385 782/1233/383 
f 784/1237/386 785/1238/387 754/1239/388 
f 754/1239/388 753/1240/389 784/1237/386 
f 786/1241/390 787/1242/391 752/1243/392 
f 752/1243/392 751/1244/393 786/1241/390 
s 1
f 788/1245/394 789/1246/395 790/1247/396 
f 790/1247/396 791/1248/397 788/1245/394 
f 792/1249/398 793/1250/399 794/1251/400 
f 794/1251/400 795/1252/401 792/1249/398 
f 796/1253/402 797/1254/403 798/1255/404 
f 798/1255/404 799/1256/405 796/1253/402 
f 800/1257/406 801/1258/407 802/1259/408 
f 802/1259/408 803/1260/409 800/1257/406 
f 804/1261/410 805/1262/411 806/1263/412 
f 806/1263/412 807/1264/413 804/1261/410 
s 2
f 791/1248/414 790/1247/415 808/1265/416 
f 808/1265/416 809/1266/417 791/1248/414 
f 795/1252/418 794/1251/419 810/1267/420 
f 810/1267/420 811/1268/421 795/1252/418 
f 797/1254/422 812/1269/423 813/1270/424 
f 813/1270/424 798/1255/425 797/1254/422 
f 803/1260/426 802/1259/427 814/1271/428 
f 814/1271/428 815/1272/429 803/1260/426 
f 805/1262/430 816/1273/420 817/1274/431 
f 817/1274/431 806/1263/432 805/1262/430 
s 1
f 809/1275/433 808/1276/434 818/1277/434 
f 818/1277/434 819/1278/433 809/1275/433 
f 811/1279/435 810/1280/436 820/1281/436 
f 820/1281/436 821/1282/435 811/1279/435 
f 813/1283/437 812/1284/438 822/1285/438 
f 822/1285/438 823/1286/437 813/1283/437 
f 815/1287/149 814/1288/439 824/1289/440 
f 824/1289/440 825/1290/149 815/1287/149 
f 817/1291/441 816/1292/168 826/1293/168 
f 826/1293/168 827/1294/441 817/1291/441 
s 2
f 788/1295/442 828/1296/443 829/1297/444 
f 829/1297/444 789/1298/445 788/1295/442 
s 1
f 779/1228/446 830/1299/447 831/1300/448 
f 831/1300/448 778/1225/449 779/1228/446 
s 2
f 792/1301/450 832/1302/451 833/1303/452 
f 833/1303/452 793/1304/453 792/1301/450 
s 1
f 786/1241/454 834/1305/454 835/1306/455 
f 835/1306/455 787/1242/455 786/1241/454 
s 2
f 799/1307/456 836/1308/457 837/1309/458 
f 837/1309/458 796/1310/459 799/1307/456 
s 1
f 784/1237/460 838/1311/461 839/1312/462 
f 839/1312/462 785/1238/463 784/1237/460 
s 2
f 800/1313/168 840/1314/146 841/1315/464 
f 841/1315/464 801/1316/465 800/1313/168 
s 1
f 783/1236/466 842/1317/467 843/1318/168 
f 843/1318/168 782/1233/168 783/1236/466 
s 2
f 807/1319/468 844/1320/469 845/1321/165 
f 845/1321/165 804/1322/165 807/1319/468 
s 1
f 780/1229/149 846/1323/149 847/1324/470 
f 847/1324/470 781/1230/471 780/1229/149 
s 4
f 758/1205/472 761/1208/473 829/1297/474 
f 829/1297/474 828/1296/475 758/1205/472 
s 2
f 830/1299/476 760/1207/477 759/1206/478 
f 759/1206/478 831/1300/479 830/1299/476 
s 4
f 832/1302/480 762/1209/481 765/1212/482 
f 765/1212/482 833/1303/483 832/1302/480 
s 2
f 834/1305/484 764/1211/485 763/1210/486 
f 763/1210/486 835/1306/487 834/1305/484 
s 4
f 836/1308/488 766/1213/489 769/1216/490 
f 769/1216/490 837/1309/491 836/1308/488 
s 2
f 768/1215/492 767/1214/493 839/1312/494 
f 839/1312/494 838/1311/495 768/1215/492 
s 4
f 770/1217/496 773/1220/497 841/1315/498 
f 841/1315/498 840/1314/496 770/1217/496 
s 2
f 842/1317/499 772/1219/500 771/1218/501 
f 771/1218/501 843/1318/501 842/1317/499 
s 4
f 844/1320/502 774/1221/503 777/1224/504 
f 777/1224/504 845/1321/504 844/1320/502 
s 2
f 776/1223/505 775/1222/506 847/1324/507 
f 847/1324/507 846/1323/505 776/1223/505 
f 825/1325/147 824/1326/147 823/1327/147 
f 823/1327/147 822/1328/147 821/1329/147 
f 821/1329/147 820/1330/148 819/1331/147 
f 823/1327/147 821/1329/147 819/1331/147 
f 825/1325/147 823/1327/147 819/1331/147 
f 819/1331/147 818/1332/147 827/1333/147 
f 825/1325/147 819/1331/147 827/1333/147 
f 826/1334/147 825/1325/147 827/1333/147 
s 1
f 758/1205/365 765/1212/369 764/1211/369 
f 764/1211/369 759/1206/365 758/1205/365 
f 760/1335/366 775/1222/375 774/1221/375 
f 774/1221/375 761/1336/366 760/1335/366 
f 762/1209/367 769/1216/373 768/1215/372 
f 768/1215/372 763/1210/368 762/1209/367 
f 766/1337/370 773/1220/374 772/1219/374 
f 772/1219/374 767/1338/371 766/1337/370 
s 2
f 749/1339/378 748/1231/382 781/1230/381 
f 781/1230/381 779/1340/379 749/1339/378 
f 755/1235/384 754/1341/388 785/1342/387 
f 785/1342/387 783/1236/385 755/1235/384 
f 753/1240/389 752/1243/392 787/1242/391 
f 787/1242/391 784/1237/386 753/1240/389 
f 751/1244/393 750/1226/377 778/1225/376 
f 778/1225/376 786/1241/390 751/1244/393 
s 1
f 791/1248/397 794/1251/400 793/1250/399 
f 793/1250/399 788/1245/394 791/1248/397 
f 795/1252/401 797/1254/403 796/1253/402 
f 796/1253/402 792/1249/398 795/1252/401 
f 798/1255/404 802/1259/408 801/1258/407 
f 801/1258/407 799/1256/405 798/1255/404 
f 806/1263/412 790/1247/396 789/1246/395 
f 789/1246/395 807/1264/413 806/1263/412 
s 2
f 809/1266/417 810/1267/420 794/1251/419 
f 794/1251/419 791/1248/414 809/1266/417 
f 811/1268/421 812/1269/423 797/1254/422 
f 797/1254/422 795/1252/418 811/1268/421 
f 813/1270/424 814/1271/428 802/1259/427 
f 802/1259/427 798/1255/425 813/1270/424 
f 817/1274/431 808/1265/416 790/1247/415 
f 790/1247/415 806/1263/432 817/1274/431 
s 1
f 819/1278/433 820/1281/436 810/1280/436 
f 810/1280/436 809/1275/433 819/1278/433 
f 821/1282/435 822/1285/438 812/1284/438 
f 812/1284/438 811/1279/435 821/1282/435 
f 823/1343/437 824/1289/440 814/1288/439 
f 814/1288/439 813/1344/437 823/1343/437 
f 827/1294/441 818/1345/434 808/1346/434 
f 808/1346/434 817/1291/441 827/1294/441 
s 2
f 788/1295/442 793/1304/453 833/1303/452 
f 833/1303/452 828/1296/443 788/1295/442 
f 829/1347/444 844/1320/469 807/1319/468 
f 807/1319/468 789/1348/445 829/1347/444 
s 1
f 779/1340/446 781/1230/471 847/1324/470 
f 847/1324/470 830/1349/447 779/1340/446 
f 831/1300/448 834/1305/454 786/1241/454 
f 786/1241/454 778/1225/449 831/1300/448 
s 2
f 792/1301/450 796/1310/459 837/1309/458 
f 837/1309/458 832/1302/451 792/1301/450 
s 1
f 835/1306/455 838/1311/461 784/1237/460 
f 784/1237/460 787/1242/455 835/1306/455 
s 2
f 799/1350/456 801/1316/465 841/1315/464 
f 841/1315/464 836/1351/457 799/1350/456 
s 1
f 839/1352/462 842/1317/467 783/1236/466 
f 783/1236/466 785/1342/463 839/1352/462 
s 4
f 828/1296/475 833/1303/483 765/1212/482 
f 765/1212/482 758/1205/472 828/1296/475 
f 761/1336/473 774/1221/503 844/1320/502 
f 844/1320/502 829/1347/474 761/1336/473 
s 2
f 830/1349/476 847/1324/507 775/1222/506 
f 775/1222/506 760/1335/477 830/1349/476 
f 759/1206/478 764/1211/485 834/1305/484 
f 834/1305/484 831/1300/479 759/1206/478 
s 4
f 832/1302/480 837/1309/491 769/1216/490 
f 769/1216/490 762/1209/481 832/1302/480 
s 2
f 763/1210/486 768/1215/492 838/1311/495 
f 838/1311/495 835/1306/487 763/1210/486 
s 4
f 836/1351/488 841/1315/498 773/1220/497 
f 773/1220/497 766/1337/489 836/1351/488 
s 2
f 767/1338/493 772/1219/500 842/1317/499 
f 842/1317/499 839/1352/494 767/1338/493 
s 1
f 848/1353/150 849/1354/284 850/1355/150 
f 850/1355/150 851/1356/284 852/1357/150 
f 848/1353/150 850/1355/150 852/1357/150 
f 852/1357/150 853/1358/151 854/1359/150 
f 848/1353/150 852/1357/150 854/1359/150 
f 854/1359/150 855/1360/150 856/1361/150 
f 848/1353/150 854/1359/150 856/1361/150 
f 857/1362/150 848/1353/150 856/1361/150 
f 858/1363/365 859/1364/508 860/1365/366 
f 860/1365/366 861/1366/366 858/1363/365 
f 862/1367/368 863/1368/368 864/1369/369 
f 864/1369/369 865/1370/369 862/1367/368 
f 866/1371/371 867/1372/371 868/1373/509 
f 868/1373/509 869/1374/509 866/1371/371 
f 870/1375/168 871/1376/146 872/1377/374 
f 872/1377/374 873/1378/374 870/1375/168 
f 874/1379/375 875/1380/375 876/1381/149 
f 876/1381/149 877/1382/165 874/1379/375 
s 2
f 878/1383/376 850/1384/377 849/1385/378 
f 849/1385/378 879/1386/379 878/1383/376 
f 880/1387/380 881/1388/381 848/1389/382 
f 848/1389/382 857/1390/380 880/1387/380 
f 882/1391/510 856/1392/510 855/1393/384 
f 855/1393/384 883/1394/385 882/1391/510 
f 884/1395/386 885/1396/387 854/1397/388 
f 854/1397/388 853/1398/389 884/1395/386 
f 886/1399/390 887/1400/391 852/1401/392 
f 852/1401/392 851/1402/393 886/1399/390 
s 1
f 888/1403/394 889/1404/395 890/1405/396 
f 890/1405/396 891/1406/397 888/1403/394 
f 892/1407/398 893/1408/399 894/1409/400 
f 894/1409/400 895/1410/401 892/1407/398 
f 896/1411/402 897/1412/403 898/1413/404 
f 898/1413/404 899/1414/405 896/1411/402 
f 900/1415/406 901/1416/407 902/1417/408 
f 902/1417/408 903/1418/409 900/1415/406 
f 904/1419/410 905/1420/411 906/1421/412 
f 906/1421/412 907/1422/413 904/1419/410 
s 2
f 891/1423/414 890/1424/415 908/1425/416 
f 908/1425/416 909/1426/417 891/1423/414 
f 895/1427/418 894/1428/419 910/1429/148 
f 910/1429/148 911/1430/421 895/1427/418 
f 897/1431/422 912/1432/423 913/1433/424 
f 913/1433/424 898/1434/425 897/1431/422 
f 903/1418/426 902/1417/427 914/1435/428 
f 914/1435/428 915/1436/429 903/1418/426 
f 905/1420/430 916/1437/420 917/1438/431 
f 917/1438/431 906/1421/432 905/1420/430 
s 1
f 909/1439/433 908/1440/434 918/1441/434 
f 918/1441/434 919/1442/433 909/1439/433 
f 911/1443/435 910/1444/436 920/1445/436 
f 920/1445/436 921/1446/435 911/1443/435 
f 913/1447/511 912/1448/438 922/1449/512 
f 922/1449/512 923/1450/511 913/1447/511 
f 915/1451/149 914/1452/440 924/1453/439 
f 924/1453/439 925/1454/149 915/1451/149 
f 917/1455/441 916/1456/168 926/1457/168 
f 926/1457/168 927/1458/441 917/1455/441 
s 2
f 888/1403/442 928/1459/443 929/1460/444 
f 929/1460/444 889/1404/445 888/1403/442 
s 1
f 879/1386/446 930/1461/447 931/1462/448 
f 931/1462/448 878/1383/449 879/1386/446 
s 2
f 892/1407/450 932/1463/451 933/1464/452 
f 933/1464/452 893/1408/453 892/1407/450 
s 1
f 886/1399/454 934/1465/454 935/1466/455 
f 935/1466/455 887/1400/455 886/1399/454 
s 2
f 899/1414/513 936/1467/457 937/1468/458 
f 937/1468/458 896/1411/459 899/1414/513 
s 1
f 884/1395/460 938/1469/461 939/1470/462 
f 939/1470/462 885/1396/463 884/1395/460 
s 2
f 900/1471/168 940/1472/168 941/1473/464 
f 941/1473/464 901/1474/465 900/1471/168 
s 1
f 883/1394/466 942/1475/467 943/1476/168 
f 943/1476/168 882/1391/146 883/1394/466 
s 2
f 907/1477/468 944/1478/469 945/1479/165 
f 945/1479/165 904/1480/149 907/1477/468 
s 1
f 880/1387/149 946/1481/149 947/1482/470 
f 947/1482/470 881/1388/471 880/1387/149 
s 4
f 858/1363/472 861/1366/473 929/1460/474 
f 929/1460/474 928/1459/475 858/1363/472 
s 2
f 930/1461/476 860/1365/477 859/1364/478 
f 859/1364/478 931/1462/479 930/1461/476 
s 4
f 932/1463/480 862/1367/481 865/1370/482 
f 865/1370/482 933/1464/483 932/1463/480 
s 2
f 934/1465/484 864/1369/485 863/1368/486 
f 863/1368/486 935/1466/487 934/1465/484 
s 4
f 936/1467/488 866/1371/489 869/1374/490 
f 869/1374/490 937/1468/491 936/1467/488 
s 2
f 868/1373/492 867/1372/493 939/1470/494 
f 939/1470/494 938/1469/495 868/1373/492 
s 4
f 870/1375/496 873/1378/497 941/1473/498 
f 941/1473/498 940/1472/496 870/1375/496 
s 2
f 942/1475/499 872/1377/500 871/1376/514 
f 871/1376/514 943/1476/514 942/1475/499 
s 4
f 944/1478/502 874/1379/503 877/1382/515 
f 877/1382/515 945/1479/515 944/1478/502 
s 2
f 876/1381/505 875/1380/506 947/1482/507 
f 947/1482/507 946/1481/505 876/1381/505 
f 925/1483/147 924/1484/147 923/1485/147 
f 923/1485/147 922/1486/147 921/1487/147 
f 921/1487/147 920/1488/148 919/1489/147 
f 923/1485/147 921/1487/147 919/1489/147 
f 925/1483/147 923/1485/147 919/1489/147 
f 919/1489/147 918/1490/420 927/1491/147 
f 925/1483/147 919/1489/147 927/1491/147 
f 926/1492/147 925/1483/147 927/1491/147 
s 1
f 858/1363/365 865/1370/369 864/1369/369 
f 864/1369/369 859/1364/508 858/1363/365 
f 860/1493/366 875/1380/375 874/1379/375 
f 874/1379/375 861/1494/366 860/1493/366 
f 862/1367/368 869/1374/509 868/1373/509 
f 868/1373/509 863/1368/368 862/1367/368 
f 866/1495/371 873/1378/374 872/1377/374 
f 872/1377/374 867/1496/371 866/1495/371 
s 2
f 849/1497/378 848/1389/382 881/1388/381 
f 881/1388/381 879/1498/379 849/1497/378 
f 855/1393/384 854/1499/388 885/1500/387 
f 885/1500/387 883/1394/385 855/1393/384 
f 853/1398/389 852/1401/392 887/1400/391 
f 887/1400/391 884/1395/386 853/1398/389 
f 851/1402/393 850/1384/377 878/1383/376 
f 878/1383/376 886/1399/390 851/1402/393 
s 1
f 891/1406/397 894/1409/400 893/1408/399 
f 893/1408/399 888/1403/394 891/1406/397 
f 895/1410/401 897/1412/403 896/1411/402 
f 896/1411/402 892/1407/398 895/1410/401 
f 898/1434/404 902/1417/408 901/1416/407 
f 901/1416/407 899/1501/405 898/1434/404 
f 906/1421/412 890/1424/396 889/1502/395 
f 889/1502/395 907/1422/413 906/1421/412 
s 2
f 909/1426/417 910/1429/148 894/1428/419 
f 894/1428/419 891/1423/414 909/1426/417 
f 911/1430/421 912/1432/423 897/1431/422 
f 897/1431/422 895/1427/418 911/1430/421 
f 913/1433/424 914/1435/428 902/1417/427 
f 902/1417/427 898/1434/425 913/1433/424 
f 917/1438/431 908/1425/416 890/1424/415 
f 890/1424/415 906/1421/432 917/1438/431 
s 1
f 919/1442/433 920/1445/436 910/1444/436 
f 910/1444/436 909/1439/433 919/1442/433 
f 921/1446/435 922/1449/512 912/1448/438 
f 912/1448/438 911/1443/435 921/1446/435 
f 923/1503/511 924/1453/439 914/1452/440 
f 914/1452/440 913/1504/511 923/1503/511 
f 927/1458/441 918/1505/434 908/1506/434 
f 908/1506/434 917/1455/441 927/1458/441 
s 2
f 888/1403/442 893/1408/453 933/1464/452 
f 933/1464/452 928/1459/443 888/1403/442 
f 929/1507/444 944/1478/469 907/1477/468 
f 907/1477/468 889/1508/445 929/1507/444 
s 1
f 879/1498/446 881/1388/471 947/1482/470 
f 947/1482/470 930/1509/447 879/1498/446 
f 931/1462/448 934/1465/454 886/1399/454 
f 886/1399/454 878/1383/449 931/1462/448 
s 2
f 892/1407/450 896/1411/459 937/1468/458 
f 937/1468/458 932/1463/451 892/1407/450 
s 1
f 935/1466/455 938/1469/461 884/1395/460 
f 884/1395/460 887/1400/455 935/1466/455 
s 2
f 899/1510/513 901/1474/465 941/1473/464 
f 941/1473/464 936/1511/457 899/1510/513 
s 1
f 939/1512/462 942/1475/467 883/1394/466 
f 883/1394/466 885/1500/463 939/1512/462 
s 4
f 928/1459/475 933/1464/483 865/1370/482 
f 865/1370/482 858/1363/472 928/1459/475 
f 861/1494/473 874/1379/503 944/1478/502 
f 944/1478/502 929/1507/474 861/1494/473 
s 2
f 930/1509/476 947/1482/507 875/1380/506 
f 875/1380/506 860/1493/477 930/1509/476 
f 859/1364/478 864/1369/485 934/1465/484 
f 934/1465/484 931/1462/479 859/1364/478 
s 4
f 932/1463/480 937/1468/491 869/1374/490 
f 869/1374/490 862/1367/481 932/1463/480 
s 2
f 863/1368/486 868/1373/492 938/1469/495 
f 938/1469/495 935/1466/487 863/1368/486 
s 4
f 936/1511/488 941/1473/498 873/1378/497 
f 873/1378/497 866/1495/489 936/1511/488 
s 2
f 867/1496/493 872/1377/500 942/1475/499 
f 942/1475/499 939/1512/494 867/1496/493 
s 1
f 948/1513/151 949/1514/151 950/1515/151 
f 950/1515/151 951/1516/150 952/1517/151 
f 952/1517/151 953/1518/151 954/1519/151 
f 954/1519/151 955/1520/289 956/1521/151 
f 952/1517/151 954/1519/151 956/1521/151 
f 950/1515/151 952/1517/151 956/1521/151 
f 948/1513/151 950/1515/151 956/1521/151 
f 957/1522/150 948/1513/151 956/1521/151 
f 958/1523/516 959/1524/517 960/1525/517 
f 960/1525/517 961/1526/516 958/1523/516 
f 962/1527/518 963/1528/519 964/1529/519 
f 964/1529/519 965/1530/518 962/1527/518 
f 966/1531/520 967/1532/521 968/1533/521 
f 968/1533/521 969/1534/520 966/1531/520 
f 970/1535/168 971/1536/522 972/1537/522 
f 972/1537/522 973/1538/168 970/1535/168 
f 974/1539/523 975/1540/165 976/1541/149 
f 976/1541/149 977/1542/523 974/1539/523 
s 2
f 978/1543/524 979/1544/525 955/1545/526 
f 955/1545/526 954/1546/527 978/1543/524 
f 980/1547/380 957/1548/380 956/1549/528 
f 956/1549/528 981/1550/529 980/1547/380 
f 982/1551/510 983/1552/530 949/1553/531 
f 949/1553/531 948/1554/510 982/1551/510 
f 984/1555/532 951/1556/533 950/1557/534 
f 950/1557/534 985/1558/535 984/1555/532 
f 986/1559/536 953/1560/537 952/1561/538 
f 952/1561/538 987/1562/539 986/1559/536 
s 1
f 988/1563/540 989/1564/541 990/1565/542 
f 990/1565/542 991/1566/543 988/1563/540 
f 992/1567/544 993/1568/545 994/1569/546 
f 994/1569/546 995/1570/547 992/1567/544 
f 996/1571/548 997/1572/549 998/1573/550 
f 998/1573/550 999/1574/551 996/1571/548 
f 1000/1575/552 1001/1576/553 1002/1577/554 
f 1002/1577/554 1003/1578/555 1000/1575/552 
f 1004/1579/556 1005/1580/557 1006/1581/558 
f 1006/1581/558 1007/1582/559 1004/1579/556 
s 2
f 989/1583/560 1008/1584/561 1009/1585/562 
f 1009/1585/562 990/1586/563 989/1583/560 
f 993/1587/564 1010/1588/565 1011/1589/147 
f 1011/1589/147 994/1590/566 993/1587/564 
f 999/1591/567 998/1592/568 1012/1593/569 
f 1012/1593/569 1013/1594/570 999/1591/567 
f 1001/1576/571 1014/1595/420 1015/1596/572 
f 1015/1596/572 1002/1577/573 1001/1576/571 
f 1007/1582/574 1006/1581/575 1016/1597/576 
f 1016/1597/576 1017/1598/429 1007/1582/574 
s 1
f 1008/1599/577 1018/1600/577 1019/1601/578 
f 1019/1601/578 1009/1602/578 1008/1599/577 
f 1010/1603/579 1020/1604/579 1021/1605/580 
f 1021/1605/580 1011/1606/580 1010/1603/579 
f 1012/1607/581 1022/1608/581 1023/1609/582 
f 1023/1609/582 1013/1610/582 1012/1607/581 
f 1014/1611/149 1024/1612/149 1025/1613/471 
f 1025/1613/471 1015/1614/471 1014/1611/149 
f 1016/1615/465 1026/1616/465 1027/1617/168 
f 1027/1617/168 1017/1618/168 1016/1615/465 
s 2
f 988/1563/583 991/1566/584 1028/1619/585 
f 1028/1619/585 1029/1620/586 988/1563/583 
s 1
f 979/1544/587 978/1543/588 1030/1621/589 
f 1030/1621/589 1031/1622/590 979/1544/587 
s 2
f 992/1567/591 995/1570/592 1032/1623/593 
f 1032/1623/593 1033/1624/594 992/1567/591 
s 1
f 986/1559/595 987/1562/596 1034/1625/596 
f 1034/1625/596 1035/1626/595 986/1559/595 
s 2
f 997/1572/597 996/1571/598 1036/1627/599 
f 1036/1627/599 1037/1628/600 997/1572/597 
s 1
f 984/1555/601 985/1558/602 1038/1629/603 
f 1038/1629/603 1039/1630/604 984/1555/601 
s 2
f 1000/1631/168 1003/1632/441 1040/1633/605 
f 1040/1633/605 1041/1634/168 1000/1631/168 
s 1
f 983/1552/606 982/1551/168 1042/1635/168 
f 1042/1635/168 1043/1636/607 983/1552/606 
s 2
f 1005/1637/608 1004/1638/165 1044/1639/165 
f 1044/1639/165 1045/1640/609 1005/1637/608 
s 1
f 980/1547/149 981/1550/440 1046/1641/610 
f 1046/1641/610 1047/1642/165 980/1547/149 
s 4
f 958/1523/611 1029/1620/612 1028/1619/613 
f 1028/1619/613 959/1524/614 958/1523/611 
s 2
f 1031/1622/615 1030/1621/616 961/1526/617 
f 961/1526/617 960/1525/618 1031/1622/615 
s 4
f 1033/1624/619 1032/1623/620 963/1528/621 
f 963/1528/621 962/1527/622 1033/1624/619 
s 2
f 1035/1626/623 1034/1625/624 965/1530/625 
f 965/1530/625 964/1529/626 1035/1626/623 
s 4
f 1037/1628/627 1036/1627/628 967/1532/629 
f 967/1532/629 966/1531/630 1037/1628/627 
s 2
f 968/1533/631 1039/1630/632 1038/1629/633 
f 1038/1629/633 969/1534/634 968/1533/631 
s 4
f 970/1535/635 1041/1634/635 1040/1633/636 
f 1040/1633/636 971/1536/637 970/1535/635 
s 2
f 1043/1636/638 1042/1635/501 973/1538/501 
f 973/1538/501 972/1537/639 1043/1636/638 
s 4
f 1045/1640/640 1044/1639/515 975/1540/515 
f 975/1540/515 974/1539/641 1045/1640/640 
s 2
f 976/1541/642 1047/1642/642 1046/1641/643 
f 1046/1641/643 977/1542/644 976/1541/642 
f 1026/1643/148 1019/1644/429 1018/1645/148 
f 1018/1645/148 1021/1646/148 1020/1647/148 
f 1020/1647/148 1023/1648/148 1022/1649/148 
f 1018/1645/148 1020/1647/148 1022/1649/148 
f 1022/1649/148 1025/1650/148 1024/1651/148 
f 1018/1645/148 1022/1649/148 1024/1651/148 
f 1026/1643/148 1018/1645/148 1024/1651/148 
f 1027/1652/148 1026/1643/148 1024/1651/148 
s 1
f 958/1523/516 961/1526/516 964/1529/519 
f 964/1529/519 963/1528/519 958/1523/516 
f 960/1653/517 959/1654/517 974/1539/523 
f 974/1539/523 977/1542/523 960/1653/517 
f 962/1527/518 965/1530/518 968/1533/521 
f 968/1533/521 967/1532/521 962/1527/518 
f 966/1655/520 969/1656/520 972/1537/522 
f 972/1537/522 971/1536/522 966/1655/520 
s 2
f 955/1657/526 979/1658/525 981/1550/529 
f 981/1550/529 956/1549/528 955/1657/526 
f 949/1553/531 983/1552/530 985/1659/535 
f 985/1659/535 950/1660/534 949/1553/531 
f 951/1556/533 984/1555/532 987/1562/539 
f 987/1562/539 952/1561/538 951/1556/533 
f 953/1560/537 986/1559/536 978/1543/524 
f 978/1543/524 954/1546/527 953/1560/537 
s 1
f 989/1564/541 988/1563/540 995/1570/547 
f 995/1570/547 994/1569/546 989/1564/541 
f 993/1568/545 992/1567/544 996/1571/548 
f 996/1571/548 999/1574/551 993/1568/545 
f 998/1592/550 997/1661/549 1003/1578/555 
f 1003/1578/555 1002/1577/554 998/1592/550 
f 1006/1581/558 1005/1580/557 991/1662/543 
f 991/1662/543 990/1586/542 1006/1581/558 
s 2
f 1008/1584/561 989/1583/560 994/1590/566 
f 994/1590/566 1011/1589/147 1008/1584/561 
f 1010/1588/565 993/1587/564 999/1591/567 
f 999/1591/567 1013/1594/570 1010/1588/565 
f 1012/1593/569 998/1592/568 1002/1577/573 
f 1002/1577/573 1015/1596/572 1012/1593/569 
f 1016/1597/576 1006/1581/575 990/1586/563 
f 990/1586/563 1009/1585/562 1016/1597/576 
s 1
f 1018/1600/577 1008/1599/577 1011/1606/580 
f 1011/1606/580 1021/1605/580 1018/1600/577 
f 1020/1604/579 1010/1603/579 1013/1610/582 
f 1013/1610/582 1023/1609/582 1020/1604/579 
f 1022/1663/581 1012/1664/581 1015/1614/471 
f 1015/1614/471 1025/1613/471 1022/1663/581 
f 1026/1616/465 1016/1615/465 1009/1665/578 
f 1009/1665/578 1019/1666/578 1026/1616/465 
s 2
f 988/1563/583 1029/1620/586 1032/1623/593 
f 1032/1623/593 995/1570/592 988/1563/583 
f 1028/1667/585 991/1668/584 1005/1637/608 
f 1005/1637/608 1045/1640/609 1028/1667/585 
s 1
f 979/1658/587 1031/1669/590 1046/1641/610 
f 1046/1641/610 981/1550/440 979/1658/587 
f 1030/1621/589 978/1543/588 986/1559/595 
f 986/1559/595 1035/1626/595 1030/1621/589 
s 2
f 992/1567/591 1033/1624/594 1036/1627/599 
f 1036/1627/599 996/1571/598 992/1567/591 
s 1
f 1034/1625/596 987/1562/596 984/1555/601 
f 984/1555/601 1039/1630/604 1034/1625/596 
s 2
f 997/1670/597 1037/1671/600 1040/1633/605 
f 1040/1633/605 1003/1632/441 997/1670/597 
s 1
f 1038/1672/603 985/1659/602 983/1552/606 
f 983/1552/606 1043/1636/607 1038/1672/603 
s 4
f 1029/1620/612 958/1523/611 963/1528/621 
f 963/1528/621 1032/1623/620 1029/1620/612 
f 959/1654/614 1028/1667/613 1045/1640/640 
f 1045/1640/640 974/1539/641 959/1654/614 
s 2
f 1031/1669/615 960/1653/618 977/1542/644 
f 977/1542/644 1046/1641/643 1031/1669/615 
f 961/1526/617 1030/1621/616 1035/1626/623 
f 1035/1626/623 964/1529/626 961/1526/617 
s 4
f 1033/1624/619 962/1527/622 967/1532/629 
f 967/1532/629 1036/1627/628 1033/1624/619 
s 2
f 965/1530/625 1034/1625/624 1039/1630/632 
f 1039/1630/632 968/1533/631 965/1530/625 
s 4
f 1037/1671/627 966/1655/630 971/1536/637 
f 971/1536/637 1040/1633/636 1037/1671/627 
s 2
f 969/1656/634 1038/1672/633 1043/1636/638 
f 1043/1636/638 972/1537/639 969/1656/634 
s 1
f 1048/1673/151 1049/1674/151 1050/1675/151 
f 1050/1675/151 1051/1676/150 1052/1677/151 
f 1052/1677/151 1053/1678/151 1054/1679/151 
f 1054/1679/151 1055/1680/289 1056/1681/151 
f 1052/1677/151 1054/1679/151 1056/1681/151 
f 1050/1675/151 1052/1677/151 1056/1681/151 
f 1048/1673/151 1050/1675/151 1056/1681/151 
f 1057/1682/150 1048/1673/151 1056/1681/151 
f 1058/1683/516 1059/1684/517 1060/1685/517 
f 1060/1685/517 1061/1686/516 1058/1683/516 
f 1062/1687/518 1063/1688/519 1064/1689/519 
f 1064/1689/519 1065/1690/518 1062/1687/518 
f 1066/1691/520 1067/1692/645 1068/1693/521 
f 1068/1693/521 1069/1694/646 1066/1691/520 
f 1070/1695/168 1071/1696/522 1072/1697/522 
f 1072/1697/522 1073/1698/169 1070/1695/168 
f 1074/1699/523 1075/1700/149 1076/1701/149 
f 1076/1701/149 1077/1702/523 1074/1699/523 
s 2
f 1078/1703/524 1079/1704/525 1055/1705/526 
f 1055/1705/526 1054/1706/527 1078/1703/524 
f 1080/1707/380 1057/1708/380 1056/1709/528 
f 1056/1709/528 1081/1710/529 1080/1707/380 
f 1082/1711/510 1083/1712/530 1049/1713/531 
f 1049/1713/531 1048/1714/510 1082/1711/510 
f 1084/1715/532 1051/1716/533 1050/1717/534 
f 1050/1717/534 1085/1718/535 1084/1715/532 
f 1086/1719/536 1053/1720/537 1052/1721/538 
f 1052/1721/538 1087/1722/539 1086/1719/536 
s 1
f 1088/1723/540 1089/1724/541 1090/1725/542 
f 1090/1725/542 1091/1726/543 1088/1723/540 
f 1092/1727/544 1093/1728/545 1094/1729/546 
f 1094/1729/546 1095/1730/547 1092/1727/544 
f 1096/1731/548 1097/1732/549 1098/1733/550 
f 1098/1733/550 1099/1734/551 1096/1731/548 
f 1100/1735/552 1101/1736/553 1102/1737/554 
f 1102/1737/554 1103/1738/555 1100/1735/552 
f 1104/1739/556 1105/1740/557 1106/1741/558 
f 1106/1741/558 1107/1742/559 1104/1739/556 
s 2
f 1089/1743/560 1108/1744/561 1109/1745/562 
f 1109/1745/562 1090/1746/563 1089/1743/560 
f 1093/1747/564 1110/1748/565 1111/1749/147 
f 1111/1749/147 1094/1750/566 1093/1747/564 
f 1099/1751/567 1098/1752/568 1112/1753/569 
f 1112/1753/569 1113/1754/570 1099/1751/567 
f 1101/1736/571 1114/1755/420 1115/1756/572 
f 1115/1756/572 1102/1737/573 1101/1736/571 
f 1107/1742/574 1106/1741/575 1116/1757/576 
f 1116/1757/576 1117/1758/429 1107/1742/574 
s 1
f 1108/1759/577 1118/1760/577 1119/1761/578 
f 1119/1761/578 1109/1762/578 1108/1759/577 
f 1110/1763/579 1120/1764/579 1121/1765/580 
f 1121/1765/580 1111/1766/580 1110/1763/579 
f 1112/1767/581 1122/1768/581 1123/1769/647 
f 1123/1769/647 1113/1770/582 1112/1767/581 
f 1114/1771/165 1124/1772/165 1125/1773/648 
f 1125/1773/648 1115/1774/471 1114/1771/165 
f 1116/1775/465 1126/1776/465 1127/1777/168 
f 1127/1777/168 1117/1778/168 1116/1775/465 
s 2
f 1088/1723/583 1091/1726/584 1128/1779/585 
f 1128/1779/585 1129/1780/586 1088/1723/583 
s 1
f 1079/1704/587 1078/1703/588 1130/1781/589 
f 1130/1781/589 1131/1782/590 1079/1704/587 
s 2
f 1092/1727/591 1095/1730/592 1132/1783/593 
f 1132/1783/593 1133/1784/594 1092/1727/591 
s 1
f 1086/1719/595 1087/1722/596 1134/1785/596 
f 1134/1785/596 1135/1786/595 1086/1719/595 
s 2
f 1097/1732/597 1096/1731/598 1136/1787/599 
f 1136/1787/599 1137/1788/600 1097/1732/597 
s 1
f 1084/1715/601 1085/1718/602 1138/1789/603 
f 1138/1789/603 1139/1790/604 1084/1715/601 
s 2
f 1100/1791/168 1103/1792/441 1140/1793/605 
f 1140/1793/605 1141/1794/168 1100/1791/168 
s 1
f 1083/1712/606 1082/1711/169 1142/1795/168 
f 1142/1795/168 1143/1796/607 1083/1712/606 
s 2
f 1105/1797/608 1104/1798/149 1144/1799/149 
f 1144/1799/149 1145/1800/609 1105/1797/608 
s 1
f 1080/1707/149 1081/1710/440 1146/1801/610 
f 1146/1801/610 1147/1802/149 1080/1707/149 
s 4
f 1058/1683/611 1129/1780/612 1128/1779/613 
f 1128/1779/613 1059/1684/614 1058/1683/611 
s 2
f 1131/1782/615 1130/1781/616 1061/1686/617 
f 1061/1686/617 1060/1685/618 1131/1782/615 
s 4
f 1133/1784/619 1132/1783/620 1063/1688/621 
f 1063/1688/621 1062/1687/622 1133/1784/619 
s 2
f 1135/1786/623 1134/1785/624 1065/1690/625 
f 1065/1690/625 1064/1689/626 1135/1786/623 
s 4
f 1137/1788/627 1136/1787/628 1067/1692/629 
f 1067/1692/629 1066/1691/630 1137/1788/627 
s 2
f 1068/1693/631 1139/1790/632 1138/1789/633 
f 1138/1789/633 1069/1694/634 1068/1693/631 
s 4
f 1070/1695/635 1141/1794/635 1140/1793/636 
f 1140/1793/636 1071/1696/637 1070/1695/635 
s 2
f 1143/1796/638 1142/1795/501 1073/1698/501 
f 1073/1698/501 1072/1697/639 1143/1796/638 
s 4
f 1145/1800/640 1144/1799/515 1075/1700/515 
f 1075/1700/515 1074/1699/641 1145/1800/640 
s 2
f 1076/1701/642 1147/1802/642 1146/1801/643 
f 1146/1801/643 1077/1702/644 1076/1701/642 
f 1126/1803/148 1119/1804/148 1118/1805/148 
f 1118/1805/148 1121/1806/148 1120/1807/148 
f 1120/1807/148 1123/1808/147 1122/1809/148 
f 1118/1805/148 1120/1807/148 1122/1809/148 
f 1122/1809/148 1125/1810/148 1124/1811/148 
f 1118/1805/148 1122/1809/148 1124/1811/148 
f 1126/1803/148 1118/1805/148 1124/1811/148 
f 1127/1812/148 1126/1803/148 1124/1811/148 
s 1
f 1058/1683/516 1061/1686/516 1064/1689/519 
f 1064/1689/519 1063/1688/519 1058/1683/516 
f 1060/1813/517 1059/1814/517 1074/1699/523 
f 1074/1699/523 1077/1702/523 1060/1813/517 
f 1062/1687/518 1065/1690/518 1068/1693/521 
f 1068/1693/521 1067/1692/645 1062/1687/518 
f 1066/1815/520 1069/1816/646 1072/1697/522 
f 1072/1697/522 1071/1696/522 1066/1815/520 
s 2
f 1055/1817/526 1079/1818/525 1081/1710/529 
f 1081/1710/529 1056/1709/528 1055/1817/526 
f 1049/1713/531 1083/1712/530 1085/1819/535 
f 1085/1819/535 1050/1820/534 1049/1713/531 
f 1051/1716/533 1084/1715/532 1087/1722/539 
f 1087/1722/539 1052/1721/538 1051/1716/533 
f 1053/1720/537 1086/1719/536 1078/1703/524 
f 1078/1703/524 1054/1706/527 1053/1720/537 
s 1
f 1089/1724/541 1088/1723/540 1095/1730/547 
f 1095/1730/547 1094/1729/546 1089/1724/541 
f 1093/1728/545 1092/1727/544 1096/1731/548 
f 1096/1731/548 1099/1734/551 1093/1728/545 
f 1098/1752/550 1097/1821/549 1103/1738/555 
f 1103/1738/555 1102/1737/554 1098/1752/550 
f 1106/1741/558 1105/1740/557 1091/1822/543 
f 1091/1822/543 1090/1746/542 1106/1741/558 
s 2
f 1108/1744/561 1089/1743/560 1094/1750/566 
f 1094/1750/566 1111/1749/147 1108/1744/561 
f 1110/1748/565 1093/1747/564 1099/1751/567 
f 1099/1751/567 1113/1754/570 1110/1748/565 
f 1112/1753/569 1098/1752/568 1102/1737/573 
f 1102/1737/573 1115/1756/572 1112/1753/569 
f 1116/1757/576 1106/1741/575 1090/1746/563 
f 1090/1746/563 1109/1745/562 1116/1757/576 
s 1
f 1118/1760/577 1108/1759/577 1111/1766/580 
f 1111/1766/580 1121/1765/580 1118/1760/577 
f 1120/1764/579 1110/1763/579 1113/1770/582 
f 1113/1770/582 1123/1769/647 1120/1764/579 
f 1122/1823/581 1112/1824/581 1115/1774/471 
f 1115/1774/471 1125/1773/648 1122/1823/581 
f 1126/1776/465 1116/1775/465 1109/1825/578 
f 1109/1825/578 1119/1826/578 1126/1776/465 
s 2
f 1088/1723/583 1129/1780/586 1132/1783/593 
f 1132/1783/593 1095/1730/592 1088/1723/583 
f 1128/1827/585 1091/1828/584 1105/1797/608 
f 1105/1797/608 1145/1800/609 1128/1827/585 
s 1
f 1079/1818/587 1131/1829/590 1146/1801/610 
f 1146/1801/610 1081/1710/440 1079/1818/587 
f 1130/1781/589 1078/1703/588 1086/1719/595 
f 1086/1719/595 1135/1786/595 1130/1781/589 
s 2
f 1092/1727/591 1133/1784/594 1136/1787/599 
f 1136/1787/599 1096/1731/598 1092/1727/591 
s 1
f 1134/1785/596 1087/1722/596 1084/1715/601 
f 1084/1715/601 1139/1790/604 1134/1785/596 
s 2
f 1097/1830/597 1137/1831/600 1140/1793/605 
f 1140/1793/605 1103/1792/441 1097/1830/597 
s 1
f 1138/1832/603 1085/1819/602 1083/1712/606 
f 1083/1712/606 1143/1796/607 1138/1832/603 
s 4
f 1129/1780/612 1058/1683/611 1063/1688/621 
f 1063/1688/621 1132/1783/620 1129/1780/612 
f 1059/1814/614 1128/1827/613 1145/1800/640 
f 1145/1800/640 1074/1699/641 1059/1814/614 
s 2
f 1131/1829/615 1060/1813/618 1077/1702/644 
f 1077/1702/644 1146/1801/643 1131/1829/615 
f 1061/1686/617 1130/1781/616 1135/1786/623 
f 1135/1786/623 1064/1689/626 1061/1686/617 
s 4
f 1133/1784/619 1062/1687/622 1067/1692/629 
f 1067/1692/629 1136/1787/628 1133/1784/619 
s 2
f 1065/1690/625 1134/1785/624 1139/1790/632 
f 1139/1790/632 1068/1693/631 1065/1690/625 
s 4
f 1137/1831/627 1066/1815/630 1071/1696/637 
f 1071/1696/637 1140/1793/636 1137/1831/627 
s 2
f 1069/1816/634 1138/1832/633 1143/1796/638 
f 1143/1796/638 1072/1697/639 1069/1816/634 
s 1
f 1148/1833/148 1149/1834/148 1150/1835/148 
f 1150/1835/148 1151/1836/148 1148/1833/148 
f 1152/1837/649 1153/1838/650 1154/1839/651 
f 1154/1839/651 1155/1840/649 1152/1837/649 
f 1156/1841/151 1157/1842/652 1158/1843/653 
f 1158/1843/653 1159/1844/654 1156/1841/151 
f 1160/1845/655 1161/1846/656 1162/1847/657 
f 1162/1847/657 1163/1848/658 1160/1845/655 
s 2
f 1164/1849/659 1148/1833/659 1151/1836/659 
f 1151/1836/659 1165/1850/659 1164/1849/659 
s 1
f 1166/1851/660 1167/1852/661 1168/1853/662 
f 1168/1853/662 1169/1854/663 1166/1851/660 
s 4
f 1170/1855/664 1149/1834/665 1148/1833/666 
f 1148/1833/666 1164/1849/667 1170/1855/664 
s 2
f 1171/1856/150 1172/1857/150 1169/1858/150 
f 1173/1859/150 1171/1856/150 1169/1858/150 
f 1168/1860/150 1173/1859/150 1169/1858/150 
f 1174/1861/151 1163/1848/151 1162/1847/151 
f 1171/1856/150 1174/1861/151 1162/1847/151 
f 1172/1857/150 1171/1856/150 1162/1847/151 
s 1
f 1164/1849/147 1165/1850/148 1175/1862/148 
f 1175/1862/148 1176/1863/148 1164/1849/147 
f 1164/1849/147 1176/1863/148 1177/1864/147 
f 1177/1864/147 1170/1855/148 1164/1849/147 
f 1178/1865/668 1179/1866/669 1180/1867/670 
f 1180/1867/670 1181/1868/670 1178/1865/668 
s 2
f 1171/1856/150 1182/1869/151 1174/1861/151 
s 1
f 1175/1862/148 1183/1870/148 1176/1863/148 
f 1161/1846/656 1158/1843/653 1166/1871/660 
s 2
f 1162/1847/151 1169/1858/150 1172/1857/150 
f 1179/1866/671 1155/1840/672 1176/1872/673 
s 4
f 1152/1837/674 1171/1873/675 1173/1874/676 
f 1173/1874/676 1153/1838/676 1152/1837/674 
s 1
f 1155/1840/649 1179/1866/669 1178/1865/668 
f 1178/1865/668 1152/1837/649 1155/1840/649 
s 2
f 1154/1875/677 1177/1864/677 1176/1863/673 
f 1176/1863/673 1155/1876/672 1154/1875/677 
s 1
f 1158/1843/653 1161/1846/656 1160/1845/655 
f 1160/1845/655 1159/1844/654 1158/1843/653 
f 1157/1877/652 1167/1852/661 1166/1851/660 
f 1166/1851/660 1158/1878/653 1157/1877/652 
f 1161/1846/656 1166/1871/660 1169/1858/663 
f 1169/1858/663 1162/1847/657 1161/1846/656 
s 4
f 1181/1879/678 1182/1869/678 1171/1856/675 
f 1171/1856/675 1178/1880/679 1181/1879/678 
s 2
f 1179/1881/671 1176/1863/673 1183/1870/680 
f 1183/1870/680 1180/1882/680 1179/1881/671 
s 4
f 1171/1873/675 1152/1837/674 1178/1865/679 
s 1
f 1184/1883/147 1185/1884/147 1186/1885/147 
f 1186/1885/147 1187/1886/147 1184/1883/147 
f 1188/1887/681 1189/1888/681 1190/1889/682 
f 1190/1889/682 1191/1890/682 1188/1887/681 
f 1192/1891/150 1193/1892/683 1194/1893/684 
f 1194/1893/684 1195/1894/685 1192/1891/150 
f 1196/1895/686 1197/1896/658 1198/1897/687 
f 1198/1897/687 1199/1898/688 1196/1895/686 
s 2
f 1200/1899/689 1201/1900/689 1185/1884/689 
f 1185/1884/689 1184/1883/689 1200/1899/689 
s 1
f 1202/1901/690 1203/1902/691 1204/1903/692 
f 1204/1903/692 1205/1904/693 1202/1901/690 
s 4
f 1206/1905/694 1200/1899/695 1184/1883/696 
f 1184/1883/696 1187/1886/697 1206/1905/694 
s 2
f 1203/1906/151 1207/1907/151 1208/1908/151 
f 1203/1906/151 1208/1908/151 1209/1909/151 
f 1204/1910/150 1203/1906/151 1209/1909/151 
f 1198/1897/150 1197/1896/150 1210/1911/150 
f 1198/1897/150 1210/1911/150 1208/1908/151 
f 1207/1907/151 1198/1897/150 1208/1908/151 
s 1
f 1200/1899/148 1211/1912/147 1212/1913/147 
f 1212/1913/147 1201/1900/147 1200/1899/148 
f 1200/1899/148 1206/1905/148 1213/1914/148 
f 1213/1914/148 1211/1912/147 1200/1899/148 
f 1214/1915/698 1215/1916/699 1216/1917/699 
f 1216/1917/699 1217/1918/698 1214/1915/698 
s 2
f 1208/1908/151 1210/1911/150 1218/1919/150 
s 1
f 1212/1913/147 1211/1912/147 1219/1920/147 
f 1199/1898/688 1202/1921/690 1194/1893/684 
s 2
f 1198/1897/150 1207/1907/151 1203/1906/151 
f 1217/1918/700 1211/1922/701 1189/1888/702 
s 4
f 1188/1887/703 1191/1890/704 1209/1923/704 
f 1209/1923/704 1208/1924/705 1188/1887/703 
s 1
f 1189/1888/681 1188/1887/681 1214/1915/698 
f 1214/1915/698 1217/1918/698 1189/1888/681 
s 2
f 1190/1925/706 1189/1926/702 1211/1912/701 
f 1211/1912/701 1213/1914/706 1190/1925/706 
s 1
f 1194/1893/684 1193/1892/683 1196/1895/686 
f 1196/1895/686 1199/1898/688 1194/1893/684 
f 1195/1927/685 1194/1928/684 1202/1901/690 
f 1202/1901/690 1205/1904/693 1195/1927/685 
f 1199/1898/688 1198/1897/687 1203/1906/691 
f 1203/1906/691 1202/1921/690 1199/1898/688 
s 4
f 1215/1929/707 1214/1930/708 1208/1908/705 
f 1208/1908/705 1218/1919/707 1215/1929/707 
s 2
f 1217/1931/700 1216/1932/709 1219/1920/709 
f 1219/1920/709 1211/1912/701 1217/1931/700 
s 4
f 1208/1924/705 1214/1915/708 1188/1887/703 
s 1
f 1220/1933/710 1221/1934/711 1222/1935/712 
f 1222/1935/712 1223/1936/713 1220/1933/710 
f 1224/1937/714 1225/1938/715 1223/1936/713 
f 1223/1936/713 1222/1935/712 1224/1937/714 
f 1226/1939/148 1227/1940/148 1228/1941/148 
f 1228/1941/148 1229/1942/148 1226/1939/148 
f 1230/1943/151 1231/1944/151 1232/1945/151 
f 1232/1945/151 1233/1946/151 1230/1943/151 
s 2
f 1223/1947/716 1232/1945/717 1231/1944/718 
f 1231/1944/718 1220/1948/718 1223/1947/716 
f 1221/1949/719 1229/1942/719 1228/1941/720 
f 1228/1941/720 1222/1950/721 1221/1949/719 
f 1222/1950/721 1228/1941/720 1227/1940/722 
f 1227/1940/722 1224/1951/723 1222/1950/721 
f 1232/1945/717 1223/1947/716 1225/1952/724 
f 1225/1952/724 1233/1946/725 1232/1945/717 
s 1
f 1234/1953/726 1235/1954/727 1236/1955/728 
f 1236/1955/728 1237/1956/729 1234/1953/726 
f 1238/1957/730 1236/1955/728 1235/1954/727 
f 1235/1954/727 1239/1958/731 1238/1957/730 
f 1240/1959/147 1241/1960/148 1242/1961/147 
f 1242/1961/147 1243/1962/147 1240/1959/147 
f 1244/1963/150 1245/1964/150 1246/1965/150 
f 1246/1965/150 1247/1966/150 1244/1963/150 
s 2
f 1235/1967/732 1234/1968/733 1247/1966/733 
f 1247/1966/733 1246/1965/734 1235/1967/732 
f 1237/1969/735 1236/1970/736 1242/1961/737 
f 1242/1961/737 1241/1960/735 1237/1969/735 
f 1236/1970/736 1238/1971/738 1243/1962/739 
f 1243/1962/739 1242/1961/737 1236/1970/736 
f 1246/1965/734 1245/1964/740 1239/1972/741 
f 1239/1972/741 1235/1967/732 1246/1965/734 
s 1
f 1248/1973/742 1249/1974/743 1250/1975/744 
f 1250/1975/744 1251/1976/745 1248/1973/742 
f 1251/1976/745 1252/1977/746 1253/1978/747 
f 1253/1978/747 1254/1979/748 1248/1973/742 
f 1248/1973/742 1251/1976/745 1253/1978/747 
f 1251/1976/745 1250/1975/744 1255/1980/749 
f 1255/1980/749 1252/1977/746 1251/1976/745 
f 1256/1981/289 1254/1979/748 1253/1978/747 
f 1253/1978/747 1257/1982/750 1256/1981/289 
f 1252/1983/746 1255/1984/749 1258/1985/751 
f 1258/1985/751 1259/1986/752 1252/1983/746 
f 1253/1987/747 1252/1983/746 1259/1986/752 
f 1259/1986/752 1257/1988/750 1253/1987/747 
f 1260/1989/753 1261/1990/754 1262/1991/755 
f 1262/1991/755 1263/1992/756 1260/1989/753 
f 1264/1993/757 1265/1994/758 1266/1995/759 
f 1266/1995/759 1267/1996/760 1264/1993/757 
s 2
f 1250/1975/284 1249/1974/289 1268/1997/284 
f 1250/1975/284 1268/1997/284 1269/1998/284 
f 1270/1999/284 1250/1975/284 1269/1998/284 
f 1261/1990/420 1271/2000/420 1272/2001/420 
f 1261/1990/420 1272/2001/420 1273/2002/429 
f 1262/1991/420 1261/1990/420 1273/2002/429 
f 1267/1996/420 1266/1995/429 1274/2003/420 
f 1267/1996/420 1274/2003/420 1272/2001/420 
f 1271/2000/420 1267/1996/420 1272/2001/420 
f 1250/1975/284 1270/1999/284 1255/1980/289 
s 4
f 1275/2004/761 1276/2005/762 1277/2006/763 
f 1277/2006/763 1269/2007/764 1275/2004/761 
s 1
f 1278/2008/194 1279/2009/194 1280/2010/194 
f 1280/2010/194 1281/2011/165 1278/2008/194 
s 8
f 1269/2007/765 1272/2012/766 1282/2013/766 
f 1282/2013/766 1275/2004/765 1269/2007/765 
s 1
f 1283/2014/166 1284/2015/166 1285/2016/166 
f 1285/2016/166 1286/2017/166 1283/2014/166 
f 1268/1997/767 1287/2018/767 1288/2019/768 
f 1288/2019/768 1269/1998/768 1268/1997/767 
s 4
f 1273/2020/769 1289/2021/770 1287/2022/770 
f 1287/2022/770 1268/2023/769 1273/2020/769 
s 1
f 1272/2001/771 1290/2024/771 1289/2025/771 
f 1289/2025/771 1273/2002/771 1272/2001/771 
s 16
f 1269/2007/772 1288/2026/772 1290/2027/772 
f 1290/2027/772 1272/2012/772 1269/2007/772 
s 8
f 1268/2023/773 1249/2028/773 1285/2016/773 
f 1285/2016/773 1284/2015/773 1268/2023/773 
s 4
f 1249/2028/774 1262/2029/774 1286/2017/774 
f 1286/2017/774 1285/2016/774 1249/2028/774 
s 8
f 1262/2029/775 1273/2020/775 1283/2014/775 
f 1283/2014/775 1286/2017/775 1262/2029/775 
s 4
f 1273/2020/769 1268/2023/769 1284/2015/776 
f 1284/2015/776 1283/2014/776 1273/2020/769 
s 2
f 1291/2030/777 1280/2031/778 1279/2032/778 
f 1279/2032/778 1292/2033/779 1291/2030/777 
s 8
f 1293/2034/780 1281/2035/781 1280/2036/781 
f 1280/2036/781 1291/2037/780 1293/2034/780 
s 2
f 1294/2038/782 1278/2039/783 1281/2040/784 
f 1281/2040/784 1293/2041/785 1294/2038/782 
s 4
f 1292/2042/786 1279/2043/787 1278/2044/787 
f 1278/2044/787 1294/2045/786 1292/2042/786 
s 2
f 1291/2046/777 1292/2047/779 1288/2019/788 
f 1288/2019/788 1287/2018/789 1291/2046/777 
s 8
f 1293/2041/780 1291/2046/780 1287/2018/790 
f 1287/2018/790 1289/2048/791 1293/2041/780 
s 2
f 1294/2038/782 1293/2041/785 1289/2048/792 
f 1289/2048/792 1290/2049/792 1294/2038/782 
s 4
f 1292/2047/786 1294/2038/786 1290/2049/793 
f 1290/2049/793 1288/2019/793 1292/2047/786 
s 1
f 1264/1993/757 1260/1989/753 1295/2050/794 
s 2
f 1267/1996/420 1271/2000/420 1261/1990/420 
s 1
f 1295/2050/794 1296/2051/795 1265/1994/758 
f 1265/1994/758 1264/1993/757 1295/2050/794 
f 1297/2052/796 1295/2050/794 1260/1989/753 
f 1260/1989/753 1263/1992/756 1297/2052/796 
f 1261/1990/754 1260/1989/753 1264/1993/757 
f 1264/1993/757 1267/1996/760 1261/1990/754 
f 1295/2050/794 1297/2052/796 1298/2053/420 
f 1298/2053/420 1296/2051/795 1295/2050/794 
f 1275/2004/797 1282/2013/797 1299/2054/797 
f 1299/2054/797 1276/2005/798 1275/2004/797 
s 2
f 1270/1999/284 1269/1998/284 1277/2055/289 
f 1255/1980/289 1270/1999/284 1277/2055/289 
f 1258/2056/284 1255/1980/289 1277/2055/289 
s 4
f 1282/2013/799 1272/2012/800 1274/2057/801 
f 1274/2057/801 1299/2054/802 1282/2013/799 
s 1
f 1300/2058/803 1301/2059/804 1302/2060/805 
f 1302/2060/805 1303/2061/806 1304/2062/807 
f 1302/2060/805 1304/2062/807 1305/2063/808 
f 1305/2063/808 1300/2058/803 1302/2060/805 
f 1306/2064/289 1307/2065/809 1303/2061/806 
f 1304/2066/807 1308/2067/810 1309/2068/811 
f 1309/2068/811 1305/2069/808 1304/2066/807 
f 1303/2061/806 1307/2065/809 1308/2070/810 
f 1308/2070/810 1304/2062/807 1303/2061/806 
f 1310/2071/812 1311/2072/756 1312/2073/755 
f 1312/2073/755 1313/2074/813 1310/2071/812 
f 1314/2075/814 1315/2076/815 1316/2077/816 
f 1316/2077/816 1317/2078/817 1314/2075/814 
s 2
f 1318/2079/284 1301/2059/284 1300/2058/289 
f 1319/2080/284 1318/2079/284 1300/2058/289 
f 1320/2081/289 1319/2080/284 1300/2058/289 
f 1321/2082/429 1322/2083/429 1313/2074/420 
f 1323/2084/420 1321/2082/429 1313/2074/420 
f 1312/2073/420 1323/2084/420 1313/2074/420 
f 1324/2085/429 1316/2077/420 1315/2076/429 
f 1321/2082/429 1324/2085/429 1315/2076/429 
f 1322/2083/429 1321/2082/429 1315/2076/429 
f 1300/2058/289 1305/2063/289 1320/2081/289 
s 4
f 1325/2086/818 1319/2087/819 1326/2088/820 
f 1326/2088/820 1327/2089/821 1325/2086/818 
s 1
f 1328/2090/165 1329/2091/165 1330/2092/165 
f 1330/2092/165 1331/2093/165 1328/2090/165 
s 8
f 1319/2087/822 1325/2086/822 1332/2094/822 
f 1332/2094/822 1321/2095/822 1319/2087/822 
s 1
f 1333/2096/161 1334/2097/161 1335/2098/161 
f 1335/2098/161 1336/2099/161 1333/2096/161 
f 1318/2079/767 1319/2080/768 1337/2100/768 
f 1337/2100/768 1338/2101/767 1318/2079/767 
s 4
f 1323/2102/823 1318/2103/823 1338/2104/824 
f 1338/2104/824 1339/2105/824 1323/2102/823 
s 1
f 1321/2082/825 1323/2084/825 1339/2106/825 
f 1339/2106/825 1340/2107/825 1321/2082/825 
s 16
f 1319/2087/826 1321/2095/826 1340/2108/826 
f 1340/2108/826 1337/2109/826 1319/2087/826 
s 8
f 1318/2103/827 1336/2099/827 1335/2098/827 
f 1335/2098/827 1301/2110/827 1318/2103/827 
s 4
f 1301/2110/828 1335/2098/828 1334/2097/828 
f 1334/2097/828 1312/2111/828 1301/2110/828 
s 8
f 1312/2111/829 1334/2097/829 1333/2096/830 
f 1333/2096/830 1323/2102/830 1312/2111/829 
s 4
f 1323/2102/823 1333/2096/831 1336/2099/831 
f 1336/2099/831 1318/2103/823 1323/2102/823 
s 2
f 1341/2112/832 1342/2113/779 1331/2114/833 
f 1331/2114/833 1330/2115/833 1341/2112/832 
s 8
f 1343/2116/834 1341/2117/834 1330/2118/835 
f 1330/2118/835 1329/2119/835 1343/2116/834 
s 2
f 1344/2120/836 1343/2121/837 1329/2091/783 
f 1329/2091/783 1328/2090/783 1344/2120/836 
s 4
f 1342/2122/838 1344/2123/838 1328/2124/839 
f 1328/2124/839 1331/2125/839 1342/2122/838 
s 2
f 1341/2126/832 1338/2101/788 1337/2100/840 
f 1337/2100/840 1342/2127/779 1341/2126/832 
s 8
f 1343/2121/834 1339/2128/841 1338/2101/842 
f 1338/2101/842 1341/2126/834 1343/2121/834 
s 2
f 1344/2120/836 1340/2129/843 1339/2128/843 
f 1339/2128/843 1343/2121/837 1344/2120/836 
s 4
f 1342/2127/838 1337/2100/844 1340/2129/845 
f 1340/2129/845 1344/2120/838 1342/2127/838 
s 1
f 1314/2075/814 1345/2130/846 1310/2071/812 
s 2
f 1315/2076/429 1313/2074/420 1322/2083/429 
s 1
f 1345/2130/846 1314/2075/814 1317/2078/817 
f 1317/2078/817 1346/2131/847 1345/2130/846 
f 1347/2132/796 1311/2072/756 1310/2071/812 
f 1310/2071/812 1345/2130/846 1347/2132/796 
f 1313/2074/813 1315/2076/815 1314/2075/814 
f 1314/2075/814 1310/2071/812 1313/2074/813 
f 1345/2130/846 1346/2131/847 1348/2133/420 
f 1348/2133/420 1347/2132/796 1345/2130/846 
f 1325/2086/848 1327/2089/848 1349/2134/848 
f 1349/2134/848 1332/2094/849 1325/2086/848 
s 2
f 1326/2135/284 1319/2080/284 1320/2081/289 
f 1326/2135/284 1320/2081/289 1305/2063/289 
f 1309/2136/289 1326/2135/284 1305/2063/289 
s 4
f 1332/2094/850 1349/2134/851 1324/2137/852 
f 1324/2137/852 1321/2095/853 1332/2094/850 
# 2024 faces

