# Max2Obj Version 4.0 Mar 10th, 2001
#
# object Sphere01 to come ...
#
v  8.687864 -85.777786 -0.000007
v  8.163922 -85.777786 -4.620793
v  6.655291 -85.777786 -8.684242
v  4.343932 -85.777786 -11.700245
v  1.508631 -85.777786 -13.305025
v  -1.508633 -85.777786 -13.305027
v  -4.343933 -85.777786 -11.700243
v  -6.655291 -85.777786 -8.684241
v  -8.163922 -85.777786 -4.620793
v  -8.687865 -85.777786 -0.000010
v  -8.163923 -85.777786 4.620773
v  -6.655292 -85.777786 8.684222
v  -4.343935 -85.777786 11.700224
v  -1.508636 -85.777786 13.305006
v  1.508627 -85.777786 13.305009
v  4.343928 -85.777786 11.700231
v  6.655287 -85.777786 8.684232
v  8.163920 -85.777786 4.620782
v  9.615311 -72.250015 -0.000007
v  9.035439 -72.250015 -5.114070
v  7.365757 -72.250015 -9.611302
v  4.807656 -72.250015 -12.949269
v  1.669681 -72.250015 -14.725364
v  -1.669683 -72.250015 -14.725365
v  -4.807656 -72.250015 -12.949269
v  -7.365757 -72.250015 -9.611301
v  -9.035438 -72.250015 -5.114071
v  -9.615313 -72.250015 -0.000011
v  -9.035439 -72.250015 5.114050
v  -7.365758 -72.250015 9.611281
v  -4.807659 -72.250015 12.949248
v  -1.669685 -72.250015 14.725345
v  1.669677 -72.250015 14.725346
v  4.807651 -72.250015 12.949255
v  7.365753 -72.250015 9.611291
v  9.035437 -72.250015 5.114062
v  8.211796 -59.500015 -0.000008
v  7.716564 -59.500015 -4.367588
v  6.290600 -59.500015 -8.208373
v  4.105897 -59.500015 -11.059107
v  1.425962 -59.500015 -12.575953
v  -1.425965 -59.500015 -12.575953
v  -4.105899 -59.500015 -11.059107
v  -6.290601 -59.500015 -8.208372
v  -7.716564 -59.500015 -4.367589
v  -8.211797 -59.500015 -0.000011
v  -7.716566 -59.500015 4.367568
v  -6.290603 -59.500015 8.208353
v  -4.105902 -59.500015 11.059089
v  -1.425967 -59.500015 12.575933
v  1.425959 -59.500015 12.575935
v  4.105894 -59.500015 11.059094
v  6.290597 -59.500015 8.208362
v  7.716562 -59.500015 4.367578
v  7.977876 -34.250015 -0.000007
v  7.496751 -34.250015 -4.243174
v  6.111407 -34.250015 -7.974551
v  3.988938 -34.250015 -10.744081
v  1.385343 -34.250015 -12.217715
v  -1.385345 -34.250015 -12.217715
v  -3.988940 -34.250015 -10.744080
v  -6.111409 -34.250015 -7.974551
v  -7.496753 -34.250015 -4.243175
v  -7.977878 -34.250015 -0.000010
v  -7.496754 -34.250015 4.243155
v  -6.111410 -34.250015 7.974532
v  -3.988942 -34.250015 10.744061
v  -1.385348 -34.250015 12.217698
v  1.385339 -34.250015 12.217702
v  3.988934 -34.250015 10.744067
v  6.111404 -34.250015 7.974539
v  7.496750 -34.250015 4.243164
v  8.088680 -14.000015 -0.000007
v  7.600873 -14.000015 -4.302107
v  6.196288 -14.000015 -8.085309
v  4.044339 -14.000015 -10.893304
v  1.404584 -14.000015 -12.387407
v  -1.404586 -14.000015 -12.387406
v  -4.044342 -14.000015 -10.893303
v  -6.196289 -14.000015 -8.085308
v  -7.600873 -14.000015 -4.302108
v  -8.088681 -14.000015 -0.000010
v  -7.600876 -14.000015 4.302087
v  -6.196292 -14.000015 8.085289
v  -4.044344 -14.000015 10.893284
v  -1.404588 -14.000015 12.387388
v  1.404580 -14.000015 12.387392
v  4.044336 -14.000015 10.893291
v  6.196285 -14.000015 8.085298
v  7.600872 -14.000015 4.302096
v  8.753505 4.999985 -0.000007
v  8.225603 4.999985 -4.655704
v  6.705573 4.999985 -8.749854
v  4.376751 4.999985 -11.788643
v  1.520029 4.999985 -13.405550
v  -1.520031 4.999985 -13.405550
v  -4.376753 4.999985 -11.788643
v  -6.705574 4.999985 -8.749853
v  -8.225603 4.999985 -4.655705
v  -8.753505 4.999985 -0.000010
v  -8.225604 4.999985 4.655685
v  -6.705576 4.999985 8.749834
v  -4.376756 4.999985 11.788624
v  -1.520034 4.999985 13.405529
v  1.520025 4.999985 13.405532
v  4.376748 4.999985 11.788630
v  6.705570 4.999985 8.749843
v  8.225601 4.999985 4.655694
v  9.233654 23.999985 -0.000007
v  8.676797 23.999985 -4.911079
v  7.073389 23.999985 -9.229803
v  4.616827 23.999985 -12.435277
v  1.603406 23.999985 -14.140875
v  -1.603409 23.999985 -14.140875
v  -4.616828 23.999985 -12.435276
v  -7.073390 23.999985 -9.229802
v  -8.676797 23.999985 -4.911081
v  -9.233654 23.999985 -0.000011
v  -8.676798 23.999985 4.911060
v  -7.073392 23.999985 9.229783
v  -4.616831 23.999985 12.435258
v  -1.603411 23.999985 14.140856
v  1.603403 23.999985 14.140859
v  4.616823 23.999985 12.435264
v  7.073386 23.999985 9.229794
v  8.676794 23.999985 4.911071
v  11.572845 42.999985 -0.000007
v  10.874918 42.999985 -6.155217
v  8.865314 42.999985 -11.568019
v  5.786423 42.999985 -15.585546
v  2.009603 42.999985 -17.723228
v  -2.009604 42.999985 -17.723228
v  -5.786424 42.999985 -15.585544
v  -8.865314 42.999985 -11.568019
v  -10.874918 42.999985 -6.155219
v  -11.572845 42.999985 -0.000011
v  -10.874919 42.999985 6.155197
v  -8.865316 42.999985 11.567996
v  -5.786427 42.999985 15.585525
v  -2.009608 42.999985 17.723207
v  2.009599 42.999985 17.723209
v  5.786418 42.999985 15.585532
v  8.865310 42.999985 11.568009
v  10.874916 42.999985 6.155211
v  12.680885 63.249985 -0.000007
v  11.916134 63.249985 -6.744546
v  9.714123 63.249985 -12.675596
v  6.340443 63.249985 -17.077780
v  2.202012 63.249985 -19.420134
v  -2.202013 63.249985 -19.420134
v  -6.340443 63.249985 -17.077778
v  -9.714123 63.249985 -12.675596
v  -11.916134 63.249985 -6.744548
v  -12.680885 63.249985 -0.000012
v  -11.916135 63.249985 6.744525
v  -9.714124 63.249985 12.675571
v  -6.340446 63.249985 17.077755
v  -2.202018 63.249985 19.420109
v  2.202007 63.249985 19.420113
v  6.340438 63.249985 17.077765
v  9.714115 63.249985 12.675583
v  11.916131 63.249985 6.744540
v  12.434654 88.499985 -0.000007
v  11.684752 88.499985 -6.613584
v  9.525497 88.499985 -12.429466
v  6.217327 88.499985 -16.746172
v  2.159255 88.499985 -19.043043
v  -2.159256 88.499985 -19.043041
v  -6.217327 88.499985 -16.746168
v  -9.525497 88.499985 -12.429465
v  -11.684752 88.499985 -6.613585
v  -12.434654 88.499985 -0.000011
v  -11.684753 88.499985 6.613564
v  -9.525500 88.499985 12.429444
v  -6.217331 88.499985 16.746149
v  -2.159260 88.499985 19.043022
v  2.159250 88.499985 19.043024
v  6.217322 88.499985 16.746157
v  9.525494 88.499985 12.429458
v  11.684750 88.499985 6.613579
v  9.698463 -80.500015 -2.659341
v  8.528685 -80.500015 -7.657251
v  6.330222 -80.500015 -11.731586
v  3.368240 -80.500015 -14.390917
v  -0.000001 -80.500015 -15.314494
v  -3.368242 -80.500015 -14.390917
v  -6.330222 -80.500015 -11.731584
v  -8.528685 -80.500015 -7.657251
v  -9.698463 -80.500015 -2.659342
v  -9.698463 -80.500015 2.659321
v  -8.528687 -80.500015 7.657231
v  -6.330225 -80.500015 11.731564
v  -3.368245 -80.500015 14.390897
v  -0.000005 -80.500015 15.314475
v  3.368236 -80.500015 14.390902
v  6.330218 -80.500015 11.731573
v  8.528683 -80.500015 7.657243
v  9.698462 -80.500015 2.659329
v  8.777109 -66.500015 -2.406704
v  7.718459 -66.500015 -6.929812
v  5.728850 -66.500015 -10.617085
v  3.048257 -66.500015 -13.023781
v  -0.000001 -66.500015 -13.859617
v  -3.048259 -66.500015 -13.023780
v  -5.728851 -66.500015 -10.617084
v  -7.718460 -66.500015 -6.929812
v  -8.777109 -66.500015 -2.406706
v  -8.777109 -66.500015 2.406685
v  -7.718462 -66.500015 6.929793
v  -5.728854 -66.500015 10.617064
v  -3.048262 -66.500015 13.023761
v  -0.000004 -66.500015 13.859598
v  3.048253 -66.500015 13.023766
v  5.728847 -66.500015 10.617073
v  7.718457 -66.500015 6.929804
v  8.777107 -66.500015 2.406692
v  7.855754 -47.500015 -2.154068
v  6.908234 -47.500015 -6.202374
v  5.127479 -47.500015 -9.502584
v  2.728274 -47.500015 -11.656643
v  -0.000001 -47.500015 -12.404740
v  -2.728276 -47.500015 -11.656643
v  -5.127481 -47.500015 -9.502584
v  -6.908236 -47.500015 -6.202374
v  -7.855755 -47.500015 -2.154069
v  -7.855755 -47.500015 2.154048
v  -6.908237 -47.500015 6.202355
v  -5.127483 -47.500015 9.502565
v  -2.728279 -47.500015 11.656626
v  -0.000004 -47.500015 12.404724
v  2.728270 -47.500015 11.656630
v  5.127475 -47.500015 9.502572
v  6.908232 -47.500015 6.202365
v  7.855754 -47.500015 2.154055
v  7.855754 -23.500015 -2.154068
v  6.908234 -23.500015 -6.202374
v  5.127479 -23.500015 -9.502584
v  2.728274 -23.500015 -11.656643
v  -0.000001 -23.500015 -12.404740
v  -2.728276 -23.500015 -11.656643
v  -5.127481 -23.500015 -9.502584
v  -6.908236 -23.500015 -6.202374
v  -7.855755 -23.500015 -2.154069
v  -7.855755 -23.500015 2.154049
v  -6.908237 -23.500015 6.202355
v  -5.127483 -23.500015 9.502565
v  -2.728279 -23.500015 11.656626
v  -0.000004 -23.500015 12.404724
v  2.728270 -23.500015 11.656630
v  5.127475 -23.500015 9.502572
v  6.908232 -23.500015 6.202365
v  7.855754 -23.500015 2.154055
v  8.292186 -4.500015 -2.273737
v  7.292025 -4.500015 -6.546951
v  5.412339 -4.500015 -10.030505
v  2.879845 -4.500015 -12.304235
v  -0.000001 -4.500015 -13.093893
v  -2.879847 -4.500015 -12.304235
v  -5.412340 -4.500015 -10.030505
v  -7.292026 -4.500015 -6.546951
v  -8.292186 -4.500015 -2.273739
v  -8.292187 -4.500015 2.273718
v  -7.292027 -4.500015 6.546931
v  -5.412343 -4.500015 10.030486
v  -2.879849 -4.500015 12.304215
v  -0.000004 -4.500015 13.093874
v  2.879841 -4.500015 12.304220
v  5.412335 -4.500015 10.030494
v  7.292023 -4.500015 6.546941
v  8.292185 -4.500015 2.273725
v  8.728617 14.499985 -2.393407
v  7.675817 14.499985 -6.891526
v  5.697199 14.499985 -10.558427
v  3.031416 14.499985 -12.951827
v  -0.000001 14.499985 -13.783046
v  -3.031418 14.499985 -12.951826
v  -5.697201 14.499985 -10.558425
v  -7.675817 14.499985 -6.891526
v  -8.728617 14.499985 -2.393409
v  -8.728617 14.499985 2.393388
v  -7.675818 14.499985 6.891507
v  -5.697203 14.499985 10.558407
v  -3.031420 14.499985 12.951805
v  -0.000004 14.499985 13.783027
v  3.031412 14.499985 12.951810
v  5.697196 14.499985 10.558414
v  7.675814 14.499985 6.891517
v  8.728616 14.499985 2.393395
v  10.183386 33.499985 -2.792307
v  8.955119 33.499985 -8.040112
v  6.646732 33.499985 -12.318164
v  3.536652 33.499985 -15.110461
v  -0.000001 33.499985 -16.080217
v  -3.536654 33.499985 -15.110461
v  -6.646733 33.499985 -12.318162
v  -8.955119 33.499985 -8.040113
v  -10.183386 33.499985 -2.792309
v  -10.183386 33.499985 2.792288
v  -8.955120 33.499985 8.040092
v  -6.646736 33.499985 12.318143
v  -3.536657 33.499985 15.110442
v  -0.000005 33.499985 16.080198
v  3.536648 33.499985 15.110449
v  6.646728 33.499985 12.318151
v  8.955116 33.499985 8.040105
v  10.183384 33.499985 2.792296
v  12.123078 52.499985 -3.324173
v  10.660855 52.499985 -9.571562
v  7.912777 52.499985 -14.664479
v  4.210300 52.499985 -17.988644
v  -0.000001 52.499985 -19.143116
v  -4.210301 52.499985 -17.988644
v  -7.912777 52.499985 -14.664479
v  -10.660855 52.499985 -9.571562
v  -12.123078 52.499985 -3.324176
v  -12.123078 52.499985 3.324153
v  -10.660857 52.499985 9.571539
v  -7.912781 52.499985 14.664455
v  -4.210305 52.499985 17.988623
v  -0.000005 52.499985 19.143095
v  4.210296 52.499985 17.988630
v  7.912772 52.499985 14.664468
v  10.660852 52.499985 9.571554
v  12.123076 52.499985 3.324163
v  12.608002 76.499985 -3.457140
v  11.087290 76.499985 -9.954424
v  8.229288 76.499985 -15.251059
v  4.378713 76.499985 -18.708191
v  -0.000001 76.499985 -19.908840
v  -4.378714 76.499985 -18.708189
v  -8.229288 76.499985 -15.251059
v  -11.087290 76.499985 -9.954424
v  -12.608002 76.499985 -3.457143
v  -12.608002 76.499985 3.457120
v  -11.087292 76.499985 9.954401
v  -8.229292 76.499985 15.251034
v  -4.378717 76.499985 18.708168
v  -0.000005 76.499985 19.908819
v  4.378707 76.499985 18.708174
v  8.229283 76.499985 15.251046
v  11.087286 76.499985 9.954417
v  12.608000 76.499985 3.457130
v  11.153233 95.499985 -3.058240
v  9.807987 95.499985 -8.805838
v  7.279755 95.499985 -13.491323
v  3.873477 95.499985 -16.549555
v  -0.000001 95.499985 -17.611666
v  -3.873477 95.499985 -16.549553
v  -7.279755 95.499985 -13.491321
v  -9.807987 95.499985 -8.805837
v  -11.153233 95.499985 -3.058242
v  -11.153233 95.499985 3.058221
v  -9.807989 95.499985 8.805817
v  -7.279758 95.499985 13.491299
v  -3.873481 95.499985 16.549532
v  -0.000005 95.499985 17.611647
v  3.873472 95.499985 16.549538
v  7.279751 95.499985 13.491309
v  9.807983 95.499985 8.805830
v  11.153231 95.499985 3.058230
v  -0.000002 -90.000015 -0.000008
v  7.273847 -87.625015 -1.994508
v  9.255250 -80.500015 -5.238484
v  9.468124 -72.250015 -2.596182
v  9.849232 -80.500015 -0.000007
v  6.396513 -87.625015 -5.742940
v  7.544949 -80.500015 -9.845124
v  8.326128 -72.250015 -7.475391
v  4.747666 -87.625015 -8.798691
v  4.924615 -80.500015 -13.264297
v  6.179879 -72.250015 -11.452960
v  2.526180 -87.625015 -10.793190
v  1.710300 -80.500015 -15.083601
v  3.288245 -72.250015 -14.049133
v  -0.000001 -87.625015 -11.485872
v  -1.710302 -80.500015 -15.083601
v  -0.000001 -72.250015 -14.950774
v  -2.526182 -87.625015 -10.793190
v  -4.924616 -80.500015 -13.264296
v  -3.288246 -72.250015 -14.049133
v  -4.747667 -87.625015 -8.798690
v  -7.544949 -80.500015 -9.845123
v  -6.179879 -72.250015 -11.452959
v  -6.396514 -87.625015 -5.742940
v  -9.255250 -80.500015 -5.238485
v  -8.326128 -72.250015 -7.475391
v  -7.273848 -87.625015 -1.994509
v  -9.849232 -80.500015 -0.000011
v  -9.468124 -72.250015 -2.596183
v  -7.273848 -87.625015 1.994489
v  -9.255251 -80.500015 5.238465
v  -9.468124 -72.250015 2.596162
v  -6.396515 -87.625015 5.742921
v  -7.544951 -80.500015 9.845102
v  -8.326130 -72.250015 7.475371
v  -4.747669 -87.625015 8.798671
v  -4.924619 -80.500015 13.264275
v  -6.179882 -72.250015 11.452940
v  -2.526184 -87.625015 10.793171
v  -1.710305 -80.500015 15.083579
v  -3.288249 -72.250015 14.049112
v  -0.000004 -87.625015 11.485855
v  1.710296 -80.500015 15.083582
v  -0.000004 -72.250015 14.950755
v  2.526176 -87.625015 10.793174
v  4.924611 -80.500015 13.264282
v  3.288240 -72.250015 14.049117
v  4.747663 -87.625015 8.798677
v  7.544946 -80.500015 9.845113
v  6.179875 -72.250015 11.452949
v  6.396512 -87.625015 5.742930
v  9.255248 -80.500015 5.238476
v  8.326126 -72.250015 7.475383
v  7.273846 -87.625015 1.994495
v  9.468122 -72.250015 2.596170
v  8.376000 -66.500015 -4.740829
v  8.086093 -59.500015 -2.217227
v  8.913553 -66.500015 -0.000008
v  6.828178 -66.500015 -8.909838
v  7.110790 -59.500015 -6.384234
v  4.456777 -66.500015 -12.004189
v  5.277822 -59.500015 -9.781209
v  1.547822 -66.500015 -13.650658
v  2.808270 -59.500015 -11.998427
v  -1.547824 -66.500015 -13.650658
v  -0.000001 -59.500015 -12.768460
v  -4.456778 -66.500015 -12.004188
v  -2.808272 -59.500015 -11.998427
v  -6.828179 -66.500015 -8.909836
v  -5.277823 -59.500015 -9.781209
v  -8.376001 -66.500015 -4.740830
v  -7.110792 -59.500015 -6.384234
v  -8.913554 -66.500015 -0.000011
v  -8.086094 -59.500015 -2.217228
v  -8.376002 -66.500015 4.740809
v  -8.086094 -59.500015 2.217207
v  -6.828181 -66.500015 8.909817
v  -7.110793 -59.500015 6.384214
v  -4.456780 -66.500015 12.004169
v  -5.277825 -59.500015 9.781190
v  -1.547827 -66.500015 13.650639
v  -2.808274 -59.500015 11.998410
v  1.547818 -66.500015 13.650642
v  -0.000004 -59.500015 12.768441
v  4.456772 -66.500015 12.004175
v  2.808266 -59.500015 11.998414
v  6.828175 -66.500015 8.909826
v  5.277818 -59.500015 9.781198
v  8.375999 -66.500015 4.740820
v  7.110788 -59.500015 6.384225
v  8.086092 -59.500015 2.217214
v  7.496752 -47.500015 -4.243174
v  7.855754 -34.250015 -2.154067
v  7.977877 -47.500015 -0.000008
v  6.111407 -47.500015 -7.974550
v  6.908234 -34.250015 -6.202374
v  3.988937 -47.500015 -10.744081
v  5.127479 -34.250015 -9.502585
v  1.385343 -47.500015 -12.217716
v  2.728274 -34.250015 -11.656643
v  -1.385345 -47.500015 -12.217716
v  -0.000001 -34.250015 -12.404740
v  -3.988940 -47.500015 -10.744080
v  -2.728276 -34.250015 -11.656643
v  -6.111409 -47.500015 -7.974550
v  -5.127481 -34.250015 -9.502584
v  -7.496753 -47.500015 -4.243175
v  -6.908236 -34.250015 -6.202374
v  -7.977877 -47.500015 -0.000010
v  -7.855755 -34.250015 -2.154069
v  -7.496754 -47.500015 4.243155
v  -7.855755 -34.250015 2.154049
v  -6.111411 -47.500015 7.974532
v  -6.908237 -34.250015 6.202355
v  -3.988942 -47.500015 10.744061
v  -5.127483 -34.250015 9.502565
v  -1.385348 -47.500015 12.217698
v  -2.728279 -34.250015 11.656626
v  1.385339 -47.500015 12.217702
v  -0.000004 -34.250015 12.404724
v  3.988934 -47.500015 10.744067
v  2.728270 -34.250015 11.656630
v  6.111404 -47.500015 7.974539
v  5.127475 -34.250015 9.502572
v  7.496750 -47.500015 4.243164
v  6.908232 -34.250015 6.202365
v  7.855754 -34.250015 2.154055
v  7.496752 -23.500015 -4.243174
v  7.964862 -14.000015 -2.183985
v  7.977877 -23.500015 -0.000007
v  6.111407 -23.500015 -7.974550
v  7.004181 -14.000015 -6.288519
v  3.988937 -23.500015 -10.744081
v  5.198694 -14.000015 -9.634564
v  1.385343 -23.500015 -12.217716
v  2.766167 -14.000015 -11.818542
v  -1.385345 -23.500015 -12.217716
v  -0.000001 -14.000015 -12.577029
v  -3.988940 -23.500015 -10.744080
v  -2.766169 -14.000015 -11.818541
v  -6.111409 -23.500015 -7.974550
v  -5.198695 -14.000015 -9.634564
v  -7.496753 -23.500015 -4.243175
v  -7.004183 -14.000015 -6.288519
v  -7.977877 -23.500015 -0.000010
v  -7.964863 -14.000015 -2.183986
v  -7.496754 -23.500015 4.243155
v  -7.964863 -14.000015 2.183966
v  -6.111411 -23.500015 7.974532
v  -7.004184 -14.000015 6.288499
v  -3.988942 -23.500015 10.744061
v  -5.198698 -14.000015 9.634546
v  -1.385348 -23.500015 12.217698
v  -2.766171 -14.000015 11.818523
v  1.385339 -23.500015 12.217702
v  -0.000004 -14.000015 12.577010
v  3.988934 -23.500015 10.744067
v  2.766163 -14.000015 11.818527
v  6.111404 -23.500015 7.974539
v  5.198690 -14.000015 9.634553
v  7.496750 -23.500015 4.243164
v  7.004179 -14.000015 6.288509
v  7.964861 -14.000015 2.183972
v  7.913239 -4.500015 -4.478906
v  8.619509 4.999985 -2.363490
v  8.421092 -4.500015 -0.000007
v  6.450931 -4.500015 -8.417582
v  7.579869 4.999985 -6.805383
v  4.210546 -4.500015 -11.340974
v  5.625984 4.999985 -10.426447
v  1.462306 -4.500015 -12.896479
v  2.993523 4.999985 -12.789929
v  -1.462309 -4.500015 -12.896479
v  -0.000001 4.999985 -13.610757
v  -4.210547 -4.500015 -11.340973
v  -2.993525 4.999985 -12.789929
v  -6.450932 -4.500015 -8.417581
v  -5.625986 4.999985 -10.426446
v  -7.913239 -4.500015 -4.478907
v  -7.579869 4.999985 -6.805383
v  -8.421093 -4.500015 -0.000010
v  -8.619509 4.999985 -2.363492
v  -7.913239 -4.500015 4.478886
v  -8.619509 4.999985 2.363471
v  -6.450933 -4.500015 8.417562
v  -7.579871 4.999985 6.805363
v  -4.210550 -4.500015 11.340954
v  -5.625988 4.999985 10.426427
v  -1.462311 -4.500015 12.896459
v  -2.993528 4.999985 12.789907
v  1.462303 -4.500015 12.896461
v  -0.000004 4.999985 13.610738
v  4.210542 -4.500015 11.340961
v  2.993519 4.999985 12.789913
v  6.450928 -4.500015 8.417570
v  5.625980 4.999985 10.426435
v  7.913237 -4.500015 4.478895
v  7.579866 4.999985 6.805373
v  8.619509 4.999985 2.363477
v  8.329725 14.499985 -4.714637
v  9.092309 23.999985 -2.493132
v  8.864308 14.499985 -0.000007
v  6.790453 14.499985 -8.860611
v  7.995642 23.999985 -7.178673
v  4.432153 14.499985 -11.937867
v  5.934582 23.999985 -10.998362
v  1.539270 14.499985 -13.575241
v  3.157725 23.999985 -13.491486
v  -1.539272 14.499985 -13.575240
v  -0.000001 23.999985 -14.357339
v  -4.432155 14.499985 -11.937865
v  -3.157727 23.999985 -13.491484
v  -6.790454 14.499985 -8.860611
v  -5.934584 23.999985 -10.998360
v  -8.329725 14.499985 -4.714638
v  -7.995642 23.999985 -7.178673
v  -8.864308 14.499985 -0.000010
v  -9.092309 23.999985 -2.493134
v  -8.329725 14.499985 4.714617
v  -9.092309 23.999985 2.493113
v  -6.790456 14.499985 8.860592
v  -7.995644 23.999985 7.178653
v  -4.432158 14.499985 11.937847
v  -5.934586 23.999985 10.998342
v  -1.539275 14.499985 13.575221
v  -3.157730 23.999985 13.491465
v  1.539266 14.499985 13.575224
v  -0.000004 23.999985 14.357320
v  4.432150 14.499985 11.937853
v  3.157721 23.999985 13.491471
v  6.790450 14.499985 8.860600
v  5.934579 23.999985 10.998349
v  8.329723 14.499985 4.714628
v  7.995639 23.999985 7.178664
v  9.092308 23.999985 2.493120
v  9.718012 33.499985 -5.500408
v  11.395694 42.999985 -3.124723
v  10.341692 33.499985 -0.000007
v  7.922195 33.499985 -10.337379
v  10.021204 42.999985 -8.997269
v  5.170846 33.499985 -13.927511
v  7.438010 42.999985 -13.784610
v  1.795815 33.499985 -15.837778
v  3.957682 42.999985 -16.909325
v  -1.795817 33.499985 -15.837778
v  -0.000001 42.999985 -17.994530
v  -5.170847 33.499985 -13.927509
v  -3.957684 42.999985 -16.909325
v  -7.922196 33.499985 -10.337379
v  -7.438011 42.999985 -13.784610
v  -9.718012 33.499985 -5.500409
v  -10.021204 42.999985 -8.997269
v  -10.341693 33.499985 -0.000011
v  -11.395694 42.999985 -3.124726
v  -9.718014 33.499985 5.500388
v  -11.395694 42.999985 3.124704
v  -7.922198 33.499985 10.337358
v  -10.021206 42.999985 8.997247
v  -5.170850 33.499985 13.927488
v  -7.438014 42.999985 13.784588
v  -1.795820 33.499985 15.837759
v  -3.957687 42.999985 16.909306
v  1.795811 33.499985 15.837762
v  -0.000005 42.999985 17.994511
v  5.170841 33.499985 13.927498
v  3.957678 42.999985 16.909311
v  7.922192 33.499985 10.337369
v  7.438005 42.999985 13.784598
v  9.718010 33.499985 5.500401
v  10.021201 42.999985 8.997261
v  11.395692 42.999985 3.124713
v  11.569061 52.499985 -6.548103
v  12.486771 63.249985 -3.423899
v  12.311539 52.499985 -0.000007
v  9.431185 52.499985 -12.306402
v  10.980681 63.249985 -9.858708
v  6.155769 52.499985 -16.580368
v  8.150160 63.249985 -15.104414
v  2.137876 52.499985 -18.854498
v  4.336610 63.249985 -18.528305
v  -2.137877 52.499985 -18.854498
v  -0.000001 63.249985 -19.717409
v  -6.155770 52.499985 -16.580368
v  -4.336611 63.249985 -18.528303
v  -9.431186 52.499985 -12.306402
v  -8.150160 63.249985 -15.104414
v  -11.569061 52.499985 -6.548105
v  -10.980681 63.249985 -9.858708
v  -12.311539 52.499985 -0.000012
v  -12.486771 63.249985 -3.423901
v  -11.569063 52.499985 6.548082
v  -12.486771 63.249985 3.423878
v  -9.431189 52.499985 12.306379
v  -10.980683 63.249985 9.858685
v  -6.155773 52.499985 16.580345
v  -8.150164 63.249985 15.104388
v  -2.137881 52.499985 18.854475
v  -4.336615 63.249985 18.528280
v  2.137871 52.499985 18.854479
v  -0.000005 63.249985 19.717386
v  6.155764 52.499985 16.580355
v  4.336604 63.249985 18.528286
v  9.431181 52.499985 12.306393
v  8.150156 63.249985 15.104401
v  11.569059 52.499985 6.548097
v  10.980678 63.249985 9.858701
v  12.486769 63.249985 3.423888
v  12.031824 76.499985 -6.810027
v  12.244309 88.499985 -3.357415
v  12.804001 76.499985 -0.000007
v  9.808434 76.499985 -12.798658
v  10.767464 88.499985 -9.667278
v  6.402000 76.499985 -17.243584
v  7.991905 88.499985 -14.811125
v  2.223391 76.499985 -19.608677
v  4.252404 88.499985 -18.168530
v  -2.223392 76.499985 -19.608677
v  -0.000001 88.499985 -19.334547
v  -6.402000 76.499985 -17.243582
v  -4.252405 88.499985 -18.168530
v  -9.808434 76.499985 -12.798658
v  -7.991905 88.499985 -14.811123
v  -12.031824 76.499985 -6.810028
v  -10.767464 88.499985 -9.667277
v  -12.804001 76.499985 -0.000011
v  -12.244309 88.499985 -3.357417
v  -12.031826 76.499985 6.810007
v  -12.244309 88.499985 3.357395
v  -9.808435 76.499985 12.798634
v  -10.767466 88.499985 9.667255
v  -6.402004 76.499985 17.243559
v  -7.991909 88.499985 14.811101
v  -2.223396 76.499985 19.608656
v  -4.252409 88.499985 18.168509
v  2.223386 76.499985 19.608658
v  -0.000005 88.499985 19.334526
v  6.401995 76.499985 17.243568
v  4.252398 88.499985 18.168516
v  9.808429 76.499985 12.798648
v  7.991900 88.499985 14.811111
v  12.031822 76.499985 6.810021
v  10.767460 88.499985 9.667271
v  12.244308 88.499985 3.357405
v  10.643538 95.499985 -6.024256
v  11.326616 95.499985 -0.000007
v  8.676691 95.499985 -11.321891
v  5.663308 95.499985 -15.253939
v  1.966846 95.499985 -17.346138
v  -1.966847 95.499985 -17.346138
v  -5.663308 95.499985 -15.253939
v  -8.676691 95.499985 -11.321890
v  -10.643538 95.499985 -6.024256
v  -11.326616 95.499985 -0.000011
v  -10.643538 95.499985 6.024236
v  -8.676693 95.499985 11.321869
v  -5.663312 95.499985 15.253917
v  -1.966851 95.499985 17.346119
v  1.966841 95.499985 17.346121
v  5.663303 95.499985 15.253926
v  8.676687 95.499985 11.321881
v  10.643535 95.499985 6.024249
v  -1.717771 97.309120 -15.149468
v  -0.000001 96.788429 -15.492316
v  -1.937597 97.099533 -15.147902
v  -3.811772 96.806656 -14.310455
v  -3.394833 96.823036 -14.504528
v  -5.525120 96.965912 -12.858788
v  -4.932690 97.343002 -13.286044
v  -7.036228 96.907288 -10.941848
v  -6.370159 96.837799 -11.805597
v  -8.278077 96.854187 -8.601473
v  -7.553218 97.349754 -9.855913
v  -9.182108 97.030006 -5.914488
v  -8.586998 96.832878 -7.709606
v  -9.773301 96.764725 -3.023101
v  -9.280514 97.329460 -5.252785
v  -9.924419 97.174416 0.000009
v  -9.790458 96.808228 -2.684567
v  -9.924419 97.174408 0.000011
v  -9.913832 97.281891 -0.000011
v  -9.773300 96.764717 3.023121
v  -9.790459 96.808220 2.684546
v  -9.182108 97.029991 5.914507
v  -9.280519 97.329453 5.252767
v  -8.278075 96.854179 8.601488
v  -8.587007 96.832870 7.709592
v  -7.036223 96.907272 10.941863
v  -7.553227 97.349747 9.855902
v  -5.525116 96.965904 12.858803
v  -6.370170 96.837784 11.805593
v  -3.811766 96.806641 14.310469
v  -4.932703 97.342979 13.286046
v  -1.937588 97.099518 15.147913
v  -3.394842 96.823021 14.504533
v  -0.000005 96.788414 15.492322
v  -1.717777 97.309097 15.149479
v  1.717768 97.309097 15.149479
v  1.937608 97.099510 15.147908
v  3.811782 96.806648 14.310452
v  3.394832 96.823021 14.504536
v  5.525132 96.965897 12.858784
v  4.932693 97.342979 13.286052
v  7.036237 96.907280 10.941841
v  6.370163 96.837784 11.805601
v  8.278086 96.854172 8.601462
v  7.553223 97.349739 9.855913
v  9.182115 97.029999 5.914480
v  8.587004 96.832870 7.709606
v  9.773304 96.764709 3.023091
v  9.280519 97.329453 5.252780
v  9.924419 97.174408 -0.000022
v  9.913834 97.281891 -0.000007
v  9.924420 97.174416 -0.000021
v  9.790461 96.808220 2.684556
v  9.773297 96.764717 -3.023131
v  9.790457 96.808228 -2.684565
v  9.182103 97.029999 -5.914515
v  9.280514 97.329460 -5.252783
v  8.278068 96.854187 -8.601495
v  8.586997 96.832878 -7.709606
v  7.036213 96.907288 -10.941871
v  7.553217 97.349754 -9.855912
v  5.525104 96.965919 -12.858801
v  6.370158 96.837799 -11.805599
v  3.811752 96.806656 -14.310464
v  4.932689 97.343002 -13.286044
v  1.937576 97.099533 -15.147908
v  3.394831 96.823036 -14.504528
v  1.717770 97.309120 -15.149472
v  -0.000000 96.407028 -15.550732
v  -1.950903 96.407028 -15.251928
v  -3.826834 96.407028 -14.367002
v  -5.555702 96.407028 -12.929960
v  -7.071068 96.407028 -10.996026
v  -8.314696 96.407028 -8.639521
v  -9.238796 96.407028 -5.951002
v  -9.807854 96.407028 -3.033790
v  -10.000000 96.407028 0.000009
v  -9.807852 96.407028 3.033808
v  -9.238793 96.407028 5.951020
v  -8.314693 96.407028 8.639537
v  -7.071063 96.407028 10.996041
v  -5.555696 96.407028 12.929974
v  -3.826827 96.407028 14.367014
v  -1.950894 96.407028 15.251939
v  0.000010 96.407028 15.550739
v  1.950913 96.407028 15.251933
v  3.826845 96.407028 14.367003
v  5.555712 96.407028 12.929957
v  7.071077 96.407028 10.996020
v  8.314704 96.407028 8.639511
v  9.238801 96.407028 5.950993
v  9.807856 96.407028 3.033779
v  10.000000 96.407028 -0.000021
v  9.807850 96.407028 -3.033819
v  9.238789 96.407028 -5.951030
v  8.314686 96.407028 -8.639545
v  7.071054 96.407028 -10.996048
v  5.555686 96.407028 -12.929976
v  3.826815 96.407028 -14.367014
v  1.950882 96.407028 -15.251934
v  -0.000000 94.456123 -15.251928
v  -1.913417 94.456123 -14.958867
v  -3.753303 94.456123 -14.090944
v  -5.448951 94.456123 -12.681515
v  -6.935199 94.456123 -10.784740
v  -8.154932 94.456123 -8.473515
v  -9.061275 94.456123 -5.836655
v  -9.619398 94.456123 -2.975497
v  -9.807853 94.456123 0.000009
v  -9.619397 94.456123 2.975515
v  -9.061273 94.456123 5.836673
v  -8.154928 94.456123 8.473531
v  -6.935195 94.456123 10.784756
v  -5.448945 94.456123 12.681528
v  -3.753296 94.456123 14.090956
v  -1.913409 94.456123 14.958878
v  0.000009 94.456123 15.251936
v  1.913427 94.456123 14.958872
v  3.753313 94.456123 14.090946
v  5.448961 94.456123 12.681512
v  6.935208 94.456123 10.784735
v  8.154940 94.456123 8.473506
v  9.061280 94.456123 5.836646
v  9.619401 94.456123 2.975486
v  9.807853 94.456123 -0.000020
v  9.619394 94.456123 -2.975525
v  9.061268 94.456123 -5.836682
v  8.154922 94.456123 -8.473538
v  6.935186 94.456123 -10.784761
v  5.448935 94.456123 -12.681531
v  3.753284 94.456123 -14.090956
v  1.913396 94.456123 -14.958873
v  -0.000000 92.580193 -14.367003
v  -1.802400 92.580193 -14.090945
v  -3.535534 92.580193 -13.273380
v  -5.132800 92.580193 -11.945726
v  -6.532815 92.580193 -10.159003
v  -7.681778 92.580193 -7.981875
v  -8.535535 92.580193 -5.498009
v  -9.061275 92.580193 -2.802856
v  -9.238796 92.580193 0.000009
v  -9.061275 92.580193 2.802874
v  -8.535533 92.580193 5.498026
v  -7.681775 92.580193 7.981893
v  -6.532811 92.580193 10.159018
v  -5.132794 92.580193 11.945739
v  -3.535527 92.580193 13.273393
v  -1.802392 92.580193 14.090955
v  0.000009 92.580193 14.367011
v  1.802409 92.580193 14.090950
v  3.535544 92.580193 13.273380
v  5.132809 92.580193 11.945724
v  6.532824 92.580193 10.158998
v  7.681785 92.580193 7.981869
v  8.535540 92.580193 5.498001
v  9.061277 92.580193 2.802847
v  9.238796 92.580193 -0.000019
v  9.061272 92.580193 -2.802883
v  8.535528 92.580193 -5.498034
v  7.681768 92.580193 -7.981899
v  6.532803 92.580193 -10.159023
v  5.132784 92.580193 -11.945742
v  3.535516 92.580193 -13.273391
v  1.802380 92.580193 -14.090952
v  -0.000000 90.851326 -12.929960
v  -1.622117 90.851326 -12.681515
v  -3.181896 90.851326 -11.945725
v  -4.619397 90.851326 -10.750869
v  -5.879378 90.851326 -9.142861
v  -6.913418 90.851326 -7.183498
v  -7.681778 90.851326 -4.948077
v  -8.154932 90.851326 -2.522503
v  -8.314696 90.851326 0.000008
v  -8.154931 90.851326 2.522520
v  -7.681777 90.851326 4.948093
v  -6.913415 90.851326 7.183514
v  -5.879375 90.851326 9.142875
v  -4.619393 90.851326 10.750881
v  -3.181890 90.851326 11.945737
v  -1.622110 90.851326 12.681524
v  0.000008 90.851326 12.929968
v  1.622125 90.851326 12.681520
v  3.181905 90.851326 11.945727
v  4.619406 90.851326 10.750868
v  5.879386 90.851326 9.142858
v  6.913424 90.851326 7.183493
v  7.681783 90.851326 4.948070
v  8.154935 90.851326 2.522496
v  8.314696 90.851326 -0.000017
v  8.154929 90.851326 -2.522528
v  7.681772 90.851326 -4.948100
v  6.913409 90.851326 -7.183518
v  5.879367 90.851326 -9.142879
v  4.619384 90.851326 -10.750883
v  3.181880 90.851326 -11.945736
v  1.622099 90.851326 -12.681520
v  -0.000000 89.335960 -10.996026
v  -1.379497 89.335960 -10.784740
v  -2.705980 89.335960 -10.159003
v  -3.928474 89.335960 -9.142861
v  -5.000000 89.335960 -7.775363
v  -5.879378 89.335960 -6.109062
v  -6.532815 89.335960 -4.207993
v  -6.935200 89.335960 -2.145212
v  -7.071068 89.335960 0.000008
v  -6.935199 89.335960 2.145228
v  -6.532814 89.335960 4.208008
v  -5.879376 89.335960 6.109076
v  -4.999997 89.335960 7.775377
v  -3.928471 89.335960 9.142873
v  -2.705975 89.335960 10.159015
v  -1.379491 89.335960 10.784750
v  0.000007 89.335960 10.996034
v  1.379504 89.335960 10.784746
v  2.705988 89.335960 10.159006
v  3.928482 89.335960 9.142861
v  5.000006 89.335960 7.775362
v  5.879384 89.335960 6.109059
v  6.532819 89.335960 4.207988
v  6.935201 89.335960 2.145207
v  7.071068 89.335960 -0.000013
v  6.935197 89.335960 -2.145233
v  6.532810 89.335960 -4.208012
v  5.879371 89.335960 -6.109080
v  4.999990 89.335960 -7.775378
v  3.928463 89.335960 -9.142874
v  2.705967 89.335960 -10.159012
v  1.379482 89.335960 -10.784745
v  -0.000000 88.092331 -8.639521
v  -1.083864 88.092331 -8.473515
v  -2.126075 88.092331 -7.981875
v  -3.086582 88.092331 -7.183498
v  -3.928474 88.092331 -6.109062
v  -4.619397 88.092331 -4.799858
v  -5.132799 88.092331 -3.306197
v  -5.448951 88.092331 -1.685481
v  -5.555702 88.092331 0.000007
v  -5.448950 88.092331 1.685495
v  -5.132798 88.092331 3.306211
v  -4.619395 88.092331 4.799871
v  -3.928472 88.092331 6.109075
v  -3.086579 88.092331 7.183509
v  -2.126071 88.092331 7.981886
v  -1.083859 88.092331 8.473523
v  0.000005 88.092331 8.639528
v  1.083869 88.092331 8.473520
v  2.126081 88.092331 7.981881
v  3.086588 88.092331 7.183500
v  3.928479 88.092331 6.109063
v  4.619401 88.092331 4.799857
v  5.132802 88.092331 3.306196
v  5.448952 88.092331 1.685479
v  5.555702 88.092331 -0.000010
v  5.448948 88.092331 -1.685498
v  5.132795 88.092331 -3.306213
v  4.619391 88.092331 -4.799871
v  3.928467 88.092331 -6.109074
v  3.086573 88.092331 -7.183507
v  2.126064 88.092331 -7.981882
v  1.083852 88.092331 -8.473518
v  -0.000000 87.168228 -5.951002
v  -0.746578 87.168228 -5.836655
v  -1.464465 87.168228 -5.498009
v  -2.126074 87.168228 -4.948077
v  -2.705979 87.168228 -4.207993
v  -3.181895 87.168228 -3.306197
v  -3.535533 87.168228 -2.277346
v  -3.753301 87.168228 -1.160978
v  -3.826833 87.168228 0.000006
v  -3.753301 87.168228 1.160990
v  -3.535532 87.168228 2.277358
v  -3.181894 87.168228 3.306209
v  -2.705978 87.168228 4.208004
v  -2.126072 87.168228 4.948088
v  -1.464463 87.168228 5.498019
v  -0.746575 87.168228 5.836665
v  0.000004 87.168228 5.951011
v  0.746582 87.168228 5.836662
v  1.464469 87.168228 5.498014
v  2.126078 87.168228 4.948081
v  2.705983 87.168228 4.207996
v  3.181898 87.168228 3.306200
v  3.535535 87.168228 2.277348
v  3.753302 87.168228 1.160979
v  3.826833 87.168228 -0.000005
v  3.753300 87.168228 -1.160989
v  3.535530 87.168228 -2.277357
v  3.181891 87.168228 -3.306207
v  2.705974 87.168228 -4.208001
v  2.126068 87.168228 -4.948083
v  1.464458 87.168228 -5.498013
v  0.746570 87.168228 -5.836658
v  -0.000000 86.599174 -3.033790
v  -0.380602 86.599174 -2.975497
v  -0.746577 86.599174 -2.802856
v  -1.083862 86.599174 -2.522503
v  -1.379495 86.599174 -2.145212
v  -1.622115 86.599174 -1.685481
v  -1.802397 86.599174 -1.160978
v  -1.913415 86.599174 -0.591859
v  -1.950901 86.599174 0.000005
v  -1.913415 86.599174 0.591869
v  -1.802397 86.599174 1.160988
v  -1.622114 86.599174 1.685491
v  -1.379494 86.599174 2.145222
v  -1.083861 86.599174 2.522513
v  -0.746576 86.599174 2.802866
v  -0.380600 86.599174 2.975505
v  0.000002 86.599174 3.033798
v  0.380604 86.599174 2.975504
v  0.746579 86.599174 2.802863
v  1.083864 86.599174 2.522510
v  1.379497 86.599174 2.145218
v  1.622116 86.599174 1.685486
v  1.802398 86.599174 1.160983
v  1.913415 86.599174 0.591864
v  1.950901 86.599174 -0.000001
v  1.913414 86.599174 -0.591865
v  1.802396 86.599174 -1.160984
v  1.622113 86.599174 -1.685486
v  1.379493 86.599174 -2.145216
v  1.083859 86.599174 -2.522507
v  0.746574 86.599174 -2.802859
v  0.380598 86.599174 -2.975498
v  0.000000 86.407028 0.000004
v  9.773297 96.764725 -3.023131
v  9.924419 97.174408 -0.000021
v  9.796320 96.752983 -2.677894
v  8.278067 96.854195 -8.601495
v  9.291309 97.212418 -5.258894
v  9.182101 97.029999 -5.914515
v  8.592410 96.780914 -7.710660
v  5.525104 96.965919 -12.858803
v  7.562314 97.228630 -9.867780
v  7.036214 96.907288 -10.941870
v  6.372851 96.786491 -11.812278
v  1.937576 97.099541 -15.147906
v  4.938562 97.223236 -13.301862
v  3.811753 96.806656 -14.310466
v  3.393152 96.769760 -14.513806
v  1.719695 97.196159 -15.166477
v  0.003913 96.731628 -15.499218
v  -3.811771 96.806656 -14.310453
v  -1.719700 97.196167 -15.166474
v  -1.937597 97.099533 -15.147901
v  -3.393154 96.769760 -14.513806
v  -7.036227 96.907288 -10.941847
v  -4.938563 97.223236 -13.301862
v  -5.525120 96.965912 -12.858788
v  -6.372852 96.786491 -11.812279
v  -9.182109 97.030006 -5.914487
v  -7.562314 97.228630 -9.867781
v  -8.278077 96.854187 -8.601471
v  -8.592411 96.780914 -7.710660
v  -9.924418 97.174416 0.000009
v  -9.291310 97.212418 -5.258896
v  -9.773301 96.764717 -3.023102
v  -9.796321 96.752983 -2.677896
v  -9.773299 96.764717 3.023120
v  -9.796322 96.752983 2.677876
v  -8.278074 96.854179 8.601488
v  -9.291316 97.212410 5.258877
v  -9.182107 97.029991 5.914506
v  -8.592419 96.780907 7.710647
v  -5.525116 96.965904 12.858802
v  -7.562324 97.228622 9.867768
v  -7.036224 96.907272 10.941864
v  -6.372864 96.786476 11.812274
v  -1.937589 97.099518 15.147914
v  -4.938574 97.223213 13.301865
v  -3.811765 96.806641 14.310469
v  -3.393163 96.769737 14.513810
v  -1.719705 97.196144 15.166485
v  -0.003914 96.731613 15.499228
v  3.811783 96.806641 14.310457
v  1.719696 97.196144 15.166487
v  1.937608 97.099510 15.147910
v  3.393154 96.769745 14.513810
v  7.036238 96.907280 10.941842
v  4.938569 97.223221 13.301867
v  5.525132 96.965897 12.858787
v  6.372856 96.786476 11.812281
v  9.182114 97.029999 5.914479
v  7.562319 97.228615 9.867781
v  8.278086 96.854172 8.601462
v  8.592417 96.780899 7.710660
v  9.291316 97.212402 5.258888
v  9.773303 96.764717 3.023091
v  9.796324 96.752975 2.677884
# 1110 vertices

vt  0.750000 0.000000 1.000000
vt  0.805556 0.000000 1.000000
vt  0.861111 0.000000 1.000000
vt  0.916667 0.000000 1.000000
vt  0.972222 0.000000 1.000000
vt  0.027778 0.000000 1.000000
vt  0.083333 0.000000 1.000000
vt  0.138889 0.000000 1.000000
vt  0.194444 0.000000 1.000000
vt  0.250000 0.000000 1.000000
vt  0.305556 0.000000 1.000000
vt  0.361111 0.000000 1.000000
vt  0.416667 0.000000 1.000000
vt  0.472222 0.000000 1.000000
vt  0.527778 0.000000 1.000000
vt  0.583333 0.000000 1.000000
vt  0.638889 0.000000 1.000000
vt  0.694444 0.000000 1.000000
vt  0.750000 0.100000 1.000000
vt  0.805555 0.100000 1.000000
vt  0.861111 0.100000 1.000000
vt  0.916667 0.100000 1.000000
vt  0.972222 0.100000 1.000000
vt  0.027778 0.100000 1.000000
vt  0.083333 0.100000 1.000000
vt  0.138889 0.100000 1.000000
vt  0.194444 0.100000 1.000000
vt  0.250000 0.100000 1.000000
vt  0.305556 0.100000 1.000000
vt  0.361111 0.100000 1.000000
vt  0.416667 0.100000 1.000000
vt  0.472222 0.100000 1.000000
vt  0.527778 0.100000 1.000000
vt  0.583333 0.100000 1.000000
vt  0.638889 0.100000 1.000000
vt  0.694444 0.100000 1.000000
vt  0.750000 0.200000 1.000000
vt  0.805555 0.200000 1.000000
vt  0.861111 0.200000 1.000000
vt  0.916667 0.200000 1.000000
vt  0.972222 0.200000 1.000000
vt  0.027778 0.200000 1.000000
vt  0.083333 0.200000 1.000000
vt  0.138889 0.200000 1.000000
vt  0.194444 0.200000 1.000000
vt  0.250000 0.200000 1.000000
vt  0.305556 0.200000 1.000000
vt  0.361111 0.200000 1.000000
vt  0.416667 0.200000 1.000000
vt  0.472222 0.200000 1.000000
vt  0.527778 0.200000 1.000000
vt  0.583333 0.200000 1.000000
vt  0.638889 0.200000 1.000000
vt  0.694444 0.200000 1.000000
vt  0.750000 0.300000 1.000000
vt  0.805555 0.300000 1.000000
vt  0.861111 0.300000 1.000000
vt  0.916667 0.300000 1.000000
vt  0.972222 0.300000 1.000000
vt  0.027778 0.300000 1.000000
vt  0.083333 0.300000 1.000000
vt  0.138889 0.300000 1.000000
vt  0.194444 0.300000 1.000000
vt  0.250000 0.300000 1.000000
vt  0.305556 0.300000 1.000000
vt  0.361111 0.300000 1.000000
vt  0.416667 0.300000 1.000000
vt  0.472222 0.300000 1.000000
vt  0.527778 0.300000 1.000000
vt  0.583333 0.300000 1.000000
vt  0.638889 0.300000 1.000000
vt  0.694444 0.300000 1.000000
vt  0.750000 0.400000 1.000000
vt  0.805555 0.400000 1.000000
vt  0.861111 0.400000 1.000000
vt  0.916667 0.400000 1.000000
vt  0.972222 0.400000 1.000000
vt  0.027778 0.400000 1.000000
vt  0.083333 0.400000 1.000000
vt  0.138889 0.400000 1.000000
vt  0.194444 0.400000 1.000000
vt  0.250000 0.400000 1.000000
vt  0.305556 0.400000 1.000000
vt  0.361111 0.400000 1.000000
vt  0.416667 0.400000 1.000000
vt  0.472222 0.400000 1.000000
vt  0.527778 0.400000 1.000000
vt  0.583333 0.400000 1.000000
vt  0.638889 0.400000 1.000000
vt  0.694444 0.400000 1.000000
vt  0.750000 0.500000 1.000000
vt  0.805555 0.500000 1.000000
vt  0.861111 0.500000 1.000000
vt  0.916667 0.500000 1.000000
vt  0.972222 0.500000 1.000000
vt  0.027778 0.500000 1.000000
vt  0.083333 0.500000 1.000000
vt  0.138889 0.500000 1.000000
vt  0.194444 0.500000 1.000000
vt  0.250000 0.500000 1.000000
vt  0.305556 0.500000 1.000000
vt  0.361111 0.500000 1.000000
vt  0.416667 0.500000 1.000000
vt  0.472222 0.500000 1.000000
vt  0.527778 0.500000 1.000000
vt  0.583333 0.500000 1.000000
vt  0.638889 0.500000 1.000000
vt  0.694444 0.500000 1.000000
vt  0.750000 0.600000 1.000000
vt  0.805555 0.600000 1.000000
vt  0.861111 0.600000 1.000000
vt  0.916667 0.600000 1.000000
vt  0.972222 0.600000 1.000000
vt  0.027778 0.600000 1.000000
vt  0.083333 0.600000 1.000000
vt  0.138889 0.600000 1.000000
vt  0.194444 0.600000 1.000000
vt  0.250000 0.600000 1.000000
vt  0.305556 0.600000 1.000000
vt  0.361111 0.600000 1.000000
vt  0.416667 0.600000 1.000000
vt  0.472222 0.600000 1.000000
vt  0.527778 0.600000 1.000000
vt  0.583333 0.600000 1.000000
vt  0.638889 0.600000 1.000000
vt  0.694444 0.600000 1.000000
vt  0.750000 0.700000 1.000000
vt  0.805555 0.700000 1.000000
vt  0.861111 0.700000 1.000000
vt  0.916667 0.700000 1.000000
vt  0.972222 0.700000 1.000000
vt  0.027778 0.700000 1.000000
vt  0.083333 0.700000 1.000000
vt  0.138889 0.700000 1.000000
vt  0.194444 0.700000 1.000000
vt  0.250000 0.700000 1.000000
vt  0.305556 0.700000 1.000000
vt  0.361111 0.700000 1.000000
vt  0.416667 0.700000 1.000000
vt  0.472222 0.700000 1.000000
vt  0.527778 0.700000 1.000000
vt  0.583333 0.700000 1.000000
vt  0.638889 0.700000 1.000000
vt  0.694444 0.700000 1.000000
vt  0.750000 0.800000 1.000000
vt  0.805555 0.800000 1.000000
vt  0.861111 0.800000 1.000000
vt  0.916667 0.800000 1.000000
vt  0.972222 0.800000 1.000000
vt  0.027778 0.800000 1.000000
vt  0.083333 0.800000 1.000000
vt  0.138889 0.800000 1.000000
vt  0.194444 0.800000 1.000000
vt  0.250000 0.800000 1.000000
vt  0.305556 0.800000 1.000000
vt  0.361111 0.800000 1.000000
vt  0.416667 0.800000 1.000000
vt  0.472222 0.800000 1.000000
vt  0.527778 0.800000 1.000000
vt  0.583333 0.800000 1.000000
vt  0.638889 0.800000 1.000000
vt  0.694444 0.800000 1.000000
vt  0.750000 0.900000 1.000000
vt  0.805555 0.900000 1.000000
vt  0.861111 0.900000 1.000000
vt  0.916667 0.900000 1.000000
vt  0.972222 0.900000 1.000000
vt  0.027778 0.900000 1.000000
vt  0.083333 0.900000 1.000000
vt  0.138889 0.900000 1.000000
vt  0.194444 0.900000 1.000000
vt  0.250000 0.900000 1.000000
vt  0.305556 0.900000 1.000000
vt  0.361111 0.900000 1.000000
vt  0.416667 0.900000 1.000000
vt  0.472222 0.900000 1.000000
vt  0.527778 0.900000 1.000000
vt  0.583333 0.900000 1.000000
vt  0.638889 0.900000 1.000000
vt  0.694444 0.900000 1.000000
vt  1.027778 0.000000 1.000000
vt  1.027778 0.100000 1.000000
vt  1.027778 0.200000 1.000000
vt  1.027778 0.300000 1.000000
vt  1.027778 0.400000 1.000000
vt  1.027778 0.500000 1.000000
vt  1.027778 0.600000 1.000000
vt  1.027778 0.700000 1.000000
vt  1.027778 0.800000 1.000000
vt  1.027778 0.900000 1.000000
vt  0.671010 0.969846 -0.250000
vt  0.821394 0.883022 -0.250000
vt  0.933013 0.750000 -0.250000
vt  0.992404 0.586824 -0.250000
vt  0.992404 0.413176 -0.250000
vt  0.933013 0.250000 -0.250000
vt  0.821394 0.116978 -0.250000
vt  0.671010 0.030154 -0.250000
vt  0.500000 0.000000 -0.250000
vt  0.328990 0.030154 -0.250000
vt  0.178606 0.116978 -0.250000
vt  0.066987 0.250000 -0.250000
vt  0.007596 0.413176 -0.250000
vt  0.007596 0.586824 -0.250000
vt  0.066987 0.750000 -0.250000
vt  0.178606 0.883022 -0.250000
vt  0.328990 0.969846 -0.250000
vt  0.500000 1.000000 -0.250000
vt  0.777778 0.050000 1.000000
vt  0.833333 0.050000 1.000000
vt  0.888889 0.050000 1.000000
vt  0.944444 0.050000 1.000000
vt  1.000000 0.050000 1.000000
vt  0.055556 0.050000 1.000000
vt  0.111111 0.050000 1.000000
vt  0.166667 0.050000 1.000000
vt  0.222222 0.050000 1.000000
vt  0.277778 0.050000 1.000000
vt  0.333333 0.050000 1.000000
vt  0.388889 0.050000 1.000000
vt  0.444444 0.050000 1.000000
vt  0.500000 0.050000 1.000000
vt  0.555555 0.050000 1.000000
vt  0.611111 0.050000 1.000000
vt  0.666667 0.050000 1.000000
vt  0.722222 0.050000 1.000000
vt  0.777778 0.150000 1.000000
vt  0.833333 0.150000 1.000000
vt  0.888889 0.150000 1.000000
vt  0.944444 0.150000 1.000000
vt  1.000000 0.150000 1.000000
vt  0.055556 0.150000 1.000000
vt  0.111111 0.150000 1.000000
vt  0.166667 0.150000 1.000000
vt  0.222222 0.150000 1.000000
vt  0.277778 0.150000 1.000000
vt  0.333333 0.150000 1.000000
vt  0.388889 0.150000 1.000000
vt  0.444444 0.150000 1.000000
vt  0.500000 0.150000 1.000000
vt  0.555555 0.150000 1.000000
vt  0.611111 0.150000 1.000000
vt  0.666667 0.150000 1.000000
vt  0.722222 0.150000 1.000000
vt  0.777778 0.250000 1.000000
vt  0.833333 0.250000 1.000000
vt  0.888889 0.250000 1.000000
vt  0.944444 0.250000 1.000000
vt  1.000000 0.250000 1.000000
vt  0.055556 0.250000 1.000000
vt  0.111111 0.250000 1.000000
vt  0.166667 0.250000 1.000000
vt  0.222222 0.250000 1.000000
vt  0.277778 0.250000 1.000000
vt  0.333333 0.250000 1.000000
vt  0.388889 0.250000 1.000000
vt  0.444444 0.250000 1.000000
vt  0.500000 0.250000 1.000000
vt  0.555555 0.250000 1.000000
vt  0.611111 0.250000 1.000000
vt  0.666667 0.250000 1.000000
vt  0.722222 0.250000 1.000000
vt  0.777778 0.350000 1.000000
vt  0.833333 0.350000 1.000000
vt  0.888889 0.350000 1.000000
vt  0.944444 0.350000 1.000000
vt  1.000000 0.350000 1.000000
vt  0.055556 0.350000 1.000000
vt  0.111111 0.350000 1.000000
vt  0.166667 0.350000 1.000000
vt  0.222222 0.350000 1.000000
vt  0.277778 0.350000 1.000000
vt  0.333333 0.350000 1.000000
vt  0.388889 0.350000 1.000000
vt  0.444444 0.350000 1.000000
vt  0.500000 0.350000 1.000000
vt  0.555555 0.350000 1.000000
vt  0.611111 0.350000 1.000000
vt  0.666667 0.350000 1.000000
vt  0.722222 0.350000 1.000000
vt  0.777778 0.450000 1.000000
vt  0.833333 0.450000 1.000000
vt  0.888889 0.450000 1.000000
vt  0.944444 0.450000 1.000000
vt  1.000000 0.450000 1.000000
vt  0.055556 0.450000 1.000000
vt  0.111111 0.450000 1.000000
vt  0.166667 0.450000 1.000000
vt  0.222222 0.450000 1.000000
vt  0.277778 0.450000 1.000000
vt  0.333333 0.450000 1.000000
vt  0.388889 0.450000 1.000000
vt  0.444444 0.450000 1.000000
vt  0.500000 0.450000 1.000000
vt  0.555555 0.450000 1.000000
vt  0.611111 0.450000 1.000000
vt  0.666667 0.450000 1.000000
vt  0.722222 0.450000 1.000000
vt  0.777778 0.550000 1.000000
vt  0.833333 0.550000 1.000000
vt  0.888889 0.550000 1.000000
vt  0.944444 0.550000 1.000000
vt  1.000000 0.550000 1.000000
vt  0.055556 0.550000 1.000000
vt  0.111111 0.550000 1.000000
vt  0.166667 0.550000 1.000000
vt  0.222222 0.550000 1.000000
vt  0.277778 0.550000 1.000000
vt  0.333333 0.550000 1.000000
vt  0.388889 0.550000 1.000000
vt  0.444444 0.550000 1.000000
vt  0.500000 0.550000 1.000000
vt  0.555555 0.550000 1.000000
vt  0.611111 0.550000 1.000000
vt  0.666667 0.550000 1.000000
vt  0.722222 0.550000 1.000000
vt  0.777778 0.650000 1.000000
vt  0.833333 0.650000 1.000000
vt  0.888889 0.650000 1.000000
vt  0.944444 0.650000 1.000000
vt  1.000000 0.650000 1.000000
vt  0.055556 0.650000 1.000000
vt  0.111111 0.650000 1.000000
vt  0.166667 0.650000 1.000000
vt  0.222222 0.650000 1.000000
vt  0.277778 0.650000 1.000000
vt  0.333333 0.650000 1.000000
vt  0.388889 0.650000 1.000000
vt  0.444444 0.650000 1.000000
vt  0.500000 0.650000 1.000000
vt  0.555555 0.650000 1.000000
vt  0.611111 0.650000 1.000000
vt  0.666667 0.650000 1.000000
vt  0.722222 0.650000 1.000000
vt  0.777778 0.750000 1.000000
vt  0.833333 0.750000 1.000000
vt  0.888889 0.750000 1.000000
vt  0.944444 0.750000 1.000000
vt  1.000000 0.750000 1.000000
vt  0.055556 0.750000 1.000000
vt  0.111111 0.750000 1.000000
vt  0.166667 0.750000 1.000000
vt  0.222222 0.750000 1.000000
vt  0.277778 0.750000 1.000000
vt  0.333333 0.750000 1.000000
vt  0.388889 0.750000 1.000000
vt  0.444444 0.750000 1.000000
vt  0.500000 0.750000 1.000000
vt  0.555555 0.750000 1.000000
vt  0.611111 0.750000 1.000000
vt  0.666667 0.750000 1.000000
vt  0.722222 0.750000 1.000000
vt  0.777778 0.850000 1.000000
vt  0.833333 0.850000 1.000000
vt  0.888889 0.850000 1.000000
vt  0.944444 0.850000 1.000000
vt  1.000000 0.850000 1.000000
vt  0.055556 0.850000 1.000000
vt  0.111111 0.850000 1.000000
vt  0.166667 0.850000 1.000000
vt  0.222222 0.850000 1.000000
vt  0.277778 0.850000 1.000000
vt  0.333333 0.850000 1.000000
vt  0.388889 0.850000 1.000000
vt  0.444444 0.850000 1.000000
vt  0.500000 0.850000 1.000000
vt  0.555555 0.850000 1.000000
vt  0.611111 0.850000 1.000000
vt  0.666667 0.850000 1.000000
vt  0.722222 0.850000 1.000000
vt  0.777778 0.950000 1.000000
vt  0.833333 0.950000 1.000000
vt  0.888889 0.950000 1.000000
vt  0.944444 0.950000 1.000000
vt  1.000000 0.950000 1.000000
vt  0.055556 0.950000 1.000000
vt  0.111111 0.950000 1.000000
vt  0.166667 0.950000 1.000000
vt  0.222222 0.950000 1.000000
vt  0.277778 0.950000 1.000000
vt  0.333333 0.950000 1.000000
vt  0.388889 0.950000 1.000000
vt  0.444444 0.950000 1.000000
vt  0.500000 0.950000 1.000000
vt  0.555555 0.950000 1.000000
vt  0.611111 0.950000 1.000000
vt  0.666667 0.950000 1.000000
vt  0.722222 0.950000 1.000000
vt  0.500000 0.500000 -0.250000
vt  0.777778 0.000000 1.000000
vt  0.414495 0.984923 -0.250000
vt  0.805556 0.050000 1.000000
vt  0.777778 0.100000 1.000000
vt  0.750000 0.050000 1.000000
vt  0.833333 0.000000 1.000000
vt  0.253798 0.926434 -0.250000
vt  0.861111 0.050000 1.000000
vt  0.833333 0.100000 1.000000
vt  0.888889 0.000000 1.000000
vt  0.122797 0.816511 -0.250000
vt  0.916667 0.050000 1.000000
vt  0.888889 0.100000 1.000000
vt  0.944444 0.000000 1.000000
vt  0.037292 0.668412 -0.250000
vt  0.972222 0.050000 1.000000
vt  0.944444 0.100000 1.000000
vt  1.000000 0.000000 1.000000
vt  0.007596 0.500000 -0.250000
vt  1.027778 0.050000 1.000000
vt  0.027778 0.050000 1.000000
vt  1.000000 0.100000 1.000000
vt  0.055556 0.000000 1.000000
vt  0.037292 0.331588 -0.250000
vt  0.083333 0.050000 1.000000
vt  0.055556 0.100000 1.000000
vt  0.111111 0.000000 1.000000
vt  0.122797 0.183489 -0.250000
vt  0.138889 0.050000 1.000000
vt  0.111111 0.100000 1.000000
vt  0.166667 0.000000 1.000000
vt  0.253798 0.073566 -0.250000
vt  0.194444 0.050000 1.000000
vt  0.166667 0.100000 1.000000
vt  0.222222 0.000000 1.000000
vt  0.414495 0.015077 -0.250000
vt  0.250000 0.050000 1.000000
vt  0.222222 0.100000 1.000000
vt  0.277778 0.000000 1.000000
vt  0.585505 0.015077 -0.250000
vt  0.305556 0.050000 1.000000
vt  0.277778 0.100000 1.000000
vt  0.333333 0.000000 1.000000
vt  0.746202 0.073566 -0.250000
vt  0.361111 0.050000 1.000000
vt  0.333333 0.100000 1.000000
vt  0.388889 0.000000 1.000000
vt  0.877203 0.183489 -0.250000
vt  0.416667 0.050000 1.000000
vt  0.388889 0.100000 1.000000
vt  0.444444 0.000000 1.000000
vt  0.962708 0.331588 -0.250000
vt  0.472222 0.050000 1.000000
vt  0.444444 0.100000 1.000000
vt  0.500000 0.000000 1.000000
vt  0.992404 0.500000 -0.250000
vt  0.527778 0.050000 1.000000
vt  0.500000 0.100000 1.000000
vt  0.555555 0.000000 1.000000
vt  0.962708 0.668412 -0.250000
vt  0.583333 0.050000 1.000000
vt  0.555555 0.100000 1.000000
vt  0.611111 0.000000 1.000000
vt  0.877203 0.816511 -0.250000
vt  0.638889 0.050000 1.000000
vt  0.611111 0.100000 1.000000
vt  0.666667 0.000000 1.000000
vt  0.746202 0.926434 -0.250000
vt  0.694444 0.050000 1.000000
vt  0.666667 0.100000 1.000000
vt  0.722222 0.000000 1.000000
vt  0.585505 0.984923 -0.250000
vt  0.722222 0.100000 1.000000
vt  0.805556 0.150000 1.000000
vt  0.777778 0.200000 1.000000
vt  0.750000 0.150000 1.000000
vt  0.861111 0.150000 1.000000
vt  0.833333 0.200000 1.000000
vt  0.916667 0.150000 1.000000
vt  0.888889 0.200000 1.000000
vt  0.972222 0.150000 1.000000
vt  0.944444 0.200000 1.000000
vt  1.027778 0.150000 1.000000
vt  0.027778 0.150000 1.000000
vt  1.000000 0.200000 1.000000
vt  0.083333 0.150000 1.000000
vt  0.055556 0.200000 1.000000
vt  0.138889 0.150000 1.000000
vt  0.111111 0.200000 1.000000
vt  0.194444 0.150000 1.000000
vt  0.166667 0.200000 1.000000
vt  0.250000 0.150000 1.000000
vt  0.222222 0.200000 1.000000
vt  0.305556 0.150000 1.000000
vt  0.277778 0.200000 1.000000
vt  0.361111 0.150000 1.000000
vt  0.333333 0.200000 1.000000
vt  0.416667 0.150000 1.000000
vt  0.388889 0.200000 1.000000
vt  0.472222 0.150000 1.000000
vt  0.444444 0.200000 1.000000
vt  0.527778 0.150000 1.000000
vt  0.500000 0.200000 1.000000
vt  0.583333 0.150000 1.000000
vt  0.555555 0.200000 1.000000
vt  0.638889 0.150000 1.000000
vt  0.611111 0.200000 1.000000
vt  0.694444 0.150000 1.000000
vt  0.666667 0.200000 1.000000
vt  0.722222 0.200000 1.000000
vt  0.805556 0.250000 1.000000
vt  0.777778 0.300000 1.000000
vt  0.750000 0.250000 1.000000
vt  0.861111 0.250000 1.000000
vt  0.833333 0.300000 1.000000
vt  0.916667 0.250000 1.000000
vt  0.888889 0.300000 1.000000
vt  0.972222 0.250000 1.000000
vt  0.944444 0.300000 1.000000
vt  1.027778 0.250000 1.000000
vt  0.027778 0.250000 1.000000
vt  1.000000 0.300000 1.000000
vt  0.083333 0.250000 1.000000
vt  0.055556 0.300000 1.000000
vt  0.138889 0.250000 1.000000
vt  0.111111 0.300000 1.000000
vt  0.194444 0.250000 1.000000
vt  0.166667 0.300000 1.000000
vt  0.250000 0.250000 1.000000
vt  0.222222 0.300000 1.000000
vt  0.305556 0.250000 1.000000
vt  0.277778 0.300000 1.000000
vt  0.361111 0.250000 1.000000
vt  0.333333 0.300000 1.000000
vt  0.416667 0.250000 1.000000
vt  0.388889 0.300000 1.000000
vt  0.472222 0.250000 1.000000
vt  0.444444 0.300000 1.000000
vt  0.527778 0.250000 1.000000
vt  0.500000 0.300000 1.000000
vt  0.583333 0.250000 1.000000
vt  0.555555 0.300000 1.000000
vt  0.638889 0.250000 1.000000
vt  0.611111 0.300000 1.000000
vt  0.694444 0.250000 1.000000
vt  0.666667 0.300000 1.000000
vt  0.722222 0.300000 1.000000
vt  0.805556 0.350000 1.000000
vt  0.777778 0.400000 1.000000
vt  0.750000 0.350000 1.000000
vt  0.861111 0.350000 1.000000
vt  0.833333 0.400000 1.000000
vt  0.916667 0.350000 1.000000
vt  0.888889 0.400000 1.000000
vt  0.972222 0.350000 1.000000
vt  0.944444 0.400000 1.000000
vt  1.027778 0.350000 1.000000
vt  0.027778 0.350000 1.000000
vt  1.000000 0.400000 1.000000
vt  0.083333 0.350000 1.000000
vt  0.055556 0.400000 1.000000
vt  0.138889 0.350000 1.000000
vt  0.111111 0.400000 1.000000
vt  0.194444 0.350000 1.000000
vt  0.166667 0.400000 1.000000
vt  0.250000 0.350000 1.000000
vt  0.222222 0.400000 1.000000
vt  0.305556 0.350000 1.000000
vt  0.277778 0.400000 1.000000
vt  0.361111 0.350000 1.000000
vt  0.333333 0.400000 1.000000
vt  0.416667 0.350000 1.000000
vt  0.388889 0.400000 1.000000
vt  0.472222 0.350000 1.000000
vt  0.444444 0.400000 1.000000
vt  0.527778 0.350000 1.000000
vt  0.500000 0.400000 1.000000
vt  0.583333 0.350000 1.000000
vt  0.555555 0.400000 1.000000
vt  0.638889 0.350000 1.000000
vt  0.611111 0.400000 1.000000
vt  0.694444 0.350000 1.000000
vt  0.666667 0.400000 1.000000
vt  0.722222 0.400000 1.000000
vt  0.805556 0.450000 1.000000
vt  0.777778 0.500000 1.000000
vt  0.750000 0.450000 1.000000
vt  0.861111 0.450000 1.000000
vt  0.833333 0.500000 1.000000
vt  0.916667 0.450000 1.000000
vt  0.888889 0.500000 1.000000
vt  0.972222 0.450000 1.000000
vt  0.944444 0.500000 1.000000
vt  1.027778 0.450000 1.000000
vt  0.027778 0.450000 1.000000
vt  1.000000 0.500000 1.000000
vt  0.083333 0.450000 1.000000
vt  0.055556 0.500000 1.000000
vt  0.138889 0.450000 1.000000
vt  0.111111 0.500000 1.000000
vt  0.194444 0.450000 1.000000
vt  0.166667 0.500000 1.000000
vt  0.250000 0.450000 1.000000
vt  0.222222 0.500000 1.000000
vt  0.305556 0.450000 1.000000
vt  0.277778 0.500000 1.000000
vt  0.361111 0.450000 1.000000
vt  0.333333 0.500000 1.000000
vt  0.416667 0.450000 1.000000
vt  0.388889 0.500000 1.000000
vt  0.472222 0.450000 1.000000
vt  0.444444 0.500000 1.000000
vt  0.527778 0.450000 1.000000
vt  0.500000 0.500000 1.000000
vt  0.583333 0.450000 1.000000
vt  0.555555 0.500000 1.000000
vt  0.638889 0.450000 1.000000
vt  0.611111 0.500000 1.000000
vt  0.694444 0.450000 1.000000
vt  0.666667 0.500000 1.000000
vt  0.722222 0.500000 1.000000
vt  0.805556 0.550000 1.000000
vt  0.777778 0.600000 1.000000
vt  0.750000 0.550000 1.000000
vt  0.861111 0.550000 1.000000
vt  0.833333 0.600000 1.000000
vt  0.916667 0.550000 1.000000
vt  0.888889 0.600000 1.000000
vt  0.972222 0.550000 1.000000
vt  0.944444 0.600000 1.000000
vt  1.027778 0.550000 1.000000
vt  0.027778 0.550000 1.000000
vt  1.000000 0.600000 1.000000
vt  0.083333 0.550000 1.000000
vt  0.055556 0.600000 1.000000
vt  0.138889 0.550000 1.000000
vt  0.111111 0.600000 1.000000
vt  0.194444 0.550000 1.000000
vt  0.166667 0.600000 1.000000
vt  0.250000 0.550000 1.000000
vt  0.222222 0.600000 1.000000
vt  0.305556 0.550000 1.000000
vt  0.277778 0.600000 1.000000
vt  0.361111 0.550000 1.000000
vt  0.333333 0.600000 1.000000
vt  0.416667 0.550000 1.000000
vt  0.388889 0.600000 1.000000
vt  0.472222 0.550000 1.000000
vt  0.444444 0.600000 1.000000
vt  0.527778 0.550000 1.000000
vt  0.500000 0.600000 1.000000
vt  0.583333 0.550000 1.000000
vt  0.555555 0.600000 1.000000
vt  0.638889 0.550000 1.000000
vt  0.611111 0.600000 1.000000
vt  0.694444 0.550000 1.000000
vt  0.666667 0.600000 1.000000
vt  0.722222 0.600000 1.000000
vt  0.805556 0.650000 1.000000
vt  0.777778 0.700000 1.000000
vt  0.750000 0.650000 1.000000
vt  0.861111 0.650000 1.000000
vt  0.833333 0.700000 1.000000
vt  0.916667 0.650000 1.000000
vt  0.888889 0.700000 1.000000
vt  0.972222 0.650000 1.000000
vt  0.944444 0.700000 1.000000
vt  1.027778 0.650000 1.000000
vt  0.027778 0.650000 1.000000
vt  1.000000 0.700000 1.000000
vt  0.083333 0.650000 1.000000
vt  0.055556 0.700000 1.000000
vt  0.138889 0.650000 1.000000
vt  0.111111 0.700000 1.000000
vt  0.194444 0.650000 1.000000
vt  0.166667 0.700000 1.000000
vt  0.250000 0.650000 1.000000
vt  0.222222 0.700000 1.000000
vt  0.305556 0.650000 1.000000
vt  0.277778 0.700000 1.000000
vt  0.361111 0.650000 1.000000
vt  0.333333 0.700000 1.000000
vt  0.416667 0.650000 1.000000
vt  0.388889 0.700000 1.000000
vt  0.472222 0.650000 1.000000
vt  0.444444 0.700000 1.000000
vt  0.527778 0.650000 1.000000
vt  0.500000 0.700000 1.000000
vt  0.583333 0.650000 1.000000
vt  0.555555 0.700000 1.000000
vt  0.638889 0.650000 1.000000
vt  0.611111 0.700000 1.000000
vt  0.694444 0.650000 1.000000
vt  0.666667 0.700000 1.000000
vt  0.722222 0.700000 1.000000
vt  0.805556 0.750000 1.000000
vt  0.777778 0.800000 1.000000
vt  0.750000 0.750000 1.000000
vt  0.861111 0.750000 1.000000
vt  0.833333 0.800000 1.000000
vt  0.916667 0.750000 1.000000
vt  0.888889 0.800000 1.000000
vt  0.972222 0.750000 1.000000
vt  0.944444 0.800000 1.000000
vt  1.027778 0.750000 1.000000
vt  0.027778 0.750000 1.000000
vt  1.000000 0.800000 1.000000
vt  0.083333 0.750000 1.000000
vt  0.055556 0.800000 1.000000
vt  0.138889 0.750000 1.000000
vt  0.111111 0.800000 1.000000
vt  0.194444 0.750000 1.000000
vt  0.166667 0.800000 1.000000
vt  0.250000 0.750000 1.000000
vt  0.222222 0.800000 1.000000
vt  0.305556 0.750000 1.000000
vt  0.277778 0.800000 1.000000
vt  0.361111 0.750000 1.000000
vt  0.333333 0.800000 1.000000
vt  0.416667 0.750000 1.000000
vt  0.388889 0.800000 1.000000
vt  0.472222 0.750000 1.000000
vt  0.444444 0.800000 1.000000
vt  0.527778 0.750000 1.000000
vt  0.500000 0.800000 1.000000
vt  0.583333 0.750000 1.000000
vt  0.555555 0.800000 1.000000
vt  0.638889 0.750000 1.000000
vt  0.611111 0.800000 1.000000
vt  0.694444 0.750000 1.000000
vt  0.666667 0.800000 1.000000
vt  0.722222 0.800000 1.000000
vt  0.805556 0.850000 1.000000
vt  0.777778 0.900000 1.000000
vt  0.750000 0.850000 1.000000
vt  0.861111 0.850000 1.000000
vt  0.833333 0.900000 1.000000
vt  0.916667 0.850000 1.000000
vt  0.888889 0.900000 1.000000
vt  0.972222 0.850000 1.000000
vt  0.944444 0.900000 1.000000
vt  1.027778 0.850000 1.000000
vt  0.027778 0.850000 1.000000
vt  1.000000 0.900000 1.000000
vt  0.083333 0.850000 1.000000
vt  0.055556 0.900000 1.000000
vt  0.138889 0.850000 1.000000
vt  0.111111 0.900000 1.000000
vt  0.194444 0.850000 1.000000
vt  0.166667 0.900000 1.000000
vt  0.250000 0.850000 1.000000
vt  0.222222 0.900000 1.000000
vt  0.305556 0.850000 1.000000
vt  0.277778 0.900000 1.000000
vt  0.361111 0.850000 1.000000
vt  0.333333 0.900000 1.000000
vt  0.416667 0.850000 1.000000
vt  0.388889 0.900000 1.000000
vt  0.472222 0.850000 1.000000
vt  0.444444 0.900000 1.000000
vt  0.527778 0.850000 1.000000
vt  0.500000 0.900000 1.000000
vt  0.583333 0.850000 1.000000
vt  0.555555 0.900000 1.000000
vt  0.638889 0.850000 1.000000
vt  0.611111 0.900000 1.000000
vt  0.694444 0.850000 1.000000
vt  0.666667 0.900000 1.000000
vt  0.722222 0.900000 1.000000
vt  0.805556 0.950000 1.000000
vt  0.750000 0.950000 1.000000
vt  0.861111 0.950000 1.000000
vt  0.916667 0.950000 1.000000
vt  0.972222 0.950000 1.000000
vt  1.027778 0.950000 1.000000
vt  0.027778 0.950000 1.000000
vt  0.083333 0.950000 1.000000
vt  0.138889 0.950000 1.000000
vt  0.194444 0.950000 1.000000
vt  0.250000 0.950000 1.000000
vt  0.305556 0.950000 1.000000
vt  0.361111 0.950000 1.000000
vt  0.416667 0.950000 1.000000
vt  0.472222 0.950000 1.000000
vt  0.527778 0.950000 1.000000
vt  0.583333 0.950000 1.000000
vt  0.638889 0.950000 1.000000
vt  0.694444 0.950000 1.000000
vt  1.027778 0.986183 1.000000
vt  0.027778 0.986183 1.000000
vt  1.000000 0.969088 1.000000
vt  0.031198 0.982675 1.000000
vt  0.062851 0.973660 1.000000
vt  0.055556 0.969601 1.000000
vt  0.092970 0.981297 1.000000
vt  0.083333 0.986860 1.000000
vt  0.125738 0.979055 1.000000
vt  0.111111 0.969819 1.000000
vt  0.155701 0.976321 1.000000
vt  0.138889 0.986995 1.000000
vt  0.187963 0.982177 1.000000
vt  0.166667 0.969747 1.000000
vt  0.218604 0.971072 1.000000
vt  0.194444 0.986589 1.000000
vt  0.249817 0.984294 1.000000
vt  0.222222 0.969381 1.000000
vt  0.250183 0.984294 1.000000
vt  0.250000 0.985638 1.000000
vt  0.281396 0.971073 1.000000
vt  0.277778 0.969381 1.000000
vt  0.312037 0.982177 1.000000
vt  0.305556 0.986589 1.000000
vt  0.344299 0.976321 1.000000
vt  0.333333 0.969746 1.000000
vt  0.374262 0.979055 1.000000
vt  0.361111 0.986995 1.000000
vt  0.407030 0.981297 1.000000
vt  0.388889 0.969819 1.000000
vt  0.437150 0.973659 1.000000
vt  0.416667 0.986860 1.000000
vt  0.468893 0.983176 1.000000
vt  0.444444 0.969600 1.000000
vt  0.500000 0.969088 1.000000
vt  0.472222 0.986182 1.000000
vt  0.527778 0.986182 1.000000
vt  0.531198 0.982674 1.000000
vt  0.562851 0.973659 1.000000
vt  0.555555 0.969601 1.000000
vt  0.592970 0.981296 1.000000
vt  0.583333 0.986860 1.000000
vt  0.625738 0.979055 1.000000
vt  0.611111 0.969819 1.000000
vt  0.655701 0.976321 1.000000
vt  0.638889 0.986995 1.000000
vt  0.687963 0.982177 1.000000
vt  0.666667 0.969746 1.000000
vt  0.718604 0.971072 1.000000
vt  0.694444 0.986589 1.000000
vt  0.750183 0.984294 1.000000
vt  0.750000 0.985638 1.000000
vt  0.749846 0.984304 1.000000
vt  0.722222 0.969381 1.000000
vt  0.781396 0.971073 1.000000
vt  0.777778 0.969381 1.000000
vt  0.812037 0.982177 1.000000
vt  0.805556 0.986589 1.000000
vt  0.844299 0.976321 1.000000
vt  0.833333 0.969747 1.000000
vt  0.874262 0.979055 1.000000
vt  0.861111 0.986995 1.000000
vt  0.907030 0.981297 1.000000
vt  0.888889 0.969819 1.000000
vt  0.937150 0.973659 1.000000
vt  0.916667 0.986860 1.000000
vt  0.968893 0.983177 1.000000
vt  0.944444 0.969601 1.000000
vt  0.972222 0.986182 1.000000
vt  0.000000 0.500000 0.000000
vt  0.031250 0.500000 0.000000
vt  0.062500 0.500000 0.000000
vt  0.093750 0.500000 0.000000
vt  0.125000 0.500000 0.000000
vt  0.156250 0.500000 0.000000
vt  0.187500 0.500000 0.000000
vt  0.218750 0.500000 0.000000
vt  0.250000 0.500000 0.000000
vt  0.281250 0.500000 0.000000
vt  0.312500 0.500000 0.000000
vt  0.343750 0.500000 0.000000
vt  0.375000 0.500000 0.000000
vt  0.406250 0.500000 0.000000
vt  0.437500 0.500000 0.000000
vt  0.468750 0.500000 0.000000
vt  0.500000 0.500000 0.000000
vt  0.531250 0.500000 0.000000
vt  0.562500 0.500000 0.000000
vt  0.593750 0.500000 0.000000
vt  0.625000 0.500000 0.000000
vt  0.656250 0.500000 0.000000
vt  0.687500 0.500000 0.000000
vt  0.718750 0.500000 0.000000
vt  0.750000 0.500000 0.000000
vt  0.781250 0.500000 0.000000
vt  0.812500 0.500000 0.000000
vt  0.843750 0.500000 0.000000
vt  0.875000 0.500000 0.000000
vt  0.906250 0.500000 0.000000
vt  0.937500 0.500000 0.000000
vt  0.968750 0.500000 0.000000
vt  1.000000 0.500000 0.000000
vt  0.000000 0.437500 0.000000
vt  0.031250 0.437500 0.000000
vt  0.062500 0.437500 0.000000
vt  0.093750 0.437500 0.000000
vt  0.125000 0.437500 0.000000
vt  0.156250 0.437500 0.000000
vt  0.187500 0.437500 0.000000
vt  0.218750 0.437500 0.000000
vt  0.250000 0.437500 0.000000
vt  0.281250 0.437500 0.000000
vt  0.312500 0.437500 0.000000
vt  0.343750 0.437500 0.000000
vt  0.375000 0.437500 0.000000
vt  0.406250 0.437500 0.000000
vt  0.437500 0.437500 0.000000
vt  0.468750 0.437500 0.000000
vt  0.500000 0.437500 0.000000
vt  0.531250 0.437500 0.000000
vt  0.562500 0.437500 0.000000
vt  0.593750 0.437500 0.000000
vt  0.625000 0.437500 0.000000
vt  0.656250 0.437500 0.000000
vt  0.687500 0.437500 0.000000
vt  0.718750 0.437500 0.000000
vt  0.750000 0.437500 0.000000
vt  0.781250 0.437500 0.000000
vt  0.812500 0.437500 0.000000
vt  0.843750 0.437500 0.000000
vt  0.875000 0.437500 0.000000
vt  0.906250 0.437500 0.000000
vt  0.937500 0.437500 0.000000
vt  0.968750 0.437500 0.000000
vt  1.000000 0.437500 0.000000
vt  0.000000 0.375000 0.000000
vt  0.031250 0.375000 0.000000
vt  0.062500 0.375000 0.000000
vt  0.093750 0.375000 0.000000
vt  0.125000 0.375000 0.000000
vt  0.156250 0.375000 0.000000
vt  0.187500 0.375000 0.000000
vt  0.218750 0.375000 0.000000
vt  0.250000 0.375000 0.000000
vt  0.281250 0.375000 0.000000
vt  0.312500 0.375000 0.000000
vt  0.343750 0.375000 0.000000
vt  0.375000 0.375000 0.000000
vt  0.406250 0.375000 0.000000
vt  0.437500 0.375000 0.000000
vt  0.468750 0.375000 0.000000
vt  0.500000 0.375000 0.000000
vt  0.531250 0.375000 0.000000
vt  0.562500 0.375000 0.000000
vt  0.593750 0.375000 0.000000
vt  0.625000 0.375000 0.000000
vt  0.656250 0.375000 0.000000
vt  0.687500 0.375000 0.000000
vt  0.718750 0.375000 0.000000
vt  0.750000 0.375000 0.000000
vt  0.781250 0.375000 0.000000
vt  0.812500 0.375000 0.000000
vt  0.843750 0.375000 0.000000
vt  0.875000 0.375000 0.000000
vt  0.906250 0.375000 0.000000
vt  0.937500 0.375000 0.000000
vt  0.968750 0.375000 0.000000
vt  1.000000 0.375000 0.000000
vt  0.000000 0.312500 0.000000
vt  0.031250 0.312500 0.000000
vt  0.062500 0.312500 0.000000
vt  0.093750 0.312500 0.000000
vt  0.125000 0.312500 0.000000
vt  0.156250 0.312500 0.000000
vt  0.187500 0.312500 0.000000
vt  0.218750 0.312500 0.000000
vt  0.250000 0.312500 0.000000
vt  0.281250 0.312500 0.000000
vt  0.312500 0.312500 0.000000
vt  0.343750 0.312500 0.000000
vt  0.375000 0.312500 0.000000
vt  0.406250 0.312500 0.000000
vt  0.437500 0.312500 0.000000
vt  0.468750 0.312500 0.000000
vt  0.500000 0.312500 0.000000
vt  0.531250 0.312500 0.000000
vt  0.562500 0.312500 0.000000
vt  0.593750 0.312500 0.000000
vt  0.625000 0.312500 0.000000
vt  0.656250 0.312500 0.000000
vt  0.687500 0.312500 0.000000
vt  0.718750 0.312500 0.000000
vt  0.750000 0.312500 0.000000
vt  0.781250 0.312500 0.000000
vt  0.812500 0.312500 0.000000
vt  0.843750 0.312500 0.000000
vt  0.875000 0.312500 0.000000
vt  0.906250 0.312500 0.000000
vt  0.937500 0.312500 0.000000
vt  0.968750 0.312500 0.000000
vt  1.000000 0.312500 0.000000
vt  0.000000 0.250000 0.000000
vt  0.031250 0.250000 0.000000
vt  0.062500 0.250000 0.000000
vt  0.093750 0.250000 0.000000
vt  0.125000 0.250000 0.000000
vt  0.156250 0.250000 0.000000
vt  0.187500 0.250000 0.000000
vt  0.218750 0.250000 0.000000
vt  0.250000 0.250000 0.000000
vt  0.281250 0.250000 0.000000
vt  0.312500 0.250000 0.000000
vt  0.343750 0.250000 0.000000
vt  0.375000 0.250000 0.000000
vt  0.406250 0.250000 0.000000
vt  0.437500 0.250000 0.000000
vt  0.468750 0.250000 0.000000
vt  0.500000 0.250000 0.000000
vt  0.531250 0.250000 0.000000
vt  0.562500 0.250000 0.000000
vt  0.593750 0.250000 0.000000
vt  0.625000 0.250000 0.000000
vt  0.656250 0.250000 0.000000
vt  0.687500 0.250000 0.000000
vt  0.718750 0.250000 0.000000
vt  0.750000 0.250000 0.000000
vt  0.781250 0.250000 0.000000
vt  0.812500 0.250000 0.000000
vt  0.843750 0.250000 0.000000
vt  0.875000 0.250000 0.000000
vt  0.906250 0.250000 0.000000
vt  0.937500 0.250000 0.000000
vt  0.968750 0.250000 0.000000
vt  1.000000 0.250000 0.000000
vt  0.000000 0.187500 0.000000
vt  0.031250 0.187500 0.000000
vt  0.062500 0.187500 0.000000
vt  0.093750 0.187500 0.000000
vt  0.125000 0.187500 0.000000
vt  0.156250 0.187500 0.000000
vt  0.187500 0.187500 0.000000
vt  0.218750 0.187500 0.000000
vt  0.250000 0.187500 0.000000
vt  0.281250 0.187500 0.000000
vt  0.312500 0.187500 0.000000
vt  0.343750 0.187500 0.000000
vt  0.375000 0.187500 0.000000
vt  0.406250 0.187500 0.000000
vt  0.437500 0.187500 0.000000
vt  0.468750 0.187500 0.000000
vt  0.500000 0.187500 0.000000
vt  0.531250 0.187500 0.000000
vt  0.562500 0.187500 0.000000
vt  0.593750 0.187500 0.000000
vt  0.625000 0.187500 0.000000
vt  0.656250 0.187500 0.000000
vt  0.687500 0.187500 0.000000
vt  0.718750 0.187500 0.000000
vt  0.750000 0.187500 0.000000
vt  0.781250 0.187500 0.000000
vt  0.812500 0.187500 0.000000
vt  0.843750 0.187500 0.000000
vt  0.875000 0.187500 0.000000
vt  0.906250 0.187500 0.000000
vt  0.937500 0.187500 0.000000
vt  0.968750 0.187500 0.000000
vt  1.000000 0.187500 0.000000
vt  0.000000 0.125000 0.000000
vt  0.031250 0.125000 0.000000
vt  0.062500 0.125000 0.000000
vt  0.093750 0.125000 0.000000
vt  0.125000 0.125000 0.000000
vt  0.156250 0.125000 0.000000
vt  0.187500 0.125000 0.000000
vt  0.218750 0.125000 0.000000
vt  0.250000 0.125000 0.000000
vt  0.281250 0.125000 0.000000
vt  0.312500 0.125000 0.000000
vt  0.343750 0.125000 0.000000
vt  0.375000 0.125000 0.000000
vt  0.406250 0.125000 0.000000
vt  0.437500 0.125000 0.000000
vt  0.468750 0.125000 0.000000
vt  0.500000 0.125000 0.000000
vt  0.531250 0.125000 0.000000
vt  0.562500 0.125000 0.000000
vt  0.593750 0.125000 0.000000
vt  0.625000 0.125000 0.000000
vt  0.656250 0.125000 0.000000
vt  0.687500 0.125000 0.000000
vt  0.718750 0.125000 0.000000
vt  0.750000 0.125000 0.000000
vt  0.781250 0.125000 0.000000
vt  0.812500 0.125000 0.000000
vt  0.843750 0.125000 0.000000
vt  0.875000 0.125000 0.000000
vt  0.906250 0.125000 0.000000
vt  0.937500 0.125000 0.000000
vt  0.968750 0.125000 0.000000
vt  1.000000 0.125000 0.000000
vt  0.000000 0.062500 0.000000
vt  0.031250 0.062500 0.000000
vt  0.062500 0.062500 0.000000
vt  0.093750 0.062500 0.000000
vt  0.125000 0.062500 0.000000
vt  0.156250 0.062500 0.000000
vt  0.187500 0.062500 0.000000
vt  0.218750 0.062500 0.000000
vt  0.250000 0.062500 0.000000
vt  0.281250 0.062500 0.000000
vt  0.312500 0.062500 0.000000
vt  0.343750 0.062500 0.000000
vt  0.375000 0.062500 0.000000
vt  0.406250 0.062500 0.000000
vt  0.437500 0.062500 0.000000
vt  0.468750 0.062500 0.000000
vt  0.500000 0.062500 0.000000
vt  0.531250 0.062500 0.000000
vt  0.562500 0.062500 0.000000
vt  0.593750 0.062500 0.000000
vt  0.625000 0.062500 0.000000
vt  0.656250 0.062500 0.000000
vt  0.687500 0.062500 0.000000
vt  0.718750 0.062500 0.000000
vt  0.750000 0.062500 0.000000
vt  0.781250 0.062500 0.000000
vt  0.812500 0.062500 0.000000
vt  0.843750 0.062500 0.000000
vt  0.875000 0.062500 0.000000
vt  0.906250 0.062500 0.000000
vt  0.937500 0.062500 0.000000
vt  0.968750 0.062500 0.000000
vt  1.000000 0.062500 0.000000
vt  0.000000 -0.000000 0.000000
vt  0.031250 -0.000000 0.000000
vt  0.062500 -0.000000 0.000000
vt  0.093750 -0.000000 0.000000
vt  0.125000 -0.000000 0.000000
vt  0.156250 -0.000000 0.000000
vt  0.187500 -0.000000 0.000000
vt  0.218750 -0.000000 0.000000
vt  0.250000 -0.000000 0.000000
vt  0.281250 -0.000000 0.000000
vt  0.312500 -0.000000 0.000000
vt  0.343750 -0.000000 0.000000
vt  0.375000 -0.000000 0.000000
vt  0.406250 -0.000000 0.000000
vt  0.437500 -0.000000 0.000000
vt  0.468750 -0.000000 0.000000
vt  0.500000 -0.000000 0.000000
vt  0.531250 -0.000000 0.000000
vt  0.562500 -0.000000 0.000000
vt  0.593750 -0.000000 0.000000
vt  0.625000 -0.000000 0.000000
vt  0.656250 -0.000000 0.000000
vt  0.687500 -0.000000 0.000000
vt  0.718750 -0.000000 0.000000
vt  0.750000 -0.000000 0.000000
vt  0.781250 -0.000000 0.000000
vt  0.812500 -0.000000 0.000000
vt  0.843750 -0.000000 0.000000
vt  0.875000 -0.000000 0.000000
vt  0.906250 -0.000000 0.000000
vt  0.937500 -0.000000 0.000000
vt  0.968750 -0.000000 0.000000
vt  0.781250 0.511459 0.000000
vt  0.750000 0.524584 0.000000
vt  0.777488 0.511134 0.000000
vt  0.843750 0.514325 0.000000
vt  0.805466 0.525802 0.000000
vt  0.812500 0.519958 0.000000
vt  0.833080 0.511998 0.000000
vt  0.906250 0.517905 0.000000
vt  0.860965 0.526321 0.000000
vt  0.875000 0.516026 0.000000
vt  0.888727 0.512150 0.000000
vt  0.968750 0.522186 0.000000
vt  0.916598 0.526148 0.000000
vt  0.937500 0.512803 0.000000
vt  0.944366 0.511586 0.000000
vt  0.000000 0.510297 0.000000
vt  0.062500 0.512803 0.000000
vt  0.027730 0.525281 0.000000
vt  0.031250 0.522185 0.000000
vt  0.055261 0.511656 0.000000
vt  0.125000 0.516027 0.000000
vt  0.083212 0.526148 0.000000
vt  0.093750 0.517905 0.000000
vt  0.110903 0.512163 0.000000
vt  0.187500 0.519958 0.000000
vt  0.138782 0.526321 0.000000
vt  0.156250 0.514325 0.000000
vt  0.166549 0.511957 0.000000
vt  0.250000 0.524584 0.000000
vt  0.194408 0.525802 0.000000
vt  0.218750 0.511459 0.000000
vt  0.222176 0.511033 0.000000
vt  0.281250 0.511459 0.000000
vt  0.277527 0.511134 0.000000
vt  0.343750 0.514325 0.000000
vt  0.305466 0.525801 0.000000
vt  0.312500 0.519958 0.000000
vt  0.333079 0.511998 0.000000
vt  0.406250 0.517904 0.000000
vt  0.360965 0.526321 0.000000
vt  0.375000 0.516026 0.000000
vt  0.388726 0.512149 0.000000
vt  0.468750 0.522185 0.000000
vt  0.416597 0.526148 0.000000
vt  0.437500 0.512802 0.000000
vt  0.444366 0.511585 0.000000
vt  0.472210 0.525280 0.000000
vt  0.499747 0.510433 0.000000
vt  0.562500 0.512802 0.000000
vt  0.527730 0.525280 0.000000
vt  0.531250 0.522185 0.000000
vt  0.555261 0.511655 0.000000
vt  0.625000 0.516026 0.000000
vt  0.583212 0.526148 0.000000
vt  0.593750 0.517904 0.000000
vt  0.610902 0.512163 0.000000
vt  0.687500 0.519958 0.000000
vt  0.638782 0.526321 0.000000
vt  0.656250 0.514325 0.000000
vt  0.666549 0.511957 0.000000
vt  0.694408 0.525801 0.000000
vt  0.718750 0.511459 0.000000
vt  0.722202 0.511033 0.000000
vt  -0.026916 0.525854 0.000000
vt  -0.030708 0.500944 0.000000
vt  -0.030364 0.522896 0.000000
# 1208 texture vertices

vn  3.941682 -1.745682 -0.981322
vn  3.488137 -1.745681 -3.018593
vn  2.613874 -1.745681 -4.691772
vn  1.424337 -1.745681 -5.799056
vn  0.063006 -1.745682 -6.206887
vn  -1.305926 -1.745681 -5.866076
vn  -2.517345 -1.745681 -4.817730
vn  -3.425133 -1.745681 -3.188295
vn  -3.919800 -1.745681 -1.174306
vn  -3.941681 -1.745681 0.981325
vn  -3.488138 -1.745681 3.018591
vn  -2.613874 -1.745681 4.691771
vn  -1.424338 -1.745680 5.799056
vn  -0.063007 -1.745681 6.206887
vn  1.305925 -1.745681 5.866077
vn  2.517341 -1.745681 4.817733
vn  3.425131 -1.745681 3.188298
vn  3.919800 -1.745681 1.174306
vn  0.997197 0.074827 0.000001
vn  0.937058 0.074827 -0.530376
vn  0.763897 0.074827 -0.996780
vn  0.498598 0.074827 -1.342958
vn  0.173161 0.074827 -1.527155
vn  -0.173161 0.074827 -1.527155
vn  -0.498599 0.074827 -1.342957
vn  -0.763897 0.074826 -0.996780
vn  -0.937058 0.074826 -0.530376
vn  -0.997197 0.074827 -0.000000
vn  -0.937058 0.074826 0.530375
vn  -0.763897 0.074826 0.996779
vn  -0.498598 0.074826 1.342958
vn  -0.173162 0.074826 1.527155
vn  0.173161 0.074826 1.527155
vn  0.498598 0.074826 1.342958
vn  0.763896 0.074827 0.996780
vn  0.937058 0.074827 0.530376
vn  0.998218 0.059669 0.000000
vn  0.938018 0.059669 -0.530919
vn  0.764679 0.059669 -0.997801
vn  0.499109 0.059669 -1.344334
vn  0.173339 0.059669 -1.528720
vn  -0.173339 0.059669 -1.528720
vn  -0.499109 0.059669 -1.344334
vn  -0.764679 0.059669 -0.997801
vn  -0.938018 0.059669 -0.530919
vn  -0.998218 0.059669 -0.000000
vn  -0.938018 0.059669 0.530918
vn  -0.764680 0.059669 0.997801
vn  -0.499109 0.059669 1.344333
vn  -0.173339 0.059669 1.528720
vn  0.173338 0.059669 1.528720
vn  0.499109 0.059669 1.344334
vn  0.764679 0.059669 0.997802
vn  0.938018 0.059669 0.530919
vn  1.000000 -0.000000 -0.000000
vn  0.939693 0.000000 -0.531867
vn  0.766044 0.000000 -0.999582
vn  0.500000 0.000000 -1.346733
vn  0.173648 -0.000000 -1.531448
vn  -0.173648 -0.000000 -1.531448
vn  -0.500000 0.000000 -1.346733
vn  -0.766044 -0.000000 -0.999582
vn  -0.939693 0.000000 -0.531866
vn  -1.000000 0.000000 -0.000000
vn  -0.939693 0.000000 0.531866
vn  -0.766045 -0.000000 0.999582
vn  -0.500000 0.000000 1.346733
vn  -0.173649 0.000000 1.531448
vn  0.173648 -0.000000 1.531449
vn  0.500000 0.000000 1.346733
vn  0.766044 0.000000 0.999583
vn  0.939692 -0.000000 0.531867
vn  0.999728 -0.023318 0.000000
vn  0.939437 -0.023318 -0.531722
vn  0.765836 -0.023318 -0.999310
vn  0.499864 -0.023318 -1.346367
vn  0.173601 -0.023318 -1.531032
vn  -0.173601 -0.023318 -1.531032
vn  -0.499864 -0.023318 -1.346367
vn  -0.765836 -0.023318 -0.999311
vn  -0.939437 -0.023318 -0.531722
vn  -0.999728 -0.023318 -0.000000
vn  -0.939437 -0.023318 0.531721
vn  -0.765836 -0.023318 0.999310
vn  -0.499864 -0.023318 1.346367
vn  -0.173601 -0.023318 1.531032
vn  0.173600 -0.023318 1.531032
vn  0.499864 -0.023318 1.346367
vn  0.765836 -0.023318 0.999311
vn  0.939437 -0.023318 0.531723
vn  0.999728 -0.023318 0.000000
vn  0.939437 -0.023318 -0.531722
vn  0.765836 -0.023318 -0.999311
vn  0.499864 -0.023318 -1.346367
vn  0.173601 -0.023318 -1.531032
vn  -0.173601 -0.023318 -1.531032
vn  -0.499864 -0.023318 -1.346367
vn  -0.765836 -0.023318 -0.999310
vn  -0.939437 -0.023318 -0.531722
vn  -0.999728 -0.023318 -0.000000
vn  -0.939437 -0.023318 0.531721
vn  -0.765836 -0.023318 0.999310
vn  -0.499864 -0.023318 1.346367
vn  -0.173601 -0.023318 1.531032
vn  0.173600 -0.023318 1.531032
vn  0.499864 -0.023318 1.346367
vn  0.765836 -0.023318 0.999311
vn  0.939437 -0.023318 0.531723
vn  0.997000 -0.077408 0.000000
vn  0.936873 -0.077408 -0.530271
vn  0.763746 -0.077408 -0.996583
vn  0.498500 -0.077408 -1.342692
vn  0.173127 -0.077408 -1.526853
vn  -0.173127 -0.077408 -1.526853
vn  -0.498500 -0.077408 -1.342692
vn  -0.763746 -0.077408 -0.996583
vn  -0.936873 -0.077408 -0.530271
vn  -0.996999 -0.077408 -0.000000
vn  -0.936873 -0.077408 0.530270
vn  -0.763746 -0.077408 0.996582
vn  -0.498500 -0.077408 1.342692
vn  -0.173127 -0.077408 1.526853
vn  0.173126 -0.077408 1.526853
vn  0.498499 -0.077408 1.342693
vn  0.763745 -0.077408 0.996583
vn  0.936873 -0.077408 0.530271
vn  0.994676 -0.103056 0.000001
vn  0.934689 -0.103056 -0.529035
vn  0.761966 -0.103056 -0.994260
vn  0.497338 -0.103056 -1.339563
vn  0.172724 -0.103056 -1.523294
vn  -0.172724 -0.103056 -1.523294
vn  -0.497338 -0.103056 -1.339563
vn  -0.761966 -0.103056 -0.994260
vn  -0.934689 -0.103056 -0.529035
vn  -0.994676 -0.103056 -0.000000
vn  -0.934689 -0.103056 0.529034
vn  -0.761966 -0.103056 0.994259
vn  -0.497338 -0.103056 1.339562
vn  -0.172724 -0.103056 1.523294
vn  0.172723 -0.103056 1.523294
vn  0.497337 -0.103056 1.339563
vn  0.761965 -0.103056 0.994261
vn  0.934689 -0.103056 0.529035
vn  0.999762 -0.021816 0.000001
vn  0.939469 -0.021816 -0.531740
vn  0.765862 -0.021816 -0.999344
vn  0.499881 -0.021816 -1.346413
vn  0.173607 -0.021816 -1.531084
vn  -0.173607 -0.021816 -1.531084
vn  -0.499881 -0.021816 -1.346413
vn  -0.765862 -0.021816 -0.999344
vn  -0.939469 -0.021816 -0.531740
vn  -0.999762 -0.021816 -0.000000
vn  -0.939469 -0.021816 0.531740
vn  -0.765862 -0.021816 0.999344
vn  -0.499881 -0.021816 1.346412
vn  -0.173607 -0.021816 1.531084
vn  0.173606 -0.021816 1.531084
vn  0.499880 -0.021816 1.346413
vn  0.765862 -0.021816 0.999345
vn  0.939469 -0.021816 0.531740
vn  0.995596 0.093744 0.000001
vn  0.935555 0.093744 -0.529525
vn  0.762671 0.093744 -0.995180
vn  0.497798 0.093744 -1.340803
vn  0.172883 0.093744 -1.524704
vn  -0.172884 0.093744 -1.524704
vn  -0.497798 0.093744 -1.340802
vn  -0.762671 0.093744 -0.995180
vn  -0.935554 0.093744 -0.529525
vn  -0.995596 0.093744 -0.000000
vn  -0.935555 0.093744 0.529524
vn  -0.762671 0.093744 0.995180
vn  -0.497798 0.093744 1.340802
vn  -0.172884 0.093744 1.524704
vn  0.172883 0.093744 1.524705
vn  0.497798 0.093744 1.340803
vn  0.762671 0.093744 0.995181
vn  0.935554 0.093744 0.529525
vn  0.977669 -0.120191 -0.268078
vn  0.859747 -0.120191 -0.771900
vn  0.638128 -0.120191 -1.182620
vn  0.339541 -0.120191 -1.450698
vn  0.000000 -0.120191 -1.543800
vn  -0.339541 -0.120191 -1.450698
vn  -0.638128 -0.120191 -1.182620
vn  -0.859747 -0.120191 -0.771900
vn  -0.977669 -0.120191 -0.268078
vn  -0.977669 -0.120190 0.268078
vn  -0.859748 -0.120191 0.771900
vn  -0.638128 -0.120191 1.182620
vn  -0.339541 -0.120191 1.450698
vn  -0.000000 -0.120191 1.543800
vn  0.339540 -0.120191 1.450698
vn  0.638127 -0.120191 1.182621
vn  0.859747 -0.120191 0.771901
vn  0.977669 -0.120191 0.268078
vn  0.978783 0.110442 -0.268383
vn  0.860728 0.110442 -0.772780
vn  0.638855 0.110442 -1.183968
vn  0.339928 0.110442 -1.452352
vn  0.000000 0.110442 -1.545560
vn  -0.339928 0.110442 -1.452352
vn  -0.638855 0.110442 -1.183968
vn  -0.860727 0.110442 -0.772780
vn  -0.978783 0.110442 -0.268384
vn  -0.978783 0.110442 0.268383
vn  -0.860728 0.110442 0.772780
vn  -0.638856 0.110442 1.183967
vn  -0.339928 0.110442 1.452352
vn  -0.000000 0.110442 1.545560
vn  0.339927 0.110442 1.452352
vn  0.638855 0.110442 1.183969
vn  0.860727 0.110442 0.772781
vn  0.978783 0.110442 0.268384
vn  0.984761 0.009744 -0.270023
vn  0.865984 0.009744 -0.777500
vn  0.642757 0.009744 -1.191199
vn  0.342004 0.009744 -1.461222
vn  0.000000 0.009744 -1.555000
vn  -0.342004 0.009744 -1.461222
vn  -0.642757 0.009744 -1.191199
vn  -0.865984 0.009744 -0.777500
vn  -0.984761 0.009744 -0.270023
vn  -0.984761 0.009744 0.270022
vn  -0.865984 0.009744 0.777499
vn  -0.642757 0.009744 1.191198
vn  -0.342004 0.009744 1.461222
vn  -0.000001 0.009744 1.555000
vn  0.342003 0.009744 1.461222
vn  0.642757 0.009744 1.191199
vn  0.865984 0.009744 0.777501
vn  0.984761 0.009744 0.270023
vn  0.984791 -0.005831 -0.270031
vn  0.866011 -0.005831 -0.777524
vn  0.642777 -0.005831 -1.191235
vn  0.342014 -0.005831 -1.461266
vn  -0.000000 -0.005831 -1.555047
vn  -0.342014 -0.005831 -1.461266
vn  -0.642777 -0.005831 -1.191235
vn  -0.866011 -0.005831 -0.777524
vn  -0.984791 -0.005831 -0.270031
vn  -0.984791 -0.005831 0.270030
vn  -0.866011 -0.005831 0.777523
vn  -0.642777 -0.005831 1.191235
vn  -0.342015 -0.005831 1.461266
vn  -0.000001 -0.005831 1.555047
vn  0.342014 -0.005831 1.461266
vn  0.642776 -0.005831 1.191236
vn  0.866010 -0.005831 0.777525
vn  0.984791 -0.005831 0.270031
vn  0.984206 -0.034965 -0.269870
vn  0.865496 -0.034965 -0.777061
vn  0.642395 -0.034965 -1.190527
vn  0.341811 -0.034965 -1.460398
vn  -0.000000 -0.034965 -1.554123
vn  -0.341811 -0.034965 -1.460397
vn  -0.642395 -0.034965 -1.190527
vn  -0.865496 -0.034965 -0.777061
vn  -0.984206 -0.034965 -0.269871
vn  -0.984206 -0.034965 0.269870
vn  -0.865496 -0.034965 0.777061
vn  -0.642395 -0.034965 1.190527
vn  -0.341811 -0.034965 1.460398
vn  -0.000001 -0.034965 1.554123
vn  0.341810 -0.034965 1.460398
vn  0.642394 -0.034965 1.190528
vn  0.865496 -0.034965 0.777062
vn  0.984206 -0.034965 0.269871
vn  0.984494 -0.025255 -0.269950
vn  0.865749 -0.025255 -0.777289
vn  0.642583 -0.025255 -1.190875
vn  0.341911 -0.025255 -1.460825
vn  -0.000000 -0.025255 -1.554577
vn  -0.341911 -0.025255 -1.460825
vn  -0.642583 -0.025255 -1.190875
vn  -0.865749 -0.025255 -0.777289
vn  -0.984494 -0.025255 -0.269950
vn  -0.984494 -0.025255 0.269949
vn  -0.865749 -0.025255 0.777288
vn  -0.642583 -0.025255 1.190875
vn  -0.341911 -0.025255 1.460825
vn  -0.000001 -0.025255 1.554577
vn  0.341910 -0.025255 1.460825
vn  0.642582 -0.025255 1.190876
vn  0.865749 -0.025255 0.777290
vn  0.984494 -0.025255 0.269950
vn  0.977430 -0.122174 -0.268013
vn  0.859538 -0.122174 -0.771712
vn  0.637972 -0.122174 -1.182331
vn  0.339458 -0.122174 -1.450344
vn  -0.000000 -0.122174 -1.543424
vn  -0.339458 -0.122174 -1.450344
vn  -0.637972 -0.122174 -1.182331
vn  -0.859538 -0.122174 -0.771712
vn  -0.977430 -0.122174 -0.268013
vn  -0.977430 -0.122174 0.268012
vn  -0.859538 -0.122174 0.771712
vn  -0.637973 -0.122174 1.182331
vn  -0.339458 -0.122174 1.450344
vn  -0.000001 -0.122174 1.543424
vn  0.339457 -0.122174 1.450345
vn  0.637972 -0.122174 1.182332
vn  0.859538 -0.122174 0.771713
vn  0.977430 -0.122174 0.268013
vn  0.983266 -0.055937 -0.269613
vn  0.864670 -0.055937 -0.776319
vn  0.641781 -0.055937 -1.189390
vn  0.341485 -0.055937 -1.459003
vn  -0.000000 -0.055937 -1.552639
vn  -0.341485 -0.055937 -1.459003
vn  -0.641781 -0.055937 -1.189390
vn  -0.864670 -0.055937 -0.776319
vn  -0.983266 -0.055937 -0.269613
vn  -0.983266 -0.055937 0.269613
vn  -0.864670 -0.055937 0.776319
vn  -0.641782 -0.055937 1.189390
vn  -0.341485 -0.055937 1.459003
vn  -0.000001 -0.055937 1.552639
vn  0.341484 -0.055937 1.459003
vn  0.641781 -0.055937 1.189391
vn  0.864669 -0.055937 0.776320
vn  0.983266 -0.055937 0.269613
vn  0.984751 0.010737 -0.270020
vn  0.865976 0.010737 -0.777492
vn  0.642751 0.010737 -1.191187
vn  0.342000 0.010737 -1.461207
vn  -0.000000 0.010737 -1.554984
vn  -0.342001 0.010737 -1.461207
vn  -0.642750 0.010737 -1.191187
vn  -0.865976 0.010737 -0.777492
vn  -0.984751 0.010737 -0.270020
vn  -0.984751 0.010737 0.270020
vn  -0.865976 0.010737 0.777492
vn  -0.642751 0.010737 1.191186
vn  -0.342001 0.010737 1.461207
vn  -0.000000 0.010737 1.554984
vn  0.342000 0.010737 1.461207
vn  0.642750 0.010737 1.191187
vn  0.865975 0.010737 0.777493
vn  0.984751 0.010737 0.270021
vn  0.873778 0.453593 -0.272758
vn  0.770093 0.452925 -0.698600
vn  0.574060 0.452730 -1.060978
vn  0.312919 0.453291 -1.297912
vn  -0.000000 0.363907 -1.448450
vn  -0.312919 0.453291 -1.297913
vn  -0.574060 0.452730 -1.060978
vn  -0.770093 0.452925 -0.698600
vn  -0.890055 0.423343 -0.262907
vn  -0.873778 0.453594 0.272757
vn  -0.770094 0.452924 0.698599
vn  -0.574060 0.452730 1.060977
vn  -0.312920 0.453291 1.297912
vn  -0.000000 0.363907 1.448450
vn  0.312918 0.453291 1.297913
vn  0.574059 0.452730 1.060978
vn  0.770093 0.452925 0.698601
vn  0.890054 0.423343 0.262911
vn  -0.000000 -1.000000 -0.000000
vn  1.869058 -1.317451 -1.586800
vn  0.935532 -0.093997 -0.529512
vn  0.982048 0.074818 -0.269278
vn  0.995573 -0.093997 0.000001
vn  1.407341 -1.317451 -2.485193
vn  0.762653 -0.093997 -0.995156
vn  0.863598 0.074818 -0.775358
vn  1.818223 -1.317451 -1.723722
vn  0.497786 -0.093997 -1.340770
vn  0.640986 0.074818 -1.187917
vn  0.050834 -1.317451 -3.310523
vn  0.172879 -0.093997 -1.524668
vn  0.341061 0.074818 -1.457196
vn  -0.680341 -1.317451 -3.137911
vn  -0.172879 -0.093997 -1.524668
vn  0.000000 0.074818 -1.550715
vn  -1.329459 -1.317451 -2.586820
vn  -0.497787 -0.093997 -1.340770
vn  -0.341062 0.074818 -1.457195
vn  -1.818223 -1.317451 -1.723722
vn  -0.762653 -0.093997 -0.995156
vn  -0.640986 0.074818 -1.187916
vn  -2.087683 -1.317451 -0.652717
vn  -0.935532 -0.093997 -0.529512
vn  -0.863598 0.074818 -0.775358
vn  -2.105338 -1.317451 0.497015
vn  -0.995572 -0.093997 -0.000000
vn  -0.982047 0.074818 -0.269279
vn  -1.869058 -1.317451 1.586800
vn  -0.935532 -0.093997 0.529511
vn  -0.982048 0.074818 0.269279
vn  -1.407342 -1.317451 2.485193
vn  -0.762653 -0.093997 0.995156
vn  -0.863598 0.074818 0.775357
vn  -0.775880 -1.317451 3.083836
vn  -0.497786 -0.093997 1.340770
vn  -0.640986 0.074818 1.187916
vn  -0.050835 -1.317451 3.310522
vn  -0.172880 -0.093997 1.524668
vn  -0.341062 0.074818 1.457195
vn  0.680340 -1.317451 3.137911
vn  0.172879 -0.093997 1.524668
vn  -0.000000 0.074818 1.550715
vn  1.329457 -1.317451 2.586821
vn  0.497785 -0.093997 1.340771
vn  0.341061 0.074818 1.457196
vn  1.818222 -1.317451 1.723724
vn  0.762652 -0.093997 0.995157
vn  0.640985 0.074818 1.187917
vn  2.087683 -1.317451 0.652718
vn  0.935532 -0.093997 0.529512
vn  0.863598 0.074818 0.775358
vn  2.105338 -1.317451 -0.497014
vn  0.982048 0.074818 0.269278
vn  0.933943 0.110455 -0.528613
vn  0.983053 0.059662 -0.269555
vn  0.993881 0.110455 0.000001
vn  0.761357 0.110455 -0.993466
vn  0.864483 0.059662 -0.776152
vn  0.496941 0.110455 -1.338493
vn  0.641642 0.059662 -1.189134
vn  0.172586 0.110455 -1.522078
vn  0.341411 0.059662 -1.458688
vn  -0.172586 0.110455 -1.522078
vn  0.000000 0.059662 -1.552303
vn  -0.496941 0.110455 -1.338493
vn  -0.341411 0.059662 -1.458688
vn  -0.761357 0.110455 -0.993466
vn  -0.641643 0.059662 -1.189133
vn  -0.933943 0.110455 -0.528612
vn  -0.864483 0.059662 -0.776152
vn  -0.993881 0.110455 -0.000000
vn  -0.983053 0.059662 -0.269555
vn  -0.933943 0.110455 0.528611
vn  -0.983053 0.059662 0.269554
vn  -0.761357 0.110455 0.993465
vn  -0.864483 0.059662 0.776151
vn  -0.496941 0.110455 1.338493
vn  -0.641643 0.059662 1.189133
vn  -0.172586 0.110455 1.522078
vn  -0.341411 0.059662 1.458688
vn  0.172585 0.110455 1.522078
vn  -0.000000 0.059662 1.552303
vn  0.496940 0.110455 1.338493
vn  0.341410 0.059662 1.458688
vn  0.761357 0.110455 0.993466
vn  0.641642 0.059662 1.189134
vn  0.933943 0.110455 0.528612
vn  0.864482 0.059662 0.776153
vn  0.983053 0.059662 0.269555
vn  0.939648 0.009745 -0.531841
vn  0.984808 0.000000 -0.270036
vn  0.999952 0.009745 -0.000000
vn  0.766008 0.009745 -0.999535
vn  0.866025 0.000000 -0.777537
vn  0.499976 0.009745 -1.346669
vn  0.642788 0.000000 -1.191255
vn  0.173640 0.009745 -1.531376
vn  0.342020 0.000000 -1.461291
vn  -0.173640 0.009745 -1.531376
vn  0.000000 0.000000 -1.555073
vn  -0.499976 0.009745 -1.346669
vn  -0.342020 0.000000 -1.461291
vn  -0.766008 0.009745 -0.999535
vn  -0.642788 0.000000 -1.191255
vn  -0.939648 0.009745 -0.531841
vn  -0.866025 0.000000 -0.777537
vn  -0.999952 0.009745 -0.000000
vn  -0.984808 0.000000 -0.270036
vn  -0.939648 0.009745 0.531840
vn  -0.984808 -0.000000 0.270035
vn  -0.766008 0.009745 0.999534
vn  -0.866026 0.000000 0.777537
vn  -0.499977 0.009745 1.346669
vn  -0.642788 0.000000 1.191255
vn  -0.173640 0.009745 1.531376
vn  -0.342020 0.000000 1.461291
vn  0.173639 0.009745 1.531376
vn  -0.000001 0.000000 1.555073
vn  0.499976 0.009745 1.346669
vn  0.342020 0.000000 1.461291
vn  0.766008 0.009745 0.999535
vn  0.642787 0.000000 1.191256
vn  0.939648 0.009745 0.531842
vn  0.866025 0.000000 0.777538
vn  0.984808 -0.000000 0.270036
vn  0.939677 -0.005831 -0.531858
vn  0.984540 -0.023315 -0.269962
vn  0.999983 -0.005831 -0.000000
vn  0.766031 -0.005831 -0.999565
vn  0.865790 -0.023315 -0.777326
vn  0.499991 -0.005831 -1.346710
vn  0.642613 -0.023315 -1.190932
vn  0.173645 -0.005832 -1.531422
vn  0.341927 -0.023315 -1.460894
vn  -0.173645 -0.005832 -1.531422
vn  -0.000000 -0.023315 -1.554651
vn  -0.499992 -0.005831 -1.346710
vn  -0.341927 -0.023315 -1.460894
vn  -0.766031 -0.005831 -0.999565
vn  -0.642613 -0.023315 -1.190931
vn  -0.939677 -0.005831 -0.531857
vn  -0.865790 -0.023315 -0.777326
vn  -0.999983 -0.005831 -0.000000
vn  -0.984540 -0.023315 -0.269963
vn  -0.939677 -0.005832 0.531857
vn  -0.984540 -0.023315 0.269961
vn  -0.766032 -0.005832 0.999565
vn  -0.865790 -0.023315 0.777325
vn  -0.499992 -0.005831 1.346710
vn  -0.642613 -0.023315 1.190931
vn  -0.173646 -0.005831 1.531422
vn  -0.341927 -0.023315 1.460894
vn  0.173645 -0.005832 1.531422
vn  -0.000001 -0.023315 1.554651
vn  0.499991 -0.005831 1.346711
vn  0.341927 -0.023315 1.460894
vn  0.766031 -0.005832 0.999566
vn  0.642612 -0.023315 1.190932
vn  0.939676 -0.005832 0.531858
vn  0.865790 -0.023315 0.777326
vn  0.984540 -0.023315 0.269962
vn  0.939118 -0.034969 -0.531541
vn  0.984540 -0.023315 -0.269963
vn  0.999388 -0.034969 0.000000
vn  0.765576 -0.034969 -0.998971
vn  0.865790 -0.023315 -0.777326
vn  0.499694 -0.034969 -1.345909
vn  0.642613 -0.023315 -1.190932
vn  0.173542 -0.034969 -1.530512
vn  0.341927 -0.023315 -1.460894
vn  -0.173542 -0.034969 -1.530512
vn  0.000000 -0.023315 -1.554651
vn  -0.499694 -0.034969 -1.345909
vn  -0.341927 -0.023315 -1.460894
vn  -0.765576 -0.034969 -0.998971
vn  -0.642613 -0.023315 -1.190932
vn  -0.939118 -0.034969 -0.531541
vn  -0.865790 -0.023315 -0.777325
vn  -0.999388 -0.034969 -0.000001
vn  -0.984540 -0.023315 -0.269963
vn  -0.939118 -0.034969 0.531541
vn  -0.984540 -0.023315 0.269962
vn  -0.765576 -0.034969 0.998970
vn  -0.865790 -0.023315 0.777324
vn  -0.499694 -0.034969 1.345909
vn  -0.642613 -0.023315 1.190931
vn  -0.173542 -0.034969 1.530512
vn  -0.341927 -0.023315 1.460894
vn  0.173541 -0.034969 1.530512
vn  -0.000001 -0.023315 1.554651
vn  0.499694 -0.034969 1.345910
vn  0.341926 -0.023315 1.460894
vn  0.765576 -0.034969 0.998971
vn  0.642613 -0.023315 1.190932
vn  0.939118 -0.034969 0.531542
vn  0.865790 -0.023315 0.777326
vn  0.984540 -0.023315 0.269963
vn  0.939393 -0.025258 -0.531697
vn  0.981854 -0.077399 -0.269225
vn  0.999681 -0.025258 0.000000
vn  0.765800 -0.025258 -0.999263
vn  0.863427 -0.077399 -0.775205
vn  0.499841 -0.025258 -1.346303
vn  0.640859 -0.077399 -1.187682
vn  0.173593 -0.025258 -1.530960
vn  0.340994 -0.077399 -1.456907
vn  -0.173593 -0.025258 -1.530960
vn  0.000000 -0.077399 -1.550408
vn  -0.499841 -0.025258 -1.346303
vn  -0.340995 -0.077399 -1.456907
vn  -0.765800 -0.025258 -0.999263
vn  -0.640859 -0.077399 -1.187682
vn  -0.939393 -0.025258 -0.531697
vn  -0.863427 -0.077399 -0.775204
vn  -0.999681 -0.025258 -0.000000
vn  -0.981854 -0.077399 -0.269225
vn  -0.939393 -0.025258 0.531696
vn  -0.981854 -0.077399 0.269225
vn  -0.765800 -0.025258 0.999263
vn  -0.863428 -0.077399 0.775204
vn  -0.499841 -0.025258 1.346303
vn  -0.640860 -0.077399 1.187682
vn  -0.173593 -0.025258 1.530960
vn  -0.340994 -0.077399 1.456907
vn  0.173592 -0.025258 1.530960
vn  -0.000001 -0.077399 1.550408
vn  0.499840 -0.025258 1.346304
vn  0.340994 -0.077399 1.456908
vn  0.765800 -0.025258 0.999264
vn  0.640859 -0.077399 1.187683
vn  0.939393 -0.025258 0.531698
vn  0.863427 -0.077399 0.775205
vn  0.981853 -0.077399 0.269226
vn  0.932651 -0.122188 -0.527881
vn  0.979565 -0.103044 -0.268598
vn  0.992507 -0.122188 0.000001
vn  0.760304 -0.122188 -0.992092
vn  0.861415 -0.103044 -0.773398
vn  0.496253 -0.122188 -1.336642
vn  0.639366 -0.103044 -1.184914
vn  0.172347 -0.122188 -1.519973
vn  0.340200 -0.103044 -1.453512
vn  -0.172347 -0.122188 -1.519973
vn  -0.000000 -0.103044 -1.546795
vn  -0.496254 -0.122188 -1.336642
vn  -0.340200 -0.103044 -1.453512
vn  -0.760304 -0.122188 -0.992092
vn  -0.639366 -0.103044 -1.184914
vn  -0.932651 -0.122188 -0.527881
vn  -0.861415 -0.103044 -0.773398
vn  -0.992507 -0.122188 -0.000000
vn  -0.979565 -0.103044 -0.268598
vn  -0.932652 -0.122188 0.527881
vn  -0.979565 -0.103044 0.268598
vn  -0.760305 -0.122188 0.992091
vn  -0.861415 -0.103044 0.773397
vn  -0.496254 -0.122188 1.336642
vn  -0.639366 -0.103044 1.184914
vn  -0.172347 -0.122188 1.519973
vn  -0.340200 -0.103044 1.453512
vn  0.172346 -0.122188 1.519974
vn  -0.000000 -0.103044 1.546795
vn  0.496253 -0.122188 1.336642
vn  0.340199 -0.103044 1.453513
vn  0.760304 -0.122188 0.992093
vn  0.639365 -0.103044 1.184915
vn  0.932651 -0.122188 0.527881
vn  0.861415 -0.103044 0.773399
vn  0.979565 -0.103044 0.268598
vn  0.938221 -0.055944 -0.531034
vn  0.984573 -0.021814 -0.269972
vn  0.998434 -0.055944 0.000001
vn  0.764845 -0.055944 -0.998016
vn  0.865820 -0.021814 -0.777351
vn  0.499217 -0.055944 -1.344624
vn  0.642634 -0.021814 -1.190972
vn  0.173376 -0.055944 -1.529050
vn  0.341939 -0.021814 -1.460943
vn  -0.173376 -0.055944 -1.529050
vn  -0.000000 -0.021814 -1.554703
vn  -0.499217 -0.055944 -1.344624
vn  -0.341939 -0.021814 -1.460943
vn  -0.764845 -0.055944 -0.998016
vn  -0.642634 -0.021814 -1.190972
vn  -0.938221 -0.055944 -0.531034
vn  -0.865820 -0.021814 -0.777351
vn  -0.998434 -0.055944 -0.000000
vn  -0.984573 -0.021814 -0.269972
vn  -0.938221 -0.055944 0.531033
vn  -0.984573 -0.021814 0.269971
vn  -0.764845 -0.055944 0.998016
vn  -0.865819 -0.021814 0.777351
vn  -0.499217 -0.055944 1.344624
vn  -0.642635 -0.021814 1.190972
vn  -0.173376 -0.055944 1.529050
vn  -0.341939 -0.021814 1.460943
vn  0.173375 -0.055944 1.529050
vn  -0.000001 -0.021814 1.554703
vn  0.499217 -0.055944 1.344624
vn  0.341938 -0.021814 1.460944
vn  0.764844 -0.055944 0.998017
vn  0.642635 -0.021814 1.190972
vn  0.938221 -0.055944 0.531034
vn  0.865819 -0.021814 0.777353
vn  0.984573 -0.021814 0.269972
vn  0.939638 0.010739 -0.531836
vn  0.980472 0.093733 -0.268847
vn  0.999942 0.010739 0.000001
vn  0.766000 0.010739 -0.999524
vn  0.862213 0.093733 -0.774114
vn  0.499971 0.010739 -1.346655
vn  0.639958 0.093733 -1.186011
vn  0.173638 0.010739 -1.531360
vn  0.340514 0.093733 -1.454858
vn  -0.173638 0.010739 -1.531360
vn  -0.000000 0.093733 -1.548227
vn  -0.499971 0.010739 -1.346655
vn  -0.340515 0.093733 -1.454857
vn  -0.766000 0.010739 -0.999524
vn  -0.639958 0.093733 -1.186011
vn  -0.939638 0.010739 -0.531836
vn  -0.862213 0.093733 -0.774114
vn  -0.999942 0.010739 0.000000
vn  -0.980472 0.093733 -0.268847
vn  -0.939638 0.010739 0.531836
vn  -0.980472 0.093733 0.268847
vn  -0.766001 0.010739 0.999524
vn  -0.862213 0.093733 0.774113
vn  -0.499971 0.010739 1.346655
vn  -0.639958 0.093733 1.186011
vn  -0.173638 0.010739 1.531360
vn  -0.340515 0.093733 1.454857
vn  0.173638 0.010739 1.531360
vn  -0.000000 0.093733 1.548227
vn  0.499971 0.010739 1.346656
vn  0.340514 0.093733 1.454858
vn  0.766000 0.010739 0.999525
vn  0.639957 0.093733 1.186012
vn  0.939638 0.010739 0.531836
vn  0.862212 0.093733 0.774114
vn  0.980472 0.093733 0.268848
vn  0.804136 0.508299 -0.479300
vn  0.874359 0.483727 0.060326
vn  0.658481 0.508079 -0.863393
vn  0.436536 0.508188 -1.154511
vn  0.186412 0.504606 -1.310903
vn  -0.186408 0.504607 -1.310904
vn  -0.436536 0.508188 -1.154512
vn  -0.658481 0.508079 -0.863394
vn  -0.804136 0.508298 -0.479302
vn  -0.874359 0.483727 -0.060325
vn  -0.804137 0.508298 0.479298
vn  -0.658481 0.508079 0.863393
vn  -0.436537 0.508187 1.154511
vn  -0.186410 0.504606 1.310904
vn  0.186405 0.504607 1.310905
vn  0.436535 0.508188 1.154512
vn  0.658480 0.508079 0.863394
vn  0.804136 0.508299 0.479301
vn  -0.241612 0.617640 -1.163861
vn  0.000000 0.669681 -1.154874
vn  -0.354424 0.655207 -1.037466
vn  -0.230649 0.684423 -1.075551
vn  -0.267838 0.726219 -0.984583
vn  -0.514950 0.669474 -0.832554
vn  -0.407763 0.621166 -1.040718
vn  -0.442489 0.674511 -0.918993
vn  -0.445472 0.726658 -0.813293
vn  -0.650904 0.679453 -0.526590
vn  -0.596730 0.621263 -0.789797
vn  -0.612420 0.663883 -0.667418
vn  -0.586492 0.726566 -0.556643
vn  -0.711366 0.689217 -0.214004
vn  -0.721913 0.620765 -0.475487
vn  -0.487229 0.408020 -1.200661
vn  -0.702233 0.695894 -0.233785
vn  -0.606730 0.581446 0.842901
vn  -0.783594 0.621273 -0.000000
vn  -0.711367 0.689217 0.213998
vn  -0.659775 0.724152 0.312179
vn  -0.612422 0.663883 0.667412
vn  -0.721916 0.620765 0.475477
vn  -0.650904 0.679452 0.526590
vn  -0.586492 0.726566 0.556642
vn  -0.442491 0.674511 0.918990
vn  -0.596730 0.621263 0.789795
vn  -0.514950 0.669474 0.832555
vn  -0.445474 0.726658 0.813292
vn  -0.230652 0.684423 1.075549
vn  -0.407764 0.621166 1.040717
vn  -0.354427 0.655206 1.037464
vn  -0.267840 0.726219 0.984582
vn  -0.000000 0.669681 1.154874
vn  -0.241617 0.617640 1.163858
vn  0.241604 0.617641 1.163864
vn  0.354418 0.655208 1.037469
vn  0.230650 0.684423 1.075551
vn  0.267836 0.726219 0.984584
vn  0.514948 0.669475 0.832556
vn  0.407761 0.621166 1.040719
vn  0.442489 0.674511 0.918992
vn  0.445472 0.726658 0.813293
vn  0.650903 0.679453 0.526592
vn  0.596729 0.621263 0.789798
vn  0.612420 0.663883 0.667417
vn  0.586491 0.726565 0.556645
vn  0.711365 0.689218 0.214010
vn  0.721914 0.620765 0.475484
vn  0.606722 0.581442 -0.842922
vn  0.783596 0.621270 -0.000000
vn  0.487248 0.408034 1.200632
vn  0.702232 0.695894 0.233791
vn  0.711366 0.689217 -0.214000
vn  0.659775 0.724152 -0.312183
vn  0.612421 0.663883 -0.667415
vn  0.721914 0.620765 -0.475482
vn  0.650904 0.679453 -0.526589
vn  0.586492 0.726566 -0.556642
vn  0.442490 0.674511 -0.918991
vn  0.596730 0.621263 -0.789796
vn  0.514950 0.669474 -0.832554
vn  0.445473 0.726658 -0.813292
vn  0.230651 0.684424 -1.075550
vn  0.407764 0.621166 -1.040716
vn  0.354432 0.655205 -1.037461
vn  0.267839 0.726219 -0.984582
vn  0.241625 0.617639 -1.163855
vn  -0.000135 -0.025500 1.554568
vn  0.208849 -0.014067 1.520623
vn  0.382684 0.000001 1.436700
vn  0.555402 -0.024615 1.292605
vn  0.707107 0.000000 1.099603
vn  0.831218 -0.024616 0.863691
vn  0.923880 -0.000000 0.595101
vn  0.980488 -0.024616 0.303288
vn  1.000000 -0.000000 -0.000001
vn  0.980488 -0.024616 -0.303289
vn  0.918313 -0.014068 -0.615195
vn  0.831469 -0.000001 -0.863953
vn  0.706892 -0.024616 -1.099270
vn  0.555570 0.000000 -1.292997
vn  0.382567 -0.024615 -1.436266
vn  0.195089 -0.000000 -1.525193
vn  0.000135 -0.025500 -1.554568
vn  -0.208851 -0.014068 -1.520623
vn  -0.382684 -0.000001 -1.436700
vn  -0.555403 -0.024616 -1.292603
vn  -0.707108 -0.000000 -1.099602
vn  -0.831218 -0.024616 -0.863689
vn  -0.923880 -0.000000 -0.595099
vn  -0.980488 -0.024615 -0.303287
vn  -0.999802 -0.014067 0.021878
vn  -0.980785 0.000001 0.303383
vn  -0.923599 -0.024616 0.594923
vn  -0.831469 -0.000000 0.863955
vn  -0.706891 -0.024615 1.099272
vn  -0.555569 -0.000000 1.292998
vn  -0.382566 -0.024616 1.436266
vn  -0.195089 -0.000000 1.525194
vn  -0.000625 0.195107 1.525188
vn  0.190728 0.195107 1.496071
vn  0.374751 0.195107 1.409462
vn  0.544373 0.195107 1.268687
vn  0.693075 0.195107 1.079158
vn  0.815143 0.195108 0.848157
vn  0.905885 0.195108 0.584562
vn  0.961814 0.195108 0.298502
vn  0.980782 0.195107 0.000972
vn  0.962058 0.195107 -0.296597
vn  0.906363 0.195107 -0.582767
vn  0.815837 0.195108 -0.846541
vn  0.693959 0.195108 -1.077784
vn  0.545412 0.195107 -1.267608
vn  0.375906 0.195107 -1.408718
vn  0.191953 0.195108 -1.495692
vn  0.000624 0.195107 -1.525188
vn  -0.190729 0.195108 -1.496071
vn  -0.374752 0.195108 -1.409461
vn  -0.544374 0.195108 -1.268686
vn  -0.693076 0.195108 -1.079156
vn  -0.815144 0.195107 -0.848155
vn  -0.905886 0.195108 -0.584560
vn  -0.961815 0.195108 -0.298500
vn  -0.980782 0.195107 -0.000969
vn  -0.962058 0.195108 0.296598
vn  -0.906363 0.195108 0.582769
vn  -0.815836 0.195107 0.846543
vn  -0.693958 0.195108 1.077785
vn  -0.545411 0.195107 1.267609
vn  -0.375905 0.195107 1.408719
vn  -0.191952 0.195107 1.495692
vn  -0.001227 0.382713 1.436680
vn  0.179034 0.382713 1.409447
vn  0.352414 0.382713 1.328050
vn  0.512252 0.382713 1.195616
vn  0.652404 0.382713 1.017236
vn  0.767485 0.382713 0.799764
vn  0.853072 0.382713 0.551557
vn  0.905875 0.382713 0.282154
vn  0.923866 0.382713 0.001908
vn  0.906354 0.382713 -0.278411
vn  0.854011 0.382713 -0.548031
vn  0.768848 0.382713 -0.796591
vn  0.654140 0.382713 -1.014537
vn  0.514293 0.382713 -1.193496
vn  0.354682 0.382713 -1.326589
vn  0.181440 0.382713 -1.408702
vn  0.001227 0.382713 -1.436680
vn  -0.179035 0.382713 -1.409447
vn  -0.352415 0.382713 -1.328049
vn  -0.512253 0.382713 -1.195615
vn  -0.652405 0.382713 -1.017235
vn  -0.767486 0.382713 -0.799762
vn  -0.853072 0.382713 -0.551555
vn  -0.905875 0.382713 -0.282152
vn  -0.923866 0.382713 -0.001906
vn  -0.906354 0.382713 0.278413
vn  -0.854010 0.382713 0.548033
vn  -0.768848 0.382713 0.796592
vn  -0.654139 0.382713 1.014539
vn  -0.514292 0.382713 1.193497
vn  -0.354681 0.382713 1.326590
vn  -0.181440 0.382713 1.408703
vn  -0.001784 0.555605 1.292957
vn  0.160456 0.555605 1.268655
vn  0.316531 0.555605 1.195599
vn  0.460442 0.555605 1.076596
vn  0.586658 0.555605 0.916221
vn  0.690330 0.555605 0.720636
vn  0.767472 0.555605 0.497357
vn  0.815121 0.555605 0.254965
vn  0.831445 0.555605 0.002775
vn  0.815817 0.555605 -0.249522
vn  0.768837 0.555605 -0.492230
vn  0.692312 0.555605 -0.716022
vn  0.589182 0.555605 -0.912297
vn  0.463409 0.555605 -1.073514
vn  0.319828 0.555605 -1.193475
vn  0.163956 0.555605 -1.267572
vn  0.001784 0.555605 -1.292957
vn  -0.160457 0.555605 -1.268655
vn  -0.316532 0.555605 -1.195598
vn  -0.460443 0.555605 -1.076596
vn  -0.586659 0.555605 -0.916220
vn  -0.690330 0.555605 -0.720635
vn  -0.767472 0.555605 -0.497356
vn  -0.815121 0.555605 -0.254963
vn  -0.831445 0.555605 -0.002773
vn  -0.815816 0.555605 0.249524
vn  -0.768837 0.555605 0.492232
vn  -0.692312 0.555605 0.716023
vn  -0.589181 0.555605 0.912298
vn  -0.463408 0.555605 1.073514
vn  -0.319827 0.555605 1.193476
vn  -0.163956 0.555605 1.267573
vn  -0.002275 0.707138 1.099549
vn  0.135711 0.707138 1.079112
vn  0.268482 0.707138 1.017205
vn  0.390936 0.707138 0.916208
vn  0.498366 0.707138 0.780001
vn  0.586645 0.707138 0.613819
vn  0.652379 0.707138 0.424048
vn  0.693042 0.707138 0.217982
vn  0.707072 0.707138 0.003538
vn  0.693930 0.707138 -0.211041
vn  0.654120 0.707138 -0.417510
vn  0.589173 0.707138 -0.607935
vn  0.501584 0.707138 -0.774997
vn  0.394720 0.707138 -0.912276
vn  0.272687 0.707138 -1.014497
vn  0.140174 0.707138 -1.077731
vn  0.002275 0.707138 -1.099549
vn  -0.135712 0.707138 -1.079112
vn  -0.268483 0.707138 -1.017205
vn  -0.390937 0.707138 -0.916207
vn  -0.498367 0.707138 -0.780000
vn  -0.586645 0.707138 -0.613818
vn  -0.652379 0.707138 -0.424047
vn  -0.693042 0.707138 -0.217980
vn  -0.707072 0.707138 -0.003537
vn  -0.693930 0.707138 0.211043
vn  -0.654120 0.707138 0.417512
vn  -0.589172 0.707138 0.607936
vn  -0.501584 0.707138 0.774998
vn  -0.394719 0.707138 0.912277
vn  -0.272686 0.707138 1.014498
vn  -0.140174 0.707138 1.077731
vn  -0.002680 0.831491 0.863894
vn  0.105750 0.831490 0.848108
vn  0.210116 0.831491 0.799729
vn  0.306408 0.831491 0.720617
vn  0.390925 0.831491 0.613813
vn  0.460419 0.831490 0.483420
vn  0.512219 0.831491 0.334449
vn  0.544335 0.831491 0.172626
vn  0.555533 0.831491 0.004168
vn  0.545381 0.831491 -0.164449
vn  0.514271 0.831490 -0.326747
vn  0.463397 0.831491 -0.476488
vn  0.394716 0.831491 -0.607918
vn  0.310866 0.831490 -0.715986
vn  0.215069 0.831491 -0.796539
vn  0.111008 0.831490 -0.846481
vn  0.002680 0.831490 -0.863894
vn  -0.105750 0.831491 -0.848107
vn  -0.210117 0.831491 -0.799729
vn  -0.306409 0.831490 -0.720617
vn  -0.390926 0.831490 -0.613812
vn  -0.460420 0.831490 -0.483419
vn  -0.512220 0.831491 -0.334448
vn  -0.544335 0.831491 -0.172625
vn  -0.555533 0.831491 -0.004167
vn  -0.545381 0.831491 0.164450
vn  -0.514271 0.831491 0.326748
vn  -0.463397 0.831491 0.476489
vn  -0.394716 0.831490 0.607919
vn  -0.310865 0.831491 0.715987
vn  -0.215069 0.831490 0.796539
vn  -0.111007 0.831490 0.846482
vn  -0.002983 0.923888 0.595051
vn  0.071726 0.923888 0.584522
vn  0.143678 0.923888 0.551531
vn  0.210109 0.923888 0.497344
vn  0.268466 0.923888 0.424045
vn  0.316506 0.923888 0.334450
vn  0.352382 0.923888 0.232002
vn  0.374717 0.923888 0.120638
vn  0.382651 0.923888 0.004639
vn  0.375881 0.923888 -0.111539
vn  0.354665 0.923888 -0.223430
vn  0.319820 0.923888 -0.326736
vn  0.272685 0.923888 -0.417485
vn  0.215070 0.923888 -0.492190
vn  0.149190 0.923888 -0.547980
vn  0.077577 0.923888 -0.582712
vn  0.002983 0.923888 -0.595051
vn  -0.071726 0.923888 -0.584522
vn  -0.143679 0.923888 -0.551530
vn  -0.210110 0.923888 -0.497344
vn  -0.268466 0.923888 -0.424044
vn  -0.316506 0.923888 -0.334449
vn  -0.352382 0.923888 -0.232001
vn  -0.374717 0.923888 -0.120638
vn  -0.382651 0.923888 -0.004638
vn  -0.375881 0.923888 0.111540
vn  -0.354665 0.923888 0.223431
vn  -0.319820 0.923888 0.326736
vn  -0.272684 0.923888 0.417485
vn  -0.215069 0.923888 0.492190
vn  -0.149190 0.923888 0.547981
vn  -0.077577 0.923888 0.582712
vn  -0.005744 0.976740 0.333327
vn  0.036184 0.976740 0.328665
vn  0.076721 0.976740 0.311372
vn  0.114310 0.976740 0.282114
vn  0.147506 0.976740 0.242014
vn  0.175033 0.976740 0.192613
vn  0.195834 0.976740 0.135811
vn  0.209109 0.976740 0.073789
vn  0.214348 0.976740 0.008932
vn  0.211350 0.976740 -0.056269
vn  0.200230 0.976740 -0.119307
vn  0.181415 0.976740 -0.177760
vn  0.155628 0.976740 -0.229382
vn  0.123861 0.976740 -0.272189
vn  0.087334 0.976740 -0.304536
vn  0.047450 0.976740 -0.325180
vn  0.005744 0.976740 -0.333327
vn  -0.036184 0.976740 -0.328665
vn  -0.076721 0.976740 -0.311372
vn  -0.114310 0.976740 -0.282113
vn  -0.147506 0.976740 -0.242013
vn  -0.175033 0.976740 -0.192613
vn  -0.195834 0.976740 -0.135810
vn  -0.209109 0.976740 -0.073789
vn  -0.214348 0.976740 -0.008931
vn  -0.211350 0.976740 0.056269
vn  -0.200230 0.976740 0.119307
vn  -0.181415 0.976740 0.177760
vn  -0.155628 0.976740 0.229382
vn  -0.123861 0.976740 0.272189
vn  -0.087334 0.976740 0.304536
vn  -0.047450 0.976740 0.325180
vn  0.000000 1.000000 0.000000
vn  -0.969171 -0.097965 0.351567
vn  -0.995185 -0.098018 0.000002
vn  -0.990438 -0.097549 0.151700
vn  -0.808882 -0.097965 0.901558
vn  -0.952376 -0.097550 0.449264
vn  -0.919430 -0.098018 0.592239
vn  -0.877714 -0.097551 0.729563
vn  -0.525447 -0.097965 1.314298
vn  -0.769323 -0.097549 0.981825
vn  -0.703700 -0.098016 1.094311
vn  -0.631366 -0.097550 1.196357
vn  -0.162018 -0.097966 1.526947
vn  -0.469147 -0.097551 1.364913
vn  -0.380839 -0.098017 1.429784
vn  -0.288898 -0.097550 1.481016
vn  -0.097000 -0.098726 1.540107
vn  -0.000539 -0.101518 1.547039
vn  0.410808 -0.097964 1.409587
vn  0.096827 -0.099100 1.540075
vn  0.194151 -0.098018 1.517849
vn  0.288901 -0.097548 1.481015
vn  0.726417 -0.097965 1.057817
vn  0.469148 -0.097549 1.364912
vn  0.552894 -0.098016 1.286771
vn  0.631368 -0.097549 1.196355
vn  0.931437 -0.097966 0.545004
vn  0.769324 -0.097549 0.981823
vn  0.827466 -0.098018 0.859792
vn  0.877715 -0.097550 0.729560
vn  0.994654 -0.097965 -0.050781
vn  0.952376 -0.097551 0.449260
vn  0.976062 -0.098018 0.301920
vn  0.990438 -0.097550 0.151697
vn  0.976062 -0.098018 -0.301921
vn  0.990438 -0.097549 -0.151698
vn  0.808882 -0.097966 -0.901557
vn  0.952376 -0.097550 -0.449262
vn  0.919430 -0.098018 -0.592237
vn  0.877715 -0.097551 -0.729561
vn  0.525448 -0.097964 -1.314297
vn  0.769323 -0.097550 -0.981824
vn  0.703702 -0.098017 -1.094308
vn  0.631367 -0.097549 -1.196355
vn  0.162019 -0.097966 -1.526946
vn  0.469148 -0.097549 -1.364912
vn  0.380839 -0.098016 -1.429783
vn  0.288899 -0.097549 -1.481016
vn  0.097000 -0.098726 -1.540107
vn  0.000540 -0.101520 -1.547039
vn  -0.410807 -0.097965 -1.409587
vn  -0.096828 -0.099101 -1.540075
vn  -0.194155 -0.098017 -1.517848
vn  -0.288900 -0.097552 -1.481015
vn  -0.726418 -0.097965 -1.057816
vn  -0.469149 -0.097550 -1.364911
vn  -0.552896 -0.098017 -1.286769
vn  -0.631369 -0.097550 -1.196354
vn  -0.931437 -0.097964 -0.545002
vn  -0.769325 -0.097550 -0.981821
vn  -0.827466 -0.098018 -0.859791
vn  -0.877716 -0.097550 -0.729559
vn  -0.952377 -0.097549 -0.449259
vn  -0.976062 -0.098019 -0.301920
vn  -0.990438 -0.097550 -0.151698
# 1110 vertex normals

g Sphere01
s 2
f 1/1/1 362/390/362 181/209/181
f 181/209/181 365/394/365 1/1/1
f 2/2/2 363/392/363 181/209/181
f 181/209/181 362/390/362 2/2/2
f 20/20/20 364/393/364 181/209/181
f 181/209/181 363/392/363 20/20/20
f 19/19/19 365/394/365 181/209/181
f 181/209/181 364/393/364 19/19/19
f 2/2/2 366/395/366 182/210/182
f 182/210/182 363/392/363 2/2/2
f 3/3/3 367/397/367 182/210/182
f 182/210/182 366/395/366 3/3/3
f 21/21/21 368/398/368 182/210/182
f 182/210/182 367/397/367 21/21/21
f 20/20/20 363/392/363 182/210/182
f 182/210/182 368/398/368 20/20/20
f 3/3/3 369/399/369 183/211/183
f 183/211/183 367/397/367 3/3/3
f 4/4/4 370/401/370 183/211/183
f 183/211/183 369/399/369 4/4/4
f 22/22/22 371/402/371 183/211/183
f 183/211/183 370/401/370 22/22/22
f 21/21/21 367/397/367 183/211/183
f 183/211/183 371/402/371 21/21/21
f 4/4/4 372/403/372 184/212/184
f 184/212/184 370/401/370 4/4/4
f 5/5/5 373/405/373 184/212/184
f 184/212/184 372/403/372 5/5/5
f 23/23/23 374/406/374 184/212/184
f 184/212/184 373/405/373 23/23/23
f 22/22/22 370/401/370 184/212/184
f 184/212/184 374/406/374 22/22/22
f 5/5/5 375/407/375 185/213/185
f 185/213/185 373/405/373 5/5/5
f 6/181/6 376/409/376 185/213/185
f 185/213/185 375/407/375 6/181/6
f 24/182/24 377/411/377 185/213/185
f 185/213/185 376/409/376 24/182/24
f 23/23/23 373/405/373 185/213/185
f 185/213/185 377/411/377 23/23/23
f 6/6/6 378/412/378 186/214/186
f 186/214/186 376/410/376 6/6/6
f 7/7/7 379/414/379 186/214/186
f 186/214/186 378/412/378 7/7/7
f 25/25/25 380/415/380 186/214/186
f 186/214/186 379/414/379 25/25/25
f 24/24/24 376/410/376 186/214/186
f 186/214/186 380/415/380 24/24/24
f 7/7/7 381/416/381 187/215/187
f 187/215/187 379/414/379 7/7/7
f 8/8/8 382/418/382 187/215/187
f 187/215/187 381/416/381 8/8/8
f 26/26/26 383/419/383 187/215/187
f 187/215/187 382/418/382 26/26/26
f 25/25/25 379/414/379 187/215/187
f 187/215/187 383/419/383 25/25/25
f 8/8/8 384/420/384 188/216/188
f 188/216/188 382/418/382 8/8/8
f 9/9/9 385/422/385 188/216/188
f 188/216/188 384/420/384 9/9/9
f 27/27/27 386/423/386 188/216/188
f 188/216/188 385/422/385 27/27/27
f 26/26/26 382/418/382 188/216/188
f 188/216/188 386/423/386 26/26/26
f 9/9/9 387/424/387 189/217/189
f 189/217/189 385/422/385 9/9/9
f 10/10/10 388/426/388 189/217/189
f 189/217/189 387/424/387 10/10/10
f 28/28/28 389/427/389 189/217/189
f 189/217/189 388/426/388 28/28/28
f 27/27/27 385/422/385 189/217/189
f 189/217/189 389/427/389 27/27/27
f 10/10/10 390/428/390 190/218/190
f 190/218/190 388/426/388 10/10/10
f 11/11/11 391/430/391 190/218/190
f 190/218/190 390/428/390 11/11/11
f 29/29/29 392/431/392 190/218/190
f 190/218/190 391/430/391 29/29/29
f 28/28/28 388/426/388 190/218/190
f 190/218/190 392/431/392 28/28/28
f 11/11/11 393/432/393 191/219/191
f 191/219/191 391/430/391 11/11/11
f 12/12/12 394/434/394 191/219/191
f 191/219/191 393/432/393 12/12/12
f 30/30/30 395/435/395 191/219/191
f 191/219/191 394/434/394 30/30/30
f 29/29/29 391/430/391 191/219/191
f 191/219/191 395/435/395 29/29/29
f 12/12/12 396/436/396 192/220/192
f 192/220/192 394/434/394 12/12/12
f 13/13/13 397/438/397 192/220/192
f 192/220/192 396/436/396 13/13/13
f 31/31/31 398/439/398 192/220/192
f 192/220/192 397/438/397 31/31/31
f 30/30/30 394/434/394 192/220/192
f 192/220/192 398/439/398 30/30/30
f 13/13/13 399/440/399 193/221/193
f 193/221/193 397/438/397 13/13/13
f 14/14/14 400/442/400 193/221/193
f 193/221/193 399/440/399 14/14/14
f 32/32/32 401/443/401 193/221/193
f 193/221/193 400/442/400 32/32/32
f 31/31/31 397/438/397 193/221/193
f 193/221/193 401/443/401 31/31/31
f 14/14/14 402/444/402 194/222/194
f 194/222/194 400/442/400 14/14/14
f 15/15/15 403/446/403 194/222/194
f 194/222/194 402/444/402 15/15/15
f 33/33/33 404/447/404 194/222/194
f 194/222/194 403/446/403 33/33/33
f 32/32/32 400/442/400 194/222/194
f 194/222/194 404/447/404 32/32/32
f 15/15/15 405/448/405 195/223/195
f 195/223/195 403/446/403 15/15/15
f 16/16/16 406/450/406 195/223/195
f 195/223/195 405/448/405 16/16/16
f 34/34/34 407/451/407 195/223/195
f 195/223/195 406/450/406 34/34/34
f 33/33/33 403/446/403 195/223/195
f 195/223/195 407/451/407 33/33/33
f 16/16/16 408/452/408 196/224/196
f 196/224/196 406/450/406 16/16/16
f 17/17/17 409/454/409 196/224/196
f 196/224/196 408/452/408 17/17/17
f 35/35/35 410/455/410 196/224/196
f 196/224/196 409/454/409 35/35/35
f 34/34/34 406/450/406 196/224/196
f 196/224/196 410/455/410 34/34/34
f 17/17/17 411/456/411 197/225/197
f 197/225/197 409/454/409 17/17/17
f 18/18/18 412/458/412 197/225/197
f 197/225/197 411/456/411 18/18/18
f 36/36/36 413/459/413 197/225/197
f 197/225/197 412/458/412 36/36/36
f 35/35/35 409/454/409 197/225/197
f 197/225/197 413/459/413 35/35/35
f 18/18/18 414/460/414 198/226/198
f 198/226/198 412/458/412 18/18/18
f 1/1/1 365/394/365 198/226/198
f 198/226/198 414/460/414 1/1/1
f 19/19/19 415/462/415 198/226/198
f 198/226/198 365/394/365 19/19/19
f 36/36/36 412/458/412 198/226/198
f 198/226/198 415/462/415 36/36/36
f 19/19/19 364/393/364 199/227/199
f 199/227/199 418/465/418 19/19/19
f 20/20/20 416/463/416 199/227/199
f 199/227/199 364/393/364 20/20/20
f 38/38/38 417/464/417 199/227/199
f 199/227/199 416/463/416 38/38/38
f 37/37/37 418/465/418 199/227/199
f 199/227/199 417/464/417 37/37/37
f 20/20/20 368/398/368 200/228/200
f 200/228/200 416/463/416 20/20/20
f 21/21/21 419/466/419 200/228/200
f 200/228/200 368/398/368 21/21/21
f 39/39/39 420/467/420 200/228/200
f 200/228/200 419/466/419 39/39/39
f 38/38/38 416/463/416 200/228/200
f 200/228/200 420/467/420 38/38/38
f 21/21/21 371/402/371 201/229/201
f 201/229/201 419/466/419 21/21/21
f 22/22/22 421/468/421 201/229/201
f 201/229/201 371/402/371 22/22/22
f 40/40/40 422/469/422 201/229/201
f 201/229/201 421/468/421 40/40/40
f 39/39/39 419/466/419 201/229/201
f 201/229/201 422/469/422 39/39/39
f 22/22/22 374/406/374 202/230/202
f 202/230/202 421/468/421 22/22/22
f 23/23/23 423/470/423 202/230/202
f 202/230/202 374/406/374 23/23/23
f 41/41/41 424/471/424 202/230/202
f 202/230/202 423/470/423 41/41/41
f 40/40/40 421/468/421 202/230/202
f 202/230/202 424/471/424 40/40/40
f 23/23/23 377/411/377 203/231/203
f 203/231/203 423/470/423 23/23/23
f 24/182/24 425/472/425 203/231/203
f 203/231/203 377/411/377 24/182/24
f 42/183/42 426/474/426 203/231/203
f 203/231/203 425/472/425 42/183/42
f 41/41/41 423/470/423 203/231/203
f 203/231/203 426/474/426 41/41/41
f 24/24/24 380/415/380 204/232/204
f 204/232/204 425/473/425 24/24/24
f 25/25/25 427/475/427 204/232/204
f 204/232/204 380/415/380 25/25/25
f 43/43/43 428/476/428 204/232/204
f 204/232/204 427/475/427 43/43/43
f 42/42/42 425/473/425 204/232/204
f 204/232/204 428/476/428 42/42/42
f 25/25/25 383/419/383 205/233/205
f 205/233/205 427/475/427 25/25/25
f 26/26/26 429/477/429 205/233/205
f 205/233/205 383/419/383 26/26/26
f 44/44/44 430/478/430 205/233/205
f 205/233/205 429/477/429 44/44/44
f 43/43/43 427/475/427 205/233/205
f 205/233/205 430/478/430 43/43/43
f 26/26/26 386/423/386 206/234/206
f 206/234/206 429/477/429 26/26/26
f 27/27/27 431/479/431 206/234/206
f 206/234/206 386/423/386 27/27/27
f 45/45/45 432/480/432 206/234/206
f 206/234/206 431/479/431 45/45/45
f 44/44/44 429/477/429 206/234/206
f 206/234/206 432/480/432 44/44/44
f 27/27/27 389/427/389 207/235/207
f 207/235/207 431/479/431 27/27/27
f 28/28/28 433/481/433 207/235/207
f 207/235/207 389/427/389 28/28/28
f 46/46/46 434/482/434 207/235/207
f 207/235/207 433/481/433 46/46/46
f 45/45/45 431/479/431 207/235/207
f 207/235/207 434/482/434 45/45/45
f 28/28/28 392/431/392 208/236/208
f 208/236/208 433/481/433 28/28/28
f 29/29/29 435/483/435 208/236/208
f 208/236/208 392/431/392 29/29/29
f 47/47/47 436/484/436 208/236/208
f 208/236/208 435/483/435 47/47/47
f 46/46/46 433/481/433 208/236/208
f 208/236/208 436/484/436 46/46/46
f 29/29/29 395/435/395 209/237/209
f 209/237/209 435/483/435 29/29/29
f 30/30/30 437/485/437 209/237/209
f 209/237/209 395/435/395 30/30/30
f 48/48/48 438/486/438 209/237/209
f 209/237/209 437/485/437 48/48/48
f 47/47/47 435/483/435 209/237/209
f 209/237/209 438/486/438 47/47/47
f 30/30/30 398/439/398 210/238/210
f 210/238/210 437/485/437 30/30/30
f 31/31/31 439/487/439 210/238/210
f 210/238/210 398/439/398 31/31/31
f 49/49/49 440/488/440 210/238/210
f 210/238/210 439/487/439 49/49/49
f 48/48/48 437/485/437 210/238/210
f 210/238/210 440/488/440 48/48/48
f 31/31/31 401/443/401 211/239/211
f 211/239/211 439/487/439 31/31/31
f 32/32/32 441/489/441 211/239/211
f 211/239/211 401/443/401 32/32/32
f 50/50/50 442/490/442 211/239/211
f 211/239/211 441/489/441 50/50/50
f 49/49/49 439/487/439 211/239/211
f 211/239/211 442/490/442 49/49/49
f 32/32/32 404/447/404 212/240/212
f 212/240/212 441/489/441 32/32/32
f 33/33/33 443/491/443 212/240/212
f 212/240/212 404/447/404 33/33/33
f 51/51/51 444/492/444 212/240/212
f 212/240/212 443/491/443 51/51/51
f 50/50/50 441/489/441 212/240/212
f 212/240/212 444/492/444 50/50/50
f 33/33/33 407/451/407 213/241/213
f 213/241/213 443/491/443 33/33/33
f 34/34/34 445/493/445 213/241/213
f 213/241/213 407/451/407 34/34/34
f 52/52/52 446/494/446 213/241/213
f 213/241/213 445/493/445 52/52/52
f 51/51/51 443/491/443 213/241/213
f 213/241/213 446/494/446 51/51/51
f 34/34/34 410/455/410 214/242/214
f 214/242/214 445/493/445 34/34/34
f 35/35/35 447/495/447 214/242/214
f 214/242/214 410/455/410 35/35/35
f 53/53/53 448/496/448 214/242/214
f 214/242/214 447/495/447 53/53/53
f 52/52/52 445/493/445 214/242/214
f 214/242/214 448/496/448 52/52/52
f 35/35/35 413/459/413 215/243/215
f 215/243/215 447/495/447 35/35/35
f 36/36/36 449/497/449 215/243/215
f 215/243/215 413/459/413 36/36/36
f 54/54/54 450/498/450 215/243/215
f 215/243/215 449/497/449 54/54/54
f 53/53/53 447/495/447 215/243/215
f 215/243/215 450/498/450 53/53/53
f 36/36/36 415/462/415 216/244/216
f 216/244/216 449/497/449 36/36/36
f 19/19/19 418/465/418 216/244/216
f 216/244/216 415/462/415 19/19/19
f 37/37/37 451/499/451 216/244/216
f 216/244/216 418/465/418 37/37/37
f 54/54/54 449/497/449 216/244/216
f 216/244/216 451/499/451 54/54/54
f 37/37/37 417/464/417 217/245/217
f 217/245/217 454/502/454 37/37/37
f 38/38/38 452/500/452 217/245/217
f 217/245/217 417/464/417 38/38/38
f 56/56/56 453/501/453 217/245/217
f 217/245/217 452/500/452 56/56/56
f 55/55/55 454/502/454 217/245/217
f 217/245/217 453/501/453 55/55/55
f 38/38/38 420/467/420 218/246/218
f 218/246/218 452/500/452 38/38/38
f 39/39/39 455/503/455 218/246/218
f 218/246/218 420/467/420 39/39/39
f 57/57/57 456/504/456 218/246/218
f 218/246/218 455/503/455 57/57/57
f 56/56/56 452/500/452 218/246/218
f 218/246/218 456/504/456 56/56/56
f 39/39/39 422/469/422 219/247/219
f 219/247/219 455/503/455 39/39/39
f 40/40/40 457/505/457 219/247/219
f 219/247/219 422/469/422 40/40/40
f 58/58/58 458/506/458 219/247/219
f 219/247/219 457/505/457 58/58/58
f 57/57/57 455/503/455 219/247/219
f 219/247/219 458/506/458 57/57/57
f 40/40/40 424/471/424 220/248/220
f 220/248/220 457/505/457 40/40/40
f 41/41/41 459/507/459 220/248/220
f 220/248/220 424/471/424 41/41/41
f 59/59/59 460/508/460 220/248/220
f 220/248/220 459/507/459 59/59/59
f 58/58/58 457/505/457 220/248/220
f 220/248/220 460/508/460 58/58/58
f 41/41/41 426/474/426 221/249/221
f 221/249/221 459/507/459 41/41/41
f 42/183/42 461/509/461 221/249/221
f 221/249/221 426/474/426 42/183/42
f 60/184/60 462/511/462 221/249/221
f 221/249/221 461/509/461 60/184/60
f 59/59/59 459/507/459 221/249/221
f 221/249/221 462/511/462 59/59/59
f 42/42/42 428/476/428 222/250/222
f 222/250/222 461/510/461 42/42/42
f 43/43/43 463/512/463 222/250/222
f 222/250/222 428/476/428 43/43/43
f 61/61/61 464/513/464 222/250/222
f 222/250/222 463/512/463 61/61/61
f 60/60/60 461/510/461 222/250/222
f 222/250/222 464/513/464 60/60/60
f 43/43/43 430/478/430 223/251/223
f 223/251/223 463/512/463 43/43/43
f 44/44/44 465/514/465 223/251/223
f 223/251/223 430/478/430 44/44/44
f 62/62/62 466/515/466 223/251/223
f 223/251/223 465/514/465 62/62/62
f 61/61/61 463/512/463 223/251/223
f 223/251/223 466/515/466 61/61/61
f 44/44/44 432/480/432 224/252/224
f 224/252/224 465/514/465 44/44/44
f 45/45/45 467/516/467 224/252/224
f 224/252/224 432/480/432 45/45/45
f 63/63/63 468/517/468 224/252/224
f 224/252/224 467/516/467 63/63/63
f 62/62/62 465/514/465 224/252/224
f 224/252/224 468/517/468 62/62/62
f 45/45/45 434/482/434 225/253/225
f 225/253/225 467/516/467 45/45/45
f 46/46/46 469/518/469 225/253/225
f 225/253/225 434/482/434 46/46/46
f 64/64/64 470/519/470 225/253/225
f 225/253/225 469/518/469 64/64/64
f 63/63/63 467/516/467 225/253/225
f 225/253/225 470/519/470 63/63/63
f 46/46/46 436/484/436 226/254/226
f 226/254/226 469/518/469 46/46/46
f 47/47/47 471/520/471 226/254/226
f 226/254/226 436/484/436 47/47/47
f 65/65/65 472/521/472 226/254/226
f 226/254/226 471/520/471 65/65/65
f 64/64/64 469/518/469 226/254/226
f 226/254/226 472/521/472 64/64/64
f 47/47/47 438/486/438 227/255/227
f 227/255/227 471/520/471 47/47/47
f 48/48/48 473/522/473 227/255/227
f 227/255/227 438/486/438 48/48/48
f 66/66/66 474/523/474 227/255/227
f 227/255/227 473/522/473 66/66/66
f 65/65/65 471/520/471 227/255/227
f 227/255/227 474/523/474 65/65/65
f 48/48/48 440/488/440 228/256/228
f 228/256/228 473/522/473 48/48/48
f 49/49/49 475/524/475 228/256/228
f 228/256/228 440/488/440 49/49/49
f 67/67/67 476/525/476 228/256/228
f 228/256/228 475/524/475 67/67/67
f 66/66/66 473/522/473 228/256/228
f 228/256/228 476/525/476 66/66/66
f 49/49/49 442/490/442 229/257/229
f 229/257/229 475/524/475 49/49/49
f 50/50/50 477/526/477 229/257/229
f 229/257/229 442/490/442 50/50/50
f 68/68/68 478/527/478 229/257/229
f 229/257/229 477/526/477 68/68/68
f 67/67/67 475/524/475 229/257/229
f 229/257/229 478/527/478 67/67/67
f 50/50/50 444/492/444 230/258/230
f 230/258/230 477/526/477 50/50/50
f 51/51/51 479/528/479 230/258/230
f 230/258/230 444/492/444 51/51/51
f 69/69/69 480/529/480 230/258/230
f 230/258/230 479/528/479 69/69/69
f 68/68/68 477/526/477 230/258/230
f 230/258/230 480/529/480 68/68/68
f 51/51/51 446/494/446 231/259/231
f 231/259/231 479/528/479 51/51/51
f 52/52/52 481/530/481 231/259/231
f 231/259/231 446/494/446 52/52/52
f 70/70/70 482/531/482 231/259/231
f 231/259/231 481/530/481 70/70/70
f 69/69/69 479/528/479 231/259/231
f 231/259/231 482/531/482 69/69/69
f 52/52/52 448/496/448 232/260/232
f 232/260/232 481/530/481 52/52/52
f 53/53/53 483/532/483 232/260/232
f 232/260/232 448/496/448 53/53/53
f 71/71/71 484/533/484 232/260/232
f 232/260/232 483/532/483 71/71/71
f 70/70/70 481/530/481 232/260/232
f 232/260/232 484/533/484 70/70/70
f 53/53/53 450/498/450 233/261/233
f 233/261/233 483/532/483 53/53/53
f 54/54/54 485/534/485 233/261/233
f 233/261/233 450/498/450 54/54/54
f 72/72/72 486/535/486 233/261/233
f 233/261/233 485/534/485 72/72/72
f 71/71/71 483/532/483 233/261/233
f 233/261/233 486/535/486 71/71/71
f 54/54/54 451/499/451 234/262/234
f 234/262/234 485/534/485 54/54/54
f 37/37/37 454/502/454 234/262/234
f 234/262/234 451/499/451 37/37/37
f 55/55/55 487/536/487 234/262/234
f 234/262/234 454/502/454 55/55/55
f 72/72/72 485/534/485 234/262/234
f 234/262/234 487/536/487 72/72/72
f 55/55/55 453/501/453 235/263/235
f 235/263/235 490/539/490 55/55/55
f 56/56/56 488/537/488 235/263/235
f 235/263/235 453/501/453 56/56/56
f 74/74/74 489/538/489 235/263/235
f 235/263/235 488/537/488 74/74/74
f 73/73/73 490/539/490 235/263/235
f 235/263/235 489/538/489 73/73/73
f 56/56/56 456/504/456 236/264/236
f 236/264/236 488/537/488 56/56/56
f 57/57/57 491/540/491 236/264/236
f 236/264/236 456/504/456 57/57/57
f 75/75/75 492/541/492 236/264/236
f 236/264/236 491/540/491 75/75/75
f 74/74/74 488/537/488 236/264/236
f 236/264/236 492/541/492 74/74/74
f 57/57/57 458/506/458 237/265/237
f 237/265/237 491/540/491 57/57/57
f 58/58/58 493/542/493 237/265/237
f 237/265/237 458/506/458 58/58/58
f 76/76/76 494/543/494 237/265/237
f 237/265/237 493/542/493 76/76/76
f 75/75/75 491/540/491 237/265/237
f 237/265/237 494/543/494 75/75/75
f 58/58/58 460/508/460 238/266/238
f 238/266/238 493/542/493 58/58/58
f 59/59/59 495/544/495 238/266/238
f 238/266/238 460/508/460 59/59/59
f 77/77/77 496/545/496 238/266/238
f 238/266/238 495/544/495 77/77/77
f 76/76/76 493/542/493 238/266/238
f 238/266/238 496/545/496 76/76/76
f 59/59/59 462/511/462 239/267/239
f 239/267/239 495/544/495 59/59/59
f 60/184/60 497/546/497 239/267/239
f 239/267/239 462/511/462 60/184/60
f 78/185/78 498/548/498 239/267/239
f 239/267/239 497/546/497 78/185/78
f 77/77/77 495/544/495 239/267/239
f 239/267/239 498/548/498 77/77/77
f 60/60/60 464/513/464 240/268/240
f 240/268/240 497/547/497 60/60/60
f 61/61/61 499/549/499 240/268/240
f 240/268/240 464/513/464 61/61/61
f 79/79/79 500/550/500 240/268/240
f 240/268/240 499/549/499 79/79/79
f 78/78/78 497/547/497 240/268/240
f 240/268/240 500/550/500 78/78/78
f 61/61/61 466/515/466 241/269/241
f 241/269/241 499/549/499 61/61/61
f 62/62/62 501/551/501 241/269/241
f 241/269/241 466/515/466 62/62/62
f 80/80/80 502/552/502 241/269/241
f 241/269/241 501/551/501 80/80/80
f 79/79/79 499/549/499 241/269/241
f 241/269/241 502/552/502 79/79/79
f 62/62/62 468/517/468 242/270/242
f 242/270/242 501/551/501 62/62/62
f 63/63/63 503/553/503 242/270/242
f 242/270/242 468/517/468 63/63/63
f 81/81/81 504/554/504 242/270/242
f 242/270/242 503/553/503 81/81/81
f 80/80/80 501/551/501 242/270/242
f 242/270/242 504/554/504 80/80/80
f 63/63/63 470/519/470 243/271/243
f 243/271/243 503/553/503 63/63/63
f 64/64/64 505/555/505 243/271/243
f 243/271/243 470/519/470 64/64/64
f 82/82/82 506/556/506 243/271/243
f 243/271/243 505/555/505 82/82/82
f 81/81/81 503/553/503 243/271/243
f 243/271/243 506/556/506 81/81/81
f 64/64/64 472/521/472 244/272/244
f 244/272/244 505/555/505 64/64/64
f 65/65/65 507/557/507 244/272/244
f 244/272/244 472/521/472 65/65/65
f 83/83/83 508/558/508 244/272/244
f 244/272/244 507/557/507 83/83/83
f 82/82/82 505/555/505 244/272/244
f 244/272/244 508/558/508 82/82/82
f 65/65/65 474/523/474 245/273/245
f 245/273/245 507/557/507 65/65/65
f 66/66/66 509/559/509 245/273/245
f 245/273/245 474/523/474 66/66/66
f 84/84/84 510/560/510 245/273/245
f 245/273/245 509/559/509 84/84/84
f 83/83/83 507/557/507 245/273/245
f 245/273/245 510/560/510 83/83/83
f 66/66/66 476/525/476 246/274/246
f 246/274/246 509/559/509 66/66/66
f 67/67/67 511/561/511 246/274/246
f 246/274/246 476/525/476 67/67/67
f 85/85/85 512/562/512 246/274/246
f 246/274/246 511/561/511 85/85/85
f 84/84/84 509/559/509 246/274/246
f 246/274/246 512/562/512 84/84/84
f 67/67/67 478/527/478 247/275/247
f 247/275/247 511/561/511 67/67/67
f 68/68/68 513/563/513 247/275/247
f 247/275/247 478/527/478 68/68/68
f 86/86/86 514/564/514 247/275/247
f 247/275/247 513/563/513 86/86/86
f 85/85/85 511/561/511 247/275/247
f 247/275/247 514/564/514 85/85/85
f 68/68/68 480/529/480 248/276/248
f 248/276/248 513/563/513 68/68/68
f 69/69/69 515/565/515 248/276/248
f 248/276/248 480/529/480 69/69/69
f 87/87/87 516/566/516 248/276/248
f 248/276/248 515/565/515 87/87/87
f 86/86/86 513/563/513 248/276/248
f 248/276/248 516/566/516 86/86/86
f 69/69/69 482/531/482 249/277/249
f 249/277/249 515/565/515 69/69/69
f 70/70/70 517/567/517 249/277/249
f 249/277/249 482/531/482 70/70/70
f 88/88/88 518/568/518 249/277/249
f 249/277/249 517/567/517 88/88/88
f 87/87/87 515/565/515 249/277/249
f 249/277/249 518/568/518 87/87/87
f 70/70/70 484/533/484 250/278/250
f 250/278/250 517/567/517 70/70/70
f 71/71/71 519/569/519 250/278/250
f 250/278/250 484/533/484 71/71/71
f 89/89/89 520/570/520 250/278/250
f 250/278/250 519/569/519 89/89/89
f 88/88/88 517/567/517 250/278/250
f 250/278/250 520/570/520 88/88/88
f 71/71/71 486/535/486 251/279/251
f 251/279/251 519/569/519 71/71/71
f 72/72/72 521/571/521 251/279/251
f 251/279/251 486/535/486 72/72/72
f 90/90/90 522/572/522 251/279/251
f 251/279/251 521/571/521 90/90/90
f 89/89/89 519/569/519 251/279/251
f 251/279/251 522/572/522 89/89/89
f 72/72/72 487/536/487 252/280/252
f 252/280/252 521/571/521 72/72/72
f 55/55/55 490/539/490 252/280/252
f 252/280/252 487/536/487 55/55/55
f 73/73/73 523/573/523 252/280/252
f 252/280/252 490/539/490 73/73/73
f 90/90/90 521/571/521 252/280/252
f 252/280/252 523/573/523 90/90/90
f 73/73/73 489/538/489 253/281/253
f 253/281/253 526/576/526 73/73/73
f 74/74/74 524/574/524 253/281/253
f 253/281/253 489/538/489 74/74/74
f 92/92/92 525/575/525 253/281/253
f 253/281/253 524/574/524 92/92/92
f 91/91/91 526/576/526 253/281/253
f 253/281/253 525/575/525 91/91/91
f 74/74/74 492/541/492 254/282/254
f 254/282/254 524/574/524 74/74/74
f 75/75/75 527/577/527 254/282/254
f 254/282/254 492/541/492 75/75/75
f 93/93/93 528/578/528 254/282/254
f 254/282/254 527/577/527 93/93/93
f 92/92/92 524/574/524 254/282/254
f 254/282/254 528/578/528 92/92/92
f 75/75/75 494/543/494 255/283/255
f 255/283/255 527/577/527 75/75/75
f 76/76/76 529/579/529 255/283/255
f 255/283/255 494/543/494 76/76/76
f 94/94/94 530/580/530 255/283/255
f 255/283/255 529/579/529 94/94/94
f 93/93/93 527/577/527 255/283/255
f 255/283/255 530/580/530 93/93/93
f 76/76/76 496/545/496 256/284/256
f 256/284/256 529/579/529 76/76/76
f 77/77/77 531/581/531 256/284/256
f 256/284/256 496/545/496 77/77/77
f 95/95/95 532/582/532 256/284/256
f 256/284/256 531/581/531 95/95/95
f 94/94/94 529/579/529 256/284/256
f 256/284/256 532/582/532 94/94/94
f 77/77/77 498/548/498 257/285/257
f 257/285/257 531/581/531 77/77/77
f 78/185/78 533/583/533 257/285/257
f 257/285/257 498/548/498 78/185/78
f 96/186/96 534/585/534 257/285/257
f 257/285/257 533/583/533 96/186/96
f 95/95/95 531/581/531 257/285/257
f 257/285/257 534/585/534 95/95/95
f 78/78/78 500/550/500 258/286/258
f 258/286/258 533/584/533 78/78/78
f 79/79/79 535/586/535 258/286/258
f 258/286/258 500/550/500 79/79/79
f 97/97/97 536/587/536 258/286/258
f 258/286/258 535/586/535 97/97/97
f 96/96/96 533/584/533 258/286/258
f 258/286/258 536/587/536 96/96/96
f 79/79/79 502/552/502 259/287/259
f 259/287/259 535/586/535 79/79/79
f 80/80/80 537/588/537 259/287/259
f 259/287/259 502/552/502 80/80/80
f 98/98/98 538/589/538 259/287/259
f 259/287/259 537/588/537 98/98/98
f 97/97/97 535/586/535 259/287/259
f 259/287/259 538/589/538 97/97/97
f 80/80/80 504/554/504 260/288/260
f 260/288/260 537/588/537 80/80/80
f 81/81/81 539/590/539 260/288/260
f 260/288/260 504/554/504 81/81/81
f 99/99/99 540/591/540 260/288/260
f 260/288/260 539/590/539 99/99/99
f 98/98/98 537/588/537 260/288/260
f 260/288/260 540/591/540 98/98/98
f 81/81/81 506/556/506 261/289/261
f 261/289/261 539/590/539 81/81/81
f 82/82/82 541/592/541 261/289/261
f 261/289/261 506/556/506 82/82/82
f 100/100/100 542/593/542 261/289/261
f 261/289/261 541/592/541 100/100/100
f 99/99/99 539/590/539 261/289/261
f 261/289/261 542/593/542 99/99/99
f 82/82/82 508/558/508 262/290/262
f 262/290/262 541/592/541 82/82/82
f 83/83/83 543/594/543 262/290/262
f 262/290/262 508/558/508 83/83/83
f 101/101/101 544/595/544 262/290/262
f 262/290/262 543/594/543 101/101/101
f 100/100/100 541/592/541 262/290/262
f 262/290/262 544/595/544 100/100/100
f 83/83/83 510/560/510 263/291/263
f 263/291/263 543/594/543 83/83/83
f 84/84/84 545/596/545 263/291/263
f 263/291/263 510/560/510 84/84/84
f 102/102/102 546/597/546 263/291/263
f 263/291/263 545/596/545 102/102/102
f 101/101/101 543/594/543 263/291/263
f 263/291/263 546/597/546 101/101/101
f 84/84/84 512/562/512 264/292/264
f 264/292/264 545/596/545 84/84/84
f 85/85/85 547/598/547 264/292/264
f 264/292/264 512/562/512 85/85/85
f 103/103/103 548/599/548 264/292/264
f 264/292/264 547/598/547 103/103/103
f 102/102/102 545/596/545 264/292/264
f 264/292/264 548/599/548 102/102/102
f 85/85/85 514/564/514 265/293/265
f 265/293/265 547/598/547 85/85/85
f 86/86/86 549/600/549 265/293/265
f 265/293/265 514/564/514 86/86/86
f 104/104/104 550/601/550 265/293/265
f 265/293/265 549/600/549 104/104/104
f 103/103/103 547/598/547 265/293/265
f 265/293/265 550/601/550 103/103/103
f 86/86/86 516/566/516 266/294/266
f 266/294/266 549/600/549 86/86/86
f 87/87/87 551/602/551 266/294/266
f 266/294/266 516/566/516 87/87/87
f 105/105/105 552/603/552 266/294/266
f 266/294/266 551/602/551 105/105/105
f 104/104/104 549/600/549 266/294/266
f 266/294/266 552/603/552 104/104/104
f 87/87/87 518/568/518 267/295/267
f 267/295/267 551/602/551 87/87/87
f 88/88/88 553/604/553 267/295/267
f 267/295/267 518/568/518 88/88/88
f 106/106/106 554/605/554 267/295/267
f 267/295/267 553/604/553 106/106/106
f 105/105/105 551/602/551 267/295/267
f 267/295/267 554/605/554 105/105/105
f 88/88/88 520/570/520 268/296/268
f 268/296/268 553/604/553 88/88/88
f 89/89/89 555/606/555 268/296/268
f 268/296/268 520/570/520 89/89/89
f 107/107/107 556/607/556 268/296/268
f 268/296/268 555/606/555 107/107/107
f 106/106/106 553/604/553 268/296/268
f 268/296/268 556/607/556 106/106/106
f 89/89/89 522/572/522 269/297/269
f 269/297/269 555/606/555 89/89/89
f 90/90/90 557/608/557 269/297/269
f 269/297/269 522/572/522 90/90/90
f 108/108/108 558/609/558 269/297/269
f 269/297/269 557/608/557 108/108/108
f 107/107/107 555/606/555 269/297/269
f 269/297/269 558/609/558 107/107/107
f 90/90/90 523/573/523 270/298/270
f 270/298/270 557/608/557 90/90/90
f 73/73/73 526/576/526 270/298/270
f 270/298/270 523/573/523 73/73/73
f 91/91/91 559/610/559 270/298/270
f 270/298/270 526/576/526 91/91/91
f 108/108/108 557/608/557 270/298/270
f 270/298/270 559/610/559 108/108/108
f 91/91/91 525/575/525 271/299/271
f 271/299/271 562/613/562 91/91/91
f 92/92/92 560/611/560 271/299/271
f 271/299/271 525/575/525 92/92/92
f 110/110/110 561/612/561 271/299/271
f 271/299/271 560/611/560 110/110/110
f 109/109/109 562/613/562 271/299/271
f 271/299/271 561/612/561 109/109/109
f 92/92/92 528/578/528 272/300/272
f 272/300/272 560/611/560 92/92/92
f 93/93/93 563/614/563 272/300/272
f 272/300/272 528/578/528 93/93/93
f 111/111/111 564/615/564 272/300/272
f 272/300/272 563/614/563 111/111/111
f 110/110/110 560/611/560 272/300/272
f 272/300/272 564/615/564 110/110/110
f 93/93/93 530/580/530 273/301/273
f 273/301/273 563/614/563 93/93/93
f 94/94/94 565/616/565 273/301/273
f 273/301/273 530/580/530 94/94/94
f 112/112/112 566/617/566 273/301/273
f 273/301/273 565/616/565 112/112/112
f 111/111/111 563/614/563 273/301/273
f 273/301/273 566/617/566 111/111/111
f 94/94/94 532/582/532 274/302/274
f 274/302/274 565/616/565 94/94/94
f 95/95/95 567/618/567 274/302/274
f 274/302/274 532/582/532 95/95/95
f 113/113/113 568/619/568 274/302/274
f 274/302/274 567/618/567 113/113/113
f 112/112/112 565/616/565 274/302/274
f 274/302/274 568/619/568 112/112/112
f 95/95/95 534/585/534 275/303/275
f 275/303/275 567/618/567 95/95/95
f 96/186/96 569/620/569 275/303/275
f 275/303/275 534/585/534 96/186/96
f 114/187/114 570/622/570 275/303/275
f 275/303/275 569/620/569 114/187/114
f 113/113/113 567/618/567 275/303/275
f 275/303/275 570/622/570 113/113/113
f 96/96/96 536/587/536 276/304/276
f 276/304/276 569/621/569 96/96/96
f 97/97/97 571/623/571 276/304/276
f 276/304/276 536/587/536 97/97/97
f 115/115/115 572/624/572 276/304/276
f 276/304/276 571/623/571 115/115/115
f 114/114/114 569/621/569 276/304/276
f 276/304/276 572/624/572 114/114/114
f 97/97/97 538/589/538 277/305/277
f 277/305/277 571/623/571 97/97/97
f 98/98/98 573/625/573 277/305/277
f 277/305/277 538/589/538 98/98/98
f 116/116/116 574/626/574 277/305/277
f 277/305/277 573/625/573 116/116/116
f 115/115/115 571/623/571 277/305/277
f 277/305/277 574/626/574 115/115/115
f 98/98/98 540/591/540 278/306/278
f 278/306/278 573/625/573 98/98/98
f 99/99/99 575/627/575 278/306/278
f 278/306/278 540/591/540 99/99/99
f 117/117/117 576/628/576 278/306/278
f 278/306/278 575/627/575 117/117/117
f 116/116/116 573/625/573 278/306/278
f 278/306/278 576/628/576 116/116/116
f 99/99/99 542/593/542 279/307/279
f 279/307/279 575/627/575 99/99/99
f 100/100/100 577/629/577 279/307/279
f 279/307/279 542/593/542 100/100/100
f 118/118/118 578/630/578 279/307/279
f 279/307/279 577/629/577 118/118/118
f 117/117/117 575/627/575 279/307/279
f 279/307/279 578/630/578 117/117/117
f 100/100/100 544/595/544 280/308/280
f 280/308/280 577/629/577 100/100/100
f 101/101/101 579/631/579 280/308/280
f 280/308/280 544/595/544 101/101/101
f 119/119/119 580/632/580 280/308/280
f 280/308/280 579/631/579 119/119/119
f 118/118/118 577/629/577 280/308/280
f 280/308/280 580/632/580 118/118/118
f 101/101/101 546/597/546 281/309/281
f 281/309/281 579/631/579 101/101/101
f 102/102/102 581/633/581 281/309/281
f 281/309/281 546/597/546 102/102/102
f 120/120/120 582/634/582 281/309/281
f 281/309/281 581/633/581 120/120/120
f 119/119/119 579/631/579 281/309/281
f 281/309/281 582/634/582 119/119/119
f 102/102/102 548/599/548 282/310/282
f 282/310/282 581/633/581 102/102/102
f 103/103/103 583/635/583 282/310/282
f 282/310/282 548/599/548 103/103/103
f 121/121/121 584/636/584 282/310/282
f 282/310/282 583/635/583 121/121/121
f 120/120/120 581/633/581 282/310/282
f 282/310/282 584/636/584 120/120/120
f 103/103/103 550/601/550 283/311/283
f 283/311/283 583/635/583 103/103/103
f 104/104/104 585/637/585 283/311/283
f 283/311/283 550/601/550 104/104/104
f 122/122/122 586/638/586 283/311/283
f 283/311/283 585/637/585 122/122/122
f 121/121/121 583/635/583 283/311/283
f 283/311/283 586/638/586 121/121/121
f 104/104/104 552/603/552 284/312/284
f 284/312/284 585/637/585 104/104/104
f 105/105/105 587/639/587 284/312/284
f 284/312/284 552/603/552 105/105/105
f 123/123/123 588/640/588 284/312/284
f 284/312/284 587/639/587 123/123/123
f 122/122/122 585/637/585 284/312/284
f 284/312/284 588/640/588 122/122/122
f 105/105/105 554/605/554 285/313/285
f 285/313/285 587/639/587 105/105/105
f 106/106/106 589/641/589 285/313/285
f 285/313/285 554/605/554 106/106/106
f 124/124/124 590/642/590 285/313/285
f 285/313/285 589/641/589 124/124/124
f 123/123/123 587/639/587 285/313/285
f 285/313/285 590/642/590 123/123/123
f 106/106/106 556/607/556 286/314/286
f 286/314/286 589/641/589 106/106/106
f 107/107/107 591/643/591 286/314/286
f 286/314/286 556/607/556 107/107/107
f 125/125/125 592/644/592 286/314/286
f 286/314/286 591/643/591 125/125/125
f 124/124/124 589/641/589 286/314/286
f 286/314/286 592/644/592 124/124/124
f 107/107/107 558/609/558 287/315/287
f 287/315/287 591/643/591 107/107/107
f 108/108/108 593/645/593 287/315/287
f 287/315/287 558/609/558 108/108/108
f 126/126/126 594/646/594 287/315/287
f 287/315/287 593/645/593 126/126/126
f 125/125/125 591/643/591 287/315/287
f 287/315/287 594/646/594 125/125/125
f 108/108/108 559/610/559 288/316/288
f 288/316/288 593/645/593 108/108/108
f 91/91/91 562/613/562 288/316/288
f 288/316/288 559/610/559 91/91/91
f 109/109/109 595/647/595 288/316/288
f 288/316/288 562/613/562 109/109/109
f 126/126/126 593/645/593 288/316/288
f 288/316/288 595/647/595 126/126/126
f 109/109/109 561/612/561 289/317/289
f 289/317/289 598/650/598 109/109/109
f 110/110/110 596/648/596 289/317/289
f 289/317/289 561/612/561 110/110/110
f 128/128/128 597/649/597 289/317/289
f 289/317/289 596/648/596 128/128/128
f 127/127/127 598/650/598 289/317/289
f 289/317/289 597/649/597 127/127/127
f 110/110/110 564/615/564 290/318/290
f 290/318/290 596/648/596 110/110/110
f 111/111/111 599/651/599 290/318/290
f 290/318/290 564/615/564 111/111/111
f 129/129/129 600/652/600 290/318/290
f 290/318/290 599/651/599 129/129/129
f 128/128/128 596/648/596 290/318/290
f 290/318/290 600/652/600 128/128/128
f 111/111/111 566/617/566 291/319/291
f 291/319/291 599/651/599 111/111/111
f 112/112/112 601/653/601 291/319/291
f 291/319/291 566/617/566 112/112/112
f 130/130/130 602/654/602 291/319/291
f 291/319/291 601/653/601 130/130/130
f 129/129/129 599/651/599 291/319/291
f 291/319/291 602/654/602 129/129/129
f 112/112/112 568/619/568 292/320/292
f 292/320/292 601/653/601 112/112/112
f 113/113/113 603/655/603 292/320/292
f 292/320/292 568/619/568 113/113/113
f 131/131/131 604/656/604 292/320/292
f 292/320/292 603/655/603 131/131/131
f 130/130/130 601/653/601 292/320/292
f 292/320/292 604/656/604 130/130/130
f 113/113/113 570/622/570 293/321/293
f 293/321/293 603/655/603 113/113/113
f 114/187/114 605/657/605 293/321/293
f 293/321/293 570/622/570 114/187/114
f 132/188/132 606/659/606 293/321/293
f 293/321/293 605/657/605 132/188/132
f 131/131/131 603/655/603 293/321/293
f 293/321/293 606/659/606 131/131/131
f 114/114/114 572/624/572 294/322/294
f 294/322/294 605/658/605 114/114/114
f 115/115/115 607/660/607 294/322/294
f 294/322/294 572/624/572 115/115/115
f 133/133/133 608/661/608 294/322/294
f 294/322/294 607/660/607 133/133/133
f 132/132/132 605/658/605 294/322/294
f 294/322/294 608/661/608 132/132/132
f 115/115/115 574/626/574 295/323/295
f 295/323/295 607/660/607 115/115/115
f 116/116/116 609/662/609 295/323/295
f 295/323/295 574/626/574 116/116/116
f 134/134/134 610/663/610 295/323/295
f 295/323/295 609/662/609 134/134/134
f 133/133/133 607/660/607 295/323/295
f 295/323/295 610/663/610 133/133/133
f 116/116/116 576/628/576 296/324/296
f 296/324/296 609/662/609 116/116/116
f 117/117/117 611/664/611 296/324/296
f 296/324/296 576/628/576 117/117/117
f 135/135/135 612/665/612 296/324/296
f 296/324/296 611/664/611 135/135/135
f 134/134/134 609/662/609 296/324/296
f 296/324/296 612/665/612 134/134/134
f 117/117/117 578/630/578 297/325/297
f 297/325/297 611/664/611 117/117/117
f 118/118/118 613/666/613 297/325/297
f 297/325/297 578/630/578 118/118/118
f 136/136/136 614/667/614 297/325/297
f 297/325/297 613/666/613 136/136/136
f 135/135/135 611/664/611 297/325/297
f 297/325/297 614/667/614 135/135/135
f 118/118/118 580/632/580 298/326/298
f 298/326/298 613/666/613 118/118/118
f 119/119/119 615/668/615 298/326/298
f 298/326/298 580/632/580 119/119/119
f 137/137/137 616/669/616 298/326/298
f 298/326/298 615/668/615 137/137/137
f 136/136/136 613/666/613 298/326/298
f 298/326/298 616/669/616 136/136/136
f 119/119/119 582/634/582 299/327/299
f 299/327/299 615/668/615 119/119/119
f 120/120/120 617/670/617 299/327/299
f 299/327/299 582/634/582 120/120/120
f 138/138/138 618/671/618 299/327/299
f 299/327/299 617/670/617 138/138/138
f 137/137/137 615/668/615 299/327/299
f 299/327/299 618/671/618 137/137/137
f 120/120/120 584/636/584 300/328/300
f 300/328/300 617/670/617 120/120/120
f 121/121/121 619/672/619 300/328/300
f 300/328/300 584/636/584 121/121/121
f 139/139/139 620/673/620 300/328/300
f 300/328/300 619/672/619 139/139/139
f 138/138/138 617/670/617 300/328/300
f 300/328/300 620/673/620 138/138/138
f 121/121/121 586/638/586 301/329/301
f 301/329/301 619/672/619 121/121/121
f 122/122/122 621/674/621 301/329/301
f 301/329/301 586/638/586 122/122/122
f 140/140/140 622/675/622 301/329/301
f 301/329/301 621/674/621 140/140/140
f 139/139/139 619/672/619 301/329/301
f 301/329/301 622/675/622 139/139/139
f 122/122/122 588/640/588 302/330/302
f 302/330/302 621/674/621 122/122/122
f 123/123/123 623/676/623 302/330/302
f 302/330/302 588/640/588 123/123/123
f 141/141/141 624/677/624 302/330/302
f 302/330/302 623/676/623 141/141/141
f 140/140/140 621/674/621 302/330/302
f 302/330/302 624/677/624 140/140/140
f 123/123/123 590/642/590 303/331/303
f 303/331/303 623/676/623 123/123/123
f 124/124/124 625/678/625 303/331/303
f 303/331/303 590/642/590 124/124/124
f 142/142/142 626/679/626 303/331/303
f 303/331/303 625/678/625 142/142/142
f 141/141/141 623/676/623 303/331/303
f 303/331/303 626/679/626 141/141/141
f 124/124/124 592/644/592 304/332/304
f 304/332/304 625/678/625 124/124/124
f 125/125/125 627/680/627 304/332/304
f 304/332/304 592/644/592 125/125/125
f 143/143/143 628/681/628 304/332/304
f 304/332/304 627/680/627 143/143/143
f 142/142/142 625/678/625 304/332/304
f 304/332/304 628/681/628 142/142/142
f 125/125/125 594/646/594 305/333/305
f 305/333/305 627/680/627 125/125/125
f 126/126/126 629/682/629 305/333/305
f 305/333/305 594/646/594 126/126/126
f 144/144/144 630/683/630 305/333/305
f 305/333/305 629/682/629 144/144/144
f 143/143/143 627/680/627 305/333/305
f 305/333/305 630/683/630 143/143/143
f 126/126/126 595/647/595 306/334/306
f 306/334/306 629/682/629 126/126/126
f 109/109/109 598/650/598 306/334/306
f 306/334/306 595/647/595 109/109/109
f 127/127/127 631/684/631 306/334/306
f 306/334/306 598/650/598 127/127/127
f 144/144/144 629/682/629 306/334/306
f 306/334/306 631/684/631 144/144/144
f 127/127/127 597/649/597 307/335/307
f 307/335/307 634/687/634 127/127/127
f 128/128/128 632/685/632 307/335/307
f 307/335/307 597/649/597 128/128/128
f 146/146/146 633/686/633 307/335/307
f 307/335/307 632/685/632 146/146/146
f 145/145/145 634/687/634 307/335/307
f 307/335/307 633/686/633 145/145/145
f 128/128/128 600/652/600 308/336/308
f 308/336/308 632/685/632 128/128/128
f 129/129/129 635/688/635 308/336/308
f 308/336/308 600/652/600 129/129/129
f 147/147/147 636/689/636 308/336/308
f 308/336/308 635/688/635 147/147/147
f 146/146/146 632/685/632 308/336/308
f 308/336/308 636/689/636 146/146/146
f 129/129/129 602/654/602 309/337/309
f 309/337/309 635/688/635 129/129/129
f 130/130/130 637/690/637 309/337/309
f 309/337/309 602/654/602 130/130/130
f 148/148/148 638/691/638 309/337/309
f 309/337/309 637/690/637 148/148/148
f 147/147/147 635/688/635 309/337/309
f 309/337/309 638/691/638 147/147/147
f 130/130/130 604/656/604 310/338/310
f 310/338/310 637/690/637 130/130/130
f 131/131/131 639/692/639 310/338/310
f 310/338/310 604/656/604 131/131/131
f 149/149/149 640/693/640 310/338/310
f 310/338/310 639/692/639 149/149/149
f 148/148/148 637/690/637 310/338/310
f 310/338/310 640/693/640 148/148/148
f 131/131/131 606/659/606 311/339/311
f 311/339/311 639/692/639 131/131/131
f 132/188/132 641/694/641 311/339/311
f 311/339/311 606/659/606 132/188/132
f 150/189/150 642/696/642 311/339/311
f 311/339/311 641/694/641 150/189/150
f 149/149/149 639/692/639 311/339/311
f 311/339/311 642/696/642 149/149/149
f 132/132/132 608/661/608 312/340/312
f 312/340/312 641/695/641 132/132/132
f 133/133/133 643/697/643 312/340/312
f 312/340/312 608/661/608 133/133/133
f 151/151/151 644/698/644 312/340/312
f 312/340/312 643/697/643 151/151/151
f 150/150/150 641/695/641 312/340/312
f 312/340/312 644/698/644 150/150/150
f 133/133/133 610/663/610 313/341/313
f 313/341/313 643/697/643 133/133/133
f 134/134/134 645/699/645 313/341/313
f 313/341/313 610/663/610 134/134/134
f 152/152/152 646/700/646 313/341/313
f 313/341/313 645/699/645 152/152/152
f 151/151/151 643/697/643 313/341/313
f 313/341/313 646/700/646 151/151/151
f 134/134/134 612/665/612 314/342/314
f 314/342/314 645/699/645 134/134/134
f 135/135/135 647/701/647 314/342/314
f 314/342/314 612/665/612 135/135/135
f 153/153/153 648/702/648 314/342/314
f 314/342/314 647/701/647 153/153/153
f 152/152/152 645/699/645 314/342/314
f 314/342/314 648/702/648 152/152/152
f 135/135/135 614/667/614 315/343/315
f 315/343/315 647/701/647 135/135/135
f 136/136/136 649/703/649 315/343/315
f 315/343/315 614/667/614 136/136/136
f 154/154/154 650/704/650 315/343/315
f 315/343/315 649/703/649 154/154/154
f 153/153/153 647/701/647 315/343/315
f 315/343/315 650/704/650 153/153/153
f 136/136/136 616/669/616 316/344/316
f 316/344/316 649/703/649 136/136/136
f 137/137/137 651/705/651 316/344/316
f 316/344/316 616/669/616 137/137/137
f 155/155/155 652/706/652 316/344/316
f 316/344/316 651/705/651 155/155/155
f 154/154/154 649/703/649 316/344/316
f 316/344/316 652/706/652 154/154/154
f 137/137/137 618/671/618 317/345/317
f 317/345/317 651/705/651 137/137/137
f 138/138/138 653/707/653 317/345/317
f 317/345/317 618/671/618 138/138/138
f 156/156/156 654/708/654 317/345/317
f 317/345/317 653/707/653 156/156/156
f 155/155/155 651/705/651 317/345/317
f 317/345/317 654/708/654 155/155/155
f 138/138/138 620/673/620 318/346/318
f 318/346/318 653/707/653 138/138/138
f 139/139/139 655/709/655 318/346/318
f 318/346/318 620/673/620 139/139/139
f 157/157/157 656/710/656 318/346/318
f 318/346/318 655/709/655 157/157/157
f 156/156/156 653/707/653 318/346/318
f 318/346/318 656/710/656 156/156/156
f 139/139/139 622/675/622 319/347/319
f 319/347/319 655/709/655 139/139/139
f 140/140/140 657/711/657 319/347/319
f 319/347/319 622/675/622 140/140/140
f 158/158/158 658/712/658 319/347/319
f 319/347/319 657/711/657 158/158/158
f 157/157/157 655/709/655 319/347/319
f 319/347/319 658/712/658 157/157/157
f 140/140/140 624/677/624 320/348/320
f 320/348/320 657/711/657 140/140/140
f 141/141/141 659/713/659 320/348/320
f 320/348/320 624/677/624 141/141/141
f 159/159/159 660/714/660 320/348/320
f 320/348/320 659/713/659 159/159/159
f 158/158/158 657/711/657 320/348/320
f 320/348/320 660/714/660 158/158/158
f 141/141/141 626/679/626 321/349/321
f 321/349/321 659/713/659 141/141/141
f 142/142/142 661/715/661 321/349/321
f 321/349/321 626/679/626 142/142/142
f 160/160/160 662/716/662 321/349/321
f 321/349/321 661/715/661 160/160/160
f 159/159/159 659/713/659 321/349/321
f 321/349/321 662/716/662 159/159/159
f 142/142/142 628/681/628 322/350/322
f 322/350/322 661/715/661 142/142/142
f 143/143/143 663/717/663 322/350/322
f 322/350/322 628/681/628 143/143/143
f 161/161/161 664/718/664 322/350/322
f 322/350/322 663/717/663 161/161/161
f 160/160/160 661/715/661 322/350/322
f 322/350/322 664/718/664 160/160/160
f 143/143/143 630/683/630 323/351/323
f 323/351/323 663/717/663 143/143/143
f 144/144/144 665/719/665 323/351/323
f 323/351/323 630/683/630 144/144/144
f 162/162/162 666/720/666 323/351/323
f 323/351/323 665/719/665 162/162/162
f 161/161/161 663/717/663 323/351/323
f 323/351/323 666/720/666 161/161/161
f 144/144/144 631/684/631 324/352/324
f 324/352/324 665/719/665 144/144/144
f 127/127/127 634/687/634 324/352/324
f 324/352/324 631/684/631 127/127/127
f 145/145/145 667/721/667 324/352/324
f 324/352/324 634/687/634 145/145/145
f 162/162/162 665/719/665 324/352/324
f 324/352/324 667/721/667 162/162/162
f 145/145/145 633/686/633 325/353/325
f 325/353/325 670/724/670 145/145/145
f 146/146/146 668/722/668 325/353/325
f 325/353/325 633/686/633 146/146/146
f 164/164/164 669/723/669 325/353/325
f 325/353/325 668/722/668 164/164/164
f 163/163/163 670/724/670 325/353/325
f 325/353/325 669/723/669 163/163/163
f 146/146/146 636/689/636 326/354/326
f 326/354/326 668/722/668 146/146/146
f 147/147/147 671/725/671 326/354/326
f 326/354/326 636/689/636 147/147/147
f 165/165/165 672/726/672 326/354/326
f 326/354/326 671/725/671 165/165/165
f 164/164/164 668/722/668 326/354/326
f 326/354/326 672/726/672 164/164/164
f 147/147/147 638/691/638 327/355/327
f 327/355/327 671/725/671 147/147/147
f 148/148/148 673/727/673 327/355/327
f 327/355/327 638/691/638 148/148/148
f 166/166/166 674/728/674 327/355/327
f 327/355/327 673/727/673 166/166/166
f 165/165/165 671/725/671 327/355/327
f 327/355/327 674/728/674 165/165/165
f 148/148/148 640/693/640 328/356/328
f 328/356/328 673/727/673 148/148/148
f 149/149/149 675/729/675 328/356/328
f 328/356/328 640/693/640 149/149/149
f 167/167/167 676/730/676 328/356/328
f 328/356/328 675/729/675 167/167/167
f 166/166/166 673/727/673 328/356/328
f 328/356/328 676/730/676 166/166/166
f 149/149/149 642/696/642 329/357/329
f 329/357/329 675/729/675 149/149/149
f 150/189/150 677/731/677 329/357/329
f 329/357/329 642/696/642 150/189/150
f 168/190/168 678/733/678 329/357/329
f 329/357/329 677/731/677 168/190/168
f 167/167/167 675/729/675 329/357/329
f 329/357/329 678/733/678 167/167/167
f 150/150/150 644/698/644 330/358/330
f 330/358/330 677/732/677 150/150/150
f 151/151/151 679/734/679 330/358/330
f 330/358/330 644/698/644 151/151/151
f 169/169/169 680/735/680 330/358/330
f 330/358/330 679/734/679 169/169/169
f 168/168/168 677/732/677 330/358/330
f 330/358/330 680/735/680 168/168/168
f 151/151/151 646/700/646 331/359/331
f 331/359/331 679/734/679 151/151/151
f 152/152/152 681/736/681 331/359/331
f 331/359/331 646/700/646 152/152/152
f 170/170/170 682/737/682 331/359/331
f 331/359/331 681/736/681 170/170/170
f 169/169/169 679/734/679 331/359/331
f 331/359/331 682/737/682 169/169/169
f 152/152/152 648/702/648 332/360/332
f 332/360/332 681/736/681 152/152/152
f 153/153/153 683/738/683 332/360/332
f 332/360/332 648/702/648 153/153/153
f 171/171/171 684/739/684 332/360/332
f 332/360/332 683/738/683 171/171/171
f 170/170/170 681/736/681 332/360/332
f 332/360/332 684/739/684 170/170/170
f 153/153/153 650/704/650 333/361/333
f 333/361/333 683/738/683 153/153/153
f 154/154/154 685/740/685 333/361/333
f 333/361/333 650/704/650 154/154/154
f 172/172/172 686/741/686 333/361/333
f 333/361/333 685/740/685 172/172/172
f 171/171/171 683/738/683 333/361/333
f 333/361/333 686/741/686 171/171/171
f 154/154/154 652/706/652 334/362/334
f 334/362/334 685/740/685 154/154/154
f 155/155/155 687/742/687 334/362/334
f 334/362/334 652/706/652 155/155/155
f 173/173/173 688/743/688 334/362/334
f 334/362/334 687/742/687 173/173/173
f 172/172/172 685/740/685 334/362/334
f 334/362/334 688/743/688 172/172/172
f 155/155/155 654/708/654 335/363/335
f 335/363/335 687/742/687 155/155/155
f 156/156/156 689/744/689 335/363/335
f 335/363/335 654/708/654 156/156/156
f 174/174/174 690/745/690 335/363/335
f 335/363/335 689/744/689 174/174/174
f 173/173/173 687/742/687 335/363/335
f 335/363/335 690/745/690 173/173/173
f 156/156/156 656/710/656 336/364/336
f 336/364/336 689/744/689 156/156/156
f 157/157/157 691/746/691 336/364/336
f 336/364/336 656/710/656 157/157/157
f 175/175/175 692/747/692 336/364/336
f 336/364/336 691/746/691 175/175/175
f 174/174/174 689/744/689 336/364/336
f 336/364/336 692/747/692 174/174/174
f 157/157/157 658/712/658 337/365/337
f 337/365/337 691/746/691 157/157/157
f 158/158/158 693/748/693 337/365/337
f 337/365/337 658/712/658 158/158/158
f 176/176/176 694/749/694 337/365/337
f 337/365/337 693/748/693 176/176/176
f 175/175/175 691/746/691 337/365/337
f 337/365/337 694/749/694 175/175/175
f 158/158/158 660/714/660 338/366/338
f 338/366/338 693/748/693 158/158/158
f 159/159/159 695/750/695 338/366/338
f 338/366/338 660/714/660 159/159/159
f 177/177/177 696/751/696 338/366/338
f 338/366/338 695/750/695 177/177/177
f 176/176/176 693/748/693 338/366/338
f 338/366/338 696/751/696 176/176/176
f 159/159/159 662/716/662 339/367/339
f 339/367/339 695/750/695 159/159/159
f 160/160/160 697/752/697 339/367/339
f 339/367/339 662/716/662 160/160/160
f 178/178/178 698/753/698 339/367/339
f 339/367/339 697/752/697 178/178/178
f 177/177/177 695/750/695 339/367/339
f 339/367/339 698/753/698 177/177/177
f 160/160/160 664/718/664 340/368/340
f 340/368/340 697/752/697 160/160/160
f 161/161/161 699/754/699 340/368/340
f 340/368/340 664/718/664 161/161/161
f 179/179/179 700/755/700 340/368/340
f 340/368/340 699/754/699 179/179/179
f 178/178/178 697/752/697 340/368/340
f 340/368/340 700/755/700 178/178/178
f 161/161/161 666/720/666 341/369/341
f 341/369/341 699/754/699 161/161/161
f 162/162/162 701/756/701 341/369/341
f 341/369/341 666/720/666 162/162/162
f 180/180/180 702/757/702 341/369/341
f 341/369/341 701/756/701 180/180/180
f 179/179/179 699/754/699 341/369/341
f 341/369/341 702/757/702 179/179/179
f 162/162/162 667/721/667 342/370/342
f 342/370/342 701/756/701 162/162/162
f 145/145/145 670/724/670 342/370/342
f 342/370/342 667/721/667 145/145/145
f 163/163/163 703/758/703 342/370/342
f 342/370/342 670/724/670 163/163/163
f 180/180/180 701/756/701 342/370/342
f 342/370/342 703/758/703 180/180/180
f 163/163/163 669/723/669 343/371/343
f 343/371/343 705/760/705 163/163/163
f 164/164/164 704/759/704 343/371/343
f 343/371/343 669/723/669 164/164/164
f 704/759/704 778/835/778 775/832/775
f 343/371/343 704/759/704 775/832/775
f 776/833/776 343/371/343 775/832/775
f 343/371/343 776/833/776 771/828/771
f 705/760/705 343/371/343 771/828/771
f 772/829/772 705/760/705 771/828/771
f 164/164/164 672/726/672 344/372/344
f 344/372/344 704/759/704 164/164/164
f 165/165/165 706/761/706 344/372/344
f 344/372/344 672/726/672 165/165/165
f 706/761/706 782/839/782 779/836/779
f 344/372/344 706/761/706 779/836/779
f 780/837/780 344/372/344 779/836/779
f 344/372/344 780/837/780 777/834/777
f 704/759/704 344/372/344 777/834/777
f 778/835/778 704/759/704 777/834/777
f 165/165/165 674/728/674 345/373/345
f 345/373/345 706/761/706 165/165/165
f 166/166/166 707/762/707 345/373/345
f 345/373/345 674/728/674 166/166/166
f 707/762/707 786/843/786 783/840/783
f 345/373/345 707/762/707 783/840/783
f 784/841/784 345/373/345 783/840/783
f 345/373/345 784/841/784 781/838/781
f 706/761/706 345/373/345 781/838/781
f 782/839/782 706/761/706 781/838/781
f 166/166/166 676/730/676 346/374/346
f 346/374/346 707/762/707 166/166/166
f 167/167/167 708/763/708 346/374/346
f 346/374/346 676/730/676 167/167/167
f 708/763/708 789/846/789 787/844/787
f 346/374/346 708/763/708 787/844/787
f 788/845/788 346/374/346 787/844/787
f 346/374/346 788/845/788 785/842/785
f 707/762/707 346/374/346 785/842/785
f 786/843/786 707/762/707 785/842/785
f 167/167/167 678/733/678 347/375/347
f 347/375/347 708/763/708 167/167/167
f 168/190/168 709/764/709 347/375/347
f 347/375/347 678/733/678 168/190/168
f 723/780/723 347/375/347 709/764/709
f 709/764/709 722/778/722 723/780/723
f 723/780/723 789/846/789 708/763/708
f 708/763/708 347/375/347 723/780/723
f 168/168/168 680/735/680 348/376/348
f 348/376/348 709/765/709 168/168/168
f 169/169/169 710/766/710 348/376/348
f 348/376/348 680/735/680 169/169/169
f 710/766/710 728/785/728 725/782/725
f 348/376/348 710/766/710 725/782/725
f 726/783/726 348/376/348 725/782/725
f 169/169/169 682/737/682 349/377/349
f 349/377/349 710/766/710 169/169/169
f 170/170/170 711/767/711 349/377/349
f 349/377/349 682/737/682 170/170/170
f 711/767/711 732/789/732 729/786/729
f 349/377/349 711/767/711 729/786/729
f 730/787/730 349/377/349 729/786/729
f 349/377/349 730/787/730 727/784/727
f 710/766/710 349/377/349 727/784/727
f 728/785/728 710/766/710 727/784/727
f 170/170/170 684/739/684 350/378/350
f 350/378/350 711/767/711 170/170/170
f 171/171/171 712/768/712 350/378/350
f 350/378/350 684/739/684 171/171/171
f 712/768/712 736/793/736 733/790/733
f 350/378/350 712/768/712 733/790/733
f 734/791/734 350/378/350 733/790/733
f 350/378/350 734/791/734 731/788/731
f 711/767/711 350/378/350 731/788/731
f 732/789/732 711/767/711 731/788/731
f 171/171/171 686/741/686 351/379/351
f 351/379/351 712/768/712 171/171/171
f 172/172/172 713/769/713 351/379/351
f 351/379/351 686/741/686 172/172/172
f 738/795/738 351/379/351 713/769/713
f 713/769/713 740/797/740 737/794/737
f 738/795/738 713/769/713 737/794/737
f 351/379/351 738/795/738 735/792/735
f 712/768/712 351/379/351 735/792/735
f 736/793/736 712/768/712 735/792/735
f 172/172/172 688/743/688 352/380/352
f 352/380/352 713/769/713 172/172/172
f 173/173/173 714/770/714 352/380/352
f 352/380/352 688/743/688 173/173/173
f 714/770/714 744/801/744 741/798/741
f 352/380/352 714/770/714 741/798/741
f 742/799/742 352/380/352 741/798/741
f 352/380/352 742/799/742 739/796/739
f 713/769/713 352/380/352 739/796/739
f 740/797/740 713/769/713 739/796/739
f 173/173/173 690/745/690 353/381/353
f 353/381/353 714/770/714 173/173/173
f 174/174/174 715/771/715 353/381/353
f 353/381/353 690/745/690 174/174/174
f 715/771/715 748/805/748 745/802/745
f 353/381/353 715/771/715 745/802/745
f 746/803/746 353/381/353 745/802/745
f 353/381/353 746/803/746 743/800/743
f 714/770/714 353/381/353 743/800/743
f 744/801/744 714/770/714 743/800/743
f 174/174/174 692/747/692 354/382/354
f 354/382/354 715/771/715 174/174/174
f 175/175/175 716/772/716 354/382/354
f 354/382/354 692/747/692 175/175/175
f 716/772/716 752/809/752 749/806/749
f 354/382/354 716/772/716 749/806/749
f 750/807/750 354/382/354 749/806/749
f 354/382/354 750/807/750 747/804/747
f 715/771/715 354/382/354 747/804/747
f 748/805/748 715/771/715 747/804/747
f 175/175/175 694/749/694 355/383/355
f 355/383/355 716/772/716 175/175/175
f 176/176/176 717/773/717 355/383/355
f 355/383/355 694/749/694 176/176/176
f 717/773/717 756/813/756 753/810/753
f 355/383/355 717/773/717 753/810/753
f 754/811/754 355/383/355 753/810/753
f 355/383/355 754/811/754 751/808/751
f 716/772/716 355/383/355 751/808/751
f 752/809/752 716/772/716 751/808/751
f 176/176/176 696/751/696 356/384/356
f 356/384/356 717/773/717 176/176/176
f 177/177/177 718/774/718 356/384/356
f 356/384/356 696/751/696 177/177/177
f 755/812/755 356/384/356 718/774/718
f 718/774/718 757/814/757 755/812/755
f 177/177/177 698/753/698 357/385/357
f 357/385/357 718/774/718 177/177/177
f 178/178/178 719/775/719 357/385/357
f 357/385/357 698/753/698 178/178/178
f 719/775/719 762/819/762 759/816/759
f 357/385/357 719/775/719 759/816/759
f 760/817/760 357/385/357 759/816/759
f 178/178/178 700/755/700 358/386/358
f 358/386/358 719/775/719 178/178/178
f 179/179/179 720/776/720 358/386/358
f 358/386/358 700/755/700 179/179/179
f 720/776/720 766/823/766 763/820/763
f 358/386/358 720/776/720 763/820/763
f 764/821/764 358/386/358 763/820/763
f 358/386/358 764/821/764 761/818/761
f 719/775/719 358/386/358 761/818/761
f 762/819/762 719/775/719 761/818/761
f 179/179/179 702/757/702 359/387/359
f 359/387/359 720/776/720 179/179/179
f 180/180/180 721/777/721 359/387/359
f 359/387/359 702/757/702 180/180/180
f 721/777/721 770/827/770 767/824/767
f 359/387/359 721/777/721 767/824/767
f 768/825/768 359/387/359 767/824/767
f 359/387/359 768/825/768 765/822/765
f 720/776/720 359/387/359 765/822/765
f 766/823/766 720/776/720 765/822/765
f 180/180/180 703/758/703 360/388/360
f 360/388/360 721/777/721 180/180/180
f 163/163/163 705/760/705 360/388/360
f 360/388/360 703/758/703 163/163/163
f 774/831/774 360/388/360 705/760/705
f 705/760/705 772/829/772 773/830/773
f 774/831/774 705/760/705 773/830/773
f 360/388/360 774/831/774 769/826/769
f 721/777/721 360/388/360 769/826/769
f 770/827/770 721/777/721 769/826/769
f 3/206/3 366/396/366 361/389/361
f 361/389/361 369/400/369 3/206/3
f 2/207/2 362/391/362 361/389/361
f 361/389/361 366/396/366 2/207/2
f 1/208/1 414/461/414 361/389/361
f 361/389/361 362/391/362 1/208/1
f 18/191/18 411/457/411 361/389/361
f 361/389/361 414/461/414 18/191/18
f 17/192/17 408/453/408 361/389/361
f 361/389/361 411/457/411 17/192/17
f 16/193/16 405/449/405 361/389/361
f 361/389/361 408/453/408 16/193/16
f 15/194/15 402/445/402 361/389/361
f 361/389/361 405/449/405 15/194/15
f 14/195/14 399/441/399 361/389/361
f 361/389/361 402/445/402 14/195/14
f 13/196/13 396/437/396 361/389/361
f 361/389/361 399/441/399 13/196/13
f 12/197/12 393/433/393 361/389/361
f 361/389/361 396/437/396 12/197/12
f 11/198/11 390/429/390 361/389/361
f 361/389/361 393/433/393 11/198/11
f 10/199/10 387/425/387 361/389/361
f 361/389/361 390/429/390 10/199/10
f 9/200/9 384/421/384 361/389/361
f 361/389/361 387/425/387 9/200/9
f 8/201/8 381/417/381 361/389/361
f 361/389/361 384/421/384 8/201/8
f 7/202/7 378/413/378 361/389/361
f 361/389/361 381/417/381 7/202/7
f 6/203/6 375/408/375 361/389/361
f 361/389/361 378/413/378 6/203/6
f 5/204/5 372/404/372 361/389/361
f 361/389/361 375/408/375 5/204/5
f 4/205/4 369/400/369 361/389/361
f 361/389/361 372/404/372 4/205/4
f 348/376/348 726/783/726 724/781/724
f 709/765/709 348/376/348 724/781/724
f 722/779/722 709/765/709 724/781/724
f 755/812/755 756/813/756 717/773/717
f 717/773/717 356/384/356 755/812/755
f 357/385/357 760/817/760 758/815/758
f 718/774/718 357/385/357 758/815/758
f 757/814/757 718/774/718 758/815/758
s 1
f 823/881/823 822/880/822 790/847/790
f 790/847/790 791/848/791 823/881/823
f 824/882/824 823/881/823 791/848/791
f 791/848/791 792/849/792 824/882/824
f 825/883/825 824/882/824 792/849/792
f 792/849/792 793/850/793 825/883/825
f 826/884/826 825/883/825 793/850/793
f 793/850/793 794/851/794 826/884/826
f 827/885/827 826/884/826 794/851/794
f 794/851/794 795/852/795 827/885/827
f 828/886/828 827/885/827 795/852/795
f 795/852/795 796/853/796 828/886/828
f 829/887/829 828/886/828 796/853/796
f 796/853/796 797/854/797 829/887/829
f 830/888/830 829/887/829 797/854/797
f 797/854/797 798/855/798 830/888/830
f 831/889/831 830/888/830 798/855/798
f 798/855/798 799/856/799 831/889/831
f 832/890/832 831/889/831 799/856/799
f 799/856/799 800/857/800 832/890/832
f 833/891/833 832/890/832 800/857/800
f 800/857/800 801/858/801 833/891/833
f 834/892/834 833/891/833 801/858/801
f 801/858/801 802/859/802 834/892/834
f 835/893/835 834/892/834 802/859/802
f 802/859/802 803/860/803 835/893/835
f 836/894/836 835/893/835 803/860/803
f 803/860/803 804/861/804 836/894/836
f 837/895/837 836/894/836 804/861/804
f 804/861/804 805/862/805 837/895/837
f 838/896/838 837/895/837 805/862/805
f 805/862/805 806/863/806 838/896/838
f 839/897/839 838/896/838 806/863/806
f 806/863/806 807/864/807 839/897/839
f 840/898/840 839/897/839 807/864/807
f 807/864/807 808/865/808 840/898/840
f 841/899/841 840/898/840 808/865/808
f 808/865/808 809/866/809 841/899/841
f 842/900/842 841/899/841 809/866/809
f 809/866/809 810/867/810 842/900/842
f 843/901/843 842/900/842 810/867/810
f 810/867/810 811/868/811 843/901/843
f 844/902/844 843/901/843 811/868/811
f 811/868/811 812/869/812 844/902/844
f 845/903/845 844/902/844 812/869/812
f 812/869/812 813/870/813 845/903/845
f 846/904/846 845/903/845 813/870/813
f 813/870/813 814/871/814 846/904/846
f 847/905/847 846/904/846 814/871/814
f 814/871/814 815/872/815 847/905/847
f 848/906/848 847/905/847 815/872/815
f 815/872/815 816/873/816 848/906/848
f 849/907/849 848/906/848 816/873/816
f 816/873/816 817/874/817 849/907/849
f 850/908/850 849/907/849 817/874/817
f 817/874/817 818/875/818 850/908/850
f 851/909/851 850/908/850 818/875/818
f 818/875/818 819/876/819 851/909/851
f 852/910/852 851/909/851 819/876/819
f 819/876/819 820/877/820 852/910/852
f 853/911/853 852/910/852 820/877/820
f 820/877/820 821/878/821 853/911/853
f 822/912/822 853/911/853 821/878/821
f 821/878/821 790/879/790 822/912/822
f 855/914/855 854/913/854 822/880/822
f 822/880/822 823/881/823 855/914/855
f 856/915/856 855/914/855 823/881/823
f 823/881/823 824/882/824 856/915/856
f 857/916/857 856/915/856 824/882/824
f 824/882/824 825/883/825 857/916/857
f 858/917/858 857/916/857 825/883/825
f 825/883/825 826/884/826 858/917/858
f 859/918/859 858/917/858 826/884/826
f 826/884/826 827/885/827 859/918/859
f 860/919/860 859/918/859 827/885/827
f 827/885/827 828/886/828 860/919/860
f 861/920/861 860/919/860 828/886/828
f 828/886/828 829/887/829 861/920/861
f 862/921/862 861/920/861 829/887/829
f 829/887/829 830/888/830 862/921/862
f 863/922/863 862/921/862 830/888/830
f 830/888/830 831/889/831 863/922/863
f 864/923/864 863/922/863 831/889/831
f 831/889/831 832/890/832 864/923/864
f 865/924/865 864/923/864 832/890/832
f 832/890/832 833/891/833 865/924/865
f 866/925/866 865/924/865 833/891/833
f 833/891/833 834/892/834 866/925/866
f 867/926/867 866/925/866 834/892/834
f 834/892/834 835/893/835 867/926/867
f 868/927/868 867/926/867 835/893/835
f 835/893/835 836/894/836 868/927/868
f 869/928/869 868/927/868 836/894/836
f 836/894/836 837/895/837 869/928/869
f 870/929/870 869/928/869 837/895/837
f 837/895/837 838/896/838 870/929/870
f 871/930/871 870/929/870 838/896/838
f 838/896/838 839/897/839 871/930/871
f 872/931/872 871/930/871 839/897/839
f 839/897/839 840/898/840 872/931/872
f 873/932/873 872/931/872 840/898/840
f 840/898/840 841/899/841 873/932/873
f 874/933/874 873/932/873 841/899/841
f 841/899/841 842/900/842 874/933/874
f 875/934/875 874/933/874 842/900/842
f 842/900/842 843/901/843 875/934/875
f 876/935/876 875/934/875 843/901/843
f 843/901/843 844/902/844 876/935/876
f 877/936/877 876/935/876 844/902/844
f 844/902/844 845/903/845 877/936/877
f 878/937/878 877/936/877 845/903/845
f 845/903/845 846/904/846 878/937/878
f 879/938/879 878/937/878 846/904/846
f 846/904/846 847/905/847 879/938/879
f 880/939/880 879/938/879 847/905/847
f 847/905/847 848/906/848 880/939/880
f 881/940/881 880/939/880 848/906/848
f 848/906/848 849/907/849 881/940/881
f 882/941/882 881/940/881 849/907/849
f 849/907/849 850/908/850 882/941/882
f 883/942/883 882/941/882 850/908/850
f 850/908/850 851/909/851 883/942/883
f 884/943/884 883/942/883 851/909/851
f 851/909/851 852/910/852 884/943/884
f 885/944/885 884/943/884 852/910/852
f 852/910/852 853/911/853 885/944/885
f 854/945/854 885/944/885 853/911/853
f 853/911/853 822/912/822 854/945/854
f 887/947/887 886/946/886 854/913/854
f 854/913/854 855/914/855 887/947/887
f 888/948/888 887/947/887 855/914/855
f 855/914/855 856/915/856 888/948/888
f 889/949/889 888/948/888 856/915/856
f 856/915/856 857/916/857 889/949/889
f 890/950/890 889/949/889 857/916/857
f 857/916/857 858/917/858 890/950/890
f 891/951/891 890/950/890 858/917/858
f 858/917/858 859/918/859 891/951/891
f 892/952/892 891/951/891 859/918/859
f 859/918/859 860/919/860 892/952/892
f 893/953/893 892/952/892 860/919/860
f 860/919/860 861/920/861 893/953/893
f 894/954/894 893/953/893 861/920/861
f 861/920/861 862/921/862 894/954/894
f 895/955/895 894/954/894 862/921/862
f 862/921/862 863/922/863 895/955/895
f 896/956/896 895/955/895 863/922/863
f 863/922/863 864/923/864 896/956/896
f 897/957/897 896/956/896 864/923/864
f 864/923/864 865/924/865 897/957/897
f 898/958/898 897/957/897 865/924/865
f 865/924/865 866/925/866 898/958/898
f 899/959/899 898/958/898 866/925/866
f 866/925/866 867/926/867 899/959/899
f 900/960/900 899/959/899 867/926/867
f 867/926/867 868/927/868 900/960/900
f 901/961/901 900/960/900 868/927/868
f 868/927/868 869/928/869 901/961/901
f 902/962/902 901/961/901 869/928/869
f 869/928/869 870/929/870 902/962/902
f 903/963/903 902/962/902 870/929/870
f 870/929/870 871/930/871 903/963/903
f 904/964/904 903/963/903 871/930/871
f 871/930/871 872/931/872 904/964/904
f 905/965/905 904/964/904 872/931/872
f 872/931/872 873/932/873 905/965/905
f 906/966/906 905/965/905 873/932/873
f 873/932/873 874/933/874 906/966/906
f 907/967/907 906/966/906 874/933/874
f 874/933/874 875/934/875 907/967/907
f 908/968/908 907/967/907 875/934/875
f 875/934/875 876/935/876 908/968/908
f 909/969/909 908/968/908 876/935/876
f 876/935/876 877/936/877 909/969/909
f 910/970/910 909/969/909 877/936/877
f 877/936/877 878/937/878 910/970/910
f 911/971/911 910/970/910 878/937/878
f 878/937/878 879/938/879 911/971/911
f 912/972/912 911/971/911 879/938/879
f 879/938/879 880/939/880 912/972/912
f 913/973/913 912/972/912 880/939/880
f 880/939/880 881/940/881 913/973/913
f 914/974/914 913/973/913 881/940/881
f 881/940/881 882/941/882 914/974/914
f 915/975/915 914/974/914 882/941/882
f 882/941/882 883/942/883 915/975/915
f 916/976/916 915/975/915 883/942/883
f 883/942/883 884/943/884 916/976/916
f 917/977/917 916/976/916 884/943/884
f 884/943/884 885/944/885 917/977/917
f 886/978/886 917/977/917 885/944/885
f 885/944/885 854/945/854 886/978/886
f 919/980/919 918/979/918 886/946/886
f 886/946/886 887/947/887 919/980/919
f 920/981/920 919/980/919 887/947/887
f 887/947/887 888/948/888 920/981/920
f 921/982/921 920/981/920 888/948/888
f 888/948/888 889/949/889 921/982/921
f 922/983/922 921/982/921 889/949/889
f 889/949/889 890/950/890 922/983/922
f 923/984/923 922/983/922 890/950/890
f 890/950/890 891/951/891 923/984/923
f 924/985/924 923/984/923 891/951/891
f 891/951/891 892/952/892 924/985/924
f 925/986/925 924/985/924 892/952/892
f 892/952/892 893/953/893 925/986/925
f 926/987/926 925/986/925 893/953/893
f 893/953/893 894/954/894 926/987/926
f 927/988/927 926/987/926 894/954/894
f 894/954/894 895/955/895 927/988/927
f 928/989/928 927/988/927 895/955/895
f 895/955/895 896/956/896 928/989/928
f 929/990/929 928/989/928 896/956/896
f 896/956/896 897/957/897 929/990/929
f 930/991/930 929/990/929 897/957/897
f 897/957/897 898/958/898 930/991/930
f 931/992/931 930/991/930 898/958/898
f 898/958/898 899/959/899 931/992/931
f 932/993/932 931/992/931 899/959/899
f 899/959/899 900/960/900 932/993/932
f 933/994/933 932/993/932 900/960/900
f 900/960/900 901/961/901 933/994/933
f 934/995/934 933/994/933 901/961/901
f 901/961/901 902/962/902 934/995/934
f 935/996/935 934/995/934 902/962/902
f 902/962/902 903/963/903 935/996/935
f 936/997/936 935/996/935 903/963/903
f 903/963/903 904/964/904 936/997/936
f 937/998/937 936/997/936 904/964/904
f 904/964/904 905/965/905 937/998/937
f 938/999/938 937/998/937 905/965/905
f 905/965/905 906/966/906 938/999/938
f 939/1000/939 938/999/938 906/966/906
f 906/966/906 907/967/907 939/1000/939
f 940/1001/940 939/1000/939 907/967/907
f 907/967/907 908/968/908 940/1001/940
f 941/1002/941 940/1001/940 908/968/908
f 908/968/908 909/969/909 941/1002/941
f 942/1003/942 941/1002/941 909/969/909
f 909/969/909 910/970/910 942/1003/942
f 943/1004/943 942/1003/942 910/970/910
f 910/970/910 911/971/911 943/1004/943
f 944/1005/944 943/1004/943 911/971/911
f 911/971/911 912/972/912 944/1005/944
f 945/1006/945 944/1005/944 912/972/912
f 912/972/912 913/973/913 945/1006/945
f 946/1007/946 945/1006/945 913/973/913
f 913/973/913 914/974/914 946/1007/946
f 947/1008/947 946/1007/946 914/974/914
f 914/974/914 915/975/915 947/1008/947
f 948/1009/948 947/1008/947 915/975/915
f 915/975/915 916/976/916 948/1009/948
f 949/1010/949 948/1009/948 916/976/916
f 916/976/916 917/977/917 949/1010/949
f 918/1011/918 949/1010/949 917/977/917
f 917/977/917 886/978/886 918/1011/918
f 951/1013/951 950/1012/950 918/979/918
f 918/979/918 919/980/919 951/1013/951
f 952/1014/952 951/1013/951 919/980/919
f 919/980/919 920/981/920 952/1014/952
f 953/1015/953 952/1014/952 920/981/920
f 920/981/920 921/982/921 953/1015/953
f 954/1016/954 953/1015/953 921/982/921
f 921/982/921 922/983/922 954/1016/954
f 955/1017/955 954/1016/954 922/983/922
f 922/983/922 923/984/923 955/1017/955
f 956/1018/956 955/1017/955 923/984/923
f 923/984/923 924/985/924 956/1018/956
f 957/1019/957 956/1018/956 924/985/924
f 924/985/924 925/986/925 957/1019/957
f 958/1020/958 957/1019/957 925/986/925
f 925/986/925 926/987/926 958/1020/958
f 959/1021/959 958/1020/958 926/987/926
f 926/987/926 927/988/927 959/1021/959
f 960/1022/960 959/1021/959 927/988/927
f 927/988/927 928/989/928 960/1022/960
f 961/1023/961 960/1022/960 928/989/928
f 928/989/928 929/990/929 961/1023/961
f 962/1024/962 961/1023/961 929/990/929
f 929/990/929 930/991/930 962/1024/962
f 963/1025/963 962/1024/962 930/991/930
f 930/991/930 931/992/931 963/1025/963
f 964/1026/964 963/1025/963 931/992/931
f 931/992/931 932/993/932 964/1026/964
f 965/1027/965 964/1026/964 932/993/932
f 932/993/932 933/994/933 965/1027/965
f 966/1028/966 965/1027/965 933/994/933
f 933/994/933 934/995/934 966/1028/966
f 967/1029/967 966/1028/966 934/995/934
f 934/995/934 935/996/935 967/1029/967
f 968/1030/968 967/1029/967 935/996/935
f 935/996/935 936/997/936 968/1030/968
f 969/1031/969 968/1030/968 936/997/936
f 936/997/936 937/998/937 969/1031/969
f 970/1032/970 969/1031/969 937/998/937
f 937/998/937 938/999/938 970/1032/970
f 971/1033/971 970/1032/970 938/999/938
f 938/999/938 939/1000/939 971/1033/971
f 972/1034/972 971/1033/971 939/1000/939
f 939/1000/939 940/1001/940 972/1034/972
f 973/1035/973 972/1034/972 940/1001/940
f 940/1001/940 941/1002/941 973/1035/973
f 974/1036/974 973/1035/973 941/1002/941
f 941/1002/941 942/1003/942 974/1036/974
f 975/1037/975 974/1036/974 942/1003/942
f 942/1003/942 943/1004/943 975/1037/975
f 976/1038/976 975/1037/975 943/1004/943
f 943/1004/943 944/1005/944 976/1038/976
f 977/1039/977 976/1038/976 944/1005/944
f 944/1005/944 945/1006/945 977/1039/977
f 978/1040/978 977/1039/977 945/1006/945
f 945/1006/945 946/1007/946 978/1040/978
f 979/1041/979 978/1040/978 946/1007/946
f 946/1007/946 947/1008/947 979/1041/979
f 980/1042/980 979/1041/979 947/1008/947
f 947/1008/947 948/1009/948 980/1042/980
f 981/1043/981 980/1042/980 948/1009/948
f 948/1009/948 949/1010/949 981/1043/981
f 950/1044/950 981/1043/981 949/1010/949
f 949/1010/949 918/1011/918 950/1044/950
f 983/1046/983 982/1045/982 950/1012/950
f 950/1012/950 951/1013/951 983/1046/983
f 984/1047/984 983/1046/983 951/1013/951
f 951/1013/951 952/1014/952 984/1047/984
f 985/1048/985 984/1047/984 952/1014/952
f 952/1014/952 953/1015/953 985/1048/985
f 986/1049/986 985/1048/985 953/1015/953
f 953/1015/953 954/1016/954 986/1049/986
f 987/1050/987 986/1049/986 954/1016/954
f 954/1016/954 955/1017/955 987/1050/987
f 988/1051/988 987/1050/987 955/1017/955
f 955/1017/955 956/1018/956 988/1051/988
f 989/1052/989 988/1051/988 956/1018/956
f 956/1018/956 957/1019/957 989/1052/989
f 990/1053/990 989/1052/989 957/1019/957
f 957/1019/957 958/1020/958 990/1053/990
f 991/1054/991 990/1053/990 958/1020/958
f 958/1020/958 959/1021/959 991/1054/991
f 992/1055/992 991/1054/991 959/1021/959
f 959/1021/959 960/1022/960 992/1055/992
f 993/1056/993 992/1055/992 960/1022/960
f 960/1022/960 961/1023/961 993/1056/993
f 994/1057/994 993/1056/993 961/1023/961
f 961/1023/961 962/1024/962 994/1057/994
f 995/1058/995 994/1057/994 962/1024/962
f 962/1024/962 963/1025/963 995/1058/995
f 996/1059/996 995/1058/995 963/1025/963
f 963/1025/963 964/1026/964 996/1059/996
f 997/1060/997 996/1059/996 964/1026/964
f 964/1026/964 965/1027/965 997/1060/997
f 998/1061/998 997/1060/997 965/1027/965
f 965/1027/965 966/1028/966 998/1061/998
f 999/1062/999 998/1061/998 966/1028/966
f 966/1028/966 967/1029/967 999/1062/999
f 1000/1063/1000 999/1062/999 967/1029/967
f 967/1029/967 968/1030/968 1000/1063/1000
f 1001/1064/1001 1000/1063/1000 968/1030/968
f 968/1030/968 969/1031/969 1001/1064/1001
f 1002/1065/1002 1001/1064/1001 969/1031/969
f 969/1031/969 970/1032/970 1002/1065/1002
f 1003/1066/1003 1002/1065/1002 970/1032/970
f 970/1032/970 971/1033/971 1003/1066/1003
f 1004/1067/1004 1003/1066/1003 971/1033/971
f 971/1033/971 972/1034/972 1004/1067/1004
f 1005/1068/1005 1004/1067/1004 972/1034/972
f 972/1034/972 973/1035/973 1005/1068/1005
f 1006/1069/1006 1005/1068/1005 973/1035/973
f 973/1035/973 974/1036/974 1006/1069/1006
f 1007/1070/1007 1006/1069/1006 974/1036/974
f 974/1036/974 975/1037/975 1007/1070/1007
f 1008/1071/1008 1007/1070/1007 975/1037/975
f 975/1037/975 976/1038/976 1008/1071/1008
f 1009/1072/1009 1008/1071/1008 976/1038/976
f 976/1038/976 977/1039/977 1009/1072/1009
f 1010/1073/1010 1009/1072/1009 977/1039/977
f 977/1039/977 978/1040/978 1010/1073/1010
f 1011/1074/1011 1010/1073/1010 978/1040/978
f 978/1040/978 979/1041/979 1011/1074/1011
f 1012/1075/1012 1011/1074/1011 979/1041/979
f 979/1041/979 980/1042/980 1012/1075/1012
f 1013/1076/1013 1012/1075/1012 980/1042/980
f 980/1042/980 981/1043/981 1013/1076/1013
f 982/1077/982 1013/1076/1013 981/1043/981
f 981/1043/981 950/1044/950 982/1077/982
f 1015/1079/1015 1014/1078/1014 982/1045/982
f 982/1045/982 983/1046/983 1015/1079/1015
f 1016/1080/1016 1015/1079/1015 983/1046/983
f 983/1046/983 984/1047/984 1016/1080/1016
f 1017/1081/1017 1016/1080/1016 984/1047/984
f 984/1047/984 985/1048/985 1017/1081/1017
f 1018/1082/1018 1017/1081/1017 985/1048/985
f 985/1048/985 986/1049/986 1018/1082/1018
f 1019/1083/1019 1018/1082/1018 986/1049/986
f 986/1049/986 987/1050/987 1019/1083/1019
f 1020/1084/1020 1019/1083/1019 987/1050/987
f 987/1050/987 988/1051/988 1020/1084/1020
f 1021/1085/1021 1020/1084/1020 988/1051/988
f 988/1051/988 989/1052/989 1021/1085/1021
f 1022/1086/1022 1021/1085/1021 989/1052/989
f 989/1052/989 990/1053/990 1022/1086/1022
f 1023/1087/1023 1022/1086/1022 990/1053/990
f 990/1053/990 991/1054/991 1023/1087/1023
f 1024/1088/1024 1023/1087/1023 991/1054/991
f 991/1054/991 992/1055/992 1024/1088/1024
f 1025/1089/1025 1024/1088/1024 992/1055/992
f 992/1055/992 993/1056/993 1025/1089/1025
f 1026/1090/1026 1025/1089/1025 993/1056/993
f 993/1056/993 994/1057/994 1026/1090/1026
f 1027/1091/1027 1026/1090/1026 994/1057/994
f 994/1057/994 995/1058/995 1027/1091/1027
f 1028/1092/1028 1027/1091/1027 995/1058/995
f 995/1058/995 996/1059/996 1028/1092/1028
f 1029/1093/1029 1028/1092/1028 996/1059/996
f 996/1059/996 997/1060/997 1029/1093/1029
f 1030/1094/1030 1029/1093/1029 997/1060/997
f 997/1060/997 998/1061/998 1030/1094/1030
f 1031/1095/1031 1030/1094/1030 998/1061/998
f 998/1061/998 999/1062/999 1031/1095/1031
f 1032/1096/1032 1031/1095/1031 999/1062/999
f 999/1062/999 1000/1063/1000 1032/1096/1032
f 1033/1097/1033 1032/1096/1032 1000/1063/1000
f 1000/1063/1000 1001/1064/1001 1033/1097/1033
f 1034/1098/1034 1033/1097/1033 1001/1064/1001
f 1001/1064/1001 1002/1065/1002 1034/1098/1034
f 1035/1099/1035 1034/1098/1034 1002/1065/1002
f 1002/1065/1002 1003/1066/1003 1035/1099/1035
f 1036/1100/1036 1035/1099/1035 1003/1066/1003
f 1003/1066/1003 1004/1067/1004 1036/1100/1036
f 1037/1101/1037 1036/1100/1036 1004/1067/1004
f 1004/1067/1004 1005/1068/1005 1037/1101/1037
f 1038/1102/1038 1037/1101/1037 1005/1068/1005
f 1005/1068/1005 1006/1069/1006 1038/1102/1038
f 1039/1103/1039 1038/1102/1038 1006/1069/1006
f 1006/1069/1006 1007/1070/1007 1039/1103/1039
f 1040/1104/1040 1039/1103/1039 1007/1070/1007
f 1007/1070/1007 1008/1071/1008 1040/1104/1040
f 1041/1105/1041 1040/1104/1040 1008/1071/1008
f 1008/1071/1008 1009/1072/1009 1041/1105/1041
f 1042/1106/1042 1041/1105/1041 1009/1072/1009
f 1009/1072/1009 1010/1073/1010 1042/1106/1042
f 1043/1107/1043 1042/1106/1042 1010/1073/1010
f 1010/1073/1010 1011/1074/1011 1043/1107/1043
f 1044/1108/1044 1043/1107/1043 1011/1074/1011
f 1011/1074/1011 1012/1075/1012 1044/1108/1044
f 1045/1109/1045 1044/1108/1044 1012/1075/1012
f 1012/1075/1012 1013/1076/1013 1045/1109/1045
f 1014/1110/1014 1045/1109/1045 1013/1076/1013
f 1013/1076/1013 982/1077/982 1014/1110/1014
f 1046/1111/1046 1014/1078/1014 1015/1079/1015
f 1046/1112/1046 1015/1079/1015 1016/1080/1016
f 1046/1113/1046 1016/1080/1016 1017/1081/1017
f 1046/1114/1046 1017/1081/1017 1018/1082/1018
f 1046/1115/1046 1018/1082/1018 1019/1083/1019
f 1046/1116/1046 1019/1083/1019 1020/1084/1020
f 1046/1117/1046 1020/1084/1020 1021/1085/1021
f 1046/1118/1046 1021/1085/1021 1022/1086/1022
f 1046/1119/1046 1022/1086/1022 1023/1087/1023
f 1046/1120/1046 1023/1087/1023 1024/1088/1024
f 1046/1121/1046 1024/1088/1024 1025/1089/1025
f 1046/1122/1046 1025/1089/1025 1026/1090/1026
f 1046/1123/1046 1026/1090/1026 1027/1091/1027
f 1046/1124/1046 1027/1091/1027 1028/1092/1028
f 1046/1125/1046 1028/1092/1028 1029/1093/1029
f 1046/1126/1046 1029/1093/1029 1030/1094/1030
f 1046/1127/1046 1030/1094/1030 1031/1095/1031
f 1046/1128/1046 1031/1095/1031 1032/1096/1032
f 1046/1129/1046 1032/1096/1032 1033/1097/1033
f 1046/1130/1046 1033/1097/1033 1034/1098/1034
f 1046/1131/1046 1034/1098/1034 1035/1099/1035
f 1046/1132/1046 1035/1099/1035 1036/1100/1036
f 1046/1133/1046 1036/1100/1036 1037/1101/1037
f 1046/1134/1046 1037/1101/1037 1038/1102/1038
f 1046/1135/1046 1038/1102/1038 1039/1103/1039
f 1046/1136/1046 1039/1103/1039 1040/1104/1040
f 1046/1137/1046 1040/1104/1040 1041/1105/1041
f 1046/1138/1046 1041/1105/1041 1042/1106/1042
f 1046/1139/1046 1042/1106/1042 1043/1107/1043
f 1046/1140/1046 1043/1107/1043 1044/1108/1044
f 1046/1141/1046 1044/1108/1044 1045/1109/1045
f 1046/1142/1046 1045/1109/1045 1014/1110/1014
f 1049/1145/1049 1047/1143/1047 815/872/815
f 1049/1145/1049 815/872/815 814/871/814
f 1049/1145/1049 814/871/814 1048/1144/1048
f 816/873/816 815/872/815 1047/1143/1047
f 816/873/816 1047/1143/1047 1051/1147/1051
f 816/873/816 1051/1147/1051 1052/1148/1052
f 1053/1149/1053 1050/1146/1050 817/874/817
f 1053/1149/1053 817/874/817 816/873/816
f 1053/1149/1053 816/873/816 1052/1148/1052
f 818/875/818 817/874/817 1050/1146/1050
f 818/875/818 1050/1146/1050 1055/1151/1055
f 818/875/818 1055/1151/1055 1056/1152/1056
f 1057/1153/1057 1054/1150/1054 819/876/819
f 1057/1153/1057 819/876/819 818/875/818
f 1057/1153/1057 818/875/818 1056/1152/1056
f 820/877/820 819/876/819 1054/1150/1054
f 820/877/820 1054/1150/1054 1059/1155/1059
f 820/877/820 1059/1155/1059 1060/1156/1060
f 1061/1157/1061 1058/1154/1058 821/878/821
f 1061/1157/1061 821/878/821 820/877/820
f 1061/1157/1061 820/877/820 1060/1156/1060
f 790/847/790 821/1207/821 1058/1208/1058
f 790/847/790 1058/1208/1058 1062/1206/1062
f 790/847/790 1062/1206/1062 1063/1158/1063
f 790/847/790 1063/1158/1063 1065/1160/1065
f 791/848/791 790/847/790 1065/1160/1065
f 791/848/791 1065/1160/1065 1066/1161/1066
f 1067/1162/1067 1064/1159/1064 792/849/792
f 1067/1162/1067 792/849/792 791/848/791
f 1067/1162/1067 791/848/791 1066/1161/1066
f 793/850/793 792/849/792 1064/1159/1064
f 793/850/793 1064/1159/1064 1069/1164/1069
f 793/850/793 1069/1164/1069 1070/1165/1070
f 1071/1166/1071 1068/1163/1068 794/851/794
f 1071/1166/1071 794/851/794 793/850/793
f 1071/1166/1071 793/850/793 1070/1165/1070
f 795/852/795 794/851/794 1068/1163/1068
f 795/852/795 1068/1163/1068 1073/1168/1073
f 795/852/795 1073/1168/1073 1074/1169/1074
f 1075/1170/1075 1072/1167/1072 796/853/796
f 1075/1170/1075 796/853/796 795/852/795
f 1075/1170/1075 795/852/795 1074/1169/1074
f 797/854/797 796/853/796 1072/1167/1072
f 797/854/797 1072/1167/1072 1077/1172/1077
f 797/854/797 1077/1172/1077 1078/1173/1078
f 1079/1174/1079 1076/1171/1076 798/855/798
f 1079/1174/1079 798/855/798 797/854/797
f 1079/1174/1079 797/854/797 1078/1173/1078
f 799/856/799 1080/1175/1080 1083/1178/1083
f 800/857/800 799/856/799 1083/1178/1083
f 800/857/800 1083/1178/1083 1084/1179/1084
f 1081/1176/1081 1080/1175/1080 799/856/799
f 799/856/799 798/855/798 1076/1171/1076
f 1081/1176/1081 799/856/799 1076/1171/1076
f 1085/1180/1085 1082/1177/1082 801/858/801
f 1085/1180/1085 801/858/801 800/857/800
f 1085/1180/1085 800/857/800 1084/1179/1084
f 802/859/802 801/858/801 1082/1177/1082
f 802/859/802 1082/1177/1082 1087/1182/1087
f 802/859/802 1087/1182/1087 1088/1183/1088
f 1089/1184/1089 1086/1181/1086 803/860/803
f 1089/1184/1089 803/860/803 802/859/802
f 1089/1184/1089 802/859/802 1088/1183/1088
f 804/861/804 803/860/803 1086/1181/1086
f 804/861/804 1086/1181/1086 1091/1186/1091
f 804/861/804 1091/1186/1091 1092/1187/1092
f 1093/1188/1093 1090/1185/1090 805/862/805
f 1093/1188/1093 805/862/805 804/861/804
f 1093/1188/1093 804/861/804 1092/1187/1092
f 806/863/806 805/862/805 1090/1185/1090
f 806/863/806 1090/1185/1090 1094/1189/1094
f 806/863/806 1094/1189/1094 1095/1190/1095
f 806/863/806 1095/1190/1095 1097/1192/1097
f 807/864/807 806/863/806 1097/1192/1097
f 807/864/807 1097/1192/1097 1098/1193/1098
f 1099/1194/1099 1096/1191/1096 808/865/808
f 1099/1194/1099 808/865/808 807/864/807
f 1099/1194/1099 807/864/807 1098/1193/1098
f 809/866/809 808/865/808 1096/1191/1096
f 809/866/809 1096/1191/1096 1101/1196/1101
f 809/866/809 1101/1196/1101 1102/1197/1102
f 1103/1198/1103 1100/1195/1100 810/867/810
f 1103/1198/1103 810/867/810 809/866/809
f 1103/1198/1103 809/866/809 1102/1197/1102
f 811/868/811 810/867/810 1100/1195/1100
f 811/868/811 1100/1195/1100 1105/1200/1105
f 811/868/811 1105/1200/1105 1106/1201/1106
f 1107/1202/1107 1104/1199/1104 812/869/812
f 1107/1202/1107 812/869/812 811/868/811
f 1107/1202/1107 811/868/811 1106/1201/1106
f 813/870/813 812/869/812 1104/1199/1104
f 813/870/813 1104/1199/1104 1108/1203/1108
f 813/870/813 1108/1203/1108 1109/1204/1109
f 813/870/813 1109/1204/1109 1110/1205/1110
f 814/871/814 813/870/813 1110/1205/1110
f 1048/1144/1048 814/871/814 1110/1205/1110
# 2084 faces

g
