# Max2Obj Version 4.0 Mar 10th, 2001
#
# object objStaticMeshActor0 to come ...
#
v  87.994293 -683.926270 60.290771
v  110.466949 -709.053711 58.614990
v  87.994293 -683.926270 -83.439697
v  110.466949 -709.053711 -81.763916
v  110.466949 -709.053711 58.614990
v  104.279449 -801.895020 -75.574463
v  -23.728363 -737.895020 56.691162
v  -27.880707 -683.926270 60.288818
v  -71.466644 -683.926270 60.290771
v  -91.986176 -737.895020 56.691162
v  -23.728363 -737.895020 56.691162
v  -71.466644 -683.926270 60.290771
v  -93.911957 -709.022461 58.616943
v  -91.986176 -737.895020 56.691162
v  -71.466644 -683.926270 60.290771
v  40.267731 -737.895020 56.691162
v  -36.533051 -737.895020 56.691162
v  -55.736176 -785.895020 53.491943
v  36.580231 -785.895020 53.491943
v  40.267731 -737.895020 56.691162
v  -55.736176 -785.895020 53.491943
v  -87.720551 -801.895020 52.425537
v  -62.134613 -801.895020 52.425537
v  -36.533051 -737.895020 56.691162
v  -91.986176 -737.895020 56.691162
v  -87.720551 -801.895020 52.425537
v  -36.533051 -737.895020 56.691162
v  104.279449 -801.895020 52.425537
v  105.345856 -785.895020 53.491943
v  72.271637 -785.895020 53.491943
v  78.670074 -801.895020 52.425537
v  104.279449 -801.895020 52.425537
v  72.271637 -785.895020 53.491943
v  87.994293 -683.926270 60.290771
v  44.420074 -683.926270 60.290771
v  36.580231 -785.895020 53.491943
v  110.466949 -709.053711 58.614990
v  87.994293 -683.926270 60.290771
v  36.580231 -785.895020 53.491943
v  105.345856 -785.895020 53.491943
v  110.466949 -709.053711 58.614990
v  36.580231 -785.895020 53.491943
v  -87.720551 -801.895020 -75.574463
v  -87.720551 -801.895020 52.425537
v  -93.911957 -709.022461 58.616943
v  -93.911957 -709.022461 -81.765869
v  -87.720551 -801.895020 -75.574463
v  -93.911957 -709.022461 58.616943
v  -71.466644 -683.926270 -83.437744
v  -27.880707 -683.925781 -83.439697
v  -23.728363 -737.895020 -79.840088
v  -93.911957 -709.022461 -81.765869
v  -71.466644 -683.926270 -83.437744
v  -23.728363 -737.895020 -79.840088
v  -91.986176 -737.895020 -79.840088
v  -93.911957 -709.022461 -81.765869
v  -23.728363 -737.895020 -79.840088
v  -87.720551 -801.895020 -75.574463
v  -88.786957 -785.895020 -76.640869
v  -55.736176 -785.895020 -76.640869
v  -62.134613 -801.895020 -75.574463
v  -87.720551 -801.895020 -75.574463
v  -55.736176 -785.895020 -76.640869
v  -91.986176 -737.895020 -79.840088
v  40.267731 -737.895020 -79.840088
v  36.576324 -785.895020 -76.640869
v  -88.786957 -785.895020 -76.640869
v  -91.986176 -737.895020 -79.840088
v  36.576324 -785.895020 -76.640869
v  104.279449 -801.895020 -75.574463
v  78.670074 -801.895020 -75.574463
v  72.271637 -785.895020 -76.640869
v  105.345856 -785.895020 -76.640869
v  104.279449 -801.895020 -75.574463
v  72.271637 -785.895020 -76.640869
v  36.576324 -785.895020 -76.640869
v  44.420074 -683.926270 -83.437744
v  87.994293 -683.926270 -83.439697
v  105.345856 -785.895020 -76.640869
v  36.576324 -785.895020 -76.640869
v  87.994293 -683.926270 -83.439697
v  110.466949 -709.053711 -81.763916
v  105.345856 -785.895020 -76.640869
v  87.994293 -683.926270 -83.439697
v  -62.134613 -801.895020 -75.574463
v  -62.134613 -801.895020 52.425537
v  -87.720551 -801.895020 52.425537
v  -87.720551 -801.895020 -75.574463
v  -62.134613 -801.895020 -75.574463
v  -87.720551 -801.895020 52.425537
v  78.670074 -801.895020 36.425537
v  -62.134613 -801.895020 36.425537
v  -62.134613 -801.895020 -59.574463
v  78.670074 -801.895020 -59.574463
v  78.670074 -801.895020 36.425537
v  -62.134613 -801.895020 -59.574463
v  104.279449 -801.895020 -75.574463
v  104.279449 -801.895020 52.425537
v  78.670074 -801.895020 52.425537
v  78.670074 -801.895020 -75.574463
v  104.279449 -801.895020 -75.574463
v  78.670074 -801.895020 52.425537
v  168.271637 158.105103 -139.574463
v  -151.728363 158.105103 -139.574463
v  -151.728363 158.105103 116.425537
v  168.271637 158.105103 116.425537
v  168.271637 158.105103 -139.574463
v  -151.728363 158.105103 116.425537
v  110.466949 -709.053711 58.614990
v  110.466949 -709.053711 -81.763916
v  87.994293 -683.926270 -83.439697
v  45.189606 -673.895020 55.804443
v  79.021637 -673.895020 55.804443
v  45.189606 -673.895020 -78.953369
v  79.021637 -673.895020 55.804443
v  79.021637 -673.895020 -78.953369
v  45.189606 -673.895020 -78.953369
v  -62.493988 -673.895020 -78.953369
v  -62.493988 -673.895020 55.804443
v  -28.650238 -673.895020 -78.953369
v  45.189606 -673.895020 -78.953369
v  79.021637 -673.895020 -78.953369
v  44.420074 -683.926270 -83.437744
v  79.021637 -673.895020 -78.953369
v  87.994293 -683.926270 -83.439697
v  44.420074 -683.926270 -83.437744
v  -62.493988 -673.895020 55.804443
v  -28.650238 -673.895020 55.804443
v  -28.650238 -673.895020 -78.953369
v  45.189606 -673.895020 52.425537
v  45.189606 -673.895020 -75.574463
v  -28.650238 -673.895020 52.425537
v  36.576324 -785.895020 -76.640869
v  72.271637 -785.895020 -76.640869
v  36.572418 -785.895020 -75.574463
v  110.466949 -709.053711 58.614990
v  104.279449 -801.895020 52.425537
v  104.279449 -801.895020 -75.574463
v  -62.493988 -673.895020 55.804443
v  -71.466644 -683.926270 60.290771
v  -27.880707 -683.926270 60.288818
v  -28.650238 -673.895020 55.804443
v  -62.493988 -673.895020 55.804443
v  -27.880707 -683.926270 60.288818
v  -62.493988 -673.895020 -78.953369
v  -28.650238 -673.895020 -78.953369
v  -71.466644 -683.926270 -83.437744
v  -28.650238 -673.895020 -78.953369
v  -27.880707 -683.925781 -83.439697
v  -71.466644 -683.926270 -83.437744
v  72.271637 -785.895020 -76.640869
v  72.271637 -785.895020 -59.574463
v  36.572418 -785.895020 -75.574463
v  78.670074 -801.895020 -75.574463
v  78.670074 -801.895020 -59.574463
v  72.271637 -785.895020 -76.640869
v  45.189606 -673.895020 55.804443
v  44.420074 -683.926270 60.290771
v  87.994293 -683.926270 60.290771
v  79.021637 -673.895020 55.804443
v  45.189606 -673.895020 55.804443
v  87.994293 -683.926270 60.290771
v  -93.911957 -709.022461 -81.765869
v  -93.911957 -709.022461 58.616943
v  -71.466644 -683.926270 60.290771
v  78.670074 -801.895020 -59.574463
v  72.271637 -785.895020 -59.574463
v  72.271637 -785.895020 -76.640869
v  -71.466644 -683.926270 -83.437744
v  -93.911957 -709.022461 -81.765869
v  -71.466644 -683.926270 60.290771
v  -62.493988 -673.895020 -78.953369
v  -71.466644 -683.926270 -83.437744
v  -71.466644 -683.926270 60.290771
v  -20.040863 -785.895020 -75.574463
v  -20.040863 -785.895020 -59.574463
v  -55.736176 -785.895020 -76.640869
v  45.189606 -673.895020 -75.574463
v  -28.650238 -673.895020 -75.574463
v  -28.650238 -673.895020 52.425537
v  -20.033051 -785.895020 -76.640869
v  -20.040863 -785.895020 -75.574463
v  -55.736176 -785.895020 -76.640869
v  -20.040863 -785.895020 -59.574463
v  -55.736176 -785.895020 -59.574463
v  -55.736176 -785.895020 -76.640869
v  -151.728363 158.105103 116.425537
v  -151.728363 158.105103 -139.574463
v  168.271637 158.105103 116.425537
v  -20.040863 -785.895020 -59.574463
v  -20.040863 -785.895020 -75.574463
v  36.572418 -785.895020 -75.574463
v  36.572418 -785.895020 -59.574463
v  -20.040863 -785.895020 -59.574463
v  36.572418 -785.895020 -75.574463
v  72.271637 -785.895020 36.425537
v  -55.736176 -785.895020 36.425537
v  -62.134613 -801.895020 36.425537
v  78.670074 -801.895020 36.425537
v  72.271637 -785.895020 36.425537
v  -62.134613 -801.895020 36.425537
v  -23.728363 -737.895020 52.425537
v  -23.728363 -737.895020 56.691162
v  40.267731 -737.895020 56.691162
v  40.267731 -737.895020 52.425537
v  -23.728363 -737.895020 52.425537
v  40.267731 -737.895020 56.691162
v  72.271637 -785.895020 -59.574463
v  36.572418 -785.895020 -59.574463
v  36.572418 -785.895020 -75.574463
v  79.021637 -673.895020 -78.953369
v  79.021637 -673.895020 55.804443
v  87.994293 -683.926270 -83.439697
v  72.271637 -785.895020 53.491943
v  -55.736176 -785.895020 53.491943
v  -55.736176 -785.895020 36.425537
v  72.271637 -785.895020 36.425537
v  72.271637 -785.895020 53.491943
v  -55.736176 -785.895020 36.425537
v  -55.736176 -785.895020 53.491943
v  -62.134613 -801.895020 52.425537
v  -62.134613 -801.895020 36.425537
v  -55.736176 -785.895020 36.425537
v  -55.736176 -785.895020 53.491943
v  -62.134613 -801.895020 36.425537
v  40.267731 -737.895020 -75.574463
v  40.267731 -737.895020 -79.840088
v  -23.728363 -737.895020 -79.840088
v  -23.728363 -737.895020 -75.574463
v  40.267731 -737.895020 -75.574463
v  -23.728363 -737.895020 -79.840088
v  -20.040863 -785.895020 -75.574463
v  -20.033051 -785.895020 -76.640869
v  36.572418 -785.895020 -75.574463
v  78.670074 -801.895020 -59.574463
v  -62.134613 -801.895020 -59.574463
v  -55.736176 -785.895020 -59.574463
v  72.271637 -785.895020 -59.574463
v  78.670074 -801.895020 -59.574463
v  -55.736176 -785.895020 -59.574463
v  -55.736176 -785.895020 -59.574463
v  -62.134613 -801.895020 -59.574463
v  -62.134613 -801.895020 -75.574463
v  -55.736176 -785.895020 -76.640869
v  -55.736176 -785.895020 -59.574463
v  -62.134613 -801.895020 -75.574463
v  -20.033051 -785.895020 -76.640869
v  36.576324 -785.895020 -76.640869
v  36.572418 -785.895020 -75.574463
v  78.670074 -801.895020 36.425537
v  78.670074 -801.895020 52.425537
v  72.271637 -785.895020 36.425537
v  -62.493988 -673.895020 55.804443
v  -62.493988 -673.895020 -78.953369
v  -71.466644 -683.926270 60.290771
v  -151.728363 158.105103 -139.574463
v  168.271637 158.105103 -139.574463
v  168.271637 158.105103 116.425537
v  79.021637 -673.895020 55.804443
v  87.994293 -683.926270 60.290771
v  87.994293 -683.926270 -83.439697
v  78.670074 -801.895020 52.425537
v  72.271637 -785.895020 53.491943
v  72.271637 -785.895020 36.425537
v  -135.728363 510.105103 68.425537
v  88.271637 510.105103 68.425537
v  88.271637 510.105103 -91.574463
v  -87.728363 222.105103 -75.574463
v  -151.728363 350.105103 -75.574463
v  104.271637 222.105103 -75.574463
v  -151.728363 350.105103 -75.574463
v  -151.728363 478.105103 -75.574463
v  104.271637 222.105103 -75.574463
v  -151.728363 478.105103 -75.574463
v  104.267731 478.105103 -75.574463
v  104.271637 222.105103 -75.574463
v  104.271637 222.105103 52.425537
v  104.267731 478.105103 52.425537
v  -87.728363 222.105103 52.425537
v  104.267731 478.105103 52.425537
v  -151.728363 478.105103 52.425537
v  -87.728363 222.105103 52.425537
v  -151.728363 478.105103 52.425537
v  -151.728363 350.105103 52.425537
v  -87.728363 222.105103 52.425537
v  40.267731 -737.895020 -75.574463
v  -23.728363 -737.895020 -75.574463
v  104.263824 94.105103 -75.574463
v  -23.728363 -737.895020 -75.574463
v  -87.728363 94.105103 -75.574463
v  104.263824 94.105103 -75.574463
v  -23.728363 -737.895020 52.425537
v  40.267731 -737.895020 52.425537
v  -87.732269 94.105103 52.425537
v  40.267731 -737.895020 52.425537
v  104.259918 94.105103 52.425537
v  -87.732269 94.105103 52.425537
v  56.271637 -945.895020 -59.574463
v  -39.736176 -945.895020 -59.574463
v  -82.915863 -873.925781 -59.574463
v  99.482574 -873.879395 -59.574463
v  56.271637 -945.895020 -59.574463
v  -82.915863 -873.925781 -59.574463
v  104.271637 -865.895020 -59.574463
v  99.482574 -873.879395 -59.574463
v  -82.915863 -873.925781 -59.574463
v  100.623199 -856.770020 -59.574463
v  104.271637 -865.895020 -59.574463
v  -82.915863 -873.925781 -59.574463
v  78.670074 -801.895020 -59.574463
v  100.623199 -856.770020 -59.574463
v  -82.915863 -873.925781 -59.574463
v  -62.134613 -801.895020 -59.574463
v  78.670074 -801.895020 -59.574463
v  -82.915863 -873.925781 -59.574463
v  -87.736176 -865.895020 -59.574463
v  -62.134613 -801.895020 -59.574463
v  -82.915863 -873.925781 -59.574463
v  100.623199 -856.770020 36.425537
v  78.670074 -801.895020 36.425537
v  -62.134613 -801.895020 36.425537
v  104.271637 -865.895020 36.425537
v  100.623199 -856.770020 36.425537
v  -62.134613 -801.895020 36.425537
v  99.482574 -873.879395 36.425537
v  104.271637 -865.895020 36.425537
v  -62.134613 -801.895020 36.425537
v  56.271637 -945.895020 36.425537
v  99.482574 -873.879395 36.425537
v  -62.134613 -801.895020 36.425537
v  -39.736176 -945.895020 36.425537
v  56.271637 -945.895020 36.425537
v  -62.134613 -801.895020 36.425537
v  -82.915863 -873.925781 36.425537
v  -39.736176 -945.895020 36.425537
v  -62.134613 -801.895020 36.425537
v  -87.736176 -865.895020 36.425537
v  -82.915863 -873.925781 36.425537
v  -62.134613 -801.895020 36.425537
v  -135.728363 510.105103 -91.574463
v  -135.728363 510.105103 68.425537
v  88.271637 510.105103 -91.574463
v  -151.728363 478.105103 -139.574463
v  -151.728363 478.105103 -75.574463
v  -151.728363 350.105103 -139.574463
v  -151.728363 158.105103 -139.574463
v  -92.654144 158.105103 -139.574463
v  -95.587738 -683.926270 -83.437744
v  109.193512 158.105103 116.425537
v  -92.654144 158.105103 116.425537
v  -87.728363 94.105103 112.159912
v  -151.728363 350.105103 116.425537
v  -87.728363 222.105103 116.425537
v  -87.728363 222.105103 52.425537
v  -151.728363 350.105103 116.425537
v  -151.728363 158.105103 116.425537
v  -55.728363 158.105103 116.425537
v  -151.728363 478.105103 116.425537
v  -151.728363 350.105103 116.425537
v  -151.728363 350.105103 52.425537
v  168.271637 542.105103 116.425537
v  168.271637 158.105103 116.425537
v  168.271637 158.105103 -139.574463
v  168.271637 542.105103 -139.574463
v  168.271637 542.105103 116.425537
v  168.271637 158.105103 -139.574463
v  168.271637 478.105103 -139.574463
v  168.271637 158.105103 -139.574463
v  104.271637 158.105103 -139.574463
v  104.267731 478.105103 -139.574463
v  168.271637 478.105103 -139.574463
v  104.271637 158.105103 -139.574463
v  -151.728363 478.105103 52.425537
v  -151.728363 478.105103 116.425537
v  -151.728363 350.105103 52.425537
v  -87.728363 222.105103 52.425537
v  -87.728363 222.105103 116.425537
v  104.271637 222.105103 52.425537
v  -92.654144 158.105103 -139.574463
v  -28.650238 -673.895020 -84.107666
v  -95.587738 -683.926270 -83.437744
v  -87.728363 222.105103 116.425537
v  104.271637 222.105103 116.425537
v  104.271637 222.105103 52.425537
v  -96.255707 -673.895020 -84.107666
v  -96.255707 -673.895020 -78.953369
v  -151.728363 158.105103 116.425537
v  104.271637 222.105103 116.425537
v  104.267731 478.105103 116.425537
v  104.267731 478.105103 52.425537
v  104.271637 222.105103 52.425537
v  104.271637 222.105103 116.425537
v  104.267731 478.105103 52.425537
v  -96.255707 -673.895020 -78.953369
v  -120.767426 -306.233887 85.468506
v  -151.728363 158.105103 116.425537
v  112.810699 -673.895020 -84.107666
v  168.271637 158.105103 -139.574463
v  168.271637 158.105103 116.425537
v  -92.654144 158.105103 -139.574463
v  109.185699 158.105103 -139.574463
v  104.259918 94.105103 -135.308838
v  104.271637 222.105103 -75.574463
v  104.267731 478.105103 -75.574463
v  104.267731 478.105103 -139.574463
v  104.271637 222.105103 -139.574463
v  104.271637 222.105103 -75.574463
v  104.267731 478.105103 -139.574463
v  -87.728363 222.105103 -75.574463
v  104.271637 222.105103 -75.574463
v  104.271637 222.105103 -139.574463
v  -151.728363 158.105103 -139.574463
v  -96.255707 -673.895020 -84.107666
v  -151.728363 158.105103 116.425537
v  104.271637 158.105103 -139.574463
v  -55.728363 158.105103 -139.574463
v  -87.728363 222.105103 -139.574463
v  104.271637 222.105103 -139.574463
v  104.271637 158.105103 -139.574463
v  -87.728363 222.105103 -139.574463
v  -215.728363 286.105103 -139.574463
v  -215.728363 478.105103 -139.574463
v  -151.728363 478.105103 -139.574463
v  -151.728363 158.105103 -139.574463
v  -215.728363 286.105103 -139.574463
v  -151.728363 478.105103 -139.574463
v  -87.728363 222.105103 -139.574463
v  -87.728363 222.105103 -75.574463
v  104.271637 222.105103 -139.574463
v  -23.728363 -737.895020 56.691162
v  -23.728363 -737.895020 52.425537
v  -87.728363 94.105103 112.159912
v  -189.103363 574.105103 98.675537
v  -167.728363 574.105103 98.675537
v  -167.728363 574.105103 -121.824463
v  -189.103363 574.105103 -121.824463
v  -189.103363 574.105103 98.675537
v  -167.728363 574.105103 -121.824463
v  -215.728363 286.105103 116.425537
v  -215.728363 542.105103 116.425537
v  -215.728363 542.105103 -139.574463
v  -215.728363 286.105103 -139.574463
v  -215.728363 286.105103 116.425537
v  -215.728363 542.105103 -139.574463
v  -215.728363 542.105103 -139.574463
v  168.271637 542.105103 -139.574463
v  168.271637 478.105103 -139.574463
v  -215.728363 478.105103 -139.574463
v  -215.728363 542.105103 -139.574463
v  168.271637 478.105103 -139.574463
v  141.646637 574.105103 98.675537
v  168.271637 542.105103 116.425537
v  168.271637 542.105103 -139.574463
v  141.646637 574.105103 -121.824463
v  141.646637 574.105103 98.675537
v  168.271637 542.105103 -139.574463
v  -189.103363 574.105103 98.675537
v  -215.728363 542.105103 116.425537
v  168.271637 542.105103 116.425537
v  141.646637 574.105103 98.675537
v  -189.103363 574.105103 98.675537
v  168.271637 542.105103 116.425537
v  -189.103363 574.105103 -121.824463
v  -215.728363 542.105103 -139.574463
v  -215.728363 542.105103 116.425537
v  -189.103363 574.105103 98.675537
v  -189.103363 574.105103 -121.824463
v  -215.728363 542.105103 116.425537
v  120.271637 574.105103 -107.574463
v  -167.728363 574.105103 -107.574463
v  -135.728363 510.105103 -91.574463
v  88.271637 510.105103 -91.574463
v  120.271637 574.105103 -107.574463
v  -135.728363 510.105103 -91.574463
v  -167.728363 574.105103 -107.574463
v  -167.728363 574.105103 84.425537
v  -135.728363 510.105103 68.425537
v  -135.728363 510.105103 -91.574463
v  -167.728363 574.105103 -107.574463
v  -135.728363 510.105103 68.425537
v  -167.728363 574.105103 84.425537
v  120.271637 574.105103 84.425537
v  88.271637 510.105103 68.425537
v  -135.728363 510.105103 68.425537
v  -167.728363 574.105103 84.425537
v  88.271637 510.105103 68.425537
v  120.271637 574.105103 84.425537
v  120.271637 574.105103 -107.574463
v  88.271637 510.105103 -91.574463
v  -151.728363 478.105103 -75.574463
v  -151.728363 350.105103 -75.574463
v  -151.728363 350.105103 -139.574463
v  87.994293 -683.926270 -83.439697
v  44.420074 -683.926270 -83.437744
v  47.869293 -639.064941 -86.429932
v  104.259918 94.105103 52.425537
v  40.267731 -737.895020 52.425537
v  40.267731 -737.895020 56.691162
v  141.646637 574.105103 -121.824463
v  168.271637 542.105103 -139.574463
v  -215.728363 542.105103 -139.574463
v  -189.103363 574.105103 -121.824463
v  141.646637 574.105103 -121.824463
v  -215.728363 542.105103 -139.574463
v  141.646637 574.105103 98.675537
v  141.646637 574.105103 84.425537
v  -167.728363 574.105103 84.425537
v  -167.728363 574.105103 98.675537
v  141.646637 574.105103 98.675537
v  -167.728363 574.105103 84.425537
v  141.646637 574.105103 -121.824463
v  120.271637 574.105103 -121.824463
v  120.271637 574.105103 84.425537
v  141.646637 574.105103 84.425537
v  141.646637 574.105103 -121.824463
v  120.271637 574.105103 84.425537
v  88.271637 510.105103 68.425537
v  120.271637 574.105103 84.425537
v  88.271637 510.105103 -91.574463
v  120.271637 574.105103 -121.824463
v  -167.728363 574.105103 -121.824463
v  120.271637 574.105103 -107.574463
v  104.267731 478.105103 -75.574463
v  -151.728363 478.105103 -75.574463
v  -151.728363 478.105103 -139.574463
v  104.267731 478.105103 -139.574463
v  104.267731 478.105103 -75.574463
v  -151.728363 478.105103 -139.574463
v  -151.728363 158.105103 116.425537
v  -215.728363 286.105103 116.425537
v  -215.728363 286.105103 -139.574463
v  -151.728363 158.105103 -139.574463
v  -151.728363 158.105103 116.425537
v  -215.728363 286.105103 -139.574463
v  -55.728363 158.105103 -139.574463
v  -151.728363 158.105103 -139.574463
v  -151.728363 350.105103 -139.574463
v  -151.728363 350.105103 -75.574463
v  -87.728363 222.105103 -75.574463
v  -87.728363 222.105103 -139.574463
v  -151.728363 350.105103 -139.574463
v  -151.728363 350.105103 -75.574463
v  -87.728363 222.105103 -139.574463
v  168.271637 542.105103 116.425537
v  -215.728363 542.105103 116.425537
v  -215.728363 478.105103 116.425537
v  168.271637 478.105103 116.425537
v  168.271637 542.105103 116.425537
v  -215.728363 478.105103 116.425537
v  168.271637 478.105103 116.425537
v  104.267731 478.105103 116.425537
v  104.271637 158.105103 116.425537
v  168.271637 158.105103 116.425537
v  168.271637 478.105103 116.425537
v  104.271637 158.105103 116.425537
v  -215.728363 478.105103 116.425537
v  -215.728363 286.105103 116.425537
v  -151.728363 158.105103 116.425537
v  -151.728363 478.105103 116.425537
v  -215.728363 478.105103 116.425537
v  -151.728363 158.105103 116.425537
v  -55.728363 158.105103 116.425537
v  104.271637 158.105103 116.425537
v  104.271637 222.105103 116.425537
v  -87.728363 222.105103 116.425537
v  -55.728363 158.105103 116.425537
v  104.271637 222.105103 116.425537
v  104.263824 94.105103 112.159912
v  -87.728363 94.105103 112.159912
v  -87.732269 94.105103 52.425537
v  -23.728363 -737.895020 52.425537
v  -87.732269 94.105103 52.425537
v  -87.728363 94.105103 112.159912
v  104.267731 478.105103 52.425537
v  104.267731 478.105103 116.425537
v  -151.728363 478.105103 52.425537
v  104.259918 94.105103 -135.308838
v  40.267731 -737.895020 -79.840088
v  104.263824 94.105103 -75.574463
v  40.267731 -737.895020 -79.840088
v  40.267731 -737.895020 -75.574463
v  104.263824 94.105103 -75.574463
v  -151.728363 350.105103 52.425537
v  -151.728363 350.105103 116.425537
v  -87.728363 222.105103 52.425537
v  104.267731 478.105103 116.425537
v  -151.728363 478.105103 116.425537
v  -151.728363 478.105103 52.425537
v  47.869293 -639.064941 -86.429932
v  109.185699 158.105103 -139.574463
v  168.271637 158.105103 -139.574463
v  110.466949 -709.053711 -81.763916
v  47.869293 -639.064941 -86.429932
v  168.271637 158.105103 -139.574463
v  -167.728363 574.105103 -121.824463
v  -167.728363 574.105103 -107.574463
v  120.271637 574.105103 -107.574463
v  -62.134613 -801.895020 52.425537
v  -84.064301 -856.717285 48.771240
v  -62.134613 -801.895020 36.425537
v  -84.064301 -856.717285 48.771240
v  -84.064301 -856.717285 36.425537
v  -62.134613 -801.895020 36.425537
v  72.271637 -785.895020 -107.574463
v  72.271637 -785.895020 -76.640869
v  -55.736176 -785.895020 -107.574463
v  72.271637 -785.895020 -76.640869
v  -55.736176 -785.895020 -76.640869
v  -55.736176 -785.895020 -107.574463
v  72.271637 -785.895020 53.491943
v  72.271637 -785.895020 84.425537
v  -55.736176 -785.895020 53.491943
v  72.271637 -785.895020 84.425537
v  -55.736176 -785.895020 84.425537
v  -55.736176 -785.895020 53.491943
v  36.576324 -785.895020 -76.640869
v  72.271637 -785.895020 -76.640869
v  36.572418 -785.895020 -75.574463
v  72.271637 -785.895020 -76.640869
v  72.271637 -785.895020 -59.574463
v  36.572418 -785.895020 -75.574463
v  72.271637 -785.895020 -59.574463
v  36.572418 -785.895020 -59.574463
v  36.572418 -785.895020 -75.574463
v  -20.033051 -785.895020 -76.640869
v  -20.040863 -785.895020 -75.574463
v  -55.736176 -785.895020 -76.640869
v  -20.040863 -785.895020 -75.574463
v  -20.040863 -785.895020 -59.574463
v  -55.736176 -785.895020 -76.640869
v  -20.040863 -785.895020 -59.574463
v  -55.736176 -785.895020 -59.574463
v  -55.736176 -785.895020 -76.640869
v  72.271637 -785.895020 53.491943
v  -55.736176 -785.895020 53.491943
v  -55.736176 -785.895020 36.425537
v  72.271637 -785.895020 36.425537
v  72.271637 -785.895020 53.491943
v  -55.736176 -785.895020 36.425537
v  136.271637 -897.895020 84.425537
v  72.271637 -993.895020 84.425537
v  72.271637 -993.895020 -107.574463
v  136.271637 -897.895020 -107.574463
v  136.271637 -897.895020 84.425537
v  72.271637 -993.895020 -107.574463
v  -27.880707 -683.926270 60.288818
v  -28.650238 -673.895020 60.958740
v  -151.728363 158.105103 116.425537
v  -95.587738 -683.926270 60.288818
v  -27.880707 -683.926270 60.288818
v  -151.728363 158.105103 116.425537
v  78.670074 -801.895020 52.425537
v  72.271637 -785.895020 53.491943
v  72.271637 -785.895020 36.425537
v  78.670074 -801.895020 36.425537
v  78.670074 -801.895020 52.425537
v  72.271637 -785.895020 36.425537
v  -55.736176 -785.895020 53.491943
v  -62.134613 -801.895020 52.425537
v  -62.134613 -801.895020 36.425537
v  -55.736176 -785.895020 36.425537
v  -55.736176 -785.895020 53.491943
v  -62.134613 -801.895020 36.425537
v  136.271637 -897.895020 -107.574463
v  72.271637 -993.895020 -107.574463
v  27.470856 -993.895020 -107.574463
v  136.267731 -812.568848 -107.574463
v  136.271637 -897.895020 -107.574463
v  27.470856 -993.895020 -107.574463
v  -119.728363 -897.895020 -107.574463
v  -55.728363 -993.895020 -107.574463
v  -55.728363 -993.895020 84.425537
v  -119.728363 -897.895020 84.425537
v  -119.728363 -897.895020 -107.574463
v  -55.728363 -993.895020 84.425537
v  -39.736176 -945.895020 84.425537
v  56.271637 -945.895020 84.425537
v  56.271637 -945.895020 36.425537
v  -39.736176 -945.895020 36.425537
v  -39.736176 -945.895020 84.425537
v  56.271637 -945.895020 36.425537
v  72.271637 -785.895020 36.425537
v  -55.736176 -785.895020 36.425537
v  -62.134613 -801.895020 36.425537
v  78.670074 -801.895020 36.425537
v  72.271637 -785.895020 36.425537
v  -62.134613 -801.895020 36.425537
v  56.271637 -945.895020 84.425537
v  104.271637 -865.895020 84.425537
v  104.271637 -865.895020 36.425537
v  56.271637 -945.895020 36.425537
v  56.271637 -945.895020 84.425537
v  104.271637 -865.895020 36.425537
v  -87.736176 -865.895020 84.425537
v  -39.736176 -945.895020 84.425537
v  -39.736176 -945.895020 36.425537
v  -87.736176 -865.895020 36.425537
v  -87.736176 -865.895020 84.425537
v  -39.736176 -945.895020 36.425537
v  78.670074 -801.895020 -59.574463
v  -62.134613 -801.895020 -59.574463
v  -55.736176 -785.895020 -59.574463
v  72.271637 -785.895020 -59.574463
v  78.670074 -801.895020 -59.574463
v  -55.736176 -785.895020 -59.574463
v  -87.736176 -865.895020 -59.574463
v  -39.736176 -945.895020 -59.574463
v  -39.736176 -945.895020 -107.574463
v  -87.736176 -865.895020 -107.574463
v  -87.736176 -865.895020 -59.574463
v  -39.736176 -945.895020 -107.574463
v  56.271637 -945.895020 -59.574463
v  104.271637 -865.895020 -59.574463
v  104.271637 -865.895020 -107.574463
v  56.271637 -945.895020 -107.574463
v  56.271637 -945.895020 -59.574463
v  104.271637 -865.895020 -107.574463
v  104.271637 -865.895020 84.425537
v  100.623199 -856.770020 84.425537
v  100.623199 -856.770020 36.425537
v  78.670074 -801.895020 -75.574463
v  78.670074 -801.895020 -59.574463
v  72.271637 -785.895020 -76.640869
v  -20.040863 -785.895020 -75.574463
v  -20.033051 -785.895020 -76.640869
v  36.572418 -785.895020 -75.574463
v  -20.033051 -785.895020 -76.640869
v  36.576324 -785.895020 -76.640869
v  36.572418 -785.895020 -75.574463
v  87.994293 -683.926270 60.290771
v  110.466949 -709.053711 71.527100
v  110.466949 -709.053711 58.614990
v  -119.736176 -737.895020 -79.840088
v  -119.736176 -737.895020 56.691162
v  -93.911957 -709.022461 -81.765869
v  -119.736176 -737.895020 56.691162
v  -93.911957 -709.022461 58.616943
v  -93.911957 -709.022461 -81.765869
v  45.189606 -673.895020 -75.574463
v  45.189606 -673.895020 -78.953369
v  -28.650238 -673.895020 -75.574463
v  45.189606 -673.895020 -78.953369
v  -28.650238 -673.895020 -78.953369
v  -28.650238 -673.895020 -75.574463
v  45.189606 -673.895020 55.804443
v  -28.650238 -673.895020 55.804443
v  44.420074 -683.926270 60.290771
v  -28.650238 -673.895020 55.804443
v  -27.880707 -683.926270 60.288818
v  44.420074 -683.926270 60.290771
v  -28.650238 -673.895020 -78.953369
v  45.189606 -673.895020 -78.953369
v  -27.880707 -683.925781 -83.439697
v  45.189606 -673.895020 -78.953369
v  44.420074 -683.926270 -83.437744
v  -27.880707 -683.925781 -83.439697
v  -28.650238 -673.895020 55.804443
v  45.189606 -673.895020 55.804443
v  -28.650238 -673.895020 52.425537
v  72.271637 -993.895020 84.425537
v  -55.728363 -993.895020 84.425537
v  -55.728363 -993.895020 -107.574463
v  72.271637 -993.895020 -107.574463
v  72.271637 -993.895020 84.425537
v  -55.728363 -993.895020 -107.574463
v  -39.736176 -945.895020 -59.574463
v  56.271637 -945.895020 -59.574463
v  56.271637 -945.895020 -107.574463
v  -39.736176 -945.895020 -107.574463
v  -39.736176 -945.895020 -59.574463
v  56.271637 -945.895020 -107.574463
v  -107.732269 -915.887695 -107.574463
v  -87.736176 -865.895020 -107.574463
v  -10.935394 -993.895020 -107.574463
v  -55.728363 -993.895020 -107.574463
v  -107.732269 -915.887695 -107.574463
v  -10.935394 -993.895020 -107.574463
v  27.470856 -993.895020 -107.574463
v  -10.935394 -993.895020 -107.574463
v  -39.736176 -945.895020 -107.574463
v  56.271637 -945.895020 -107.574463
v  27.470856 -993.895020 -107.574463
v  -39.736176 -945.895020 -107.574463
v  -119.736176 -737.895020 -107.574463
v  -119.728363 -897.895020 -107.574463
v  -119.728363 -897.895020 84.425537
v  -119.736176 -737.895020 84.425537
v  -119.736176 -737.895020 -107.574463
v  -119.728363 -897.895020 84.425537
v  -119.728363 -897.895020 -107.574463
v  -119.732269 -785.895020 -107.574463
v  -55.736176 -785.895020 -107.574463
v  -107.732269 -915.887695 -107.574463
v  -119.728363 -897.895020 -107.574463
v  -55.736176 -785.895020 -107.574463
v  -55.736176 -785.895020 -59.574463
v  -62.134613 -801.895020 -59.574463
v  -62.134613 -801.895020 -75.574463
v  -55.736176 -785.895020 -76.640869
v  -55.736176 -785.895020 -59.574463
v  -62.134613 -801.895020 -75.574463
v  -55.736176 -785.895020 84.425537
v  -87.736176 -865.895020 84.425537
v  -87.736176 -865.895020 48.159912
v  -55.736176 -785.895020 53.491943
v  -55.736176 -785.895020 84.425537
v  -87.736176 -865.895020 48.159912
v  -87.736176 -865.895020 48.159912
v  -87.736176 -865.895020 36.425537
v  -84.064301 -856.717285 36.425537
v  -84.064301 -856.717285 48.771240
v  -87.736176 -865.895020 48.159912
v  -84.064301 -856.717285 36.425537
v  -20.040863 -785.895020 -59.574463
v  -20.040863 -785.895020 -75.574463
v  36.572418 -785.895020 -75.574463
v  36.572418 -785.895020 -59.574463
v  -20.040863 -785.895020 -59.574463
v  36.572418 -785.895020 -75.574463
v  -87.736176 -865.895020 -59.574463
v  -87.736176 -865.895020 -107.574463
v  -84.064301 -856.717285 -107.574463
v  -84.064301 -856.717285 -59.574463
v  -87.736176 -865.895020 -59.574463
v  -84.064301 -856.717285 -107.574463
v  -55.736176 -785.895020 -76.640869
v  -84.064301 -856.717285 -71.920166
v  -84.064301 -856.717285 -107.574463
v  -55.736176 -785.895020 -107.574463
v  -55.736176 -785.895020 -76.640869
v  -84.064301 -856.717285 -107.574463
v  -84.064301 -856.717285 -59.574463
v  -84.064301 -856.717285 -71.920166
v  -62.134613 -801.895020 -75.574463
v  -62.134613 -801.895020 -59.574463
v  -84.064301 -856.717285 -59.574463
v  -62.134613 -801.895020 -75.574463
v  136.263824 -737.895020 84.425537
v  136.271637 -897.895020 84.425537
v  136.271637 -897.895020 -107.574463
v  136.263824 -737.895020 -107.574463
v  136.263824 -737.895020 84.425537
v  136.271637 -897.895020 -107.574463
v  136.267731 -812.568848 -107.574463
v  104.271637 -865.895020 -107.574463
v  100.623199 -856.770020 -107.574463
v  136.263824 -737.895020 -107.574463
v  136.267731 -812.568848 -107.574463
v  100.623199 -856.770020 -107.574463
v  53.072418 -737.895020 -107.574463
v  136.263824 -737.895020 -107.574463
v  100.623199 -856.770020 -107.574463
v  78.670074 -801.895020 -59.574463
v  72.271637 -785.895020 -59.574463
v  72.271637 -785.895020 -76.640869
v  72.271637 -785.895020 84.425537
v  53.072418 -737.895020 84.425537
v  -119.732269 -785.895020 84.425537
v  45.189606 -673.895020 55.804443
v  45.189606 -673.895020 52.425537
v  -28.650238 -673.895020 52.425537
v  104.271637 -865.895020 36.425537
v  104.271637 -865.895020 84.425537
v  100.623199 -856.770020 36.425537
v  72.271637 -785.895020 84.425537
v  72.271637 -785.895020 53.491943
v  100.623199 -856.770020 48.767334
v  100.623199 -856.770020 84.425537
v  72.271637 -785.895020 84.425537
v  100.623199 -856.770020 48.767334
v  100.623199 -856.770020 36.425537
v  100.623199 -856.770020 48.767334
v  78.670074 -801.895020 52.425537
v  78.670074 -801.895020 36.425537
v  100.623199 -856.770020 36.425537
v  78.670074 -801.895020 52.425537
v  104.271637 -865.895020 -59.574463
v  100.623199 -856.770020 -59.574463
v  100.623199 -856.770020 -107.574463
v  104.271637 -865.895020 -107.574463
v  104.271637 -865.895020 -59.574463
v  100.623199 -856.770020 -107.574463
v  72.271637 -785.895020 -107.574463
v  100.623199 -856.770020 -107.574463
v  100.623199 -856.770020 -71.916260
v  72.271637 -785.895020 -76.640869
v  72.271637 -785.895020 -107.574463
v  100.623199 -856.770020 -71.916260
v  78.670074 -801.895020 -59.574463
v  78.670074 -801.895020 -75.574463
v  100.623199 -856.770020 -71.916260
v  100.623199 -856.770020 -59.574463
v  78.670074 -801.895020 -59.574463
v  100.623199 -856.770020 -71.916260
v  100.623199 -856.770020 84.425537
v  104.271637 -865.895020 84.425537
v  136.267731 -812.568848 84.425537
v  53.072418 -737.895020 84.425537
v  100.623199 -856.770020 84.425537
v  136.267731 -812.568848 84.425537
v  136.263824 -737.895020 84.425537
v  53.072418 -737.895020 84.425537
v  136.267731 -812.568848 84.425537
v  -119.728363 -897.895020 84.425537
v  -107.732269 -915.887695 84.425537
v  -55.736176 -785.895020 84.425537
v  -119.732269 -785.895020 84.425537
v  -119.728363 -897.895020 84.425537
v  -55.736176 -785.895020 84.425537
v  -55.728363 -993.895020 84.425537
v  -10.935394 -993.895020 84.425537
v  -87.736176 -865.895020 84.425537
v  -107.732269 -915.887695 84.425537
v  -55.728363 -993.895020 84.425537
v  -87.736176 -865.895020 84.425537
v  27.470856 -993.895020 84.425537
v  56.271637 -945.895020 84.425537
v  -39.736176 -945.895020 84.425537
v  -10.935394 -993.895020 84.425537
v  27.470856 -993.895020 84.425537
v  -39.736176 -945.895020 84.425537
v  136.263824 -737.895020 84.425537
v  136.263824 -737.895020 -107.574463
v  110.466949 -709.053711 -94.676025
v  110.466949 -709.053711 71.527100
v  136.263824 -737.895020 84.425537
v  110.466949 -709.053711 -94.676025
v  -71.466644 -683.926270 -83.437744
v  -119.736176 -737.895020 -107.574463
v  -119.736176 -737.895020 -79.840088
v  -71.466644 -683.926270 -83.437744
v  87.994293 -683.926270 -83.439697
v  136.263824 -737.895020 -107.574463
v  -119.736176 -737.895020 -107.574463
v  -71.466644 -683.926270 -83.437744
v  136.263824 -737.895020 -107.574463
v  -119.736176 -737.895020 -107.574463
v  53.072418 -737.895020 -107.574463
v  72.271637 -785.895020 -107.574463
v  -119.732269 -785.895020 -107.574463
v  -119.736176 -737.895020 -107.574463
v  72.271637 -785.895020 -107.574463
v  110.466949 -709.053711 -81.763916
v  110.466949 -709.053711 -94.676025
v  87.994293 -683.926270 -83.439697
v  87.994293 -683.926270 60.290771
v  -71.466644 -683.926270 60.290771
v  -119.736176 -737.895020 84.425537
v  136.263824 -737.895020 84.425537
v  87.994293 -683.926270 60.290771
v  -119.736176 -737.895020 84.425537
v  -119.736176 -737.895020 56.691162
v  -119.736176 -737.895020 84.425537
v  -71.466644 -683.926270 60.290771
v  53.072418 -737.895020 84.425537
v  -119.736176 -737.895020 84.425537
v  -119.732269 -785.895020 84.425537
v  104.263824 94.105103 112.159912
v  104.259918 94.105103 52.425537
v  40.267731 -737.895020 56.691162
v  104.263824 94.105103 -75.574463
v  -87.728363 94.105103 -75.574463
v  -87.732269 94.105103 -135.308838
v  104.263824 94.105103 112.159912
v  109.193512 158.105103 116.425537
v  -87.728363 94.105103 112.159912
v  -87.732269 94.105103 -135.308838
v  -92.654144 158.105103 -139.574463
v  104.259918 94.105103 -135.308838
v  -93.911957 -709.022461 58.616943
v  -96.255707 -673.895020 60.958740
v  -93.911957 -709.022461 -81.765869
v  104.259918 94.105103 -135.308838
v  104.263824 94.105103 -75.574463
v  -87.732269 94.105103 -135.308838
v  44.420074 -683.926270 -83.437744
v  45.189606 -673.895020 -84.107666
v  47.869293 -639.064941 -86.429932
v  44.420074 -683.926270 60.290771
v  87.994293 -683.926270 60.290771
v  45.189606 -673.895020 60.958740
v  87.994293 -683.926270 60.290771
v  47.869293 -639.065430 63.281006
v  45.189606 -673.895020 60.958740
v  112.810699 -673.895020 60.958740
v  110.466949 -709.053711 58.614990
v  112.810699 -673.895020 -84.107666
v  110.466949 -709.053711 58.614990
v  110.466949 -709.053711 -81.763916
v  112.810699 -673.895020 -84.107666
v  -23.728363 -737.895020 -79.840088
v  -87.732269 94.105103 -135.308838
v  -87.728363 94.105103 -75.574463
v  -96.255707 -673.895020 60.958740
v  -96.255707 -673.895020 -84.107666
v  -93.911957 -709.022461 -81.765869
v  110.466949 -709.053711 58.614990
v  168.271637 158.105103 116.425537
v  47.869293 -639.065430 63.281006
v  168.271637 158.105103 116.425537
v  109.193512 158.105103 116.425537
v  47.869293 -639.065430 63.281006
v  109.193512 158.105103 116.425537
v  104.263824 94.105103 112.159912
v  47.869293 -639.065430 63.281006
v  112.810699 -673.895020 60.958740
v  112.810699 -673.895020 -84.107666
v  168.271637 158.105103 116.425537
v  -28.650238 -673.895020 -84.107666
v  -27.880707 -683.925781 -83.439697
v  -95.587738 -683.926270 -83.437744
v  -28.650238 -673.895020 60.958740
v  -92.654144 158.105103 116.425537
v  -151.728363 158.105103 116.425537
v  -95.587738 -683.926270 60.288818
v  -93.911957 -709.022461 58.616943
v  -71.466644 -683.926270 60.290771
v  -96.255707 -673.895020 -78.953369
v  -96.255707 -673.895020 60.958740
v  -120.767426 -306.233887 85.468506
v  -23.728363 -737.895020 -75.574463
v  -23.728363 -737.895020 -79.840088
v  -87.728363 94.105103 -75.574463
v  -93.911957 -709.022461 -81.765869
v  -95.587738 -683.926270 -83.437744
v  -71.466644 -683.926270 -83.437744
v  136.271637 -897.895020 84.425537
v  136.267731 -812.568848 84.425537
v  27.470856 -993.895020 84.425537
v  72.271637 -993.895020 84.425537
v  136.271637 -897.895020 84.425537
v  27.470856 -993.895020 84.425537
v  104.259918 94.105103 52.425537
v  104.263824 94.105103 112.159912
v  -87.732269 94.105103 52.425537
# 1035 vertices

vt  0.141418 0.265360 0.000000
vt  0.075575 0.262088 0.000000
vt  0.141417 -0.015360 0.000000
vt  0.066338 0.693655 0.000000
vt  0.340548 0.693622 0.000000
vt  0.078451 0.874959 0.000000
vt  2.062499 0.749984 0.000000
vt  2.070641 0.644542 0.000000
vt  2.155762 0.644549 0.000000
vt  2.195815 0.749984 0.000000
vt  2.062499 0.749984 0.000000
vt  2.155737 0.644574 0.000000
vt  2.199576 0.693590 0.000000
vt  2.195815 0.749983 0.000000
vt  2.155737 0.644574 0.000000
vt  1.937499 0.749983 0.000000
vt  2.087508 0.749983 0.000000
vt  2.125014 0.843733 0.000000
vt  1.944708 0.843733 0.000000
vt  1.937499 0.749984 0.000000
vt  2.125014 0.843733 0.000000
vt  2.187483 0.874983 0.000000
vt  2.137543 0.874951 0.000000
vt  2.087533 0.749959 0.000000
vt  2.195814 0.749983 0.000000
vt  2.187516 0.874951 0.000000
vt  2.087532 0.749959 0.000000
vt  1.812484 0.874983 0.000000
vt  1.810433 0.843701 0.000000
vt  1.875024 0.843709 0.000000
vt  1.862502 0.874983 0.000000
vt  1.812516 0.874951 0.000000
vt  1.875023 0.843709 0.000000
vt  1.844298 0.644576 0.000000
vt  1.929421 0.644544 0.000000
vt  1.944733 0.843709 0.000000
vt  1.800398 0.693655 0.000000
vt  1.844298 0.644576 0.000000
vt  1.944708 0.843733 0.000000
vt  1.810401 0.843733 0.000000
vt  1.800431 0.693623 0.000000
vt  1.944733 0.843709 0.000000
vt  0.421574 0.874983 0.000000
vt  0.171606 0.874951 0.000000
vt  0.159506 0.693566 0.000000
vt  0.433666 0.693589 0.000000
vt  0.421574 0.874983 0.000000
vt  0.159481 0.693590 0.000000
vt  -1.655738 0.644575 0.000000
vt  -1.570576 0.644543 0.000000
vt  -1.562474 0.749959 0.000000
vt  -1.699576 0.693589 0.000000
vt  -1.655738 0.644575 0.000000
vt  -1.562499 0.749983 0.000000
vt  -1.695815 0.749983 0.000000
vt  -1.699576 0.693589 0.000000
vt  -1.562499 0.749983 0.000000
vt  -1.687484 0.874983 0.000000
vt  -1.689566 0.843733 0.000000
vt  -1.625014 0.843733 0.000000
vt  -1.637511 0.874983 0.000000
vt  -1.687451 0.874951 0.000000
vt  -1.624989 0.843709 0.000000
vt  -1.695815 0.749983 0.000000
vt  -1.437507 0.749983 0.000000
vt  -1.444716 0.843733 0.000000
vt  -1.689566 0.843733 0.000000
vt  -1.695815 0.749983 0.000000
vt  -1.444716 0.843733 0.000000
vt  -1.312484 0.874983 0.000000
vt  -1.362470 0.874951 0.000000
vt  -1.374974 0.843709 0.000000
vt  -1.310401 0.843733 0.000000
vt  -1.312451 0.874951 0.000000
vt  -1.374974 0.843709 0.000000
vt  -1.444717 0.843733 0.000000
vt  -1.429397 0.644576 0.000000
vt  -1.344291 0.644576 0.000000
vt  -1.310401 0.843733 0.000000
vt  -1.444684 0.843701 0.000000
vt  -1.344266 0.644552 0.000000
vt  -1.300399 0.693654 0.000000
vt  -1.310401 0.843733 0.000000
vt  -1.344291 0.644576 0.000000
vt  2.137511 0.421574 0.000000
vt  2.137543 0.171541 0.000000
vt  2.187508 0.171549 0.000000
vt  2.187483 0.421574 0.000000
vt  2.137543 0.421541 0.000000
vt  2.187508 0.171549 0.000000
vt  1.862502 0.202824 0.000000
vt  2.137543 0.202791 0.000000
vt  2.137535 0.390299 0.000000
vt  1.862502 0.390324 0.000000
vt  1.862534 0.202791 0.000000
vt  2.137536 0.390299 0.000000
vt  1.812483 0.421574 0.000000
vt  1.812516 0.171541 0.000000
vt  1.862526 0.171549 0.000000
vt  1.862502 0.421574 0.000000
vt  1.812516 0.421541 0.000000
vt  1.862527 0.171549 0.000000
vt  1.687499 -0.046574 0.000000
vt  2.312523 -0.046606 0.000000
vt  2.312515 0.453402 0.000000
vt  1.687499 0.453426 0.000000
vt  1.687531 -0.046606 0.000000
vt  2.312515 0.453402 0.000000
vt  0.075575 0.262088 0.000000
vt  0.075575 -0.012088 0.000000
vt  0.141417 -0.015360 0.000000
vt  0.066063 0.200697 0.000000
vt  0.000033 0.200665 0.000000
vt  0.066095 -0.062524 0.000000
vt  0.000000 0.200697 0.000000
vt  0.000033 -0.062532 0.000000
vt  0.066095 -0.062524 0.000000
vt  0.276398 -0.062500 0.000000
vt  0.276430 0.200665 0.000000
vt  0.210329 -0.062524 0.000000
vt  0.111415 0.322128 0.000000
vt  0.111448 0.388167 0.000000
vt  0.089979 0.320593 0.000000
vt  0.111415 0.388199 0.000000
vt  0.089986 0.405691 0.000000
vt  0.089979 0.320593 0.000000
vt  0.276398 0.200697 0.000000
vt  0.210329 0.200665 0.000000
vt  0.210329 -0.062524 0.000000
vt  0.066063 0.194098 0.000000
vt  0.066103 -0.055934 0.000000
vt  0.210321 0.194074 0.000000
vt  0.132217 0.560416 0.000000
vt  0.062533 0.560384 0.000000
vt  0.132250 0.562476 0.000000
vt  0.340515 0.693655 0.000000
vt  0.328459 0.874951 0.000000
vt  0.078451 0.874959 0.000000
vt  0.111415 0.388199 0.000000
vt  0.089986 0.405691 0.000000
vt  0.089979 0.320563 0.000000
vt  0.111415 0.322098 0.000000
vt  0.111448 0.388167 0.000000
vt  0.089979 0.320563 0.000000
vt  0.111415 0.111801 0.000000
vt  0.111448 0.177862 0.000000
vt  0.089979 0.094252 0.000000
vt  0.111415 0.177895 0.000000
vt  0.089986 0.179365 0.000000
vt  0.089979 0.094252 0.000000
vt  0.062500 0.560416 0.000000
vt  0.062533 0.593718 0.000000
vt  0.132250 0.562476 0.000000
vt  0.232484 0.562500 0.000000
vt  0.232517 0.593718 0.000000
vt  0.265821 0.560392 0.000000
vt  0.111415 0.177864 0.000000
vt  0.089987 0.179335 0.000000
vt  0.089979 0.094252 0.000000
vt  0.111415 0.111801 0.000000
vt  0.111448 0.177832 0.000000
vt  0.089979 0.094252 0.000000
vt  0.075656 0.262093 0.000000
vt  0.075688 -0.012125 0.000000
vt  0.141442 -0.015384 0.000000
vt  0.232484 0.593750 0.000000
vt  0.265829 0.593718 0.000000
vt  0.265821 0.560392 0.000000
vt  0.141417 0.265358 0.000000
vt  0.075688 0.262060 0.000000
vt  0.141442 -0.015384 0.000000
vt  0.167704 0.256598 0.000000
vt  0.141450 0.265326 0.000000
vt  0.141442 -0.015384 0.000000
vt  0.242798 0.562500 0.000000
vt  0.242830 0.593718 0.000000
vt  0.312540 0.560392 0.000000
vt  0.066071 -0.055902 0.000000
vt  0.210337 -0.055934 0.000000
vt  0.210321 0.194074 0.000000
vt  0.242783 0.560416 0.000000
vt  0.242830 0.562468 0.000000
vt  0.312540 0.560392 0.000000
vt  0.242798 0.593750 0.000000
vt  0.312548 0.593718 0.000000
vt  0.312540 0.560392 0.000000
vt  0.000000 0.500000 0.000000
vt  0.000000 0.000000 0.000000
vt  0.625000 0.500000 0.000000
vt  0.242798 0.593750 0.000000
vt  0.242830 0.562468 0.000000
vt  0.132250 0.562476 0.000000
vt  0.132225 0.593750 0.000000
vt  0.242830 0.593718 0.000000
vt  0.132250 0.562476 0.000000
vt  0.272877 0.347636 0.000000
vt  0.489396 0.222628 0.000000
vt  0.484594 0.189317 0.000000
vt  0.246429 0.326821 0.000000
vt  0.272877 0.347636 0.000000
vt  0.484594 0.189316 0.000000
vt  2.062485 0.296574 0.000000
vt  2.062517 0.288210 0.000000
vt  1.937517 0.288218 0.000000
vt  1.937492 0.296574 0.000000
vt  2.062517 0.296541 0.000000
vt  1.937517 0.288218 0.000000
vt  0.062500 0.593750 0.000000
vt  0.132258 0.593718 0.000000
vt  0.132250 0.562476 0.000000
vt  0.167704 -0.006598 0.000000
vt  0.167736 0.256566 0.000000
vt  0.141442 -0.015384 0.000000
vt  0.062500 0.377084 0.000000
vt  0.312548 0.377052 0.000000
vt  0.312540 0.343726 0.000000
vt  0.062500 0.343750 0.000000
vt  0.062533 0.377052 0.000000
vt  0.312540 0.343726 0.000000
vt  0.066044 0.377084 0.000000
vt  0.099388 0.374968 0.000000
vt  0.099380 0.343726 0.000000
vt  0.066044 0.343750 0.000000
vt  0.066076 0.377052 0.000000
vt  0.099380 0.343726 0.000000
vt  1.937492 0.171574 0.000000
vt  1.937525 0.179873 0.000000
vt  2.062510 0.179881 0.000000
vt  2.062485 0.171574 0.000000
vt  1.937525 0.171541 0.000000
vt  2.062510 0.179881 0.000000
vt  0.242798 0.562500 0.000000
vt  0.242815 0.560384 0.000000
vt  0.132250 0.562476 0.000000
vt  0.409826 0.232484 0.000000
vt  0.171661 0.369988 0.000000
vt  0.198109 0.390803 0.000000
vt  0.414629 0.265796 0.000000
vt  0.409826 0.232484 0.000000
vt  0.198109 0.390803 0.000000
vt  0.066044 0.593750 0.000000
vt  0.099388 0.593718 0.000000
vt  0.099380 0.562476 0.000000
vt  0.066044 0.560416 0.000000
vt  0.066076 0.593718 0.000000
vt  0.099380 0.562476 0.000000
vt  0.242783 0.560416 0.000000
vt  0.132250 0.560384 0.000000
vt  0.132250 0.562476 0.000000
vt  0.232484 0.343750 0.000000
vt  0.232517 0.374968 0.000000
vt  0.265821 0.343726 0.000000
vt  0.167704 -0.006598 0.000000
vt  0.167736 0.256566 0.000000
vt  0.141442 -0.015384 0.000000
vt  0.000000 0.000000 0.000000
vt  0.625033 -0.000032 0.000000
vt  0.625025 0.499976 0.000000
vt  0.167704 0.256598 0.000000
vt  0.141418 0.265360 0.000000
vt  0.141417 -0.015360 0.000000
vt  0.232484 0.375000 0.000000
vt  0.265829 0.377052 0.000000
vt  0.265821 0.343726 0.000000
vt  251.562500 29.562500 0.000000
vt  250.687531 29.562468 0.000000
vt  250.687531 28.937475 0.000000
vt  125.687500 -6.375000 0.000000
vt  125.812531 -6.125032 0.000000
vt  125.312523 -6.375024 0.000000
vt  125.812492 -6.125000 0.000000
vt  125.812523 -5.875032 0.000000
vt  125.312515 -6.375024 0.000000
vt  125.812508 -5.875000 0.000000
vt  125.312546 -5.875032 0.000000
vt  125.312531 -6.375024 0.000000
vt  -125.531250 -6.375000 0.000000
vt  -125.531227 -5.875032 0.000000
vt  -125.906227 -6.375024 0.000000
vt  -125.531258 -5.875000 0.000000
vt  -126.031219 -5.875032 0.000000
vt  -125.906227 -6.375024 0.000000
vt  -126.031242 -5.875000 0.000000
vt  -126.031212 -6.125033 0.000000
vt  -125.906219 -6.375025 0.000000
vt  125.437508 -8.250000 0.000000
vt  125.562531 -8.250032 0.000000
vt  125.312538 -6.625024 0.000000
vt  125.562500 -8.250000 0.000000
vt  125.687531 -6.625032 0.000000
vt  125.312538 -6.625024 0.000000
vt  -125.781258 -8.250000 0.000000
vt  -125.656235 -8.250032 0.000000
vt  -125.906242 -6.625024 0.000000
vt  -125.656250 -8.249999 0.000000
vt  -125.531235 -6.625032 0.000000
vt  -125.906227 -6.625024 0.000000
vt  125.406250 -8.656250 0.000000
vt  125.593796 -8.656282 0.000000
vt  125.678123 -8.515710 0.000000
vt  125.321854 -8.515594 0.000000
vt  125.406250 -8.656250 0.000000
vt  125.678101 -8.515685 0.000000
vt  125.312500 -8.500000 0.000000
vt  125.321854 -8.515594 0.000000
vt  125.678101 -8.515685 0.000000
vt  125.319626 -8.482178 0.000000
vt  125.312500 -8.500000 0.000000
vt  125.678101 -8.515685 0.000000
vt  125.362503 -8.375000 0.000000
vt  125.319626 -8.482178 0.000000
vt  125.678101 -8.515685 0.000000
vt  125.637512 -8.375000 0.000000
vt  125.362534 -8.375032 0.000000
vt  125.678123 -8.515710 0.000000
vt  125.687515 -8.500000 0.000000
vt  125.637512 -8.375000 0.000000
vt  125.678101 -8.515685 0.000000
vt  -125.538376 -8.482178 0.000000
vt  -125.581223 -8.375032 0.000000
vt  -125.856239 -8.375025 0.000000
vt  -125.531250 -8.500000 0.000000
vt  -125.538376 -8.482178 0.000000
vt  -125.856262 -8.375000 0.000000
vt  -125.540604 -8.515594 0.000000
vt  -125.531250 -8.500000 0.000000
vt  -125.856262 -8.375000 0.000000
vt  -125.625000 -8.656250 0.000000
vt  -125.540604 -8.515594 0.000000
vt  -125.856262 -8.375000 0.000000
vt  -125.812508 -8.656250 0.000000
vt  -125.624962 -8.656282 0.000000
vt  -125.856232 -8.375025 0.000000
vt  -125.896851 -8.515685 0.000000
vt  -125.812515 -8.656250 0.000000
vt  -125.856262 -8.375000 0.000000
vt  -125.906265 -8.500000 0.000000
vt  -125.896851 -8.515685 0.000000
vt  -125.856262 -8.375000 0.000000
vt  251.562500 28.937500 0.000000
vt  251.562531 29.562468 0.000000
vt  250.687531 28.937475 0.000000
vt  -14.375000 -5.875000 0.000000
vt  -14.499991 -5.875008 0.000000
vt  -14.374994 -6.125006 0.000000
vt  125.812508 -6.500000 0.000000
vt  125.697136 -6.500008 0.000000
vt  125.702866 -8.144598 0.000000
vt  -125.302895 -6.500000 0.000000
vt  -125.697121 -6.500008 0.000000
vt  -125.687500 -6.625006 0.000000
vt  -14.875000 -6.125000 0.000000
vt  -14.874991 -6.375008 0.000000
vt  -14.749994 -6.375006 0.000000
vt  -125.812500 -6.125000 0.000000
vt  -125.812492 -6.500008 0.000000
vt  -125.624992 -6.500006 0.000000
vt  -14.875000 -5.875000 0.000000
vt  -14.874991 -6.125008 0.000000
vt  -14.749994 -6.125006 0.000000
vt  -15.003906 -5.750000 0.000000
vt  -15.003898 -6.500008 0.000000
vt  -14.503901 -6.500006 0.000000
vt  -14.503906 -5.750000 0.000000
vt  -15.003898 -5.750008 0.000000
vt  -14.503901 -6.500006 0.000000
vt  125.187492 -5.875000 0.000000
vt  125.187500 -6.500008 0.000000
vt  125.312500 -6.500006 0.000000
vt  125.312508 -5.875000 0.000000
vt  125.187508 -5.875009 0.000000
vt  125.312508 -6.500007 0.000000
vt  -14.750000 -5.875000 0.000000
vt  -14.874991 -5.875008 0.000000
vt  -14.749994 -6.125006 0.000000
vt  125.687500 14.750000 0.000000
vt  125.687508 14.874992 0.000000
vt  125.312508 14.749994 0.000000
vt  125.697121 -6.500000 0.000000
vt  125.572113 -8.124999 0.000000
vt  125.702850 -8.144592 0.000000
vt  125.687500 14.874999 0.000000
vt  125.312508 14.874991 0.000000
vt  125.312508 14.749993 0.000000
vt  14.483334 -8.125000 0.000000
vt  14.493410 -8.125008 0.000000
vt  14.875006 -6.500006 0.000000
vt  14.875000 -6.375000 0.000000
vt  14.875009 -5.875008 0.000000
vt  14.750006 -5.875006 0.000000
vt  14.749999 -6.375000 0.000000
vt  14.875008 -6.375008 0.000000
vt  14.750005 -5.875006 0.000000
vt  14.493401 -8.124999 0.000000
vt  14.814536 -7.406912 0.000000
vt  14.874999 -6.500000 0.000000
vt  -14.612240 -8.125000 0.000000
vt  -14.503898 -6.500008 0.000000
vt  -15.003901 -6.500006 0.000000
vt  125.697121 -6.500000 0.000000
vt  125.302910 -6.500008 0.000000
vt  125.312531 -6.625006 0.000000
vt  14.500000 -6.375000 0.000000
vt  14.500009 -5.875008 0.000000
vt  14.375006 -5.875006 0.000000
vt  14.374999 -6.375000 0.000000
vt  14.500008 -6.375008 0.000000
vt  14.375005 -5.875006 0.000000
vt  125.687500 14.499999 0.000000
vt  125.312508 14.499991 0.000000
vt  125.312508 14.374993 0.000000
vt  14.375000 -6.500000 0.000000
vt  14.483342 -8.125008 0.000000
vt  14.875006 -6.500006 0.000000
vt  125.312500 -6.500000 0.000000
vt  125.625008 -6.500009 0.000000
vt  125.687508 -6.375007 0.000000
vt  125.312500 -6.375000 0.000000
vt  125.312508 -6.500008 0.000000
vt  125.687508 -6.375006 0.000000
vt  125.937492 -6.250000 0.000000
vt  125.937500 -5.875008 0.000000
vt  125.812500 -5.875006 0.000000
vt  125.812492 -6.500000 0.000000
vt  125.937500 -6.250008 0.000000
vt  125.812500 -5.875006 0.000000
vt  125.687500 14.375000 0.000000
vt  125.687508 14.499992 0.000000
vt  125.312508 14.374994 0.000000
vt  -14.758331 -8.250000 0.000000
vt  -14.749991 -8.250008 0.000000
vt  -14.866663 -6.625006 0.000000
vt  125.885498 14.840330 0.000000
vt  125.843758 14.840322 0.000000
vt  125.843758 14.409662 0.000000
vt  125.885498 14.409670 0.000000
vt  125.885506 14.840324 0.000000
vt  125.843758 14.409664 0.000000
vt  14.875001 -6.250000 0.000000
vt  14.875010 -5.750008 0.000000
vt  14.375007 -5.750006 0.000000
vt  14.375000 -6.250000 0.000000
vt  14.875009 -6.250008 0.000000
vt  14.375006 -5.750006 0.000000
vt  125.937500 -5.750000 0.000000
vt  125.187508 -5.750008 0.000000
vt  125.187508 -5.875006 0.000000
vt  125.937508 -5.875000 0.000000
vt  125.937515 -5.750008 0.000000
vt  125.187515 -5.875006 0.000000
vt  125.239502 14.840330 0.000000
vt  125.187508 14.874991 0.000000
vt  125.187508 14.374993 0.000000
vt  125.239502 14.409670 0.000000
vt  125.239510 14.840324 0.000000
vt  125.187508 14.374995 0.000000
vt  -125.885498 -5.687500 0.000000
vt  -125.937492 -5.750008 0.000000
vt  -125.187492 -5.750006 0.000000
vt  -125.239502 -5.687500 0.000000
vt  -125.885490 -5.687508 0.000000
vt  -125.187492 -5.750006 0.000000
vt  125.885498 14.409669 0.000000
vt  125.937508 14.374992 0.000000
vt  125.937508 14.874994 0.000000
vt  125.885498 14.840331 0.000000
vt  125.885506 14.409661 0.000000
vt  125.937508 14.874994 0.000000
vt  -125.281258 -5.687500 0.000000
vt  -125.843750 -5.687508 0.000000
vt  -125.781250 -5.812506 0.000000
vt  -125.343750 -5.812500 0.000000
vt  -125.281242 -5.687508 0.000000
vt  -125.781242 -5.812506 0.000000
vt  -14.437500 -5.687500 0.000000
vt  -14.812491 -5.687508 0.000000
vt  -14.781244 -5.812506 0.000000
vt  -14.468751 -5.812500 0.000000
vt  -14.437492 -5.687509 0.000000
vt  -14.781245 -5.812507 0.000000
vt  125.843758 -5.687500 0.000000
vt  125.281265 -5.687508 0.000000
vt  125.343765 -5.812506 0.000000
vt  125.781250 -5.812500 0.000000
vt  125.843758 -5.687509 0.000000
vt  125.343758 -5.812507 0.000000
vt  14.812500 -5.687500 0.000000
vt  14.437509 -5.687508 0.000000
vt  14.468756 -5.812506 0.000000
vt  -14.500000 -5.875000 0.000000
vt  -14.499991 -6.125008 0.000000
vt  -14.374994 -6.125006 0.000000
vt  125.344284 -8.144592 0.000000
vt  125.429390 -8.144591 0.000000
vt  125.422653 -8.056973 0.000000
vt  14.750000 -6.625000 0.000000
vt  14.750009 -8.250008 0.000000
vt  14.758337 -8.250006 0.000000
vt  125.239502 -5.687500 0.000000
vt  125.187508 -5.750008 0.000000
vt  125.937508 -5.750006 0.000000
vt  125.885498 -5.687500 0.000000
vt  125.239510 -5.687508 0.000000
vt  125.937508 -5.750006 0.000000
vt  125.239502 14.840331 0.000000
vt  125.239510 14.812492 0.000000
vt  125.843758 14.812494 0.000000
vt  125.843742 14.840330 0.000000
vt  125.239502 14.840322 0.000000
vt  125.843750 14.812493 0.000000
vt  125.239502 14.409668 0.000000
vt  125.281258 14.409660 0.000000
vt  125.281258 14.812493 0.000000
vt  125.239510 14.812500 0.000000
vt  125.239517 14.409661 0.000000
vt  125.281265 14.812494 0.000000
vt  14.781251 -5.812500 0.000000
vt  14.812510 -5.687509 0.000000
vt  14.468757 -5.812507 0.000000
vt  125.281250 14.409668 0.000000
vt  125.843758 14.409660 0.000000
vt  125.281258 14.437493 0.000000
vt  -125.312508 14.500000 0.000000
vt  -125.812492 14.499992 0.000000
vt  -125.812492 14.374994 0.000000
vt  -125.312508 14.375000 0.000000
vt  -125.312500 14.499992 0.000000
vt  -125.812492 14.374994 0.000000
vt  14.875000 -6.500000 0.000000
vt  14.875009 -6.250009 0.000000
vt  14.375006 -6.250007 0.000000
vt  14.375001 -6.500000 0.000000
vt  14.875010 -6.500008 0.000000
vt  14.375007 -6.250006 0.000000
vt  125.625000 -6.500000 0.000000
vt  125.812508 -6.500008 0.000000
vt  125.812508 -6.125006 0.000000
vt  -14.500000 -6.125000 0.000000
vt  -14.499991 -6.375008 0.000000
vt  -14.374994 -6.375006 0.000000
vt  -14.375000 -6.125000 0.000000
vt  -14.499991 -6.125008 0.000000
vt  -14.374994 -6.375006 0.000000
vt  -125.187508 -5.750000 0.000000
vt  -125.937500 -5.750009 0.000000
vt  -125.937500 -5.875007 0.000000
vt  -125.187500 -5.875000 0.000000
vt  -125.187492 -5.750008 0.000000
vt  -125.937492 -5.875006 0.000000
vt  -125.187500 -5.875000 0.000000
vt  -125.312500 -5.875009 0.000000
vt  -125.312492 -6.500007 0.000000
vt  -125.187500 -6.500000 0.000000
vt  -125.187492 -5.875009 0.000000
vt  -125.312492 -6.500007 0.000000
vt  -125.937500 -5.875000 0.000000
vt  -125.937492 -6.250008 0.000000
vt  -125.812492 -6.500006 0.000000
vt  -125.812500 -5.875000 0.000000
vt  -125.937492 -5.875008 0.000000
vt  -125.812492 -6.500006 0.000000
vt  -125.625000 -6.500000 0.000000
vt  -125.312492 -6.500008 0.000000
vt  -125.312492 -6.375006 0.000000
vt  -125.687500 -6.375000 0.000000
vt  -125.624992 -6.500008 0.000000
vt  -125.312492 -6.375006 0.000000
vt  -125.312515 14.866670 0.000000
vt  -125.687492 14.866662 0.000000
vt  -125.687500 14.749995 0.000000
vt  -14.750000 -8.250000 0.000000
vt  -14.749991 -6.625009 0.000000
vt  -14.866663 -6.625007 0.000000
vt  -125.312508 14.750000 0.000000
vt  -125.312500 14.874992 0.000000
vt  -125.812492 14.749994 0.000000
vt  14.383331 -6.625000 0.000000
vt  14.491677 -8.250008 0.000000
vt  14.500006 -6.625006 0.000000
vt  14.491669 -8.250000 0.000000
vt  14.500009 -8.250008 0.000000
vt  14.500006 -6.625006 0.000000
vt  -14.750000 -6.125000 0.000000
vt  -14.874991 -6.125008 0.000000
vt  -14.749994 -6.375006 0.000000
vt  -125.312508 14.875000 0.000000
vt  -125.812492 14.874992 0.000000
vt  -125.812492 14.749994 0.000000
vt  125.422661 -8.056973 0.000000
vt  125.302910 -6.500008 0.000000
vt  125.187508 -6.500006 0.000000
vt  125.300400 -8.193669 0.000000
vt  125.422661 -8.056973 0.000000
vt  125.187500 -6.500000 0.000000
vt  125.843750 14.409669 0.000000
vt  125.843758 14.437492 0.000000
vt  125.281258 14.437494 0.000000
vt  -14.750000 -8.375000 0.000000
vt  -14.742853 -8.482082 0.000000
vt  -14.718744 -8.375006 0.000000
vt  -14.742862 -8.482075 0.000000
vt  -14.718741 -8.482082 0.000000
vt  -14.718744 -8.375006 0.000000
vt  -125.374992 14.437499 0.000000
vt  -125.374985 14.497908 0.000000
vt  -125.625000 14.437493 0.000000
vt  -125.374992 14.497917 0.000000
vt  -125.625000 14.497910 0.000000
vt  -125.625000 14.437495 0.000000
vt  -125.374992 14.752083 0.000000
vt  -125.374985 14.812491 0.000000
vt  -125.625000 14.752077 0.000000
vt  -125.374992 14.812501 0.000000
vt  -125.625000 14.812493 0.000000
vt  -125.625000 14.752079 0.000000
vt  -125.444717 14.497917 0.000000
vt  -125.374992 14.497910 0.000000
vt  -125.444717 14.499995 0.000000
vt  -125.375000 14.497915 0.000000
vt  -125.374992 14.531241 0.000000
vt  -125.444717 14.499993 0.000000
vt  -125.374992 14.531249 0.000000
vt  -125.444710 14.531241 0.000000
vt  -125.444710 14.499993 0.000000
vt  -125.555283 14.497915 0.000000
vt  -125.555290 14.499991 0.000000
vt  -125.625008 14.497910 0.000000
vt  -125.555298 14.500000 0.000000
vt  -125.555290 14.531242 0.000000
vt  -125.625008 14.497910 0.000000
vt  -125.555298 14.531250 0.000000
vt  -125.625008 14.531242 0.000000
vt  -125.625008 14.497910 0.000000
vt  -125.374992 14.752084 0.000000
vt  -125.625000 14.752076 0.000000
vt  -125.625000 14.718744 0.000000
vt  -125.375000 14.718749 0.000000
vt  -125.374992 14.752075 0.000000
vt  -125.625008 14.718743 0.000000
vt  -125.250008 14.812501 0.000000
vt  -125.375000 14.812493 0.000000
vt  -125.375000 14.437495 0.000000
vt  -125.250008 14.437501 0.000000
vt  -125.250000 14.812493 0.000000
vt  -125.375000 14.437495 0.000000
vt  -125.570618 -8.144591 0.000000
vt  -125.572121 -8.125000 0.000000
vt  -125.812508 -6.500000 0.000000
vt  -125.702850 -8.144592 0.000000
vt  -125.570610 -8.144591 0.000000
vt  -125.812500 -6.500000 0.000000
vt  14.750000 -8.375000 0.000000
vt  14.752092 -8.343758 0.000000
vt  14.718756 -8.343756 0.000000
vt  14.718751 -8.375000 0.000000
vt  14.750010 -8.375008 0.000000
vt  14.718757 -8.343756 0.000000
vt  -14.752084 -8.343750 0.000000
vt  -14.749991 -8.375008 0.000000
vt  -14.718744 -8.375006 0.000000
vt  -14.718749 -8.343750 0.000000
vt  -14.752074 -8.343758 0.000000
vt  -14.718743 -8.375006 0.000000
vt  125.250008 -8.562500 0.000000
vt  125.375015 -8.750008 0.000000
vt  125.462517 -8.750006 0.000000
vt  125.250008 -8.395847 0.000000
vt  125.250000 -8.562500 0.000000
vt  125.462502 -8.750000 0.000000
vt  -125.750000 14.437500 0.000000
vt  -125.624992 14.437492 0.000000
vt  -125.624992 14.812494 0.000000
vt  -125.750000 14.812500 0.000000
vt  -125.749992 14.437492 0.000000
vt  -125.624992 14.812494 0.000000
vt  125.593765 14.812501 0.000000
vt  125.406258 14.812493 0.000000
vt  125.406258 14.718745 0.000000
vt  125.593765 14.718751 0.000000
vt  125.593773 14.812493 0.000000
vt  125.406258 14.718745 0.000000
vt  -125.375000 -8.343751 0.000000
vt  -125.625008 -8.343759 0.000000
vt  -125.637505 -8.375007 0.000000
vt  -125.362511 -8.375001 0.000000
vt  -125.375000 -8.343759 0.000000
vt  -125.637512 -8.375007 0.000000
vt  125.406250 14.812501 0.000000
vt  125.312508 14.812493 0.000000
vt  125.312508 14.718745 0.000000
vt  125.406250 14.718750 0.000000
vt  125.406258 14.812492 0.000000
vt  125.312508 14.718744 0.000000
vt  125.687515 14.812501 0.000000
vt  125.593773 14.812493 0.000000
vt  125.593773 14.718745 0.000000
vt  125.687515 14.718750 0.000000
vt  125.687523 14.812492 0.000000
vt  125.593773 14.718744 0.000000
vt  125.362503 -8.375000 0.000000
vt  125.637520 -8.375008 0.000000
vt  125.625023 -8.343756 0.000000
vt  125.375000 -8.343750 0.000000
vt  125.362511 -8.375008 0.000000
vt  125.625023 -8.343756 0.000000
vt  125.687515 14.531251 0.000000
vt  125.593773 14.531243 0.000000
vt  125.593773 14.437495 0.000000
vt  125.687515 14.437500 0.000000
vt  125.687523 14.531242 0.000000
vt  125.593773 14.437494 0.000000
vt  125.406250 14.531251 0.000000
vt  125.312508 14.531243 0.000000
vt  125.312508 14.437495 0.000000
vt  125.406250 14.437500 0.000000
vt  125.406258 14.531242 0.000000
vt  125.312508 14.437494 0.000000
vt  14.812500 -8.500000 0.000000
vt  14.812509 -8.482185 0.000000
vt  14.718756 -8.482183 0.000000
vt  14.500001 -8.375000 0.000000
vt  14.531260 -8.375008 0.000000
vt  14.497923 -8.343756 0.000000
vt  -125.555290 14.500000 0.000000
vt  -125.555267 14.497909 0.000000
vt  -125.444710 14.499994 0.000000
vt  -125.555283 14.497917 0.000000
vt  -125.444710 14.497910 0.000000
vt  -125.444717 14.499995 0.000000
vt  125.344292 14.765361 0.000000
vt  125.300407 14.787301 0.000000
vt  125.300407 14.762083 0.000000
vt  125.750015 14.491669 0.000000
vt  125.750023 14.758324 0.000000
vt  125.699585 14.487902 0.000000
vt  125.750023 14.758332 0.000000
vt  125.699593 14.762086 0.000000
vt  125.699593 14.487903 0.000000
vt  125.427902 14.500000 0.000000
vt  125.427910 14.493394 0.000000
vt  125.572128 14.499994 0.000000
vt  125.427895 14.493402 0.000000
vt  125.572121 14.493394 0.000000
vt  125.572121 14.499994 0.000000
vt  -125.427895 -8.125000 0.000000
vt  -125.572105 -8.125008 0.000000
vt  -125.429390 -8.144598 0.000000
vt  -125.572113 -8.125000 0.000000
vt  -125.570602 -8.144599 0.000000
vt  -125.429390 -8.144598 0.000000
vt  125.572105 -8.125000 0.000000
vt  125.427895 -8.125008 0.000000
vt  125.570610 -8.144597 0.000000
vt  125.427895 -8.125000 0.000000
vt  125.429398 -8.144592 0.000000
vt  125.570610 -8.144591 0.000000
vt  125.572121 14.756598 0.000000
vt  125.427910 14.756591 0.000000
vt  125.572128 14.749994 0.000000
vt  -125.374992 14.812501 0.000000
vt  -125.624985 14.812493 0.000000
vt  -125.624985 14.437495 0.000000
vt  -125.375000 14.437501 0.000000
vt  -125.374992 14.812493 0.000000
vt  -125.624992 14.437495 0.000000
vt  125.593765 14.531251 0.000000
vt  125.406258 14.531243 0.000000
vt  125.406258 14.437495 0.000000
vt  125.593765 14.437501 0.000000
vt  125.593773 14.531243 0.000000
vt  125.406258 14.437495 0.000000
vt  125.726570 -8.597642 0.000000
vt  125.687515 -8.500000 0.000000
vt  125.537514 -8.750000 0.000000
vt  125.625008 -8.750000 0.000000
vt  125.726585 -8.597650 0.000000
vt  125.537529 -8.750006 0.000000
vt  125.462502 -8.750000 0.000000
vt  125.537521 -8.750008 0.000000
vt  125.593773 -8.656256 0.000000
vt  125.406258 -8.656250 0.000000
vt  125.462517 -8.750008 0.000000
vt  125.593781 -8.656256 0.000000
vt  14.437500 -8.250000 0.000000
vt  14.437509 -8.562508 0.000000
vt  14.812506 -8.562506 0.000000
vt  14.812500 -8.250000 0.000000
vt  14.437509 -8.250008 0.000000
vt  14.812506 -8.562506 0.000000
vt  125.750000 -8.562500 0.000000
vt  125.750015 -8.343758 0.000000
vt  125.625023 -8.343756 0.000000
vt  125.726570 -8.597642 0.000000
vt  125.750000 -8.562500 0.000000
vt  125.625015 -8.343750 0.000000
vt  -14.531250 -8.343750 0.000000
vt  -14.531241 -8.375008 0.000000
vt  -14.499994 -8.375006 0.000000
vt  -14.497916 -8.343750 0.000000
vt  -14.531241 -8.343758 0.000000
vt  -14.499994 -8.375006 0.000000
vt  -14.812500 -8.343750 0.000000
vt  -14.812491 -8.500008 0.000000
vt  -14.741663 -8.500006 0.000000
vt  -14.752084 -8.343750 0.000000
vt  -14.812491 -8.343758 0.000000
vt  -14.741663 -8.500006 0.000000
vt  -14.741668 -8.500000 0.000000
vt  -14.718740 -8.500008 0.000000
vt  -14.718743 -8.482080 0.000000
vt  -14.742862 -8.482075 0.000000
vt  -14.741660 -8.500008 0.000000
vt  -14.718744 -8.482080 0.000000
vt  -125.555298 14.531250 0.000000
vt  -125.555290 14.499992 0.000000
vt  -125.444717 14.499994 0.000000
vt  -125.444717 14.531249 0.000000
vt  -125.555283 14.531241 0.000000
vt  -125.444710 14.499993 0.000000
vt  -14.531249 -8.500000 0.000000
vt  -14.437490 -8.500008 0.000000
vt  -14.437493 -8.482080 0.000000
vt  -14.531250 -8.482075 0.000000
vt  -14.531241 -8.500008 0.000000
vt  -14.437494 -8.482080 0.000000
vt  -14.497915 -8.343750 0.000000
vt  -14.507129 -8.482082 0.000000
vt  -14.437493 -8.482080 0.000000
vt  -14.437500 -8.343750 0.000000
vt  -14.497908 -8.343758 0.000000
vt  -14.437494 -8.482080 0.000000
vt  -14.531250 -8.482075 0.000000
vt  -14.507130 -8.482082 0.000000
vt  -14.499994 -8.375006 0.000000
vt  -14.531249 -8.375000 0.000000
vt  -14.531240 -8.482082 0.000000
vt  -14.499993 -8.375006 0.000000
vt  -14.812500 -8.250000 0.000000
vt  -14.812491 -8.562508 0.000000
vt  -14.437494 -8.562506 0.000000
vt  -14.437500 -8.250000 0.000000
vt  -14.812491 -8.250008 0.000000
vt  -14.437494 -8.562506 0.000000
vt  125.250008 -8.395847 0.000000
vt  125.312500 -8.500000 0.000000
vt  125.319626 -8.482178 0.000000
vt  125.250015 -8.250000 0.000000
vt  125.250008 -8.395847 0.000000
vt  125.319626 -8.482178 0.000000
vt  125.412498 -8.250000 0.000000
vt  125.250023 -8.250008 0.000000
vt  125.319633 -8.482183 0.000000
vt  14.531250 -8.375000 0.000000
vt  14.531259 -8.343758 0.000000
vt  14.497922 -8.343756 0.000000
vt  -125.375000 -8.343750 0.000000
vt  -125.412491 -8.250008 0.000000
vt  -125.750000 -8.343756 0.000000
vt  125.427895 14.756598 0.000000
vt  125.427902 14.749992 0.000000
vt  125.572121 14.749994 0.000000
vt  14.718750 -8.500000 0.000000
vt  14.812509 -8.500008 0.000000
vt  14.718756 -8.482183 0.000000
vt  14.812501 -8.343750 0.000000
vt  14.752093 -8.343758 0.000000
vt  14.742862 -8.482183 0.000000
vt  14.812501 -8.482179 0.000000
vt  14.812510 -8.343759 0.000000
vt  14.742862 -8.482184 0.000000
vt  14.718750 -8.482178 0.000000
vt  14.742864 -8.482185 0.000000
vt  14.750006 -8.375006 0.000000
vt  14.718750 -8.375000 0.000000
vt  14.718759 -8.482185 0.000000
vt  14.750006 -8.375006 0.000000
vt  14.531250 -8.500000 0.000000
vt  14.531259 -8.482185 0.000000
vt  14.437506 -8.482183 0.000000
vt  14.437500 -8.500000 0.000000
vt  14.531259 -8.500008 0.000000
vt  14.437506 -8.482183 0.000000
vt  14.437499 -8.343750 0.000000
vt  14.437508 -8.482185 0.000000
vt  14.507150 -8.482183 0.000000
vt  14.497916 -8.343750 0.000000
vt  14.437509 -8.343758 0.000000
vt  14.507151 -8.482183 0.000000
vt  14.531251 -8.375000 0.000000
vt  14.500010 -8.375008 0.000000
vt  14.507152 -8.482183 0.000000
vt  14.531251 -8.482178 0.000000
vt  14.531260 -8.375008 0.000000
vt  14.507152 -8.482183 0.000000
vt  -125.319626 -8.482178 0.000000
vt  -125.312500 -8.500000 0.000000
vt  -125.250008 -8.395847 0.000000
vt  -125.412498 -8.250000 0.000000
vt  -125.319626 -8.482178 0.000000
vt  -125.250008 -8.395847 0.000000
vt  -125.250015 -8.250000 0.000000
vt  -125.412491 -8.250008 0.000000
vt  -125.250000 -8.395853 0.000000
vt  -125.750000 -8.562500 0.000000
vt  -125.726570 -8.597642 0.000000
vt  -125.625015 -8.343750 0.000000
vt  -125.750008 -8.343750 0.000000
vt  -125.749992 -8.562508 0.000000
vt  -125.625008 -8.343756 0.000000
vt  -125.625000 -8.750000 0.000000
vt  -125.537506 -8.750008 0.000000
vt  -125.687508 -8.500006 0.000000
vt  -125.726570 -8.597642 0.000000
vt  -125.625000 -8.750000 0.000000
vt  -125.687515 -8.500000 0.000000
vt  -125.462502 -8.750000 0.000000
vt  -125.406242 -8.656258 0.000000
vt  -125.593758 -8.656256 0.000000
vt  -125.537521 -8.750000 0.000000
vt  -125.462502 -8.750008 0.000000
vt  -125.593765 -8.656256 0.000000
vt  125.250023 14.812500 0.000000
vt  125.250031 14.437492 0.000000
vt  125.300415 14.462686 0.000000
vt  125.300407 14.787309 0.000000
vt  125.250031 14.812492 0.000000
vt  125.300415 14.462686 0.000000
vt  125.655731 14.484642 0.000000
vt  125.750015 14.437492 0.000000
vt  125.750015 14.491663 0.000000
vt  125.655754 -8.144591 0.000000
vt  125.344315 -8.144600 0.000000
vt  125.250038 -8.250006 0.000000
vt  125.750015 -8.250000 0.000000
vt  125.655746 -8.144599 0.000000
vt  125.250023 -8.250006 0.000000
vt  125.750015 -8.250001 0.000000
vt  125.412506 -8.250009 0.000000
vt  125.375008 -8.343757 0.000000
vt  125.750008 -8.343750 0.000000
vt  125.750023 -8.250008 0.000000
vt  125.375008 -8.343756 0.000000
vt  125.300392 14.487911 0.000000
vt  125.300400 14.462684 0.000000
vt  125.344292 14.484633 0.000000
vt  -125.344292 -8.144592 0.000000
vt  -125.655731 -8.144600 0.000000
vt  -125.750008 -8.250006 0.000000
vt  -125.250015 -8.250000 0.000000
vt  -125.344284 -8.144600 0.000000
vt  -125.750008 -8.250006 0.000000
vt  125.750015 14.758331 0.000000
vt  125.750023 14.812492 0.000000
vt  125.655746 14.765355 0.000000
vt  -125.412506 -8.250000 0.000000
vt  -125.750015 -8.250008 0.000000
vt  -125.750008 -8.343756 0.000000
vt  14.866670 -6.625000 0.000000
vt  14.750010 -6.625008 0.000000
vt  14.758338 -8.250006 0.000000
vt  -125.312515 14.500001 0.000000
vt  -125.687492 14.499993 0.000000
vt  -125.687500 14.383327 0.000000
vt  -125.312523 -6.625000 0.000000
vt  -125.302887 -6.500008 0.000000
vt  -125.687500 -6.625006 0.000000
vt  125.687523 -6.625000 0.000000
vt  125.697144 -6.500008 0.000000
vt  125.312546 -6.625006 0.000000
vt  14.762093 -8.193608 0.000000
vt  14.766675 -8.125008 0.000000
vt  14.487913 -8.193614 0.000000
vt  -125.312531 14.383331 0.000000
vt  -125.312515 14.499992 0.000000
vt  -125.687508 14.383326 0.000000
vt  125.429398 -8.144591 0.000000
vt  125.427895 -8.125001 0.000000
vt  125.422661 -8.056975 0.000000
vt  -125.429405 -8.144592 0.000000
vt  -125.344292 -8.144600 0.000000
vt  -125.427895 -8.125006 0.000000
vt  -125.344292 -8.144592 0.000000
vt  -125.422661 -8.056973 0.000000
vt  -125.427895 -8.125000 0.000000
vt  -14.895572 -8.125000 0.000000
vt  -14.890985 -8.193677 0.000000
vt  -14.612233 -8.125006 0.000000
vt  -14.890995 -8.193669 0.000000
vt  -14.616809 -8.193677 0.000000
vt  -14.612234 -8.125006 0.000000
vt  -14.491669 -8.250000 0.000000
vt  -14.383323 -6.625008 0.000000
vt  -14.499994 -6.625006 0.000000
vt  14.766667 -8.125000 0.000000
vt  14.483343 -8.125008 0.000000
vt  14.487914 -8.193614 0.000000
vt  -125.300392 -8.193669 0.000000
vt  -125.187492 -6.500000 0.000000
vt  -125.422653 -8.056973 0.000000
vt  -125.187508 -6.500000 0.000000
vt  -125.302887 -6.500008 0.000000
vt  -125.422661 -8.056979 0.000000
vt  -125.302879 -6.500000 0.000000
vt  -125.312508 -6.625007 0.000000
vt  -125.422661 -8.057064 0.000000
vt  -14.895573 -8.125000 0.000000
vt  -14.612231 -8.125008 0.000000
vt  -15.003901 -6.500007 0.000000
vt  125.572113 -8.125000 0.000000
vt  125.570610 -8.144591 0.000000
vt  125.702850 -8.144592 0.000000
vt  -125.572113 -8.125000 0.000000
vt  -125.697113 -6.500008 0.000000
vt  -125.812492 -6.500006 0.000000
vt  -125.702858 -8.144592 0.000000
vt  -125.699577 -8.193616 0.000000
vt  -125.655739 -8.144598 0.000000
vt  14.493402 -8.125000 0.000000
vt  14.766675 -8.125008 0.000000
vt  14.814543 -7.406919 0.000000
vt  -14.500000 -8.250000 0.000000
vt  -14.491660 -8.250008 0.000000
vt  -14.499994 -6.625006 0.000000
vt  125.699577 -8.193608 0.000000
vt  125.702858 -8.144600 0.000000
vt  125.655746 -8.144598 0.000000
vt  -125.250000 -8.562500 0.000000
vt  -125.250008 -8.395847 0.000000
vt  -125.462502 -8.750000 0.000000
vt  -125.374992 -8.750000 0.000000
vt  -125.249985 -8.562508 0.000000
vt  -125.462486 -8.750006 0.000000
vt  -125.312531 14.749999 0.000000
vt  -125.312515 14.866660 0.000000
vt  -125.687508 14.749993 0.000000
# 1035 texture vertices

vn  -0.745386 -0.666634 -0.000000
vn  -0.745386 -0.666634 -0.000000
vn  -0.745386 -0.666634 -0.000000
vn  0.997787 -0.066498 -0.000000
vn  0.997787 -0.066498 -0.000000
vn  0.997787 -0.066498 -0.000000
vn  0.000045 -0.066511 0.997786
vn  0.000045 -0.066511 0.997786
vn  0.000045 -0.066511 0.997786
vn  0.000000 -0.066550 0.997783
vn  0.000000 -0.066550 0.997783
vn  0.000000 -0.066550 0.997783
vn  0.000003 -0.066551 0.997783
vn  0.000003 -0.066551 0.997783
vn  0.000003 -0.066551 0.997783
vn  0.000000 -0.066503 0.997786
vn  0.000000 -0.066503 0.997786
vn  0.000000 -0.066503 0.997786
vn  0.000000 -0.066503 0.997786
vn  0.000000 -0.066503 0.997786
vn  0.000000 -0.066503 0.997786
vn  0.000000 -0.066503 0.997786
vn  0.000000 -0.066503 0.997786
vn  0.000000 -0.066503 0.997786
vn  0.000000 -0.066503 0.997786
vn  0.000000 -0.066503 0.997786
vn  0.000000 -0.066503 0.997786
vn  0.000000 -0.066503 0.997786
vn  0.000000 -0.066503 0.997786
vn  0.000000 -0.066503 0.997786
vn  0.000000 -0.066503 0.997786
vn  0.000000 -0.066503 0.997786
vn  0.000000 -0.066503 0.997786
vn  0.000000 -0.066528 0.997785
vn  0.000000 -0.066528 0.997785
vn  0.000000 -0.066528 0.997785
vn  0.000011 -0.066533 0.997784
vn  0.000011 -0.066533 0.997784
vn  0.000011 -0.066533 0.997784
vn  0.000000 -0.066523 0.997785
vn  0.000000 -0.066523 0.997785
vn  0.000000 -0.066523 0.997785
vn  -0.997785 -0.066518 -0.000000
vn  -0.997785 -0.066518 -0.000000
vn  -0.997785 -0.066518 -0.000000
vn  -0.997785 -0.066518 -0.000000
vn  -0.997785 -0.066518 -0.000000
vn  -0.997785 -0.066518 -0.000000
vn  -0.000044 -0.066553 -0.997783
vn  -0.000044 -0.066553 -0.997783
vn  -0.000044 -0.066553 -0.997783
vn  0.000024 -0.066493 -0.997787
vn  0.000024 -0.066493 -0.997787
vn  0.000024 -0.066493 -0.997787
vn  0.000000 -0.066551 -0.997783
vn  0.000000 -0.066551 -0.997783
vn  0.000000 -0.066551 -0.997783
vn  0.000000 -0.066503 -0.997786
vn  0.000000 -0.066503 -0.997786
vn  0.000000 -0.066503 -0.997786
vn  0.000000 -0.066503 -0.997786
vn  0.000000 -0.066503 -0.997786
vn  0.000000 -0.066503 -0.997786
vn  0.000000 -0.066503 -0.997786
vn  0.000000 -0.066503 -0.997786
vn  0.000000 -0.066503 -0.997786
vn  0.000000 -0.066503 -0.997786
vn  0.000000 -0.066503 -0.997786
vn  0.000000 -0.066503 -0.997786
vn  0.000000 -0.066503 -0.997786
vn  0.000000 -0.066503 -0.997786
vn  0.000000 -0.066503 -0.997786
vn  0.000000 -0.066503 -0.997786
vn  0.000000 -0.066503 -0.997786
vn  0.000000 -0.066503 -0.997786
vn  -0.000045 -0.066505 -0.997786
vn  -0.000045 -0.066505 -0.997786
vn  -0.000045 -0.066505 -0.997786
vn  0.000000 -0.066528 -0.997785
vn  0.000000 -0.066528 -0.997785
vn  0.000000 -0.066528 -0.997785
vn  0.000022 -0.066524 -0.997785
vn  0.000022 -0.066524 -0.997785
vn  0.000022 -0.066524 -0.997785
vn  0.000000 -1.000000 -0.000000
vn  0.000000 -1.000000 -0.000000
vn  0.000000 -1.000000 -0.000000
vn  0.000000 -1.000000 -0.000000
vn  0.000000 -1.000000 -0.000000
vn  0.000000 -1.000000 -0.000000
vn  0.000000 -1.000000 -0.000000
vn  0.000000 -1.000000 -0.000000
vn  0.000000 -1.000000 -0.000000
vn  0.000000 -1.000000 -0.000000
vn  0.000000 -1.000000 -0.000000
vn  0.000000 -1.000000 -0.000000
vn  0.000000 -1.000000 -0.000000
vn  0.000000 -1.000000 -0.000000
vn  0.000000 -1.000000 -0.000000
vn  0.000000 -1.000000 -0.000000
vn  0.000000 -1.000000 -0.000000
vn  0.000000 -1.000000 -0.000000
vn  0.000000 1.000000 -0.000000
vn  0.000000 1.000000 -0.000000
vn  0.000000 1.000000 -0.000000
vn  0.000000 1.000000 -0.000000
vn  0.000000 1.000000 -0.000000
vn  0.000000 1.000000 -0.000000
vn  -0.745386 -0.666634 -0.000000
vn  -0.745386 -0.666634 -0.000000
vn  -0.745386 -0.666634 -0.000000
vn  0.000000 -1.000000 -0.000000
vn  0.000000 -1.000000 -0.000000
vn  0.000000 -1.000000 -0.000000
vn  0.000000 -1.000000 -0.000000
vn  0.000000 -1.000000 -0.000000
vn  0.000000 -1.000000 -0.000000
vn  0.000000 -1.000000 -0.000000
vn  0.000000 -1.000000 -0.000000
vn  0.000000 -1.000000 -0.000000
vn  0.000000 -0.408117 0.912930
vn  0.000000 -0.408117 0.912930
vn  0.000000 -0.408117 0.912930
vn  0.000041 -0.408234 0.912877
vn  0.000041 -0.408234 0.912877
vn  0.000041 -0.408234 0.912877
vn  0.000000 -1.000000 -0.000000
vn  0.000000 -1.000000 -0.000000
vn  0.000000 -1.000000 -0.000000
vn  0.000000 -1.000000 -0.000000
vn  0.000000 -1.000000 -0.000000
vn  0.000000 -1.000000 -0.000000
vn  0.000000 -1.000000 -0.000000
vn  0.000000 -1.000000 -0.000000
vn  0.000000 -1.000000 -0.000000
vn  0.997787 -0.066498 -0.000000
vn  0.997787 -0.066498 -0.000000
vn  0.997787 -0.066498 -0.000000
vn  -0.000041 -0.408234 -0.912877
vn  -0.000041 -0.408234 -0.912877
vn  -0.000041 -0.408234 -0.912877
vn  0.000000 -0.408117 -0.912930
vn  0.000000 -0.408117 -0.912930
vn  0.000000 -0.408117 -0.912930
vn  0.000000 -0.408117 0.912930
vn  0.000000 -0.408117 0.912930
vn  0.000000 -0.408117 0.912930
vn  0.000045 -0.408278 0.912857
vn  0.000045 -0.408278 0.912857
vn  0.000045 -0.408278 0.912857
vn  0.000000 -1.000000 -0.000000
vn  0.000000 -1.000000 -0.000000
vn  0.000000 -1.000000 -0.000000
vn  -0.928508 -0.371313 -0.000000
vn  -0.928508 -0.371313 -0.000000
vn  -0.928508 -0.371313 -0.000000
vn  0.000000 -0.408265 -0.912864
vn  0.000000 -0.408265 -0.912864
vn  0.000000 -0.408265 -0.912864
vn  0.000000 -0.408265 -0.912864
vn  0.000000 -0.408265 -0.912864
vn  0.000000 -0.408265 -0.912864
vn  0.745377 -0.666644 -0.000000
vn  0.745377 -0.666644 -0.000000
vn  0.745377 -0.666644 -0.000000
vn  -0.928508 -0.371313 -0.000000
vn  -0.928508 -0.371313 -0.000000
vn  -0.928508 -0.371313 -0.000000
vn  0.745377 -0.666644 -0.000000
vn  0.745377 -0.666644 -0.000000
vn  0.745377 -0.666644 -0.000000
vn  0.745340 -0.666685 -0.000000
vn  0.745340 -0.666685 -0.000000
vn  0.745340 -0.666685 -0.000000
vn  0.000000 -1.000000 -0.000000
vn  0.000000 -1.000000 -0.000000
vn  0.000000 -1.000000 -0.000000
vn  0.000000 -1.000000 -0.000000
vn  0.000000 -1.000000 -0.000000
vn  0.000000 -1.000000 -0.000000
vn  0.000000 -1.000000 -0.000000
vn  0.000000 -1.000000 -0.000000
vn  0.000000 -1.000000 -0.000000
vn  0.000000 -1.000000 -0.000000
vn  0.000000 -1.000000 -0.000000
vn  0.000000 -1.000000 -0.000000
vn  0.000000 1.000000 -0.000000
vn  0.000000 1.000000 -0.000000
vn  0.000000 1.000000 -0.000000
vn  0.000000 -1.000000 -0.000000
vn  0.000000 -1.000000 -0.000000
vn  0.000000 -1.000000 -0.000000
vn  0.000000 -1.000000 -0.000000
vn  0.000000 -1.000000 -0.000000
vn  0.000000 -1.000000 -0.000000
vn  0.000000 0.000000 1.000000
vn  0.000000 0.000000 1.000000
vn  0.000000 0.000000 1.000000
vn  0.000000 0.000000 1.000000
vn  0.000000 0.000000 1.000000
vn  0.000000 0.000000 1.000000
vn  0.000000 -1.000000 -0.000000
vn  0.000000 -1.000000 -0.000000
vn  0.000000 -1.000000 -0.000000
vn  0.000000 -1.000000 -0.000000
vn  0.000000 -1.000000 -0.000000
vn  0.000000 -1.000000 -0.000000
vn  0.000000 -1.000000 -0.000000
vn  0.000000 -1.000000 -0.000000
vn  0.000000 -1.000000 -0.000000
vn  -0.745340 -0.666685 -0.000000
vn  -0.745340 -0.666685 -0.000000
vn  -0.745340 -0.666685 -0.000000
vn  0.000000 -1.000000 -0.000000
vn  0.000000 -1.000000 -0.000000
vn  0.000000 -1.000000 -0.000000
vn  0.000000 -1.000000 -0.000000
vn  0.000000 -1.000000 -0.000000
vn  0.000000 -1.000000 -0.000000
vn  0.928508 -0.371313 -0.000000
vn  0.928508 -0.371313 -0.000000
vn  0.928508 -0.371313 -0.000000
vn  0.928508 -0.371313 -0.000000
vn  0.928508 -0.371313 -0.000000
vn  0.928508 -0.371313 -0.000000
vn  0.000000 -1.000000 -0.000000
vn  0.000000 -1.000000 -0.000000
vn  0.000000 -1.000000 -0.000000
vn  0.000000 -1.000000 -0.000000
vn  0.000000 -1.000000 -0.000000
vn  0.000000 -1.000000 -0.000000
vn  0.000000 -1.000000 -0.000000
vn  0.000000 -1.000000 -0.000000
vn  0.000000 -1.000000 -0.000000
vn  0.000000 0.000000 -1.000000
vn  0.000000 0.000000 -1.000000
vn  0.000000 0.000000 -1.000000
vn  0.000000 0.000000 -1.000000
vn  0.000000 0.000000 -1.000000
vn  0.000000 0.000000 -1.000000
vn  0.928508 -0.371313 -0.000000
vn  0.928508 -0.371313 -0.000000
vn  0.928508 -0.371313 -0.000000
vn  0.928508 -0.371313 -0.000000
vn  0.928508 -0.371313 -0.000000
vn  0.928508 -0.371313 -0.000000
vn  0.000000 -1.000000 -0.000000
vn  0.000000 -1.000000 -0.000000
vn  0.000000 -1.000000 -0.000000
vn  -0.928508 -0.371313 -0.000000
vn  -0.928508 -0.371313 -0.000000
vn  -0.928508 -0.371313 -0.000000
vn  0.745340 -0.666685 -0.000000
vn  0.745340 -0.666685 -0.000000
vn  0.745340 -0.666685 -0.000000
vn  0.000000 1.000000 -0.000000
vn  0.000000 1.000000 -0.000000
vn  0.000000 1.000000 -0.000000
vn  -0.745340 -0.666685 -0.000000
vn  -0.745340 -0.666685 -0.000000
vn  -0.745340 -0.666685 -0.000000
vn  -0.928508 -0.371313 -0.000000
vn  -0.928508 -0.371313 -0.000000
vn  -0.928508 -0.371313 -0.000000
vn  0.000000 1.000000 -0.000000
vn  0.000000 1.000000 -0.000000
vn  0.000000 1.000000 -0.000000
vn  0.000000 0.000000 -1.000000
vn  0.000000 0.000000 -1.000000
vn  0.000000 0.000000 -1.000000
vn  0.000000 0.000000 -1.000000
vn  0.000000 0.000000 -1.000000
vn  0.000000 0.000000 -1.000000
vn  0.000000 0.000000 -1.000000
vn  0.000000 0.000000 -1.000000
vn  0.000000 0.000000 -1.000000
vn  0.000000 0.000000 1.000000
vn  0.000000 0.000000 1.000000
vn  0.000000 0.000000 1.000000
vn  0.000000 0.000000 1.000000
vn  0.000000 0.000000 1.000000
vn  0.000000 0.000000 1.000000
vn  0.000000 0.000000 1.000000
vn  0.000000 0.000000 1.000000
vn  0.000000 0.000000 1.000000
vn  0.000000 0.000000 -1.000000
vn  0.000000 0.000000 -1.000000
vn  0.000000 0.000000 -1.000000
vn  0.000000 0.000000 -1.000000
vn  0.000000 0.000000 -1.000000
vn  0.000000 0.000000 -1.000000
vn  0.000000 0.000000 1.000000
vn  0.000000 0.000000 1.000000
vn  0.000000 0.000000 1.000000
vn  0.000000 0.000000 1.000000
vn  0.000000 0.000000 1.000000
vn  0.000000 0.000000 1.000000
vn  0.000000 0.000000 -1.000000
vn  0.000000 0.000000 -1.000000
vn  0.000000 0.000000 -1.000000
vn  0.000000 0.000000 -1.000000
vn  0.000000 0.000000 -1.000000
vn  0.000000 0.000000 -1.000000
vn  0.000000 0.000000 -1.000000
vn  0.000000 0.000000 -1.000000
vn  0.000000 0.000000 -1.000000
vn  0.000000 0.000000 -1.000000
vn  0.000000 0.000000 -1.000000
vn  0.000000 0.000000 -1.000000
vn  0.000000 0.000000 -1.000000
vn  0.000000 0.000000 -1.000000
vn  0.000000 0.000000 -1.000000
vn  0.000000 0.000000 -1.000000
vn  0.000000 0.000000 -1.000000
vn  0.000000 0.000000 -1.000000
vn  0.000000 0.000000 -1.000000
vn  0.000000 0.000000 -1.000000
vn  0.000000 0.000000 -1.000000
vn  0.000000 0.000000 1.000000
vn  0.000000 0.000000 1.000000
vn  0.000000 0.000000 1.000000
vn  0.000000 0.000000 1.000000
vn  0.000000 0.000000 1.000000
vn  0.000000 0.000000 1.000000
vn  0.000000 0.000000 1.000000
vn  0.000000 0.000000 1.000000
vn  0.000000 0.000000 1.000000
vn  0.000000 0.000000 1.000000
vn  0.000000 0.000000 1.000000
vn  0.000000 0.000000 1.000000
vn  0.000000 0.000000 1.000000
vn  0.000000 0.000000 1.000000
vn  0.000000 0.000000 1.000000
vn  0.000000 0.000000 1.000000
vn  0.000000 0.000000 1.000000
vn  0.000000 0.000000 1.000000
vn  0.000000 0.000000 1.000000
vn  0.000000 0.000000 1.000000
vn  0.000000 0.000000 1.000000
vn  0.000000 1.000000 -0.000000
vn  0.000000 1.000000 -0.000000
vn  0.000000 1.000000 -0.000000
vn  -1.000000 0.000000 -0.000000
vn  -1.000000 0.000000 -0.000000
vn  -1.000000 0.000000 -0.000000
vn  0.000000 -0.066521 -0.997785
vn  0.000000 -0.066521 -0.997785
vn  0.000000 -0.066521 -0.997785
vn  0.000000 -0.066503 0.997786
vn  0.000000 -0.066503 0.997786
vn  0.000000 -0.066503 0.997786
vn  0.894427 0.447214 -0.000000
vn  0.894427 0.447214 -0.000000
vn  0.894427 0.447214 -0.000000
vn  0.000000 0.000000 1.000000
vn  0.000000 0.000000 1.000000
vn  0.000000 0.000000 1.000000
vn  -1.000000 0.000000 -0.000000
vn  -1.000000 0.000000 -0.000000
vn  -1.000000 0.000000 -0.000000
vn  1.000000 0.000000 -0.000000
vn  1.000000 0.000000 -0.000000
vn  1.000000 0.000000 -0.000000
vn  1.000000 0.000000 -0.000000
vn  1.000000 0.000000 -0.000000
vn  1.000000 0.000000 -0.000000
vn  0.000000 0.000000 -1.000000
vn  0.000000 0.000000 -1.000000
vn  0.000000 0.000000 -1.000000
vn  0.000000 0.000000 -1.000000
vn  0.000000 0.000000 -1.000000
vn  0.000000 0.000000 -1.000000
vn  -1.000000 0.000000 -0.000000
vn  -1.000000 0.000000 -0.000000
vn  -1.000000 0.000000 -0.000000
vn  0.000000 1.000000 -0.000000
vn  0.000000 1.000000 -0.000000
vn  0.000000 1.000000 -0.000000
vn  -0.000017 -0.066520 -0.997785
vn  -0.000017 -0.066520 -0.997785
vn  -0.000017 -0.066520 -0.997785
vn  0.000000 1.000000 -0.000000
vn  0.000000 1.000000 -0.000000
vn  0.000000 1.000000 -0.000000
vn  -0.997785 -0.066526 -0.000000
vn  -0.997785 -0.066526 -0.000000
vn  -0.997785 -0.066526 -0.000000
vn  1.000000 0.000015 -0.000000
vn  1.000000 0.000015 -0.000000
vn  1.000000 0.000015 -0.000000
vn  1.000000 0.000015 -0.000000
vn  1.000000 0.000015 -0.000000
vn  1.000000 0.000015 -0.000000
vn  -0.997784 -0.066531 0.000021
vn  -0.997784 -0.066531 0.000021
vn  -0.997784 -0.066531 0.000021
vn  0.997786 -0.066512 -0.000000
vn  0.997786 -0.066512 -0.000000
vn  0.997786 -0.066512 -0.000000
vn  0.000000 -0.066503 -0.997786
vn  0.000000 -0.066503 -0.997786
vn  0.000000 -0.066503 -0.997786
vn  1.000000 0.000015 -0.000000
vn  1.000000 0.000015 -0.000000
vn  1.000000 0.000015 -0.000000
vn  1.000000 0.000015 -0.000000
vn  1.000000 0.000015 -0.000000
vn  1.000000 0.000015 -0.000000
vn  0.000000 1.000000 -0.000000
vn  0.000000 1.000000 -0.000000
vn  0.000000 1.000000 -0.000000
vn  -0.997785 -0.066526 -0.000000
vn  -0.997785 -0.066526 -0.000000
vn  -0.997785 -0.066526 -0.000000
vn  0.000000 0.000000 -1.000000
vn  0.000000 0.000000 -1.000000
vn  0.000000 0.000000 -1.000000
vn  0.000000 0.000000 -1.000000
vn  0.000000 0.000000 -1.000000
vn  0.000000 0.000000 -1.000000
vn  0.000000 0.000000 -1.000000
vn  0.000000 0.000000 -1.000000
vn  0.000000 0.000000 -1.000000
vn  0.000000 0.000000 -1.000000
vn  0.000000 0.000000 -1.000000
vn  0.000000 0.000000 -1.000000
vn  0.000000 1.000000 -0.000000
vn  0.000000 1.000000 -0.000000
vn  0.000000 1.000000 -0.000000
vn  -0.997054 -0.076696 -0.000000
vn  -0.997054 -0.076696 -0.000000
vn  -0.997054 -0.076696 -0.000000
vn  0.000000 1.000000 -0.000000
vn  0.000000 1.000000 -0.000000
vn  0.000000 1.000000 -0.000000
vn  0.000000 1.000000 -0.000000
vn  0.000000 1.000000 -0.000000
vn  0.000000 1.000000 -0.000000
vn  -1.000000 0.000000 -0.000000
vn  -1.000000 0.000000 -0.000000
vn  -1.000000 0.000000 -0.000000
vn  -1.000000 0.000000 -0.000000
vn  -1.000000 0.000000 -0.000000
vn  -1.000000 0.000000 -0.000000
vn  0.000000 0.000000 -1.000000
vn  0.000000 0.000000 -1.000000
vn  0.000000 0.000000 -1.000000
vn  0.000000 0.000000 -1.000000
vn  0.000000 0.000000 -1.000000
vn  0.000000 0.000000 -1.000000
vn  0.768713 0.639593 -0.000000
vn  0.768713 0.639593 -0.000000
vn  0.768713 0.639593 -0.000000
vn  0.768713 0.639593 -0.000000
vn  0.768713 0.639593 -0.000000
vn  0.768713 0.639593 -0.000000
vn  0.000000 0.485063 0.874479
vn  0.000000 0.485063 0.874479
vn  0.000000 0.485063 0.874479
vn  0.000000 0.485063 0.874479
vn  0.000000 0.485063 0.874479
vn  0.000000 0.485063 0.874479
vn  -0.768713 0.639593 -0.000000
vn  -0.768713 0.639593 -0.000000
vn  -0.768713 0.639593 -0.000000
vn  -0.768713 0.639593 -0.000000
vn  -0.768713 0.639593 -0.000000
vn  -0.768713 0.639593 -0.000000
vn  0.000000 0.242536 0.970142
vn  0.000000 0.242536 0.970142
vn  0.000000 0.242536 0.970142
vn  0.000000 0.242536 0.970142
vn  0.000000 0.242536 0.970142
vn  0.000000 0.242536 0.970142
vn  0.894427 0.447214 -0.000000
vn  0.894427 0.447214 -0.000000
vn  0.894427 0.447214 -0.000000
vn  0.894427 0.447214 -0.000000
vn  0.894427 0.447214 -0.000000
vn  0.894427 0.447214 -0.000000
vn  0.000000 0.242536 -0.970142
vn  0.000000 0.242536 -0.970142
vn  0.000000 0.242536 -0.970142
vn  0.000000 0.242536 -0.970142
vn  0.000000 0.242536 -0.970142
vn  0.000000 0.242536 -0.970142
vn  -0.894427 0.447214 -0.000000
vn  -0.894427 0.447214 -0.000000
vn  -0.894427 0.447214 -0.000000
vn  -1.000000 0.000000 -0.000000
vn  -1.000000 0.000000 -0.000000
vn  -1.000000 0.000000 -0.000000
vn  -0.000045 -0.066547 -0.997783
vn  -0.000045 -0.066547 -0.997783
vn  -0.000045 -0.066547 -0.997783
vn  0.997055 -0.076687 -0.000000
vn  0.997055 -0.076687 -0.000000
vn  0.997055 -0.076687 -0.000000
vn  0.000000 0.485063 -0.874479
vn  0.000000 0.485063 -0.874479
vn  0.000000 0.485063 -0.874479
vn  0.000000 0.485063 -0.874479
vn  0.000000 0.485063 -0.874479
vn  0.000000 0.485063 -0.874479
vn  0.000000 1.000000 -0.000000
vn  0.000000 1.000000 -0.000000
vn  0.000000 1.000000 -0.000000
vn  0.000000 1.000000 -0.000000
vn  0.000000 1.000000 -0.000000
vn  0.000000 1.000000 -0.000000
vn  0.000000 1.000000 -0.000000
vn  0.000000 1.000000 -0.000000
vn  0.000000 1.000000 -0.000000
vn  0.000000 1.000000 -0.000000
vn  0.000000 1.000000 -0.000000
vn  0.000000 1.000000 -0.000000
vn  -0.894427 0.447214 -0.000000
vn  -0.894427 0.447214 -0.000000
vn  -0.894427 0.447214 -0.000000
vn  0.000000 1.000000 -0.000000
vn  0.000000 1.000000 -0.000000
vn  0.000000 1.000000 -0.000000
vn  0.000000 1.000000 -0.000000
vn  0.000000 1.000000 -0.000000
vn  0.000000 1.000000 -0.000000
vn  0.000000 1.000000 -0.000000
vn  0.000000 1.000000 -0.000000
vn  0.000000 1.000000 -0.000000
vn  0.894427 0.447214 -0.000000
vn  0.894427 0.447214 -0.000000
vn  0.894427 0.447214 -0.000000
vn  0.894427 0.447214 -0.000000
vn  0.894427 0.447214 -0.000000
vn  0.894427 0.447214 -0.000000
vn  0.000000 0.000000 -1.000000
vn  0.000000 0.000000 -1.000000
vn  0.000000 0.000000 -1.000000
vn  0.894427 0.447214 -0.000000
vn  0.894427 0.447214 -0.000000
vn  0.894427 0.447214 -0.000000
vn  0.894427 0.447214 -0.000000
vn  0.894427 0.447214 -0.000000
vn  0.894427 0.447214 -0.000000
vn  0.000000 0.000000 1.000000
vn  0.000000 0.000000 1.000000
vn  0.000000 0.000000 1.000000
vn  0.000000 0.000000 1.000000
vn  0.000000 0.000000 1.000000
vn  0.000000 0.000000 1.000000
vn  0.000000 0.000000 1.000000
vn  0.000000 0.000000 1.000000
vn  0.000000 0.000000 1.000000
vn  0.000000 0.000000 1.000000
vn  0.000000 0.000000 1.000000
vn  0.000000 0.000000 1.000000
vn  0.000000 0.000000 1.000000
vn  0.000000 0.000000 1.000000
vn  0.000000 0.000000 1.000000
vn  0.000000 0.000000 1.000000
vn  0.000000 0.000000 1.000000
vn  0.000000 0.000000 1.000000
vn  0.000000 0.000000 1.000000
vn  0.000000 0.000000 1.000000
vn  0.000000 0.000000 1.000000
vn  0.000000 0.000000 1.000000
vn  0.000000 0.000000 1.000000
vn  0.000000 0.000000 1.000000
vn  0.000000 1.000000 -0.000000
vn  0.000000 1.000000 -0.000000
vn  0.000000 1.000000 -0.000000
vn  -0.997054 -0.076701 0.000065
vn  -0.997054 -0.076701 0.000065
vn  -0.997054 -0.076701 0.000065
vn  0.000000 1.000000 -0.000000
vn  0.000000 1.000000 -0.000000
vn  0.000000 1.000000 -0.000000
vn  0.997055 -0.076692 -0.000065
vn  0.997055 -0.076692 -0.000065
vn  0.997055 -0.076692 -0.000065
vn  0.997055 -0.076692 -0.000000
vn  0.997055 -0.076692 -0.000000
vn  0.997055 -0.076692 -0.000000
vn  0.894427 0.447214 -0.000000
vn  0.894427 0.447214 -0.000000
vn  0.894427 0.447214 -0.000000
vn  0.000000 1.000000 -0.000000
vn  0.000000 1.000000 -0.000000
vn  0.000000 1.000000 -0.000000
vn  0.000000 -0.066519 -0.997785
vn  0.000000 -0.066519 -0.997785
vn  0.000000 -0.066519 -0.997785
vn  0.000001 -0.066519 -0.997785
vn  0.000001 -0.066519 -0.997785
vn  0.000001 -0.066519 -0.997785
vn  0.000000 1.000000 -0.000000
vn  0.000000 1.000000 -0.000000
vn  0.000000 1.000000 -0.000000
vn  0.928472 -0.371402 -0.000000
vn  0.928472 -0.371402 -0.000000
vn  0.928472 -0.371402 -0.000000
vn  0.928472 -0.371402 -0.000000
vn  0.928472 -0.371402 -0.000000
vn  0.928472 -0.371402 -0.000000
vn  0.000000 -1.000000 -0.000000
vn  0.000000 -1.000000 -0.000000
vn  0.000000 -1.000000 -0.000000
vn  0.000000 -1.000000 -0.000000
vn  0.000000 -1.000000 -0.000000
vn  0.000000 -1.000000 -0.000000
vn  0.000000 -1.000000 -0.000000
vn  0.000000 -1.000000 -0.000000
vn  0.000000 -1.000000 -0.000000
vn  0.000000 -1.000000 -0.000000
vn  0.000000 -1.000000 -0.000000
vn  0.000000 -1.000000 -0.000000
vn  0.000000 -1.000000 -0.000000
vn  0.000000 -1.000000 -0.000000
vn  0.000000 -1.000000 -0.000000
vn  0.000000 -1.000000 -0.000000
vn  0.000000 -1.000000 -0.000000
vn  0.000000 -1.000000 -0.000000
vn  0.000000 -1.000000 -0.000000
vn  0.000000 -1.000000 -0.000000
vn  0.000000 -1.000000 -0.000000
vn  0.000000 -1.000000 -0.000000
vn  0.000000 -1.000000 -0.000000
vn  0.000000 -1.000000 -0.000000
vn  0.000000 -1.000000 -0.000000
vn  0.000000 -1.000000 -0.000000
vn  0.000000 -1.000000 -0.000000
vn  0.000000 -1.000000 -0.000000
vn  0.000000 -1.000000 -0.000000
vn  0.000000 -1.000000 -0.000000
vn  0.000000 -1.000000 -0.000000
vn  0.000000 -1.000000 -0.000000
vn  0.000000 -1.000000 -0.000000
vn  0.000000 -1.000000 -0.000000
vn  0.000000 -1.000000 -0.000000
vn  0.000000 -1.000000 -0.000000
vn  0.832050 -0.554700 -0.000000
vn  0.832050 -0.554700 -0.000000
vn  0.832050 -0.554700 -0.000000
vn  0.832050 -0.554700 -0.000000
vn  0.832050 -0.554700 -0.000000
vn  0.832050 -0.554700 -0.000000
vn  -0.001635 -0.066760 0.997768
vn  -0.001635 -0.066760 0.997768
vn  -0.001635 -0.066760 0.997768
vn  0.000000 -0.066521 0.997785
vn  0.000000 -0.066521 0.997785
vn  0.000000 -0.066521 0.997785
vn  -0.928508 -0.371313 -0.000000
vn  -0.928508 -0.371313 -0.000000
vn  -0.928508 -0.371313 -0.000000
vn  -0.928508 -0.371313 -0.000000
vn  -0.928508 -0.371313 -0.000000
vn  -0.928508 -0.371313 -0.000000
vn  0.928508 -0.371313 -0.000000
vn  0.928508 -0.371313 -0.000000
vn  0.928508 -0.371313 -0.000000
vn  0.928508 -0.371313 -0.000000
vn  0.928508 -0.371313 -0.000000
vn  0.928508 -0.371313 -0.000000
vn  0.000000 0.000000 -1.000000
vn  0.000000 0.000000 -1.000000
vn  0.000000 0.000000 -1.000000
vn  0.000000 0.000000 -1.000000
vn  0.000000 0.000000 -1.000000
vn  0.000000 0.000000 -1.000000
vn  -0.832050 -0.554700 -0.000000
vn  -0.832050 -0.554700 -0.000000
vn  -0.832050 -0.554700 -0.000000
vn  -0.832050 -0.554700 -0.000000
vn  -0.832050 -0.554700 -0.000000
vn  -0.832050 -0.554700 -0.000000
vn  0.000000 -1.000000 -0.000000
vn  0.000000 -1.000000 -0.000000
vn  0.000000 -1.000000 -0.000000
vn  0.000000 -1.000000 -0.000000
vn  0.000000 -1.000000 -0.000000
vn  0.000000 -1.000000 -0.000000
vn  0.000000 0.000000 1.000000
vn  0.000000 0.000000 1.000000
vn  0.000000 0.000000 1.000000
vn  0.000000 0.000000 1.000000
vn  0.000000 0.000000 1.000000
vn  0.000000 0.000000 1.000000
vn  0.857493 -0.514496 -0.000000
vn  0.857493 -0.514496 -0.000000
vn  0.857493 -0.514496 -0.000000
vn  0.857493 -0.514496 -0.000000
vn  0.857493 -0.514496 -0.000000
vn  0.857493 -0.514496 -0.000000
vn  -0.857493 -0.514496 -0.000000
vn  -0.857493 -0.514496 -0.000000
vn  -0.857493 -0.514496 -0.000000
vn  -0.857493 -0.514496 -0.000000
vn  -0.857493 -0.514496 -0.000000
vn  -0.857493 -0.514496 -0.000000
vn  0.000000 0.000000 -1.000000
vn  0.000000 0.000000 -1.000000
vn  0.000000 0.000000 -1.000000
vn  0.000000 0.000000 -1.000000
vn  0.000000 0.000000 -1.000000
vn  0.000000 0.000000 -1.000000
vn  -0.857493 -0.514496 -0.000000
vn  -0.857493 -0.514496 -0.000000
vn  -0.857493 -0.514496 -0.000000
vn  -0.857493 -0.514496 -0.000000
vn  -0.857493 -0.514496 -0.000000
vn  -0.857493 -0.514496 -0.000000
vn  0.857493 -0.514496 -0.000000
vn  0.857493 -0.514496 -0.000000
vn  0.857493 -0.514496 -0.000000
vn  0.857493 -0.514496 -0.000000
vn  0.857493 -0.514496 -0.000000
vn  0.857493 -0.514496 -0.000000
vn  -0.928532 -0.371254 -0.000000
vn  -0.928532 -0.371254 -0.000000
vn  -0.928532 -0.371254 -0.000000
vn  -0.928508 -0.371313 -0.000000
vn  -0.928508 -0.371313 -0.000000
vn  -0.928508 -0.371313 -0.000000
vn  0.000000 -1.000000 -0.000000
vn  0.000000 -1.000000 -0.000000
vn  0.000000 -1.000000 -0.000000
vn  0.000000 -1.000000 -0.000000
vn  0.000000 -1.000000 -0.000000
vn  0.000000 -1.000000 -0.000000
vn  -0.745386 -0.666633 -0.000000
vn  -0.745386 -0.666633 -0.000000
vn  -0.745386 -0.666633 -0.000000
vn  0.745358 -0.666664 -0.000000
vn  0.745358 -0.666664 -0.000000
vn  0.745358 -0.666664 -0.000000
vn  0.745358 -0.666664 -0.000000
vn  0.745358 -0.666664 -0.000000
vn  0.745358 -0.666664 -0.000000
vn  0.000000 -1.000000 -0.000000
vn  0.000000 -1.000000 -0.000000
vn  0.000000 -1.000000 -0.000000
vn  0.000000 -1.000000 -0.000000
vn  0.000000 -1.000000 -0.000000
vn  0.000000 -1.000000 -0.000000
vn  0.000000 -0.408265 -0.912864
vn  0.000000 -0.408265 -0.912864
vn  0.000000 -0.408265 -0.912864
vn  0.000025 -0.408115 -0.912930
vn  0.000025 -0.408115 -0.912930
vn  0.000025 -0.408115 -0.912930
vn  0.000000 -0.408281 0.912856
vn  0.000000 -0.408281 0.912856
vn  0.000000 -0.408281 0.912856
vn  -0.000027 -0.408115 0.912931
vn  -0.000027 -0.408115 0.912931
vn  -0.000027 -0.408115 0.912931
vn  0.000000 -1.000000 -0.000000
vn  0.000000 -1.000000 -0.000000
vn  0.000000 -1.000000 -0.000000
vn  0.000000 -1.000000 -0.000000
vn  0.000000 -1.000000 -0.000000
vn  0.000000 -1.000000 -0.000000
vn  0.000000 -1.000000 -0.000000
vn  0.000000 -1.000000 -0.000000
vn  0.000000 -1.000000 -0.000000
vn  0.000000 -1.000000 -0.000000
vn  0.000000 -1.000000 -0.000000
vn  0.000000 -1.000000 -0.000000
vn  0.000000 -1.000000 -0.000000
vn  0.000000 -1.000000 -0.000000
vn  0.000000 -1.000000 -0.000000
vn  0.000000 0.000000 -1.000000
vn  0.000000 0.000000 -1.000000
vn  0.000000 0.000000 -1.000000
vn  0.000000 0.000000 -1.000000
vn  0.000000 0.000000 -1.000000
vn  0.000000 0.000000 -1.000000
vn  0.000000 0.000000 -1.000000
vn  0.000000 0.000000 -1.000000
vn  0.000000 0.000000 -1.000000
vn  0.000000 0.000000 -1.000000
vn  0.000000 0.000000 -1.000000
vn  0.000000 0.000000 -1.000000
vn  -1.000000 -0.000049 -0.000000
vn  -1.000000 -0.000049 -0.000000
vn  -1.000000 -0.000049 -0.000000
vn  -1.000000 -0.000049 -0.000000
vn  -1.000000 -0.000049 -0.000000
vn  -1.000000 -0.000049 -0.000000
vn  0.000000 0.000000 -1.000000
vn  0.000000 0.000000 -1.000000
vn  0.000000 0.000000 -1.000000
vn  0.000000 0.000000 -1.000000
vn  0.000000 0.000000 -1.000000
vn  0.000000 0.000000 -1.000000
vn  0.928508 -0.371313 -0.000000
vn  0.928508 -0.371313 -0.000000
vn  0.928508 -0.371313 -0.000000
vn  0.928508 -0.371313 -0.000000
vn  0.928508 -0.371313 -0.000000
vn  0.928508 -0.371313 -0.000000
vn  0.928477 -0.371391 -0.000000
vn  0.928477 -0.371391 -0.000000
vn  0.928477 -0.371391 -0.000000
vn  0.928477 -0.371391 -0.000000
vn  0.928477 -0.371391 -0.000000
vn  0.928477 -0.371391 -0.000000
vn  0.928449 -0.371459 -0.000000
vn  0.928449 -0.371459 -0.000000
vn  0.928449 -0.371459 -0.000000
vn  0.928449 -0.371459 -0.000000
vn  0.928449 -0.371459 -0.000000
vn  0.928449 -0.371459 -0.000000
vn  0.000000 -1.000000 -0.000000
vn  0.000000 -1.000000 -0.000000
vn  0.000000 -1.000000 -0.000000
vn  0.000000 -1.000000 -0.000000
vn  0.000000 -1.000000 -0.000000
vn  0.000000 -1.000000 -0.000000
vn  0.928449 -0.371459 -0.000000
vn  0.928449 -0.371459 -0.000000
vn  0.928449 -0.371459 -0.000000
vn  0.928449 -0.371459 -0.000000
vn  0.928449 -0.371459 -0.000000
vn  0.928449 -0.371459 -0.000000
vn  0.928480 -0.371382 -0.000000
vn  0.928480 -0.371382 -0.000000
vn  0.928480 -0.371382 -0.000000
vn  0.928480 -0.371382 -0.000000
vn  0.928480 -0.371382 -0.000000
vn  0.928480 -0.371382 -0.000000
vn  0.928472 -0.371402 -0.000000
vn  0.928472 -0.371402 -0.000000
vn  0.928472 -0.371402 -0.000000
vn  0.928472 -0.371402 -0.000000
vn  0.928472 -0.371402 -0.000000
vn  0.928472 -0.371402 -0.000000
vn  1.000000 0.000049 -0.000000
vn  1.000000 0.000049 -0.000000
vn  1.000000 0.000049 -0.000000
vn  1.000000 0.000049 -0.000000
vn  1.000000 0.000049 -0.000000
vn  1.000000 0.000049 -0.000000
vn  0.000000 0.000000 -1.000000
vn  0.000000 0.000000 -1.000000
vn  0.000000 0.000000 -1.000000
vn  0.000000 0.000000 -1.000000
vn  0.000000 0.000000 -1.000000
vn  0.000000 0.000000 -1.000000
vn  0.000000 0.000000 -1.000000
vn  0.000000 0.000000 -1.000000
vn  0.000000 0.000000 -1.000000
vn  -0.928508 -0.371313 -0.000000
vn  -0.928508 -0.371313 -0.000000
vn  -0.928508 -0.371313 -0.000000
vn  0.000000 0.000000 1.000000
vn  0.000000 0.000000 1.000000
vn  0.000000 0.000000 1.000000
vn  0.000000 -1.000000 -0.000000
vn  0.000000 -1.000000 -0.000000
vn  0.000000 -1.000000 -0.000000
vn  -0.928532 -0.371254 -0.000000
vn  -0.928532 -0.371254 -0.000000
vn  -0.928532 -0.371254 -0.000000
vn  -0.928470 -0.371408 -0.000000
vn  -0.928470 -0.371408 -0.000000
vn  -0.928470 -0.371408 -0.000000
vn  -0.928470 -0.371408 -0.000000
vn  -0.928470 -0.371408 -0.000000
vn  -0.928470 -0.371408 -0.000000
vn  -0.928458 -0.371436 -0.000000
vn  -0.928458 -0.371436 -0.000000
vn  -0.928458 -0.371436 -0.000000
vn  -0.928458 -0.371436 -0.000000
vn  -0.928458 -0.371436 -0.000000
vn  -0.928458 -0.371436 -0.000000
vn  -0.928532 -0.371254 -0.000000
vn  -0.928532 -0.371254 -0.000000
vn  -0.928532 -0.371254 -0.000000
vn  -0.928532 -0.371254 -0.000000
vn  -0.928532 -0.371254 -0.000000
vn  -0.928532 -0.371254 -0.000000
vn  -0.928470 -0.371408 -0.000000
vn  -0.928470 -0.371408 -0.000000
vn  -0.928470 -0.371408 -0.000000
vn  -0.928470 -0.371408 -0.000000
vn  -0.928470 -0.371408 -0.000000
vn  -0.928470 -0.371408 -0.000000
vn  -0.928458 -0.371436 -0.000000
vn  -0.928458 -0.371436 -0.000000
vn  -0.928458 -0.371436 -0.000000
vn  -0.928458 -0.371436 -0.000000
vn  -0.928458 -0.371436 -0.000000
vn  -0.928458 -0.371436 -0.000000
vn  0.000000 0.000000 1.000000
vn  0.000000 0.000000 1.000000
vn  0.000000 0.000000 1.000000
vn  0.000000 0.000000 1.000000
vn  0.000000 0.000000 1.000000
vn  0.000000 0.000000 1.000000
vn  0.000000 0.000000 1.000000
vn  0.000000 0.000000 1.000000
vn  0.000000 0.000000 1.000000
vn  0.000000 0.000000 1.000000
vn  0.000000 0.000000 1.000000
vn  0.000000 0.000000 1.000000
vn  0.000000 0.000000 1.000000
vn  0.000000 0.000000 1.000000
vn  0.000000 0.000000 1.000000
vn  0.000000 0.000000 1.000000
vn  0.000000 0.000000 1.000000
vn  0.000000 0.000000 1.000000
vn  0.000000 0.000000 1.000000
vn  0.000000 0.000000 1.000000
vn  0.000000 0.000000 1.000000
vn  0.000000 0.000000 1.000000
vn  0.000000 0.000000 1.000000
vn  0.000000 0.000000 1.000000
vn  0.000000 0.000000 1.000000
vn  0.000000 0.000000 1.000000
vn  0.000000 0.000000 1.000000
vn  -0.745351 -0.666673 -0.000000
vn  -0.745351 -0.666673 -0.000000
vn  -0.745351 -0.666673 -0.000000
vn  -0.745350 -0.666673 -0.000000
vn  -0.745350 -0.666673 -0.000000
vn  -0.745350 -0.666673 -0.000000
vn  0.745367 -0.666655 -0.000000
vn  0.745367 -0.666655 -0.000000
vn  0.745367 -0.666655 -0.000000
vn  0.000011 -0.408229 0.912880
vn  0.000011 -0.408229 0.912880
vn  0.000011 -0.408229 0.912880
vn  0.000000 -0.408265 0.912864
vn  0.000000 -0.408265 0.912864
vn  0.000000 -0.408265 0.912864
vn  0.000000 0.000000 -1.000000
vn  0.000000 0.000000 -1.000000
vn  0.000000 0.000000 -1.000000
vn  0.000000 0.000000 -1.000000
vn  0.000000 0.000000 -1.000000
vn  0.000000 0.000000 -1.000000
vn  -0.745386 -0.666634 -0.000000
vn  -0.745386 -0.666634 -0.000000
vn  -0.745386 -0.666634 -0.000000
vn  0.000000 -0.408237 -0.912876
vn  0.000000 -0.408237 -0.912876
vn  0.000000 -0.408237 -0.912876
vn  0.000000 -0.408237 -0.912876
vn  0.000000 -0.408237 -0.912876
vn  0.000000 -0.408237 -0.912876
vn  0.745367 -0.666655 -0.000000
vn  0.745367 -0.666655 -0.000000
vn  0.745367 -0.666655 -0.000000
vn  0.000000 0.000000 1.000000
vn  0.000000 0.000000 1.000000
vn  0.000000 0.000000 1.000000
vn  0.997055 -0.076688 -0.000065
vn  0.997055 -0.076688 -0.000065
vn  0.997055 -0.076688 -0.000065
vn  0.000000 1.000000 -0.000000
vn  0.000000 1.000000 -0.000000
vn  0.000000 1.000000 -0.000000
vn  0.000000 -0.066503 0.997786
vn  0.000000 -0.066503 0.997786
vn  0.000000 -0.066503 0.997786
vn  0.000000 -0.066503 -0.997786
vn  0.000000 -0.066503 -0.997786
vn  0.000000 -0.066503 -0.997786
vn  -0.997782 -0.066573 -0.000000
vn  -0.997782 -0.066573 -0.000000
vn  -0.997782 -0.066573 -0.000000
vn  0.000000 1.000000 -0.000000
vn  0.000000 1.000000 -0.000000
vn  0.000000 1.000000 -0.000000
vn  0.438938 -0.093354 -0.893654
vn  0.438938 -0.093354 -0.893654
vn  0.438938 -0.093354 -0.893654
vn  0.000000 -0.066442 0.997790
vn  0.000000 -0.066442 0.997790
vn  0.000000 -0.066442 0.997790
vn  -0.000020 -0.066526 0.997785
vn  -0.000020 -0.066526 0.997785
vn  -0.000020 -0.066526 0.997785
vn  0.997785 -0.066514 -0.000000
vn  0.997785 -0.066514 -0.000000
vn  0.997785 -0.066514 -0.000000
vn  0.997785 -0.066514 -0.000000
vn  0.997785 -0.066514 -0.000000
vn  0.997785 -0.066514 -0.000000
vn  -0.997054 -0.076697 0.000065
vn  -0.997054 -0.076697 0.000065
vn  -0.997054 -0.076697 0.000065
vn  -0.997782 -0.066573 -0.000000
vn  -0.997782 -0.066573 -0.000000
vn  -0.997782 -0.066573 -0.000000
vn  0.000002 -0.066519 0.997785
vn  0.000002 -0.066519 0.997785
vn  0.000002 -0.066519 0.997785
vn  0.000000 -0.066519 0.997785
vn  0.000000 -0.066519 0.997785
vn  0.000000 -0.066519 0.997785
vn  0.159617 -0.077888 0.984101
vn  0.159617 -0.077888 0.984101
vn  0.159617 -0.077888 0.984101
vn  0.997786 -0.066512 -0.000000
vn  0.997786 -0.066512 -0.000000
vn  0.997786 -0.066512 -0.000000
vn  -0.000028 -0.066447 -0.997790
vn  -0.000028 -0.066447 -0.997790
vn  -0.000028 -0.066447 -0.997790
vn  0.000000 -0.066519 0.997785
vn  0.000000 -0.066519 0.997785
vn  0.000000 -0.066519 0.997785
vn  -0.000081 -0.066477 0.997788
vn  -0.000081 -0.066477 0.997788
vn  -0.000081 -0.066477 0.997788
vn  -0.997785 -0.066522 -0.000000
vn  -0.997785 -0.066522 -0.000000
vn  -0.997785 -0.066522 -0.000000
vn  -0.997054 -0.076696 -0.000000
vn  -0.997054 -0.076696 -0.000000
vn  -0.997054 -0.076696 -0.000000
vn  0.000000 -0.066471 -0.997788
vn  0.000000 -0.066471 -0.997788
vn  0.000000 -0.066471 -0.997788
vn  0.000000 0.000000 1.000000
vn  0.000000 0.000000 1.000000
vn  0.000000 0.000000 1.000000
vn  0.000000 0.000000 1.000000
vn  0.000000 0.000000 1.000000
vn  0.000000 0.000000 1.000000
vn  0.000000 1.000000 -0.000000
vn  0.000000 1.000000 -0.000000
vn  0.000000 1.000000 -0.000000
# 1035 vertex normals

g objStaticMeshActor0
s 0
f 2/2/2 1/1/1 3/3/3
f 4/4/4 5/5/5 6/6/6
f 7/7/7 8/8/8 9/9/9
f 10/10/10 11/11/11 12/12/12
f 13/13/13 14/14/14 15/15/15
f 16/16/16 17/17/17 18/18/18
f 19/19/19 20/20/20 21/21/21
f 22/22/22 23/23/23 24/24/24
f 25/25/25 26/26/26 27/27/27
f 28/28/28 29/29/29 30/30/30
f 31/31/31 32/32/32 33/33/33
f 34/34/34 35/35/35 36/36/36
f 37/37/37 38/38/38 39/39/39
f 40/40/40 41/41/41 42/42/42
f 43/43/43 44/44/44 45/45/45
f 46/46/46 47/47/47 48/48/48
f 49/49/49 50/50/50 51/51/51
f 52/52/52 53/53/53 54/54/54
f 55/55/55 56/56/56 57/57/57
f 58/58/58 59/59/59 60/60/60
f 61/61/61 62/62/62 63/63/63
f 64/64/64 65/65/65 66/66/66
f 67/67/67 68/68/68 69/69/69
f 70/70/70 71/71/71 72/72/72
f 73/73/73 74/74/74 75/75/75
f 76/76/76 77/77/77 78/78/78
f 79/79/79 80/80/80 81/81/81
f 82/82/82 83/83/83 84/84/84
f 85/85/85 86/86/86 87/87/87
f 88/88/88 89/89/89 90/90/90
f 91/91/91 92/92/92 93/93/93
f 94/94/94 95/95/95 96/96/96
f 97/97/97 98/98/98 99/99/99
f 100/100/100 101/101/101 102/102/102
f 103/103/103 104/104/104 105/105/105
f 106/106/106 107/107/107 108/108/108
f 110/110/110 109/109/109 111/111/111
f 113/113/113 112/112/112 114/114/114
f 116/116/116 115/115/115 117/117/117
f 119/119/119 118/118/118 120/120/120
f 122/122/122 121/121/121 123/123/123
f 125/125/125 124/124/124 126/126/126
f 128/128/128 127/127/127 129/129/129
f 131/131/131 130/130/130 132/132/132
f 133/133/133 134/134/134 135/135/135
f 136/136/136 137/137/137 138/138/138
f 140/140/140 139/139/139 141/141/141
f 143/143/143 142/142/142 144/144/144
f 146/146/146 145/145/145 147/147/147
f 149/149/149 148/148/148 150/150/150
f 151/151/151 152/152/152 153/153/153
f 154/154/154 155/155/155 156/156/156
f 158/158/158 157/157/157 159/159/159
f 161/161/161 160/160/160 162/162/162
f 164/164/164 163/163/163 165/165/165
f 166/166/166 167/167/167 168/168/168
f 170/170/170 169/169/169 171/171/171
f 173/173/173 172/172/172 174/174/174
f 175/175/175 176/176/176 177/177/177
f 179/179/179 178/178/178 180/180/180
f 181/181/181 182/182/182 183/183/183
f 184/184/184 185/185/185 186/186/186
f 188/188/188 187/187/187 189/189/189
f 190/190/190 191/191/191 192/192/192
f 193/193/193 194/194/194 195/195/195
f 196/196/196 197/197/197 198/198/198
f 199/199/199 200/200/200 201/201/201
f 203/203/203 202/202/202 204/204/204
f 206/206/206 205/205/205 207/207/207
f 208/208/208 209/209/209 210/210/210
f 212/212/212 211/211/211 213/213/213
f 214/214/214 215/215/215 216/216/216
f 217/217/217 218/218/218 219/219/219
f 220/220/220 221/221/221 222/222/222
f 223/223/223 224/224/224 225/225/225
f 227/227/227 226/226/226 228/228/228
f 230/230/230 229/229/229 231/231/231
f 232/232/232 233/233/233 234/234/234
f 235/235/235 236/236/236 237/237/237
f 238/238/238 239/239/239 240/240/240
f 241/241/241 242/242/242 243/243/243
f 244/244/244 245/245/245 246/246/246
f 247/247/247 248/248/248 249/249/249
f 250/250/250 251/251/251 252/252/252
f 254/254/254 253/253/253 255/255/255
f 257/257/257 256/256/256 258/258/258
f 260/260/260 259/259/259 261/261/261
f 262/262/262 263/263/263 264/264/264
f 265/265/265 266/266/266 267/267/267
f 268/268/268 269/269/269 270/270/270
f 271/271/271 272/272/272 273/273/273
f 274/274/274 275/275/275 276/276/276
f 277/277/277 278/278/278 279/279/279
f 280/280/280 281/281/281 282/282/282
f 283/283/283 284/284/284 285/285/285
f 286/286/286 287/287/287 288/288/288
f 289/289/289 290/290/290 291/291/291
f 292/292/292 293/293/293 294/294/294
f 295/295/295 296/296/296 297/297/297
f 298/298/298 299/299/299 300/300/300
f 301/301/301 302/302/302 303/303/303
f 304/304/304 305/305/305 306/306/306
f 307/307/307 308/308/308 309/309/309
f 310/310/310 311/311/311 312/312/312
f 313/313/313 314/314/314 315/315/315
f 316/316/316 317/317/317 318/318/318
f 319/319/319 320/320/320 321/321/321
f 322/322/322 323/323/323 324/324/324
f 325/325/325 326/326/326 327/327/327
f 328/328/328 329/329/329 330/330/330
f 331/331/331 332/332/332 333/333/333
f 334/334/334 335/335/335 336/336/336
f 337/337/337 338/338/338 339/339/339
f 340/340/340 341/341/341 342/342/342
f 344/344/344 343/343/343 345/345/345
f 346/346/346 347/347/347 348/348/348
f 349/349/349 350/350/350 351/351/351
f 352/352/352 353/353/353 354/354/354
f 355/355/355 356/356/356 357/357/357
f 359/359/359 358/358/358 360/360/360
f 361/361/361 362/362/362 363/363/363
f 364/364/364 365/365/365 366/366/366
f 367/367/367 368/368/368 369/369/369
f 370/370/370 371/371/371 372/372/372
f 374/374/374 373/373/373 375/375/375
f 376/376/376 377/377/377 378/378/378
f 379/379/379 380/380/380 381/381/381
f 382/382/382 383/383/383 384/384/384
f 385/385/385 386/386/386 387/387/387
f 389/389/389 388/388/388 390/390/390
f 392/392/392 391/391/391 393/393/393
f 394/394/394 395/395/395 396/396/396
f 397/397/397 398/398/398 399/399/399
f 400/400/400 401/401/401 402/402/402
f 404/404/404 403/403/403 405/405/405
f 407/407/407 406/406/406 408/408/408
f 409/409/409 410/410/410 411/411/411
f 412/412/412 413/413/413 414/414/414
f 415/415/415 416/416/416 417/417/417
f 418/418/418 419/419/419 420/420/420
f 421/421/421 422/422/422 423/423/423
f 424/424/424 425/425/425 426/426/426
f 427/427/427 428/428/428 429/429/429
f 431/431/431 430/430/430 432/432/432
f 433/433/433 434/434/434 435/435/435
f 436/436/436 437/437/437 438/438/438
f 439/439/439 440/440/440 441/441/441
f 442/442/442 443/443/443 444/444/444
f 445/445/445 446/446/446 447/447/447
f 448/448/448 449/449/449 450/450/450
f 451/451/451 452/452/452 453/453/453
f 454/454/454 455/455/455 456/456/456
f 457/457/457 458/458/458 459/459/459
f 460/460/460 461/461/461 462/462/462
f 463/463/463 464/464/464 465/465/465
f 466/466/466 467/467/467 468/468/468
f 469/469/469 470/470/470 471/471/471
f 472/472/472 473/473/473 474/474/474
f 475/475/475 476/476/476 477/477/477
f 478/478/478 479/479/479 480/480/480
f 481/481/481 482/482/482 483/483/483
f 484/484/484 485/485/485 486/486/486
f 487/487/487 488/488/488 489/489/489
f 491/491/491 490/490/490 492/492/492
f 493/493/493 494/494/494 495/495/495
f 497/497/497 496/496/496 498/498/498
f 499/499/499 500/500/500 501/501/501
f 502/502/502 503/503/503 504/504/504
f 505/505/505 506/506/506 507/507/507
f 508/508/508 509/509/509 510/510/510
f 511/511/511 512/512/512 513/513/513
f 514/514/514 515/515/515 516/516/516
f 517/517/517 518/518/518 519/519/519
f 520/520/520 521/521/521 522/522/522
f 524/524/524 523/523/523 525/525/525
f 527/527/527 526/526/526 528/528/528
f 530/530/530 529/529/529 531/531/531
f 533/533/533 532/532/532 534/534/534
f 535/535/535 536/536/536 537/537/537
f 538/538/538 539/539/539 540/540/540
f 541/541/541 542/542/542 543/543/543
f 544/544/544 545/545/545 546/546/546
f 547/547/547 548/548/548 549/549/549
f 550/550/550 551/551/551 552/552/552
f 553/553/553 554/554/554 555/555/555
f 556/556/556 557/557/557 558/558/558
f 559/559/559 560/560/560 561/561/561
f 562/562/562 563/563/563 564/564/564
f 565/565/565 566/566/566 567/567/567
f 569/569/569 568/568/568 570/570/570
f 572/572/572 571/571/571 573/573/573
f 575/575/575 574/574/574 576/576/576
f 578/578/578 577/577/577 579/579/579
f 581/581/581 580/580/580 582/582/582
f 583/583/583 584/584/584 585/585/585
f 587/587/587 586/586/586 588/588/588
f 589/589/589 590/590/590 591/591/591
f 592/592/592 593/593/593 594/594/594
f 595/595/595 596/596/596 597/597/597
f 598/598/598 599/599/599 600/600/600
f 601/601/601 602/602/602 603/603/603
f 604/604/604 605/605/605 606/606/606
f 607/607/607 608/608/608 609/609/609
f 610/610/610 611/611/611 612/612/612
f 613/613/613 614/614/614 615/615/615
f 616/616/616 617/617/617 618/618/618
f 619/619/619 620/620/620 621/621/621
f 622/622/622 623/623/623 624/624/624
f 625/625/625 626/626/626 627/627/627
f 628/628/628 629/629/629 630/630/630
f 631/631/631 632/632/632 633/633/633
f 634/634/634 635/635/635 636/636/636
f 637/637/637 638/638/638 639/639/639
f 640/640/640 641/641/641 642/642/642
f 643/643/643 644/644/644 645/645/645
f 646/646/646 647/647/647 648/648/648
f 649/649/649 650/650/650 651/651/651
f 652/652/652 653/653/653 654/654/654
f 655/655/655 656/656/656 657/657/657
f 658/658/658 659/659/659 660/660/660
f 661/661/661 662/662/662 663/663/663
f 664/664/664 665/665/665 666/666/666
f 667/667/667 668/668/668 669/669/669
f 670/670/670 671/671/671 672/672/672
f 673/673/673 674/674/674 675/675/675
f 677/677/677 676/676/676 678/678/678
f 680/680/680 679/679/679 681/681/681
f 682/682/682 683/683/683 684/684/684
f 685/685/685 686/686/686 687/687/687
f 689/689/689 688/688/688 690/690/690
f 692/692/692 691/691/691 693/693/693
f 695/695/695 694/694/694 696/696/696
f 698/698/698 697/697/697 699/699/699
f 700/700/700 701/701/701 702/702/702
f 703/703/703 704/704/704 705/705/705
f 707/707/707 706/706/706 708/708/708
f 710/710/710 709/709/709 711/711/711
f 713/713/713 712/712/712 714/714/714
f 716/716/716 715/715/715 717/717/717
f 718/718/718 719/719/719 720/720/720
f 721/721/721 722/722/722 723/723/723
f 724/724/724 725/725/725 726/726/726
f 727/727/727 728/728/728 729/729/729
f 731/731/731 730/730/730 732/732/732
f 734/734/734 733/733/733 735/735/735
f 737/737/737 736/736/736 738/738/738
f 740/740/740 739/739/739 741/741/741
f 743/743/743 742/742/742 744/744/744
f 746/746/746 745/745/745 747/747/747
f 749/749/749 748/748/748 750/750/750
f 752/752/752 751/751/751 753/753/753
f 755/755/755 754/754/754 756/756/756
f 758/758/758 757/757/757 759/759/759
f 760/760/760 761/761/761 762/762/762
f 763/763/763 764/764/764 765/765/765
f 767/767/767 766/766/766 768/768/768
f 770/770/770 769/769/769 771/771/771
f 772/772/772 773/773/773 774/774/774
f 775/775/775 776/776/776 777/777/777
f 778/778/778 779/779/779 780/780/780
f 781/781/781 782/782/782 783/783/783
f 784/784/784 785/785/785 786/786/786
f 787/787/787 788/788/788 789/789/789
f 790/790/790 791/791/791 792/792/792
f 793/793/793 794/794/794 795/795/795
f 796/796/796 797/797/797 798/798/798
f 799/799/799 800/800/800 801/801/801
f 802/802/802 803/803/803 804/804/804
f 805/805/805 806/806/806 807/807/807
f 808/808/808 809/809/809 810/810/810
f 811/811/811 812/812/812 813/813/813
f 814/814/814 815/815/815 816/816/816
f 817/817/817 818/818/818 819/819/819
f 820/820/820 821/821/821 822/822/822
f 823/823/823 824/824/824 825/825/825
f 826/826/826 827/827/827 828/828/828
f 829/829/829 830/830/830 831/831/831
f 832/832/832 833/833/833 834/834/834
f 835/835/835 836/836/836 837/837/837
f 838/838/838 839/839/839 840/840/840
f 841/841/841 842/842/842 843/843/843
f 844/844/844 845/845/845 846/846/846
f 847/847/847 848/848/848 849/849/849
f 850/850/850 851/851/851 852/852/852
f 853/853/853 854/854/854 855/855/855
f 856/856/856 857/857/857 858/858/858
f 860/860/860 859/859/859 861/861/861
f 862/862/862 863/863/863 864/864/864
f 865/865/865 866/866/866 867/867/867
f 868/868/868 869/869/869 870/870/870
f 871/871/871 872/872/872 873/873/873
f 874/874/874 875/875/875 876/876/876
f 877/877/877 878/878/878 879/879/879
f 880/880/880 881/881/881 882/882/882
f 883/883/883 884/884/884 885/885/885
f 886/886/886 887/887/887 888/888/888
f 889/889/889 890/890/890 891/891/891
f 892/892/892 893/893/893 894/894/894
f 895/895/895 896/896/896 897/897/897
f 898/898/898 899/899/899 900/900/900
f 901/901/901 902/902/902 903/903/903
f 904/904/904 905/905/905 906/906/906
f 907/907/907 908/908/908 909/909/909
f 910/910/910 911/911/911 912/912/912
f 913/913/913 914/914/914 915/915/915
f 916/916/916 917/917/917 918/918/918
f 919/919/919 920/920/920 921/921/921
f 923/923/923 922/922/922 924/924/924
f 926/926/926 925/925/925 927/927/927
f 929/929/929 928/928/928 930/930/930
f 932/932/932 931/931/931 933/933/933
f 935/935/935 934/934/934 936/936/936
f 937/937/937 938/938/938 939/939/939
f 940/940/940 941/941/941 942/942/942
f 944/944/944 943/943/943 945/945/945
f 947/947/947 946/946/946 948/948/948
f 950/950/950 949/949/949 951/951/951
f 953/953/953 952/952/952 954/954/954
f 955/955/955 956/956/956 957/957/957
f 959/959/959 958/958/958 960/960/960
f 962/962/962 961/961/961 963/963/963
f 964/964/964 965/965/965 966/966/966
f 967/967/967 968/968/968 969/969/969
f 970/970/970 971/971/971 972/972/972
f 974/974/974 973/973/973 975/975/975
f 976/976/976 977/977/977 978/978/978
f 979/979/979 980/980/980 981/981/981
f 982/982/982 983/983/983 984/984/984
f 985/985/985 986/986/986 987/987/987
f 988/988/988 989/989/989 990/990/990
f 992/992/992 991/991/991 993/993/993
f 994/994/994 995/995/995 996/996/996
f 997/997/997 998/998/998 999/999/999
f 1000/1000/1000 1001/1001/1001 1002/1002/1002
f 1003/1003/1003 1004/1004/1004 1005/1005/1005
f 1006/1006/1006 1007/1007/1007 1008/1008/1008
f 1009/1009/1009 1010/1010/1010 1011/1011/1011
f 1012/1012/1012 1013/1013/1013 1014/1014/1014
f 1015/1015/1015 1016/1016/1016 1017/1017/1017
f 1018/1018/1018 1019/1019/1019 1020/1020/1020
f 1022/1022/1022 1021/1021/1021 1023/1023/1023
f 1024/1024/1024 1025/1025/1025 1026/1026/1026
f 1027/1027/1027 1028/1028/1028 1029/1029/1029
f 1030/1030/1030 1031/1031/1031 1032/1032/1032
f 1034/1034/1034 1033/1033/1033 1035/1035/1035
# 345 faces

g
