# Max2Obj Version 4.0 Mar 10th, 2001
#
# object objStaticMeshActor2 to come ...
#
v  1120.273193 -123.349426 48.889893
v  1048.273193 -123.349426 48.889893
v  1048.273193 -123.349670 -47.110107
v  1120.273193 -123.349426 48.889893
v  1048.273193 -123.349670 -47.110107
v  1120.273193 -123.349670 -47.110107
v  1048.273193 -123.349426 48.889893
v  988.273254 -183.349426 48.889893
v  988.273254 -183.349670 -47.110107
v  1048.273193 -123.349426 48.889893
v  988.273254 -183.349670 -47.110107
v  1048.273193 -123.349670 -47.110107
v  988.273254 -183.349426 48.889893
v  916.273254 -183.349670 48.889893
v  916.273254 -183.349670 -47.110107
v  988.273254 -183.349426 48.889893
v  916.273254 -183.349670 -47.110107
v  988.273254 -183.349670 -47.110107
v  916.273254 -183.349670 48.889893
v  892.273254 -159.349670 48.889893
v  892.273254 -159.349670 -47.110107
v  916.273254 -183.349670 48.889893
v  892.273254 -159.349670 -47.110107
v  916.273254 -183.349670 -47.110107
v  892.273254 -159.349670 48.889893
v  616.273254 -159.349670 48.889893
v  616.273254 -159.349670 -47.110107
v  892.273254 -159.349670 48.889893
v  616.273254 -159.349670 -47.110107
v  892.273254 -159.349670 -47.110107
v  616.273254 -159.349670 48.889893
v  604.273254 -147.349670 48.889893
v  604.273254 -147.349670 -47.110107
v  616.273254 -159.349670 48.889893
v  604.273254 -147.349670 -47.110107
v  616.273254 -159.349670 -47.110107
v  604.273254 -147.349670 48.889893
v  604.273254 -135.349670 48.889893
v  604.273254 -135.349670 -47.110107
v  604.273254 -147.349670 48.889893
v  604.273254 -135.349670 -47.110107
v  604.273254 -147.349670 -47.110107
v  1156.273193 -75.349426 48.889893
v  1168.273193 -183.349426 48.889893
v  1216.273193 -147.349426 48.889893
v  1156.273193 -75.349426 48.889893
v  1120.273193 -123.349426 48.889893
v  1168.273193 -183.349426 48.889893
v  1012.273254 -75.349426 48.889893
v  1120.273193 -123.349426 48.889893
v  1156.273193 -75.349426 48.889893
v  1012.273254 -75.349426 48.889893
v  1048.273193 -123.349426 48.889893
v  1120.273193 -123.349426 48.889893
v  952.273254 -135.349426 48.889893
v  1048.273193 -123.349426 48.889893
v  1012.273254 -75.349426 48.889893
v  952.273254 -135.349426 48.889893
v  988.273254 -183.349426 48.889893
v  1048.273193 -123.349426 48.889893
v  952.273254 -135.349426 48.889893
v  916.273254 -183.349670 48.889893
v  988.273254 -183.349426 48.889893
v  952.273254 -135.349426 48.889893
v  892.273254 -159.349670 48.889893
v  916.273254 -183.349670 48.889893
v  604.273254 -135.349670 48.889893
v  892.273254 -159.349670 48.889893
v  952.273254 -135.349426 48.889893
v  604.273254 -135.349670 48.889893
v  616.273254 -159.349670 48.889893
v  892.273254 -159.349670 48.889893
v  604.273254 -135.349670 48.889893
v  604.273254 -147.349670 48.889893
v  616.273254 -159.349670 48.889893
v  1156.273193 -75.349670 -47.110107
v  1216.273193 -147.349670 -47.110107
v  1168.273193 -183.349670 -47.110107
v  1156.273193 -75.349670 -47.110107
v  1168.273193 -183.349670 -47.110107
v  1120.273193 -123.349670 -47.110107
v  1012.273254 -75.349670 -47.110107
v  1156.273193 -75.349670 -47.110107
v  1120.273193 -123.349670 -47.110107
v  1012.273254 -75.349670 -47.110107
v  1120.273193 -123.349670 -47.110107
v  1048.273193 -123.349670 -47.110107
v  952.273254 -135.349670 -47.110107
v  1012.273254 -75.349670 -47.110107
v  1048.273193 -123.349670 -47.110107
v  952.273254 -135.349670 -47.110107
v  1048.273193 -123.349670 -47.110107
v  988.273254 -183.349670 -47.110107
v  952.273254 -135.349670 -47.110107
v  988.273254 -183.349670 -47.110107
v  916.273254 -183.349670 -47.110107
v  952.273254 -135.349670 -47.110107
v  916.273254 -183.349670 -47.110107
v  892.273254 -159.349670 -47.110107
v  604.273254 -135.349670 -47.110107
v  952.273254 -135.349670 -47.110107
v  892.273254 -159.349670 -47.110107
v  604.273254 -135.349670 -47.110107
v  892.273254 -159.349670 -47.110107
v  616.273254 -159.349670 -47.110107
v  604.273254 -135.349670 -47.110107
v  616.273254 -159.349670 -47.110107
v  604.273254 -147.349670 -47.110107
v  952.273254 -135.349426 48.889893
v  1012.273254 -75.349426 48.889893
v  1012.273254 -75.349670 -47.110107
v  952.273254 -135.349426 48.889893
v  1012.273254 -75.349670 -47.110107
v  952.273254 -135.349670 -47.110107
v  1012.273254 -75.349426 48.889893
v  1156.273193 -75.349426 48.889893
v  1156.273193 -75.349670 -47.110107
v  1012.273254 -75.349426 48.889893
v  1156.273193 -75.349670 -47.110107
v  1012.273254 -75.349670 -47.110107
v  1156.273193 -75.349426 48.889893
v  1216.273193 -147.349426 48.889893
v  1216.273193 -147.349670 -47.110107
v  1156.273193 -75.349426 48.889893
v  1216.273193 -147.349670 -47.110107
v  1156.273193 -75.349670 -47.110107
v  952.273254 -135.349670 -59.110107
v  952.273254 -119.349915 -71.110107
v  952.273254 -119.349670 72.889893
v  952.273254 -119.349670 72.889893
v  952.273254 -135.349426 60.889893
v  952.273254 -135.349670 -59.110107
v  859.273254 -107.349915 -60.775146
v  859.273254 28.650330 -81.175537
v  859.273254 28.650330 82.955322
v  859.273254 28.650330 82.955322
v  859.273254 -107.349670 62.555908
v  859.273254 -107.349915 -60.775146
v  952.273254 40.650330 -95.110107
v  952.273254 56.650330 -83.110107
v  952.273254 56.650330 84.889893
v  952.273254 56.650330 84.889893
v  952.273254 40.650330 96.889893
v  952.273254 40.650330 -95.110107
v  952.273254 -119.349670 72.889893
v  952.273254 -119.349915 -71.110107
v  955.273254 -107.349915 -60.775146
v  955.273254 -107.349915 -60.775146
v  955.273254 -107.349670 62.555908
v  952.273254 -119.349670 72.889893
v  952.273254 -119.349915 -71.110107
v  952.273254 40.650330 -95.110107
v  955.273254 28.650330 -81.175537
v  955.273254 28.650330 -81.175537
v  955.273254 -107.349915 -60.775146
v  952.273254 -119.349915 -71.110107
v  952.273254 40.650330 -95.110107
v  952.273254 40.650330 96.889893
v  955.273254 28.650330 82.955322
v  955.273254 28.650330 82.955322
v  955.273254 28.650330 -81.175537
v  952.273254 40.650330 -95.110107
v  952.273254 40.650330 96.889893
v  952.273254 -119.349670 72.889893
v  955.273254 -107.349670 62.555908
v  955.273254 -107.349670 62.555908
v  955.273254 28.650330 82.955322
v  952.273254 40.650330 96.889893
v  568.273254 -135.349670 -59.110107
v  568.273254 -135.349670 60.889893
v  568.273254 -119.349670 72.889893
v  568.273254 -119.349670 72.889893
v  568.273254 -119.349670 -71.110107
v  568.273254 -135.349670 -59.110107
v  568.273254 -119.349670 -71.110107
v  568.273254 -119.349670 72.889893
v  568.273254 64.650330 96.889893
v  568.273254 64.650330 96.889893
v  568.273254 64.650330 -95.110107
v  568.273254 -119.349670 -71.110107
v  568.273254 64.650330 -95.110107
v  568.273254 64.650330 96.889893
v  568.273254 80.650330 84.889893
v  568.273254 80.650330 84.889893
v  568.273254 80.650330 -83.110107
v  568.273254 64.650330 -95.110107
v  952.273254 -135.349670 -59.110107
v  952.273254 -135.349426 60.889893
v  568.273254 -135.349670 60.889893
v  568.273254 -135.349670 60.889893
v  568.273254 -135.349670 -59.110107
v  952.273254 -135.349670 -59.110107
v  952.273254 -135.349426 60.889893
v  952.273254 -119.349670 72.889893
v  568.273254 -119.349670 72.889893
v  568.273254 -119.349670 72.889893
v  568.273254 -135.349670 60.889893
v  952.273254 -135.349426 60.889893
v  952.273254 -119.349670 72.889893
v  952.273254 40.650330 96.889893
v  568.273254 64.650330 96.889893
v  568.273254 64.650330 96.889893
v  568.273254 -119.349670 72.889893
v  952.273254 -119.349670 72.889893
v  952.273254 40.650330 96.889893
v  952.273254 56.650330 84.889893
v  568.273254 80.650330 84.889893
v  568.273254 80.650330 84.889893
v  568.273254 64.650330 96.889893
v  952.273254 40.650330 96.889893
v  952.273254 56.650330 84.889893
v  952.273254 56.650330 -83.110107
v  568.273254 80.650330 -83.110107
v  568.273254 80.650330 -83.110107
v  568.273254 80.650330 84.889893
v  952.273254 56.650330 84.889893
v  952.273254 56.650330 -83.110107
v  952.273254 40.650330 -95.110107
v  568.273254 64.650330 -95.110107
v  568.273254 64.650330 -95.110107
v  568.273254 80.650330 -83.110107
v  952.273254 56.650330 -83.110107
v  952.273254 40.650330 -95.110107
v  952.273254 -119.349915 -71.110107
v  568.273254 -119.349670 -71.110107
v  568.273254 -119.349670 -71.110107
v  568.273254 64.650330 -95.110107
v  952.273254 40.650330 -95.110107
v  952.273254 -119.349915 -71.110107
v  952.273254 -135.349670 -59.110107
v  568.273254 -135.349670 -59.110107
v  568.273254 -135.349670 -59.110107
v  568.273254 -119.349670 -71.110107
v  952.273254 -119.349915 -71.110107
v  955.273254 -107.349915 -60.775146
v  955.273254 28.650330 -81.175537
v  859.273254 28.650330 -81.175537
v  859.273254 28.650330 -81.175537
v  859.273254 -107.349915 -60.775146
v  955.273254 -107.349915 -60.775146
v  955.273254 28.650330 -81.175537
v  955.273254 28.650330 82.955322
v  859.273254 28.650330 82.955322
v  859.273254 28.650330 82.955322
v  859.273254 28.650330 -81.175537
v  955.273254 28.650330 -81.175537
v  955.273254 28.650330 82.955322
v  955.273254 -107.349670 62.555908
v  859.273254 -107.349670 62.555908
v  859.273254 -107.349670 62.555908
v  859.273254 28.650330 82.955322
v  955.273254 28.650330 82.955322
v  955.273254 -107.349670 62.555908
v  955.273254 -107.349915 -60.775146
v  859.273254 -107.349915 -60.775146
v  859.273254 -107.349915 -60.775146
v  859.273254 -107.349670 62.555908
v  955.273254 -107.349670 62.555908
v  568.273254 -147.349426 72.889893
v  568.274231 -147.349670 -71.110107
v  568.274231 -131.349670 -83.110107
v  568.274231 -131.349670 -83.110107
v  568.273254 -131.349670 84.889893
v  568.273254 -147.349426 72.889893
v  568.273254 -131.349670 84.889893
v  568.274231 -131.349670 -83.110107
v  568.273254 76.650330 -107.110107
v  568.273254 76.650330 -107.110107
v  568.273254 76.650330 108.889893
v  568.273254 -131.349670 84.889893
v  568.273254 76.650330 108.889893
v  568.273254 76.650330 -107.110107
v  568.273254 92.650330 -95.110107
v  568.273254 92.650330 -95.110107
v  568.273254 92.650330 96.889893
v  568.273254 76.650330 108.889893
v  424.274231 -135.349670 60.889893
v  420.132629 -119.895081 72.889893
v  420.132629 -119.895081 -71.110107
v  420.132629 -119.895081 -71.110107
v  424.274231 -135.349426 -59.110107
v  424.274231 -135.349670 60.889893
v  363.616028 70.244568 96.889893
v  359.474426 85.699158 84.889893
v  359.474426 85.699158 -83.110107
v  359.474426 85.699158 -83.110107
v  363.616028 70.244568 -95.110107
v  363.616028 70.244568 96.889893
v  420.132629 -119.895081 -71.110107
v  420.132629 -119.895081 72.889893
v  414.128723 -109.080383 62.555908
v  414.128723 -109.080383 62.555908
v  414.128723 -109.080383 -60.775146
v  420.132629 -119.895081 -71.110107
v  420.132629 -119.895081 72.889893
v  363.616028 70.244568 96.889893
v  363.824036 57.876648 82.955322
v  363.824036 57.876648 82.955322
v  414.128723 -109.080383 62.555908
v  420.132629 -119.895081 72.889893
v  363.616028 70.244568 96.889893
v  363.616028 70.244568 -95.110107
v  363.824036 57.876648 -81.175537
v  363.824036 57.876648 -81.175537
v  363.824036 57.876648 82.955322
v  363.616028 70.244568 96.889893
v  363.616028 70.244568 -95.110107
v  420.132629 -119.895081 -71.110107
v  414.128723 -109.080383 -60.775146
v  414.128723 -109.080383 -60.775146
v  363.824036 57.876648 -81.175537
v  363.616028 70.244568 -95.110107
v  346.008606 -78.315979 57.209229
v  256.538879 59.616394 76.221924
v  260.552551 47.916443 62.754150
v  260.552551 47.916443 62.754150
v  336.961731 -69.881165 46.517822
v  346.008606 -78.315979 57.209229
v  256.538879 59.616394 76.221924
v  256.538879 59.616638 -74.442139
v  260.552551 47.916443 -60.974365
v  260.552551 47.916443 -60.974365
v  260.552551 47.916443 62.754150
v  256.538879 59.616394 76.221924
v  256.538879 59.616638 -74.442139
v  346.008606 -78.315979 -55.429443
v  336.961731 -69.881165 -44.738037
v  336.961731 -69.881165 -44.738037
v  260.552551 47.916443 -60.974365
v  256.538879 59.616638 -74.442139
v  346.008606 -78.315979 -55.429443
v  346.008606 -78.315979 57.209229
v  336.961731 -69.881165 46.517822
v  336.961731 -69.881165 46.517822
v  336.961731 -69.881165 -44.738037
v  346.008606 -78.315979 -55.429443
v  258.247864 -63.848938 43.843994
v  185.104309 48.914734 59.386963
v  189.117981 37.214783 45.920166
v  189.117981 37.214783 45.920166
v  249.200989 -55.413879 33.151611
v  258.247864 -63.848938 43.843994
v  185.104309 48.914734 59.386963
v  185.104309 48.914734 -57.607178
v  189.117004 37.214783 -44.140381
v  189.117004 37.214783 -44.140381
v  189.117981 37.214783 45.920166
v  185.104309 48.914734 59.386963
v  185.104309 48.914734 -57.607178
v  258.247864 -63.848694 -42.064209
v  249.200989 -55.413879 -31.372803
v  249.200989 -55.413879 -31.372803
v  189.117004 37.214783 -44.140381
v  185.104309 48.914734 -57.607178
v  258.247864 -63.848694 -42.064209
v  258.247864 -63.848938 43.843994
v  249.200989 -55.413879 33.151611
v  249.200989 -55.413879 33.151611
v  249.200989 -55.413879 -31.372803
v  258.247864 -63.848694 -42.064209
v  424.274231 -135.349426 -59.110107
v  420.132629 -119.895081 -71.110107
v  568.274231 -131.349670 -83.110107
v  568.274231 -131.349670 -83.110107
v  568.274231 -147.349670 -71.110107
v  424.274231 -135.349426 -59.110107
v  420.132629 -119.895081 -71.110107
v  363.616028 70.244568 -95.110107
v  568.273254 76.650330 -107.110107
v  568.273254 76.650330 -107.110107
v  568.274231 -131.349670 -83.110107
v  420.132629 -119.895081 -71.110107
v  363.616028 70.244568 -95.110107
v  359.474426 85.699158 -83.110107
v  568.273254 92.650330 -95.110107
v  568.273254 92.650330 -95.110107
v  568.273254 76.650330 -107.110107
v  363.616028 70.244568 -95.110107
v  359.474426 85.699158 84.889893
v  363.616028 70.244568 96.889893
v  568.273254 76.650330 108.889893
v  568.273254 76.650330 108.889893
v  568.273254 92.650330 96.889893
v  359.474426 85.699158 84.889893
v  363.616028 70.244568 96.889893
v  420.132629 -119.895081 72.889893
v  568.273254 -131.349670 84.889893
v  568.273254 -131.349670 84.889893
v  568.273254 76.650330 108.889893
v  363.616028 70.244568 96.889893
v  420.132629 -119.895081 72.889893
v  424.274231 -135.349670 60.889893
v  568.273254 -147.349426 72.889893
v  568.273254 -147.349426 72.889893
v  568.273254 -131.349670 84.889893
v  420.132629 -119.895081 72.889893
v  414.128723 -109.080383 62.555908
v  363.824036 57.876648 82.955322
v  256.538879 59.616394 76.221924
v  256.538879 59.616394 76.221924
v  346.008606 -78.315979 57.209229
v  414.128723 -109.080383 62.555908
v  363.824036 57.876648 -81.175537
v  414.128723 -109.080383 -60.775146
v  346.008606 -78.315979 -55.429443
v  346.008606 -78.315979 -55.429443
v  256.538879 59.616638 -74.442139
v  363.824036 57.876648 -81.175537
v  336.961731 -69.881165 46.517822
v  260.552551 47.916443 62.754150
v  185.104309 48.914734 59.386963
v  185.104309 48.914734 59.386963
v  258.247864 -63.848938 43.843994
v  336.961731 -69.881165 46.517822
v  260.552551 47.916443 -60.974365
v  336.961731 -69.881165 -44.738037
v  258.247864 -63.848694 -42.064209
v  258.247864 -63.848694 -42.064209
v  185.104309 48.914734 -57.607178
v  260.552551 47.916443 -60.974365
v  249.200989 -55.413879 33.151611
v  189.117981 37.214783 45.920166
v  124.214661 25.878113 31.869385
v  124.214661 25.878113 31.869385
v  124.273254 -30.750305 22.902588
v  249.200989 -55.413879 33.151611
v  189.117004 37.214783 -44.140381
v  249.200989 -55.413879 -31.372803
v  124.273254 -30.750305 -21.122803
v  124.273254 -30.750305 -21.122803
v  124.214661 25.878113 -30.089600
v  189.117004 37.214783 -44.140381
v  424.274231 -135.349670 60.889893
v  424.274231 -135.349426 -59.110107
v  568.274231 -147.349670 -71.110107
v  568.274231 -147.349670 -71.110107
v  568.273254 -147.349426 72.889893
v  424.274231 -135.349670 60.889893
v  359.474426 85.699158 -83.110107
v  359.474426 85.699158 84.889893
v  568.273254 92.650330 96.889893
v  568.273254 92.650330 96.889893
v  568.273254 92.650330 -95.110107
v  359.474426 85.699158 -83.110107
v  363.824036 57.876648 82.955322
v  363.824036 57.876648 -81.175537
v  256.538879 59.616638 -74.442139
v  256.538879 59.616638 -74.442139
v  256.538879 59.616394 76.221924
v  363.824036 57.876648 82.955322
v  414.128723 -109.080383 -60.775146
v  414.128723 -109.080383 62.555908
v  346.008606 -78.315979 57.209229
v  346.008606 -78.315979 57.209229
v  346.008606 -78.315979 -55.429443
v  414.128723 -109.080383 -60.775146
v  260.552551 47.916443 62.754150
v  260.552551 47.916443 -60.974365
v  185.104309 48.914734 -57.607178
v  185.104309 48.914734 -57.607178
v  185.104309 48.914734 59.386963
v  260.552551 47.916443 62.754150
v  336.961731 -69.881165 -44.738037
v  336.961731 -69.881165 46.517822
v  258.247864 -63.848938 43.843994
v  258.247864 -63.848938 43.843994
v  258.247864 -63.848694 -42.064209
v  336.961731 -69.881165 -44.738037
v  189.117981 37.214783 45.920166
v  189.117004 37.214783 -44.140381
v  124.214661 25.878113 -30.089600
v  124.214661 25.878113 -30.089600
v  124.214661 25.878113 31.869385
v  189.117981 37.214783 45.920166
v  249.200989 -55.413879 -31.372803
v  249.200989 -55.413879 33.151611
v  124.273254 -30.750305 22.902588
v  124.273254 -30.750305 22.902588
v  124.273254 -30.750305 -21.122803
v  249.200989 -55.413879 -31.372803
v  104.539825 -27.102844 32.943604
v  104.539825 20.403015 32.943604
v  51.271271 42.194763 47.470947
v  51.271271 42.194763 47.470947
v  51.271271 -48.894592 47.470947
v  104.539825 -27.102844 32.943604
v  36.273224 -75.349670 60.889893
v  36.273224 68.649841 60.889893
v  -27.726776 68.649841 60.889893
v  -27.726776 68.649841 60.889893
v  -27.726776 -75.349670 60.889893
v  36.273224 -75.349670 60.889893
v  -27.726776 -75.349670 60.889893
v  -27.726776 68.649841 60.889893
v  -115.726776 32.649841 36.889893
v  -115.726776 32.649841 36.889893
v  -115.726776 -39.349670 36.889893
v  -27.726776 -75.349670 60.889893
v  104.145294 -27.102844 -29.716553
v  50.876740 -48.894592 -44.243896
v  50.876740 42.194763 -44.243896
v  50.876740 42.194763 -44.243896
v  104.145294 20.403259 -29.716553
v  104.145294 -27.102844 -29.716553
v  36.273224 -75.349670 -59.110107
v  -27.726776 -75.349670 -59.110107
v  -27.726776 68.650330 -59.110107
v  -27.726776 68.650330 -59.110107
v  36.273224 68.650330 -59.110107
v  36.273224 -75.349670 -59.110107
v  -27.726776 -75.349670 -59.110107
v  -115.726776 -39.349670 -35.110107
v  -115.726776 32.650330 -35.110107
v  -115.726776 32.650330 -35.110107
v  -27.726776 68.650330 -59.110107
v  -27.726776 -75.349670 -59.110107
v  124.273254 -39.349670 -35.110107
v  36.273224 -75.349670 -59.110107
v  48.244904 -57.712952 -57.400146
v  48.244904 -57.712952 -57.400146
v  113.090607 -31.185120 -39.714600
v  124.273254 -39.349670 -35.110107
v  36.273224 -75.349670 -59.110107
v  36.273224 68.650330 -59.110107
v  48.244904 51.013123 -57.400146
v  48.244904 51.013123 -57.400146
v  48.244904 -57.712952 -57.400146
v  36.273224 -75.349670 -59.110107
v  36.273224 68.650330 -59.110107
v  124.273254 32.650330 -35.110107
v  113.090607 24.485291 -39.714600
v  113.090607 24.485291 -39.714600
v  48.244904 51.013123 -57.400146
v  36.273224 68.650330 -59.110107
v  124.273254 32.650330 -35.110107
v  124.273254 -39.349670 -35.110107
v  113.090607 -31.185120 -39.714600
v  113.090607 -31.185120 -39.714600
v  113.090607 24.485291 -39.714600
v  124.273254 32.650330 -35.110107
v  124.273254 -39.349670 36.889893
v  124.273254 32.650330 36.889893
v  113.485138 24.485291 42.941650
v  113.485138 24.485291 42.941650
v  113.485138 -31.185120 42.941650
v  124.273254 -39.349670 36.889893
v  124.273254 32.650330 36.889893
v  36.273224 68.649841 60.889893
v  48.639435 51.013123 60.627197
v  48.639435 51.013123 60.627197
v  113.485138 24.485291 42.941650
v  124.273254 32.650330 36.889893
v  36.273224 68.649841 60.889893
v  36.273224 -75.349670 60.889893
v  48.639435 -57.712952 60.627197
v  48.639435 -57.712952 60.627197
v  48.639435 51.013123 60.627197
v  36.273224 68.649841 60.889893
v  36.273224 -75.349670 60.889893
v  124.273254 -39.349670 36.889893
v  113.485138 -31.185120 42.941650
v  113.485138 -31.185120 42.941650
v  48.639435 -57.712952 60.627197
v  36.273224 -75.349670 60.889893
v  -115.726776 32.649841 36.889893
v  -27.726776 68.649841 60.889893
v  -27.726776 68.650330 -59.110107
v  -27.726776 68.650330 -59.110107
v  -115.726776 32.650330 -35.110107
v  -115.726776 32.649841 36.889893
v  -27.726776 68.649841 60.889893
v  36.273224 68.649841 60.889893
v  36.273224 68.650330 -59.110107
v  36.273224 68.650330 -59.110107
v  -27.726776 68.650330 -59.110107
v  -27.726776 68.649841 60.889893
v  36.273224 68.649841 60.889893
v  124.273254 32.650330 36.889893
v  124.273254 32.650330 -35.110107
v  124.273254 32.650330 -35.110107
v  36.273224 68.650330 -59.110107
v  36.273224 68.649841 60.889893
v  124.273254 32.650330 36.889893
v  124.273254 -39.349670 36.889893
v  124.273254 -39.349670 -35.110107
v  124.273254 -39.349670 -35.110107
v  124.273254 32.650330 -35.110107
v  124.273254 32.650330 36.889893
v  124.273254 -39.349670 36.889893
v  36.273224 -75.349670 60.889893
v  36.273224 -75.349670 -59.110107
v  36.273224 -75.349670 -59.110107
v  124.273254 -39.349670 -35.110107
v  124.273254 -39.349670 36.889893
v  36.273224 -75.349670 60.889893
v  -27.726776 -75.349670 60.889893
v  -27.726776 -75.349670 -59.110107
v  -27.726776 -75.349670 -59.110107
v  36.273224 -75.349670 -59.110107
v  36.273224 -75.349670 60.889893
v  -27.726776 -75.349670 60.889893
v  -115.726776 -39.349670 36.889893
v  -115.726776 -39.349670 -35.110107
v  -115.726776 -39.349670 -35.110107
v  -27.726776 -75.349670 -59.110107
v  -27.726776 -75.349670 60.889893
v  -115.726776 -39.349670 36.889893
v  -115.726776 32.649841 36.889893
v  -115.726776 32.650330 -35.110107
v  -115.726776 32.650330 -35.110107
v  -115.726776 -39.349670 -35.110107
v  -115.726776 -39.349670 36.889893
v  113.090607 -31.185120 -39.714600
v  48.244904 -57.712952 -57.400146
v  50.876740 -48.894592 -44.243896
v  50.876740 -48.894592 -44.243896
v  104.145294 -27.102844 -29.716553
v  113.090607 -31.185120 -39.714600
v  48.244904 -57.712952 -57.400146
v  48.244904 51.013123 -57.400146
v  50.876740 42.194763 -44.243896
v  50.876740 42.194763 -44.243896
v  50.876740 -48.894592 -44.243896
v  48.244904 -57.712952 -57.400146
v  48.244904 51.013123 -57.400146
v  113.090607 24.485291 -39.714600
v  104.145294 20.403259 -29.716553
v  104.145294 20.403259 -29.716553
v  50.876740 42.194763 -44.243896
v  48.244904 51.013123 -57.400146
v  113.090607 24.485291 -39.714600
v  113.090607 -31.185120 -39.714600
v  104.145294 -27.102844 -29.716553
v  104.145294 -27.102844 -29.716553
v  104.145294 20.403259 -29.716553
v  113.090607 24.485291 -39.714600
v  113.485138 -31.185120 42.941650
v  113.485138 24.485291 42.941650
v  104.539825 20.403015 32.943604
v  104.539825 20.403015 32.943604
v  104.539825 -27.102844 32.943604
v  113.485138 -31.185120 42.941650
v  113.485138 24.485291 42.941650
v  48.639435 51.013123 60.627197
v  51.271271 42.194763 47.470947
v  51.271271 42.194763 47.470947
v  104.539825 20.403015 32.943604
v  113.485138 24.485291 42.941650
v  48.639435 51.013123 60.627197
v  48.639435 -57.712952 60.627197
v  51.271271 -48.894592 47.470947
v  51.271271 -48.894592 47.470947
v  51.271271 42.194763 47.470947
v  48.639435 51.013123 60.627197
v  48.639435 -57.712952 60.627197
v  113.485138 -31.185120 42.941650
v  104.539825 -27.102844 32.943604
v  104.539825 -27.102844 32.943604
v  51.271271 -48.894592 47.470947
v  48.639435 -57.712952 60.627197
v  1228.789795 -136.815979 48.889893
v  1154.396240 -47.670959 63.586182
v  1145.911865 -62.367981 48.889893
v  1228.789795 -136.815979 48.889893
v  1242.691162 -127.082092 63.586182
v  1154.396240 -47.670959 63.586182
v  1242.691162 -127.082092 63.586182
v  1162.881592 -32.973938 48.889893
v  1154.396240 -47.670959 63.586182
v  1242.691162 -127.082092 63.586182
v  1256.592529 -117.348206 48.889893
v  1162.881592 -32.973938 48.889893
v  1256.592529 -117.348206 48.889893
v  1154.396240 -47.670959 34.193604
v  1162.881592 -32.973938 48.889893
v  1256.592529 -117.348206 48.889893
v  1242.691162 -127.082092 34.193604
v  1154.396240 -47.670959 34.193604
v  1242.691162 -127.082092 34.193604
v  1145.911865 -62.367981 48.889893
v  1154.396240 -47.670959 34.193604
v  1242.691162 -127.082092 34.193604
v  1228.789795 -136.815979 48.889893
v  1145.911865 -62.367981 48.889893
v  1145.911865 -62.367981 48.889893
v  1088.322021 -16.814026 63.586182
v  1081.149170 -32.194397 48.889893
v  1145.911865 -62.367981 48.889893
v  1154.396240 -47.670959 63.586182
v  1088.322021 -16.814026 63.586182
v  1154.396240 -47.670959 63.586182
v  1095.493896 -1.433411 48.889893
v  1088.322021 -16.814026 63.586182
v  1154.396240 -47.670959 63.586182
v  1162.881592 -32.973938 48.889893
v  1095.493896 -1.433411 48.889893
v  1162.881592 -32.973938 48.889893
v  1088.322021 -16.814026 34.193604
v  1095.493896 -1.433411 48.889893
v  1162.881592 -32.973938 48.889893
v  1154.396240 -47.670959 34.193604
v  1088.322021 -16.814026 34.193604
v  1154.396240 -47.670959 34.193604
v  1081.149170 -32.194397 48.889893
v  1088.322021 -16.814026 34.193604
v  1154.396240 -47.670959 34.193604
v  1145.911865 -62.367981 48.889893
v  1081.149170 -32.194397 48.889893
v  1081.149170 -32.194397 48.889893
v  1007.962708 -3.515442 63.586182
v  1006.483215 -20.421204 48.889893
v  1081.149170 -32.194397 48.889893
v  1088.322021 -16.814026 63.586182
v  1007.962708 -3.515442 63.586182
v  1088.322021 -16.814026 63.586182
v  1009.441223 13.390564 48.889893
v  1007.962708 -3.515442 63.586182
v  1088.322021 -16.814026 63.586182
v  1095.493896 -1.433411 48.889893
v  1009.441223 13.390564 48.889893
v  1095.493896 -1.433411 48.889893
v  1007.962708 -3.515442 34.193604
v  1009.441223 13.390564 48.889893
v  1095.493896 -1.433411 48.889893
v  1088.322021 -16.814026 34.193604
v  1007.962708 -3.515442 34.193604
v  1088.322021 -16.814026 34.193604
v  1006.483215 -20.421204 48.889893
v  1007.962708 -3.515442 34.193604
v  1088.322021 -16.814026 34.193604
v  1081.149170 -32.194397 48.889893
v  1006.483215 -20.421204 48.889893
v  1006.483215 -20.421204 48.889893
v  861.522278 2.045105 63.586182
v  861.522278 -14.925598 48.889893
v  1006.483215 -20.421204 48.889893
v  1007.962708 -3.515442 63.586182
v  861.522278 2.045105 63.586182
v  1007.962708 -3.515442 63.586182
v  861.522278 19.015564 48.889893
v  861.522278 2.045105 63.586182
v  1007.962708 -3.515442 63.586182
v  1009.441223 13.390564 48.889893
v  861.522278 19.015564 48.889893
v  1009.441223 13.390564 48.889893
v  861.522278 2.045105 34.193604
v  861.522278 19.015564 48.889893
v  1009.441223 13.390564 48.889893
v  1007.962708 -3.515442 34.193604
v  861.522278 2.045105 34.193604
v  1007.962708 -3.515442 34.193604
v  861.522278 -14.925598 48.889893
v  861.522278 2.045105 34.193604
v  1007.962708 -3.515442 34.193604
v  1006.483215 -20.421204 48.889893
v  861.522278 -14.925598 48.889893
v  1300.971436 -85.086243 0.889893
v  1157.752686 -40.443909 15.586182
v  1156.273193 -57.349670 0.889893
v  1300.971436 -85.086243 0.889893
v  1314.872803 -75.352112 15.586182
v  1157.752686 -40.443909 15.586182
v  1314.872803 -75.352112 15.586182
v  1159.231201 -23.538147 0.889893
v  1157.752686 -40.443909 15.586182
v  1314.872803 -75.352112 15.586182
v  1328.774170 -65.618469 0.889893
v  1159.231201 -23.538147 0.889893
v  1328.774170 -65.618469 0.889893
v  1157.752686 -40.443909 -13.806396
v  1159.231201 -23.538147 0.889893
v  1328.774170 -65.618469 0.889893
v  1314.872803 -75.352356 -13.806396
v  1157.752686 -40.443909 -13.806396
v  1314.872803 -75.352356 -13.806396
v  1156.273193 -57.349670 0.889893
v  1157.752686 -40.443909 -13.806396
v  1314.872803 -75.352356 -13.806396
v  1300.971436 -85.086243 0.889893
v  1156.273193 -57.349670 0.889893
v  1156.273193 -57.349670 0.889893
v  1054.000732 -43.596008 15.586182
v  1055.480225 -60.502258 0.889893
v  1156.273193 -57.349670 0.889893
v  1157.752686 -40.443909 15.586182
v  1054.000732 -43.596008 15.586182
v  1157.752686 -40.443909 15.586182
v  1052.521240 -26.690002 0.889893
v  1054.000732 -43.596008 15.586182
v  1157.752686 -40.443909 15.586182
v  1159.231201 -23.538147 0.889893
v  1052.521240 -26.690002 0.889893
v  1159.231201 -23.538147 0.889893
v  1054.000732 -43.596252 -13.806396
v  1052.521240 -26.690002 0.889893
v  1159.231201 -23.538147 0.889893
v  1157.752686 -40.443909 -13.806396
v  1054.000732 -43.596252 -13.806396
v  1157.752686 -40.443909 -13.806396
v  1055.480225 -60.502258 0.889893
v  1054.000732 -43.596252 -13.806396
v  1157.752686 -40.443909 -13.806396
v  1156.273193 -57.349670 0.889893
v  1055.480225 -60.502258 0.889893
v  1055.480225 -60.502258 0.889893
v  861.522278 -69.954895 15.586182
v  861.522278 -86.925598 0.889893
v  1055.480225 -60.502258 0.889893
v  1054.000732 -43.596008 15.586182
v  861.522278 -69.954895 15.586182
v  1054.000732 -43.596008 15.586182
v  861.522278 -52.984436 0.889893
v  861.522278 -69.954895 15.586182
v  1054.000732 -43.596008 15.586182
v  1052.521240 -26.690002 0.889893
v  861.522278 -52.984436 0.889893
v  1052.521240 -26.690002 0.889893
v  861.522278 -69.954895 -13.806396
v  861.522278 -52.984436 0.889893
v  1052.521240 -26.690002 0.889893
v  1054.000732 -43.596252 -13.806396
v  861.522278 -69.954895 -13.806396
v  1054.000732 -43.596252 -13.806396
v  861.522278 -86.925598 0.889893
v  861.522278 -69.954895 -13.806396
v  1054.000732 -43.596252 -13.806396
v  1055.480225 -60.502258 0.889893
v  861.522278 -86.925598 0.889893
v  1228.789795 -136.815979 -47.110107
v  1154.397217 -47.670959 -32.413818
v  1145.911865 -62.367981 -47.110107
v  1228.789795 -136.815979 -47.110107
v  1242.691162 -127.082092 -32.413818
v  1154.397217 -47.670959 -32.413818
v  1242.691162 -127.082092 -32.413818
v  1162.882568 -32.974182 -47.110107
v  1154.397217 -47.670959 -32.413818
v  1242.691162 -127.082092 -32.413818
v  1256.592529 -117.348206 -47.110107
v  1162.882568 -32.974182 -47.110107
v  1256.592529 -117.348206 -47.110107
v  1154.397217 -47.670959 -61.806396
v  1162.882568 -32.974182 -47.110107
v  1256.592529 -117.348206 -47.110107
v  1242.691162 -127.082092 -61.806396
v  1154.397217 -47.670959 -61.806396
v  1242.691162 -127.082092 -61.806396
v  1145.911865 -62.367981 -47.110107
v  1154.397217 -47.670959 -61.806396
v  1242.691162 -127.082092 -61.806396
v  1228.789795 -136.815979 -47.110107
v  1145.911865 -62.367981 -47.110107
v  1145.911865 -62.367981 -47.110107
v  1088.322021 -16.814026 -32.413818
v  1081.150146 -32.194885 -47.110107
v  1145.911865 -62.367981 -47.110107
v  1154.397217 -47.670959 -32.413818
v  1088.322021 -16.814026 -32.413818
v  1154.397217 -47.670959 -32.413818
v  1095.493896 -1.433655 -47.110107
v  1088.322021 -16.814026 -32.413818
v  1154.397217 -47.670959 -32.413818
v  1162.882568 -32.974182 -47.110107
v  1095.493896 -1.433655 -47.110107
v  1162.882568 -32.974182 -47.110107
v  1088.322021 -16.814026 -61.806396
v  1095.493896 -1.433655 -47.110107
v  1162.882568 -32.974182 -47.110107
v  1154.397217 -47.670959 -61.806396
v  1088.322021 -16.814026 -61.806396
v  1154.397217 -47.670959 -61.806396
v  1081.150146 -32.194885 -47.110107
v  1088.322021 -16.814026 -61.806396
v  1154.397217 -47.670959 -61.806396
v  1145.911865 -62.367981 -47.110107
v  1081.150146 -32.194885 -47.110107
v  1081.150146 -32.194885 -47.110107
v  1007.962708 -3.515442 -32.413818
v  1006.483215 -20.421204 -47.110107
v  1081.150146 -32.194885 -47.110107
v  1088.322021 -16.814026 -32.413818
v  1007.962708 -3.515442 -32.413818
v  1088.322021 -16.814026 -32.413818
v  1009.441223 13.390564 -47.110107
v  1007.962708 -3.515442 -32.413818
v  1088.322021 -16.814026 -32.413818
v  1095.493896 -1.433655 -47.110107
v  1009.441223 13.390564 -47.110107
v  1095.493896 -1.433655 -47.110107
v  1007.962708 -3.515442 -61.806396
v  1009.441223 13.390564 -47.110107
v  1095.493896 -1.433655 -47.110107
v  1088.322021 -16.814026 -61.806396
v  1007.962708 -3.515442 -61.806396
v  1088.322021 -16.814026 -61.806396
v  1006.483215 -20.421204 -47.110107
v  1007.962708 -3.515442 -61.806396
v  1088.322021 -16.814026 -61.806396
v  1081.150146 -32.194885 -47.110107
v  1006.483215 -20.421204 -47.110107
v  1006.483215 -20.421204 -47.110107
v  861.522278 2.045105 -32.413818
v  861.522278 -14.925598 -47.110107
v  1006.483215 -20.421204 -47.110107
v  1007.962708 -3.515442 -32.413818
v  861.522278 2.045105 -32.413818
v  1007.962708 -3.515442 -32.413818
v  861.522278 19.015564 -47.110107
v  861.522278 2.045105 -32.413818
v  1007.962708 -3.515442 -32.413818
v  1009.441223 13.390564 -47.110107
v  861.522278 19.015564 -47.110107
v  1009.441223 13.390564 -47.110107
v  861.522278 2.045105 -61.806396
v  861.522278 19.015564 -47.110107
v  1009.441223 13.390564 -47.110107
v  1007.962708 -3.515442 -61.806396
v  861.522278 2.045105 -61.806396
v  1007.962708 -3.515442 -61.806396
v  861.522278 -14.925598 -47.110107
v  861.522278 2.045105 -61.806396
v  1007.962708 -3.515442 -61.806396
v  1006.483215 -20.421204 -47.110107
v  861.522278 -14.925598 -47.110107
# 924 vertices

vt  0.695300 -0.055700 0.000000
vt  0.733400 -0.055700 0.000000
vt  0.733400 -0.004900 0.000000
vt  0.695300 -0.055700 0.000000
vt  0.733400 -0.004900 0.000000
vt  0.695300 -0.004900 0.000000
vt  0.733400 -0.055700 0.000000
vt  0.778300 -0.055700 0.000000
vt  0.778300 -0.004900 0.000000
vt  0.733400 -0.055700 0.000000
vt  0.778300 -0.004900 0.000000
vt  0.733400 -0.004900 0.000000
vt  0.778300 -0.055700 0.000000
vt  0.816400 -0.055700 0.000000
vt  0.816400 -0.004900 0.000000
vt  0.778300 -0.055700 0.000000
vt  0.816400 -0.004900 0.000000
vt  0.778300 -0.004900 0.000000
vt  0.816400 -0.055700 0.000000
vt  0.834000 -0.055700 0.000000
vt  0.834000 -0.004900 0.000000
vt  0.816400 -0.055700 0.000000
vt  0.834000 -0.004900 0.000000
vt  0.816400 -0.004900 0.000000
vt  0.834000 -0.055700 0.000000
vt  0.980500 -0.055700 0.000000
vt  0.980500 -0.004900 0.000000
vt  0.834000 -0.055700 0.000000
vt  0.980500 -0.004900 0.000000
vt  0.834000 -0.004900 0.000000
vt  0.980500 -0.055700 0.000000
vt  0.989300 -0.055700 0.000000
vt  0.989300 -0.004900 0.000000
vt  0.980500 -0.055700 0.000000
vt  0.989300 -0.004900 0.000000
vt  0.980500 -0.004900 0.000000
vt  0.989300 -0.055700 0.000000
vt  0.995100 -0.055700 0.000000
vt  0.995100 -0.004900 0.000000
vt  0.989300 -0.055700 0.000000
vt  0.995100 -0.004900 0.000000
vt  0.989300 -0.004900 0.000000
vt  0.690400 -0.401400 0.000000
vt  0.684600 -0.458000 0.000000
vt  0.659200 -0.438500 0.000000
vt  0.690400 -0.401400 0.000000
vt  0.710000 -0.425800 0.000000
vt  0.684600 -0.458000 0.000000
vt  0.766600 -0.401400 0.000000
vt  0.710000 -0.425800 0.000000
vt  0.690400 -0.401400 0.000000
vt  0.766600 -0.401400 0.000000
vt  0.748000 -0.425800 0.000000
vt  0.710000 -0.425800 0.000000
vt  0.797900 -0.432600 0.000000
vt  0.748000 -0.425800 0.000000
vt  0.766600 -0.401400 0.000000
vt  0.797900 -0.432600 0.000000
vt  0.779300 -0.458000 0.000000
vt  0.748000 -0.425800 0.000000
vt  0.797900 -0.432600 0.000000
vt  0.817400 -0.458000 0.000000
vt  0.779300 -0.458000 0.000000
vt  0.797900 -0.432600 0.000000
vt  0.830100 -0.445300 0.000000
vt  0.817400 -0.458000 0.000000
vt  0.982400 -0.432600 0.000000
vt  0.830100 -0.445300 0.000000
vt  0.797900 -0.432600 0.000000
vt  0.982400 -0.432600 0.000000
vt  0.975600 -0.445300 0.000000
vt  0.830100 -0.445300 0.000000
vt  0.982400 -0.432600 0.000000
vt  0.982400 -0.438500 0.000000
vt  0.975600 -0.445300 0.000000
vt  0.690400 -0.401400 0.000000
vt  0.659200 -0.438500 0.000000
vt  0.684600 -0.458000 0.000000
vt  0.690400 -0.401400 0.000000
vt  0.684600 -0.458000 0.000000
vt  0.710000 -0.425800 0.000000
vt  0.766600 -0.401400 0.000000
vt  0.690400 -0.401400 0.000000
vt  0.710000 -0.425800 0.000000
vt  0.766600 -0.401400 0.000000
vt  0.710000 -0.425800 0.000000
vt  0.748000 -0.425800 0.000000
vt  0.797900 -0.432600 0.000000
vt  0.766600 -0.401400 0.000000
vt  0.748000 -0.425800 0.000000
vt  0.797900 -0.432600 0.000000
vt  0.748000 -0.425800 0.000000
vt  0.779300 -0.458000 0.000000
vt  0.797900 -0.432600 0.000000
vt  0.779300 -0.458000 0.000000
vt  0.817400 -0.458000 0.000000
vt  0.797900 -0.432600 0.000000
vt  0.817400 -0.458000 0.000000
vt  0.830100 -0.445300 0.000000
vt  0.982400 -0.432600 0.000000
vt  0.797900 -0.432600 0.000000
vt  0.830100 -0.445300 0.000000
vt  0.982400 -0.432600 0.000000
vt  0.830100 -0.445300 0.000000
vt  0.975600 -0.445300 0.000000
vt  0.982400 -0.432600 0.000000
vt  0.975600 -0.445300 0.000000
vt  0.982400 -0.438500 0.000000
vt  0.811500 -0.343700 0.000000
vt  0.766600 -0.343700 0.000000
vt  0.766600 -0.394500 0.000000
vt  0.811500 -0.343700 0.000000
vt  0.766600 -0.394500 0.000000
vt  0.811500 -0.394500 0.000000
vt  0.766600 -0.343700 0.000000
vt  0.690400 -0.343700 0.000000
vt  0.690400 -0.394500 0.000000
vt  0.766600 -0.343700 0.000000
vt  0.690400 -0.394500 0.000000
vt  0.766600 -0.394500 0.000000
vt  0.690400 -0.343700 0.000000
vt  0.640600 -0.343700 0.000000
vt  0.640600 -0.394500 0.000000
vt  0.690400 -0.343700 0.000000
vt  0.640600 -0.394500 0.000000
vt  0.690400 -0.394500 0.000000
vt  0.671900 -0.272500 0.000000
vt  0.678700 -0.263700 0.000000
vt  0.602500 -0.263700 0.000000
vt  0.602500 -0.263700 0.000000
vt  0.608400 -0.272500 0.000000
vt  0.671900 -0.272500 0.000000
vt  0.981400 -0.139600 0.000000
vt  0.992200 -0.068400 0.000000
vt  0.905300 -0.068400 0.000000
vt  0.905300 -0.068400 0.000000
vt  0.916000 -0.139600 0.000000
vt  0.981400 -0.139600 0.000000
vt  0.691400 -0.178700 0.000000
vt  0.684600 -0.170900 0.000000
vt  0.595700 -0.170900 0.000000
vt  0.595700 -0.170900 0.000000
vt  0.589800 -0.178700 0.000000
vt  0.691400 -0.178700 0.000000
vt  0.602500 -0.263700 0.000000
vt  0.678700 -0.263700 0.000000
vt  0.672900 -0.256800 0.000000
vt  0.672900 -0.256800 0.000000
vt  0.607400 -0.256800 0.000000
vt  0.602500 -0.263700 0.000000
vt  0.678700 -0.263700 0.000000
vt  0.691400 -0.178700 0.000000
vt  0.683600 -0.185500 0.000000
vt  0.683600 -0.185500 0.000000
vt  0.672900 -0.256800 0.000000
vt  0.678700 -0.263700 0.000000
vt  0.691400 -0.178700 0.000000
vt  0.589800 -0.178700 0.000000
vt  0.596700 -0.185500 0.000000
vt  0.596700 -0.185500 0.000000
vt  0.683600 -0.185500 0.000000
vt  0.691400 -0.178700 0.000000
vt  0.589800 -0.178700 0.000000
vt  0.602500 -0.263700 0.000000
vt  0.607400 -0.256800 0.000000
vt  0.607400 -0.256800 0.000000
vt  0.596700 -0.185500 0.000000
vt  0.589800 -0.178700 0.000000
vt  0.913100 -0.272500 0.000000
vt  0.976600 -0.272500 0.000000
vt  0.982400 -0.263700 0.000000
vt  0.982400 -0.263700 0.000000
vt  0.906300 -0.263700 0.000000
vt  0.913100 -0.272500 0.000000
vt  0.906300 -0.263700 0.000000
vt  0.982400 -0.263700 0.000000
vt  0.995100 -0.166000 0.000000
vt  0.995100 -0.166000 0.000000
vt  0.893600 -0.166000 0.000000
vt  0.906300 -0.263700 0.000000
vt  0.893600 -0.166000 0.000000
vt  0.995100 -0.166000 0.000000
vt  0.989300 -0.158200 0.000000
vt  0.989300 -0.158200 0.000000
vt  0.900400 -0.158200 0.000000
vt  0.893600 -0.166000 0.000000
vt  0.691400 -0.337900 0.000000
vt  0.691400 -0.274400 0.000000
vt  0.893600 -0.274400 0.000000
vt  0.893600 -0.274400 0.000000
vt  0.893600 -0.337900 0.000000
vt  0.691400 -0.337900 0.000000
vt  0.691400 -0.274400 0.000000
vt  0.691400 -0.263700 0.000000
vt  0.893600 -0.263700 0.000000
vt  0.893600 -0.263700 0.000000
vt  0.893600 -0.274400 0.000000
vt  0.691400 -0.274400 0.000000
vt  0.691400 -0.263700 0.000000
vt  0.691400 -0.178700 0.000000
vt  0.893600 -0.166000 0.000000
vt  0.893600 -0.166000 0.000000
vt  0.893600 -0.263700 0.000000
vt  0.691400 -0.263700 0.000000
vt  0.691400 -0.178700 0.000000
vt  0.691400 -0.168000 0.000000
vt  0.893600 -0.156200 0.000000
vt  0.893600 -0.156200 0.000000
vt  0.893600 -0.166000 0.000000
vt  0.691400 -0.178700 0.000000
vt  0.691400 -0.168000 0.000000
vt  0.691400 -0.080100 0.000000
vt  0.893600 -0.067400 0.000000
vt  0.893600 -0.067400 0.000000
vt  0.893600 -0.156200 0.000000
vt  0.691400 -0.168000 0.000000
vt  0.691400 -0.168000 0.000000
vt  0.691400 -0.178700 0.000000
vt  0.893600 -0.166000 0.000000
vt  0.893600 -0.166000 0.000000
vt  0.893600 -0.156200 0.000000
vt  0.691400 -0.168000 0.000000
vt  0.691400 -0.178700 0.000000
vt  0.691400 -0.263700 0.000000
vt  0.893600 -0.263700 0.000000
vt  0.893600 -0.263700 0.000000
vt  0.893600 -0.166000 0.000000
vt  0.691400 -0.178700 0.000000
vt  0.691400 -0.263700 0.000000
vt  0.691400 -0.274400 0.000000
vt  0.893600 -0.274400 0.000000
vt  0.893600 -0.274400 0.000000
vt  0.893600 -0.263700 0.000000
vt  0.691400 -0.263700 0.000000
vt  0.556600 -0.487300 0.000000
vt  0.556600 -0.416000 0.000000
vt  0.607400 -0.416000 0.000000
vt  0.607400 -0.416000 0.000000
vt  0.607400 -0.487300 0.000000
vt  0.556600 -0.487300 0.000000
vt  0.556600 -0.329100 0.000000
vt  0.556600 -0.416000 0.000000
vt  0.607400 -0.416000 0.000000
vt  0.607400 -0.416000 0.000000
vt  0.607400 -0.329100 0.000000
vt  0.556600 -0.329100 0.000000
vt  0.556600 -0.416000 0.000000
vt  0.556600 -0.487300 0.000000
vt  0.607400 -0.487300 0.000000
vt  0.607400 -0.487300 0.000000
vt  0.607400 -0.416000 0.000000
vt  0.556600 -0.416000 0.000000
vt  0.556600 -0.487300 0.000000
vt  0.556600 -0.552700 0.000000
vt  0.607400 -0.552700 0.000000
vt  0.607400 -0.552700 0.000000
vt  0.607400 -0.487300 0.000000
vt  0.556600 -0.487300 0.000000
vt  0.900400 -0.608400 0.000000
vt  0.976600 -0.608400 0.000000
vt  0.982400 -0.599600 0.000000
vt  0.982400 -0.599600 0.000000
vt  0.893600 -0.599600 0.000000
vt  0.900400 -0.608400 0.000000
vt  0.893600 -0.599600 0.000000
vt  0.982400 -0.599600 0.000000
vt  0.995100 -0.489300 0.000000
vt  0.995100 -0.489300 0.000000
vt  0.880900 -0.489300 0.000000
vt  0.893600 -0.599600 0.000000
vt  0.880900 -0.489300 0.000000
vt  0.995100 -0.489300 0.000000
vt  0.989300 -0.481400 0.000000
vt  0.989300 -0.481400 0.000000
vt  0.887700 -0.481400 0.000000
vt  0.880900 -0.489300 0.000000
vt  0.815400 -0.670900 0.000000
vt  0.821300 -0.662100 0.000000
vt  0.745100 -0.662100 0.000000
vt  0.745100 -0.662100 0.000000
vt  0.752000 -0.670900 0.000000
vt  0.815400 -0.670900 0.000000
vt  0.834000 -0.557600 0.000000
vt  0.828100 -0.549800 0.000000
vt  0.739300 -0.549800 0.000000
vt  0.739300 -0.549800 0.000000
vt  0.732400 -0.557600 0.000000
vt  0.834000 -0.557600 0.000000
vt  0.745100 -0.662100 0.000000
vt  0.821300 -0.662100 0.000000
vt  0.816400 -0.656200 0.000000
vt  0.816400 -0.656200 0.000000
vt  0.751000 -0.656200 0.000000
vt  0.745100 -0.662100 0.000000
vt  0.821300 -0.662100 0.000000
vt  0.834000 -0.557600 0.000000
vt  0.827100 -0.564500 0.000000
vt  0.827100 -0.564500 0.000000
vt  0.816400 -0.656200 0.000000
vt  0.821300 -0.662100 0.000000
vt  0.834000 -0.557600 0.000000
vt  0.732400 -0.557600 0.000000
vt  0.740200 -0.564500 0.000000
vt  0.740200 -0.564500 0.000000
vt  0.827100 -0.564500 0.000000
vt  0.834000 -0.557600 0.000000
vt  0.732400 -0.557600 0.000000
vt  0.745100 -0.662100 0.000000
vt  0.751000 -0.656200 0.000000
vt  0.751000 -0.656200 0.000000
vt  0.740200 -0.564500 0.000000
vt  0.732400 -0.557600 0.000000
vt  0.813500 -0.653300 0.000000
vt  0.823200 -0.566400 0.000000
vt  0.816400 -0.573200 0.000000
vt  0.816400 -0.573200 0.000000
vt  0.807600 -0.647500 0.000000
vt  0.813500 -0.653300 0.000000
vt  0.823200 -0.566400 0.000000
vt  0.744100 -0.566400 0.000000
vt  0.751000 -0.573200 0.000000
vt  0.751000 -0.573200 0.000000
vt  0.816400 -0.573200 0.000000
vt  0.823200 -0.566400 0.000000
vt  0.744100 -0.566400 0.000000
vt  0.753900 -0.653300 0.000000
vt  0.759800 -0.647500 0.000000
vt  0.759800 -0.647500 0.000000
vt  0.751000 -0.573200 0.000000
vt  0.744100 -0.566400 0.000000
vt  0.753900 -0.653300 0.000000
vt  0.813500 -0.653300 0.000000
vt  0.807600 -0.647500 0.000000
vt  0.807600 -0.647500 0.000000
vt  0.759800 -0.647500 0.000000
vt  0.753900 -0.653300 0.000000
vt  0.806600 -0.645500 0.000000
vt  0.814500 -0.574200 0.000000
vt  0.807600 -0.581100 0.000000
vt  0.807600 -0.581100 0.000000
vt  0.800800 -0.639600 0.000000
vt  0.806600 -0.645500 0.000000
vt  0.814500 -0.574200 0.000000
vt  0.752900 -0.574200 0.000000
vt  0.759800 -0.581100 0.000000
vt  0.759800 -0.581100 0.000000
vt  0.807600 -0.581100 0.000000
vt  0.814500 -0.574200 0.000000
vt  0.752900 -0.574200 0.000000
vt  0.760700 -0.645500 0.000000
vt  0.766600 -0.639600 0.000000
vt  0.766600 -0.639600 0.000000
vt  0.759800 -0.581100 0.000000
vt  0.752900 -0.574200 0.000000
vt  0.760700 -0.645500 0.000000
vt  0.806600 -0.645500 0.000000
vt  0.800800 -0.639600 0.000000
vt  0.800800 -0.639600 0.000000
vt  0.766600 -0.639600 0.000000
vt  0.760700 -0.645500 0.000000
vt  0.812500 -0.911100 0.000000
vt  0.814500 -0.901400 0.000000
vt  0.736300 -0.907200 0.000000
vt  0.736300 -0.907200 0.000000
vt  0.736300 -0.918000 0.000000
vt  0.812500 -0.911100 0.000000
vt  0.814500 -0.901400 0.000000
vt  0.844700 -0.800800 0.000000
vt  0.736300 -0.796900 0.000000
vt  0.736300 -0.796900 0.000000
vt  0.736300 -0.907200 0.000000
vt  0.814500 -0.901400 0.000000
vt  0.844700 -0.800800 0.000000
vt  0.846700 -0.790000 0.000000
vt  0.736300 -0.787100 0.000000
vt  0.736300 -0.787100 0.000000
vt  0.736300 -0.796900 0.000000
vt  0.844700 -0.800800 0.000000
vt  0.846700 -0.790000 0.000000
vt  0.844700 -0.800800 0.000000
vt  0.736300 -0.796900 0.000000
vt  0.736300 -0.796900 0.000000
vt  0.736300 -0.787100 0.000000
vt  0.846700 -0.790000 0.000000
vt  0.844700 -0.800800 0.000000
vt  0.814500 -0.901400 0.000000
vt  0.736300 -0.907200 0.000000
vt  0.736300 -0.907200 0.000000
vt  0.736300 -0.796900 0.000000
vt  0.844700 -0.800800 0.000000
vt  0.814500 -0.901400 0.000000
vt  0.812500 -0.911100 0.000000
vt  0.736300 -0.918000 0.000000
vt  0.736300 -0.918000 0.000000
vt  0.736300 -0.907200 0.000000
vt  0.814500 -0.901400 0.000000
vt  0.864300 -0.926800 0.000000
vt  0.864300 -0.848600 0.000000
vt  0.995100 -0.837900 0.000000
vt  0.995100 -0.837900 0.000000
vt  0.948200 -0.911100 0.000000
vt  0.864300 -0.926800 0.000000
vt  0.864300 -0.848600 0.000000
vt  0.864300 -0.926800 0.000000
vt  0.948200 -0.911100 0.000000
vt  0.948200 -0.911100 0.000000
vt  0.995100 -0.837900 0.000000
vt  0.864300 -0.848600 0.000000
vt  0.652300 -0.730500 0.000000
vt  0.692400 -0.668000 0.000000
vt  0.732400 -0.668000 0.000000
vt  0.732400 -0.668000 0.000000
vt  0.694300 -0.727500 0.000000
vt  0.652300 -0.730500 0.000000
vt  0.692400 -0.668000 0.000000
vt  0.652300 -0.730500 0.000000
vt  0.694300 -0.727500 0.000000
vt  0.694300 -0.727500 0.000000
vt  0.732400 -0.668000 0.000000
vt  0.692400 -0.668000 0.000000
vt  0.864300 -0.704100 0.000000
vt  0.864300 -0.661100 0.000000
vt  0.959000 -0.661100 0.000000
vt  0.959000 -0.661100 0.000000
vt  0.959000 -0.691400 0.000000
vt  0.864300 -0.704100 0.000000
vt  0.864300 -0.661100 0.000000
vt  0.864300 -0.704100 0.000000
vt  0.959000 -0.691400 0.000000
vt  0.959000 -0.691400 0.000000
vt  0.959000 -0.661100 0.000000
vt  0.864300 -0.661100 0.000000
vt  0.812500 -0.987300 0.000000
vt  0.812500 -0.923800 0.000000
vt  0.736300 -0.918000 0.000000
vt  0.736300 -0.918000 0.000000
vt  0.736300 -0.994100 0.000000
vt  0.812500 -0.987300 0.000000
vt  0.846700 -0.780300 0.000000
vt  0.846700 -0.691400 0.000000
vt  0.736300 -0.685500 0.000000
vt  0.736300 -0.685500 0.000000
vt  0.736300 -0.787100 0.000000
vt  0.846700 -0.780300 0.000000
vt  0.864300 -0.752900 0.000000
vt  0.864300 -0.839800 0.000000
vt  0.995100 -0.835900 0.000000
vt  0.995100 -0.835900 0.000000
vt  0.995100 -0.756800 0.000000
vt  0.864300 -0.752900 0.000000
vt  0.864300 -0.926800 0.000000
vt  0.864300 -0.991200 0.000000
vt  0.948200 -0.989300 0.000000
vt  0.948200 -0.989300 0.000000
vt  0.948200 -0.929700 0.000000
vt  0.864300 -0.926800 0.000000
vt  0.692400 -0.600600 0.000000
vt  0.692400 -0.666000 0.000000
vt  0.732400 -0.664100 0.000000
vt  0.732400 -0.664100 0.000000
vt  0.732400 -0.602500 0.000000
vt  0.692400 -0.600600 0.000000
vt  0.652300 -0.732400 0.000000
vt  0.652300 -0.780300 0.000000
vt  0.694300 -0.779300 0.000000
vt  0.694300 -0.779300 0.000000
vt  0.694300 -0.734400 0.000000
vt  0.652300 -0.732400 0.000000
vt  0.864300 -0.611300 0.000000
vt  0.864300 -0.659200 0.000000
vt  0.959000 -0.652300 0.000000
vt  0.959000 -0.652300 0.000000
vt  0.959000 -0.619100 0.000000
vt  0.864300 -0.611300 0.000000
vt  0.864300 -0.706100 0.000000
vt  0.864300 -0.740200 0.000000
vt  0.959000 -0.734400 0.000000
vt  0.959000 -0.734400 0.000000
vt  0.959000 -0.711900 0.000000
vt  0.864300 -0.706100 0.000000
vt  0.063500 -0.125000 0.000000
vt  0.063500 -0.099600 0.000000
vt  0.092800 -0.088900 0.000000
vt  0.092800 -0.088900 0.000000
vt  0.092800 -0.136700 0.000000
vt  0.063500 -0.125000 0.000000
vt  0.101600 -0.150400 0.000000
vt  0.101600 -0.074200 0.000000
vt  0.135700 -0.074200 0.000000
vt  0.135700 -0.074200 0.000000
vt  0.135700 -0.150400 0.000000
vt  0.101600 -0.150400 0.000000
vt  0.135700 -0.150400 0.000000
vt  0.135700 -0.074200 0.000000
vt  0.183600 -0.093700 0.000000
vt  0.183600 -0.093700 0.000000
vt  0.183600 -0.131800 0.000000
vt  0.135700 -0.150400 0.000000
vt  0.063500 -0.125000 0.000000
vt  0.092800 -0.136700 0.000000
vt  0.092800 -0.088900 0.000000
vt  0.092800 -0.088900 0.000000
vt  0.063500 -0.099600 0.000000
vt  0.063500 -0.125000 0.000000
vt  0.101600 -0.150400 0.000000
vt  0.135700 -0.150400 0.000000
vt  0.135700 -0.074200 0.000000
vt  0.135700 -0.074200 0.000000
vt  0.101600 -0.074200 0.000000
vt  0.101600 -0.150400 0.000000
vt  0.135700 -0.150400 0.000000
vt  0.183600 -0.131800 0.000000
vt  0.183600 -0.093700 0.000000
vt  0.183600 -0.093700 0.000000
vt  0.135700 -0.074200 0.000000
vt  0.135700 -0.150400 0.000000
vt  0.053700 -0.131800 0.000000
vt  0.101600 -0.150400 0.000000
vt  0.095700 -0.141600 0.000000
vt  0.095700 -0.141600 0.000000
vt  0.060500 -0.127000 0.000000
vt  0.053700 -0.131800 0.000000
vt  0.101600 -0.150400 0.000000
vt  0.101600 -0.074200 0.000000
vt  0.095700 -0.084000 0.000000
vt  0.095700 -0.084000 0.000000
vt  0.095700 -0.141600 0.000000
vt  0.101600 -0.150400 0.000000
vt  0.101600 -0.074200 0.000000
vt  0.053700 -0.093700 0.000000
vt  0.060500 -0.097700 0.000000
vt  0.060500 -0.097700 0.000000
vt  0.095700 -0.084000 0.000000
vt  0.101600 -0.074200 0.000000
vt  0.053700 -0.093700 0.000000
vt  0.053700 -0.131800 0.000000
vt  0.060500 -0.127000 0.000000
vt  0.060500 -0.127000 0.000000
vt  0.060500 -0.097700 0.000000
vt  0.053700 -0.093700 0.000000
vt  0.053700 -0.131800 0.000000
vt  0.053700 -0.093700 0.000000
vt  0.060500 -0.097700 0.000000
vt  0.060500 -0.097700 0.000000
vt  0.060500 -0.127000 0.000000
vt  0.053700 -0.131800 0.000000
vt  0.053700 -0.093700 0.000000
vt  0.101600 -0.074200 0.000000
vt  0.095700 -0.084000 0.000000
vt  0.095700 -0.084000 0.000000
vt  0.060500 -0.097700 0.000000
vt  0.053700 -0.093700 0.000000
vt  0.101600 -0.074200 0.000000
vt  0.101600 -0.150400 0.000000
vt  0.095700 -0.141600 0.000000
vt  0.095700 -0.141600 0.000000
vt  0.095700 -0.084000 0.000000
vt  0.101600 -0.074200 0.000000
vt  0.101600 -0.150400 0.000000
vt  0.053700 -0.131800 0.000000
vt  0.060500 -0.127000 0.000000
vt  0.060500 -0.127000 0.000000
vt  0.095700 -0.141600 0.000000
vt  0.101600 -0.150400 0.000000
vt  0.178700 -0.017600 0.000000
vt  0.127900 -0.004900 0.000000
vt  0.127900 -0.068400 0.000000
vt  0.127900 -0.068400 0.000000
vt  0.178700 -0.055700 0.000000
vt  0.178700 -0.017600 0.000000
vt  0.127900 -0.004900 0.000000
vt  0.094700 -0.004900 0.000000
vt  0.094700 -0.068400 0.000000
vt  0.094700 -0.068400 0.000000
vt  0.127900 -0.068400 0.000000
vt  0.127900 -0.004900 0.000000
vt  0.094700 -0.004900 0.000000
vt  0.043900 -0.017600 0.000000
vt  0.043900 -0.055700 0.000000
vt  0.043900 -0.055700 0.000000
vt  0.094700 -0.068400 0.000000
vt  0.094700 -0.004900 0.000000
vt  0.043900 -0.017600 0.000000
vt  0.005900 -0.017600 0.000000
vt  0.005900 -0.055700 0.000000
vt  0.005900 -0.055700 0.000000
vt  0.043900 -0.055700 0.000000
vt  0.043900 -0.017600 0.000000
vt  0.035200 -0.208000 0.000000
vt  0.085000 -0.219700 0.000000
vt  0.085000 -0.157200 0.000000
vt  0.085000 -0.157200 0.000000
vt  0.035200 -0.169900 0.000000
vt  0.035200 -0.208000 0.000000
vt  0.085000 -0.219700 0.000000
vt  0.119100 -0.219700 0.000000
vt  0.119100 -0.157200 0.000000
vt  0.119100 -0.157200 0.000000
vt  0.085000 -0.157200 0.000000
vt  0.085000 -0.219700 0.000000
vt  0.119100 -0.219700 0.000000
vt  0.168900 -0.208000 0.000000
vt  0.168900 -0.169900 0.000000
vt  0.168900 -0.169900 0.000000
vt  0.119100 -0.157200 0.000000
vt  0.119100 -0.219700 0.000000
vt  0.168900 -0.208000 0.000000
vt  0.207000 -0.208000 0.000000
vt  0.207000 -0.169900 0.000000
vt  0.207000 -0.169900 0.000000
vt  0.168900 -0.169900 0.000000
vt  0.168900 -0.208000 0.000000
vt  0.005900 -0.131800 0.000000
vt  0.045900 -0.144500 0.000000
vt  0.041000 -0.137700 0.000000
vt  0.041000 -0.137700 0.000000
vt  0.011700 -0.127000 0.000000
vt  0.005900 -0.131800 0.000000
vt  0.045900 -0.144500 0.000000
vt  0.045900 -0.083000 0.000000
vt  0.041000 -0.089800 0.000000
vt  0.041000 -0.089800 0.000000
vt  0.041000 -0.137700 0.000000
vt  0.045900 -0.144500 0.000000
vt  0.045900 -0.083000 0.000000
vt  0.005900 -0.096700 0.000000
vt  0.011700 -0.101600 0.000000
vt  0.011700 -0.101600 0.000000
vt  0.041000 -0.089800 0.000000
vt  0.045900 -0.083000 0.000000
vt  0.005900 -0.096700 0.000000
vt  0.005900 -0.131800 0.000000
vt  0.011700 -0.127000 0.000000
vt  0.011700 -0.127000 0.000000
vt  0.011700 -0.101600 0.000000
vt  0.005900 -0.096700 0.000000
vt  0.005900 -0.131800 0.000000
vt  0.005900 -0.096700 0.000000
vt  0.011700 -0.101600 0.000000
vt  0.011700 -0.101600 0.000000
vt  0.011700 -0.127000 0.000000
vt  0.005900 -0.131800 0.000000
vt  0.005900 -0.096700 0.000000
vt  0.045900 -0.083000 0.000000
vt  0.041000 -0.089800 0.000000
vt  0.041000 -0.089800 0.000000
vt  0.011700 -0.101600 0.000000
vt  0.005900 -0.096700 0.000000
vt  0.045900 -0.083000 0.000000
vt  0.045900 -0.144500 0.000000
vt  0.041000 -0.137700 0.000000
vt  0.041000 -0.137700 0.000000
vt  0.041000 -0.089800 0.000000
vt  0.045900 -0.083000 0.000000
vt  0.045900 -0.144500 0.000000
vt  0.005900 -0.131800 0.000000
vt  0.011700 -0.127000 0.000000
vt  0.011700 -0.127000 0.000000
vt  0.041000 -0.137700 0.000000
vt  0.045900 -0.144500 0.000000
vt  0.005900 -0.763700 0.000000
vt  0.018600 -0.794900 0.000000
vt  0.005900 -0.794900 0.000000
vt  0.005900 -0.763700 0.000000
vt  0.018600 -0.763700 0.000000
vt  0.018600 -0.794900 0.000000
vt  0.018600 -0.763700 0.000000
vt  0.033200 -0.794900 0.000000
vt  0.018600 -0.794900 0.000000
vt  0.018600 -0.763700 0.000000
vt  0.033200 -0.763700 0.000000
vt  0.033200 -0.794900 0.000000
vt  0.033200 -0.763700 0.000000
vt  0.018600 -0.794900 0.000000
vt  0.033200 -0.794900 0.000000
vt  0.033200 -0.763700 0.000000
vt  0.018600 -0.763700 0.000000
vt  0.018600 -0.794900 0.000000
vt  0.018600 -0.763700 0.000000
vt  0.005900 -0.794900 0.000000
vt  0.018600 -0.794900 0.000000
vt  0.018600 -0.763700 0.000000
vt  0.005900 -0.763700 0.000000
vt  0.005900 -0.794900 0.000000
vt  0.005900 -0.794900 0.000000
vt  0.018600 -0.849600 0.000000
vt  0.005900 -0.849600 0.000000
vt  0.005900 -0.794900 0.000000
vt  0.018600 -0.794900 0.000000
vt  0.018600 -0.849600 0.000000
vt  0.018600 -0.794900 0.000000
vt  0.033200 -0.849600 0.000000
vt  0.018600 -0.849600 0.000000
vt  0.018600 -0.794900 0.000000
vt  0.033200 -0.794900 0.000000
vt  0.033200 -0.849600 0.000000
vt  0.033200 -0.794900 0.000000
vt  0.018600 -0.849600 0.000000
vt  0.033200 -0.849600 0.000000
vt  0.033200 -0.794900 0.000000
vt  0.018600 -0.794900 0.000000
vt  0.018600 -0.849600 0.000000
vt  0.018600 -0.794900 0.000000
vt  0.005900 -0.849600 0.000000
vt  0.018600 -0.849600 0.000000
vt  0.018600 -0.794900 0.000000
vt  0.005900 -0.794900 0.000000
vt  0.005900 -0.849600 0.000000
vt  0.005900 -0.849600 0.000000
vt  0.018600 -0.911100 0.000000
vt  0.005900 -0.911100 0.000000
vt  0.005900 -0.849600 0.000000
vt  0.018600 -0.849600 0.000000
vt  0.018600 -0.911100 0.000000
vt  0.018600 -0.849600 0.000000
vt  0.033200 -0.911100 0.000000
vt  0.018600 -0.911100 0.000000
vt  0.018600 -0.849600 0.000000
vt  0.033200 -0.849600 0.000000
vt  0.033200 -0.911100 0.000000
vt  0.033200 -0.849600 0.000000
vt  0.018600 -0.911100 0.000000
vt  0.033200 -0.911100 0.000000
vt  0.033200 -0.849600 0.000000
vt  0.018600 -0.849600 0.000000
vt  0.018600 -0.911100 0.000000
vt  0.018600 -0.849600 0.000000
vt  0.005900 -0.911100 0.000000
vt  0.018600 -0.911100 0.000000
vt  0.018600 -0.849600 0.000000
vt  0.005900 -0.849600 0.000000
vt  0.005900 -0.911100 0.000000
vt  0.005900 -0.911100 0.000000
vt  0.018600 -0.992200 0.000000
vt  0.005900 -0.992200 0.000000
vt  0.005900 -0.911100 0.000000
vt  0.018600 -0.911100 0.000000
vt  0.018600 -0.992200 0.000000
vt  0.018600 -0.911100 0.000000
vt  0.033200 -0.992200 0.000000
vt  0.018600 -0.992200 0.000000
vt  0.018600 -0.911100 0.000000
vt  0.033200 -0.911100 0.000000
vt  0.033200 -0.992200 0.000000
vt  0.033200 -0.911100 0.000000
vt  0.018600 -0.992200 0.000000
vt  0.033200 -0.992200 0.000000
vt  0.033200 -0.911100 0.000000
vt  0.018600 -0.911100 0.000000
vt  0.018600 -0.992200 0.000000
vt  0.018600 -0.911100 0.000000
vt  0.005900 -0.992200 0.000000
vt  0.018600 -0.992200 0.000000
vt  0.018600 -0.911100 0.000000
vt  0.005900 -0.911100 0.000000
vt  0.005900 -0.992200 0.000000
vt  0.040000 -0.741200 0.000000
vt  0.052700 -0.793900 0.000000
vt  0.040000 -0.793900 0.000000
vt  0.040000 -0.741200 0.000000
vt  0.052700 -0.741200 0.000000
vt  0.052700 -0.793900 0.000000
vt  0.052700 -0.741200 0.000000
vt  0.066400 -0.793900 0.000000
vt  0.052700 -0.793900 0.000000
vt  0.052700 -0.741200 0.000000
vt  0.066400 -0.741200 0.000000
vt  0.066400 -0.793900 0.000000
vt  0.066400 -0.741200 0.000000
vt  0.052700 -0.793900 0.000000
vt  0.066400 -0.793900 0.000000
vt  0.066400 -0.741200 0.000000
vt  0.052700 -0.741200 0.000000
vt  0.052700 -0.793900 0.000000
vt  0.052700 -0.741200 0.000000
vt  0.040000 -0.793900 0.000000
vt  0.052700 -0.793900 0.000000
vt  0.052700 -0.741200 0.000000
vt  0.040000 -0.741200 0.000000
vt  0.040000 -0.793900 0.000000
vt  0.040000 -0.793900 0.000000
vt  0.052700 -0.849600 0.000000
vt  0.040000 -0.849600 0.000000
vt  0.040000 -0.793900 0.000000
vt  0.052700 -0.793900 0.000000
vt  0.052700 -0.849600 0.000000
vt  0.052700 -0.793900 0.000000
vt  0.066400 -0.849600 0.000000
vt  0.052700 -0.849600 0.000000
vt  0.052700 -0.793900 0.000000
vt  0.066400 -0.793900 0.000000
vt  0.066400 -0.849600 0.000000
vt  0.066400 -0.793900 0.000000
vt  0.052700 -0.849600 0.000000
vt  0.066400 -0.849600 0.000000
vt  0.066400 -0.793900 0.000000
vt  0.052700 -0.793900 0.000000
vt  0.052700 -0.849600 0.000000
vt  0.052700 -0.793900 0.000000
vt  0.040000 -0.849600 0.000000
vt  0.052700 -0.849600 0.000000
vt  0.052700 -0.793900 0.000000
vt  0.040000 -0.793900 0.000000
vt  0.040000 -0.849600 0.000000
vt  0.040000 -0.849600 0.000000
vt  0.052700 -0.912100 0.000000
vt  0.040000 -0.912100 0.000000
vt  0.040000 -0.849600 0.000000
vt  0.052700 -0.849600 0.000000
vt  0.052700 -0.912100 0.000000
vt  0.052700 -0.849600 0.000000
vt  0.066400 -0.912100 0.000000
vt  0.052700 -0.912100 0.000000
vt  0.052700 -0.849600 0.000000
vt  0.066400 -0.849600 0.000000
vt  0.066400 -0.912100 0.000000
vt  0.066400 -0.849600 0.000000
vt  0.052700 -0.912100 0.000000
vt  0.066400 -0.912100 0.000000
vt  0.066400 -0.849600 0.000000
vt  0.052700 -0.849600 0.000000
vt  0.052700 -0.912100 0.000000
vt  0.052700 -0.849600 0.000000
vt  0.040000 -0.912100 0.000000
vt  0.052700 -0.912100 0.000000
vt  0.052700 -0.849600 0.000000
vt  0.040000 -0.849600 0.000000
vt  0.040000 -0.912100 0.000000
vt  0.005900 -0.763700 0.000000
vt  0.018600 -0.794900 0.000000
vt  0.005900 -0.794900 0.000000
vt  0.005900 -0.763700 0.000000
vt  0.018600 -0.763700 0.000000
vt  0.018600 -0.794900 0.000000
vt  0.018600 -0.763700 0.000000
vt  0.033200 -0.794900 0.000000
vt  0.018600 -0.794900 0.000000
vt  0.018600 -0.763700 0.000000
vt  0.033200 -0.763700 0.000000
vt  0.033200 -0.794900 0.000000
vt  0.033200 -0.763700 0.000000
vt  0.018600 -0.794900 0.000000
vt  0.033200 -0.794900 0.000000
vt  0.033200 -0.763700 0.000000
vt  0.018600 -0.763700 0.000000
vt  0.018600 -0.794900 0.000000
vt  0.018600 -0.763700 0.000000
vt  0.005900 -0.794900 0.000000
vt  0.018600 -0.794900 0.000000
vt  0.018600 -0.763700 0.000000
vt  0.005900 -0.763700 0.000000
vt  0.005900 -0.794900 0.000000
vt  0.005900 -0.794900 0.000000
vt  0.018600 -0.849600 0.000000
vt  0.005900 -0.849600 0.000000
vt  0.005900 -0.794900 0.000000
vt  0.018600 -0.794900 0.000000
vt  0.018600 -0.849600 0.000000
vt  0.018600 -0.794900 0.000000
vt  0.033200 -0.849600 0.000000
vt  0.018600 -0.849600 0.000000
vt  0.018600 -0.794900 0.000000
vt  0.033200 -0.794900 0.000000
vt  0.033200 -0.849600 0.000000
vt  0.033200 -0.794900 0.000000
vt  0.018600 -0.849600 0.000000
vt  0.033200 -0.849600 0.000000
vt  0.033200 -0.794900 0.000000
vt  0.018600 -0.794900 0.000000
vt  0.018600 -0.849600 0.000000
vt  0.018600 -0.794900 0.000000
vt  0.005900 -0.849600 0.000000
vt  0.018600 -0.849600 0.000000
vt  0.018600 -0.794900 0.000000
vt  0.005900 -0.794900 0.000000
vt  0.005900 -0.849600 0.000000
vt  0.005900 -0.849600 0.000000
vt  0.018600 -0.911100 0.000000
vt  0.005900 -0.911100 0.000000
vt  0.005900 -0.849600 0.000000
vt  0.018600 -0.849600 0.000000
vt  0.018600 -0.911100 0.000000
vt  0.018600 -0.849600 0.000000
vt  0.033200 -0.911100 0.000000
vt  0.018600 -0.911100 0.000000
vt  0.018600 -0.849600 0.000000
vt  0.033200 -0.849600 0.000000
vt  0.033200 -0.911100 0.000000
vt  0.033200 -0.849600 0.000000
vt  0.018600 -0.911100 0.000000
vt  0.033200 -0.911100 0.000000
vt  0.033200 -0.849600 0.000000
vt  0.018600 -0.849600 0.000000
vt  0.018600 -0.911100 0.000000
vt  0.018600 -0.849600 0.000000
vt  0.005900 -0.911100 0.000000
vt  0.018600 -0.911100 0.000000
vt  0.018600 -0.849600 0.000000
vt  0.005900 -0.849600 0.000000
vt  0.005900 -0.911100 0.000000
vt  0.005900 -0.911100 0.000000
vt  0.018600 -0.992200 0.000000
vt  0.005900 -0.992200 0.000000
vt  0.005900 -0.911100 0.000000
vt  0.018600 -0.911100 0.000000
vt  0.018600 -0.992200 0.000000
vt  0.018600 -0.911100 0.000000
vt  0.033200 -0.992200 0.000000
vt  0.018600 -0.992200 0.000000
vt  0.018600 -0.911100 0.000000
vt  0.033200 -0.911100 0.000000
vt  0.033200 -0.992200 0.000000
vt  0.033200 -0.911100 0.000000
vt  0.018600 -0.992200 0.000000
vt  0.033200 -0.992200 0.000000
vt  0.033200 -0.911100 0.000000
vt  0.018600 -0.911100 0.000000
vt  0.018600 -0.992200 0.000000
vt  0.018600 -0.911100 0.000000
vt  0.005900 -0.992200 0.000000
vt  0.018600 -0.992200 0.000000
vt  0.018600 -0.911100 0.000000
vt  0.005900 -0.911100 0.000000
vt  0.005900 -0.992200 0.000000
# 924 texture vertices

vn  0.000000 -1.000000 0.000003
vn  0.000000 -1.000000 0.000003
vn  0.000000 -1.000000 0.000003
vn  0.000000 -1.000000 0.000003
vn  0.000000 -1.000000 0.000003
vn  0.000000 -1.000000 0.000003
vn  0.707107 -0.707107 0.000002
vn  0.707107 -0.707107 0.000002
vn  0.707107 -0.707107 0.000002
vn  0.707107 -0.707107 0.000002
vn  0.707107 -0.707107 0.000002
vn  0.707107 -0.707107 0.000002
vn  0.000003 -1.000000 -0.000000
vn  0.000003 -1.000000 -0.000000
vn  0.000003 -1.000000 -0.000000
vn  0.000000 -1.000000 0.000003
vn  0.000000 -1.000000 0.000003
vn  0.000000 -1.000000 0.000003
vn  0.707107 0.707107 -0.000000
vn  0.707107 0.707107 -0.000000
vn  0.707107 0.707107 -0.000000
vn  0.707107 0.707107 -0.000000
vn  0.707107 0.707107 -0.000000
vn  0.707107 0.707107 -0.000000
vn  0.000000 -1.000000 -0.000000
vn  0.000000 -1.000000 -0.000000
vn  0.000000 -1.000000 -0.000000
vn  0.000000 -1.000000 -0.000000
vn  0.000000 -1.000000 -0.000000
vn  0.000000 -1.000000 -0.000000
vn  -0.707107 -0.707107 -0.000000
vn  -0.707107 -0.707107 -0.000000
vn  -0.707107 -0.707107 -0.000000
vn  -0.707107 -0.707107 -0.000000
vn  -0.707107 -0.707107 -0.000000
vn  -0.707107 -0.707107 -0.000000
vn  -1.000000 0.000000 -0.000000
vn  -1.000000 0.000000 -0.000000
vn  -1.000000 0.000000 -0.000000
vn  -1.000000 0.000000 -0.000000
vn  -1.000000 0.000000 -0.000000
vn  -1.000000 0.000000 -0.000000
vn  0.000000 0.000000 1.000000
vn  0.000000 0.000000 1.000000
vn  0.000000 0.000000 1.000000
vn  0.000000 0.000000 1.000000
vn  0.000000 0.000000 1.000000
vn  0.000000 0.000000 1.000000
vn  0.000000 0.000000 1.000000
vn  0.000000 0.000000 1.000000
vn  0.000000 0.000000 1.000000
vn  0.000000 0.000000 1.000000
vn  0.000000 0.000000 1.000000
vn  0.000000 0.000000 1.000000
vn  0.000000 0.000000 1.000000
vn  0.000000 0.000000 1.000000
vn  0.000000 0.000000 1.000000
vn  0.000000 0.000000 1.000000
vn  0.000000 0.000000 1.000000
vn  0.000000 0.000000 1.000000
vn  0.000000 0.000000 1.000000
vn  0.000000 0.000000 1.000000
vn  0.000000 0.000000 1.000000
vn  0.000000 0.000000 1.000000
vn  0.000000 0.000000 1.000000
vn  0.000000 0.000000 1.000000
vn  0.000000 0.000000 1.000000
vn  0.000000 0.000000 1.000000
vn  0.000000 0.000000 1.000000
vn  0.000000 0.000000 1.000000
vn  0.000000 0.000000 1.000000
vn  0.000000 0.000000 1.000000
vn  0.000000 0.000000 1.000000
vn  0.000000 0.000000 1.000000
vn  0.000000 0.000000 1.000000
vn  0.000000 0.000000 -1.000000
vn  0.000000 0.000000 -1.000000
vn  0.000000 0.000000 -1.000000
vn  0.000000 0.000000 -1.000000
vn  0.000000 0.000000 -1.000000
vn  0.000000 0.000000 -1.000000
vn  0.000000 0.000000 -1.000000
vn  0.000000 0.000000 -1.000000
vn  0.000000 0.000000 -1.000000
vn  0.000000 0.000000 -1.000000
vn  0.000000 0.000000 -1.000000
vn  0.000000 0.000000 -1.000000
vn  0.000000 0.000000 -1.000000
vn  0.000000 0.000000 -1.000000
vn  0.000000 0.000000 -1.000000
vn  0.000000 0.000000 -1.000000
vn  0.000000 0.000000 -1.000000
vn  0.000000 0.000000 -1.000000
vn  0.000000 0.000000 -1.000000
vn  0.000000 0.000000 -1.000000
vn  0.000000 0.000000 -1.000000
vn  0.000000 0.000000 -1.000000
vn  0.000000 0.000000 -1.000000
vn  0.000000 0.000000 -1.000000
vn  0.000000 0.000000 -1.000000
vn  0.000000 0.000000 -1.000000
vn  0.000000 0.000000 -1.000000
vn  0.000000 0.000000 -1.000000
vn  0.000000 0.000000 -1.000000
vn  0.000000 0.000000 -1.000000
vn  0.000000 0.000000 -1.000000
vn  0.000000 0.000000 -1.000000
vn  0.000000 0.000000 -1.000000
vn  0.707107 -0.707107 0.000002
vn  0.707107 -0.707107 0.000002
vn  0.707107 -0.707107 0.000002
vn  0.707107 -0.707107 0.000002
vn  0.707107 -0.707107 0.000002
vn  0.707107 -0.707107 0.000002
vn  0.000000 -1.000000 0.000003
vn  0.000000 -1.000000 0.000003
vn  0.000000 -1.000000 0.000003
vn  0.000000 -1.000000 0.000003
vn  0.000000 -1.000000 0.000003
vn  0.000000 -1.000000 0.000003
vn  0.768221 0.640184 -0.000002
vn  0.768221 0.640184 -0.000002
vn  0.768221 0.640184 -0.000002
vn  0.768221 0.640184 -0.000002
vn  0.768221 0.640184 -0.000002
vn  0.768221 0.640184 -0.000002
vn  1.000000 0.000000 -0.000000
vn  1.000000 0.000000 -0.000000
vn  1.000000 0.000000 -0.000000
vn  1.000000 0.000000 -0.000000
vn  1.000000 0.000000 -0.000000
vn  1.000000 0.000000 -0.000000
vn  1.000000 0.000000 -0.000000
vn  1.000000 0.000000 -0.000000
vn  1.000000 0.000000 -0.000000
vn  1.000000 0.000000 -0.000000
vn  1.000000 0.000000 -0.000000
vn  1.000000 0.000000 -0.000000
vn  1.000000 0.000000 -0.000000
vn  1.000000 0.000000 -0.000000
vn  1.000000 0.000000 -0.000000
vn  1.000000 0.000000 -0.000000
vn  1.000000 0.000000 -0.000000
vn  1.000000 0.000000 -0.000000
vn  0.970142 -0.242536 0.000000
vn  0.970142 -0.242536 0.000000
vn  0.970142 -0.242536 0.000000
vn  0.970143 -0.242535 0.000000
vn  0.970143 -0.242535 0.000000
vn  0.970143 -0.242535 0.000000
vn  0.970144 -0.035977 -0.239846
vn  0.970144 -0.035977 -0.239846
vn  0.970144 -0.035977 -0.239846
vn  0.970146 -0.035976 -0.239838
vn  0.970146 -0.035976 -0.239838
vn  0.970146 -0.035976 -0.239838
vn  0.970142 0.242536 -0.000000
vn  0.970142 0.242536 -0.000000
vn  0.970142 0.242536 -0.000000
vn  0.970142 0.242536 -0.000000
vn  0.970142 0.242536 -0.000000
vn  0.970142 0.242536 -0.000000
vn  0.970141 -0.035979 0.239857
vn  0.970141 -0.035979 0.239857
vn  0.970141 -0.035979 0.239857
vn  0.970144 -0.035976 0.239845
vn  0.970144 -0.035976 0.239845
vn  0.970144 -0.035976 0.239845
vn  -1.000000 0.000000 -0.000000
vn  -1.000000 0.000000 -0.000000
vn  -1.000000 0.000000 -0.000000
vn  -1.000000 0.000000 -0.000000
vn  -1.000000 0.000000 -0.000000
vn  -1.000000 0.000000 -0.000000
vn  -1.000000 0.000000 -0.000000
vn  -1.000000 0.000000 -0.000000
vn  -1.000000 0.000000 -0.000000
vn  -1.000000 0.000000 -0.000000
vn  -1.000000 0.000000 -0.000000
vn  -1.000000 0.000000 -0.000000
vn  -1.000000 0.000000 -0.000000
vn  -1.000000 0.000000 -0.000000
vn  -1.000000 0.000000 -0.000000
vn  -1.000000 0.000000 -0.000000
vn  -1.000000 0.000000 -0.000000
vn  -1.000000 0.000000 -0.000000
vn  0.000001 -1.000000 0.000002
vn  0.000001 -1.000000 0.000002
vn  0.000001 -1.000000 0.000002
vn  0.000000 -1.000000 -0.000000
vn  0.000000 -1.000000 -0.000000
vn  0.000000 -1.000000 -0.000000
vn  0.000000 -0.600006 0.799996
vn  0.000000 -0.600006 0.799996
vn  0.000000 -0.600006 0.799996
vn  0.000000 -0.600000 0.800000
vn  0.000000 -0.600000 0.800000
vn  0.000000 -0.600000 0.800000
vn  -0.009271 -0.148334 0.988894
vn  -0.009271 -0.148334 0.988894
vn  -0.009271 -0.148334 0.988894
vn  0.000000 -0.129339 0.991600
vn  0.000000 -0.129339 0.991600
vn  0.000000 -0.129339 0.991600
vn  0.037474 0.599579 0.799438
vn  0.037474 0.599579 0.799438
vn  0.037474 0.599579 0.799438
vn  0.037474 0.599579 0.799438
vn  0.037474 0.599579 0.799438
vn  0.037474 0.599579 0.799438
vn  0.062378 0.998053 -0.000000
vn  0.062378 0.998053 -0.000000
vn  0.062378 0.998053 -0.000000
vn  0.062378 0.998053 -0.000000
vn  0.062378 0.998053 -0.000000
vn  0.062378 0.998053 -0.000000
vn  0.037474 0.599579 -0.799438
vn  0.037474 0.599579 -0.799438
vn  0.037474 0.599579 -0.799438
vn  0.037474 0.599579 -0.799438
vn  0.037474 0.599579 -0.799438
vn  0.037474 0.599579 -0.799438
vn  -0.000000 -0.148340 -0.988936
vn  -0.000000 -0.148340 -0.988936
vn  -0.000000 -0.148340 -0.988936
vn  -0.008083 -0.129335 -0.991568
vn  -0.008083 -0.129335 -0.991568
vn  -0.008083 -0.129335 -0.991568
vn  0.000000 -0.600006 -0.799996
vn  0.000000 -0.600006 -0.799996
vn  0.000000 -0.600006 -0.799996
vn  -0.000000 -0.600000 -0.800000
vn  -0.000000 -0.600000 -0.800000
vn  -0.000000 -0.600000 -0.800000
vn  0.000000 -0.148343 -0.988936
vn  0.000000 -0.148343 -0.988936
vn  0.000000 -0.148343 -0.988936
vn  0.000000 -0.148343 -0.988936
vn  0.000000 -0.148343 -0.988936
vn  0.000000 -0.148343 -0.988936
vn  0.000000 1.000000 -0.000000
vn  0.000000 1.000000 -0.000000
vn  0.000000 1.000000 -0.000000
vn  0.000000 1.000000 -0.000000
vn  0.000000 1.000000 -0.000000
vn  0.000000 1.000000 -0.000000
vn  0.000000 -0.148336 0.988937
vn  0.000000 -0.148336 0.988937
vn  0.000000 -0.148336 0.988937
vn  0.000000 -0.148336 0.988937
vn  0.000000 -0.148336 0.988937
vn  0.000000 -0.148336 0.988937
vn  0.000000 -1.000000 0.000002
vn  0.000000 -1.000000 0.000002
vn  0.000000 -1.000000 0.000002
vn  0.000000 -1.000000 0.000002
vn  0.000000 -1.000000 0.000002
vn  0.000000 -1.000000 0.000002
vn  -1.000000 -0.000005 -0.000007
vn  -1.000000 -0.000005 -0.000007
vn  -1.000000 -0.000005 -0.000007
vn  -1.000000 0.000004 -0.000006
vn  -1.000000 0.000004 -0.000006
vn  -1.000000 0.000004 -0.000006
vn  -1.000000 -0.000005 -0.000006
vn  -1.000000 -0.000005 -0.000006
vn  -1.000000 -0.000005 -0.000006
vn  -1.000000 0.000000 -0.000000
vn  -1.000000 0.000000 -0.000000
vn  -1.000000 0.000000 -0.000000
vn  -1.000000 0.000000 -0.000000
vn  -1.000000 0.000000 -0.000000
vn  -1.000000 0.000000 -0.000000
vn  -1.000000 0.000000 -0.000000
vn  -1.000000 0.000000 -0.000000
vn  -1.000000 0.000000 -0.000000
vn  -0.965917 -0.258852 -0.000000
vn  -0.965917 -0.258852 -0.000000
vn  -0.965917 -0.258852 -0.000000
vn  -0.965916 -0.258856 -0.000001
vn  -0.965916 -0.258856 -0.000001
vn  -0.965916 -0.258856 -0.000001
vn  -0.965917 -0.258851 -0.000000
vn  -0.965917 -0.258851 -0.000000
vn  -0.965917 -0.258851 -0.000000
vn  -0.965917 -0.258852 -0.000000
vn  -0.965917 -0.258852 -0.000000
vn  -0.965917 -0.258852 -0.000000
vn  -0.874303 -0.485380 -0.000000
vn  -0.874303 -0.485380 -0.000000
vn  -0.874303 -0.485380 -0.000000
vn  -0.874303 -0.485380 -0.000000
vn  -0.874303 -0.485380 -0.000000
vn  -0.874303 -0.485380 -0.000000
vn  -0.917007 -0.305012 0.257031
vn  -0.917007 -0.305012 0.257031
vn  -0.917007 -0.305012 0.257031
vn  -0.926706 -0.305890 0.218284
vn  -0.926706 -0.305890 0.218284
vn  -0.926706 -0.305890 0.218284
vn  -0.999859 -0.016816 -0.000000
vn  -0.999859 -0.016816 -0.000000
vn  -0.999859 -0.016816 -0.000000
vn  -0.999859 -0.016816 -0.000000
vn  -0.999859 -0.016816 -0.000000
vn  -0.999859 -0.016816 -0.000000
vn  -0.926887 -0.303398 -0.220977
vn  -0.926887 -0.303398 -0.220977
vn  -0.926887 -0.303398 -0.220977
vn  -0.915527 -0.307534 -0.259292
vn  -0.915527 -0.307534 -0.259292
vn  -0.915527 -0.307534 -0.259292
vn  -0.798756 -0.551319 0.240906
vn  -0.798756 -0.551319 0.240906
vn  -0.798756 -0.551319 0.240906
vn  -0.798750 -0.551316 0.240935
vn  -0.798750 -0.551316 0.240935
vn  -0.798750 -0.551316 0.240935
vn  -0.945892 -0.324482 -0.000001
vn  -0.945892 -0.324482 -0.000001
vn  -0.945892 -0.324482 -0.000001
vn  -0.945890 -0.324488 -0.000000
vn  -0.945890 -0.324488 -0.000000
vn  -0.945890 -0.324488 -0.000000
vn  -0.798749 -0.551317 -0.240934
vn  -0.798749 -0.551317 -0.240934
vn  -0.798749 -0.551317 -0.240934
vn  -0.798755 -0.551317 -0.240914
vn  -0.798755 -0.551317 -0.240914
vn  -0.798755 -0.551317 -0.240914
vn  -0.681932 -0.731416 -0.000000
vn  -0.681932 -0.731416 -0.000000
vn  -0.681932 -0.731416 -0.000000
vn  -0.681932 -0.731416 -0.000000
vn  -0.681932 -0.731416 -0.000000
vn  -0.681932 -0.731416 -0.000000
vn  -0.798754 -0.551315 0.240920
vn  -0.798754 -0.551315 0.240920
vn  -0.798754 -0.551315 0.240920
vn  -0.798757 -0.551317 0.240907
vn  -0.798757 -0.551317 0.240907
vn  -0.798757 -0.551317 0.240907
vn  -0.945914 -0.324417 -0.000000
vn  -0.945914 -0.324417 -0.000000
vn  -0.945914 -0.324417 -0.000000
vn  -0.945886 -0.324498 0.000010
vn  -0.945886 -0.324498 0.000010
vn  -0.945886 -0.324498 0.000010
vn  -0.798750 -0.551316 -0.240936
vn  -0.798750 -0.551316 -0.240936
vn  -0.798750 -0.551316 -0.240936
vn  -0.798733 -0.551318 -0.240987
vn  -0.798733 -0.551318 -0.240987
vn  -0.798733 -0.551318 -0.240987
vn  -0.681941 -0.731407 -0.000002
vn  -0.681941 -0.731407 -0.000002
vn  -0.681941 -0.731407 -0.000002
vn  -0.681932 -0.731416 -0.000000
vn  -0.681932 -0.731416 -0.000000
vn  -0.681932 -0.731416 -0.000000
vn  -0.110951 -0.627895 -0.770349
vn  -0.110951 -0.627895 -0.770349
vn  -0.110951 -0.627895 -0.770349
vn  -0.115882 -0.595958 -0.794610
vn  -0.115882 -0.595958 -0.794610
vn  -0.115882 -0.595958 -0.794610
vn  -0.053562 -0.140705 -0.988602
vn  -0.053562 -0.140705 -0.988602
vn  -0.053562 -0.140705 -0.988602
vn  -0.088978 -0.114170 -0.989469
vn  -0.088978 -0.114170 -0.989469
vn  -0.088978 -0.114170 -0.989469
vn  -0.065787 0.600909 -0.796606
vn  -0.065787 0.600909 -0.796606
vn  -0.065787 0.600909 -0.796606
vn  -0.065546 0.598710 -0.798280
vn  -0.065546 0.598710 -0.798280
vn  -0.065546 0.598710 -0.798280
vn  -0.065518 0.600965 0.796585
vn  -0.065518 0.600965 0.796585
vn  -0.065518 0.600965 0.796585
vn  -0.065809 0.598699 0.798266
vn  -0.065809 0.598699 0.798266
vn  -0.065809 0.598699 0.798266
vn  -0.091434 -0.151411 0.984233
vn  -0.091434 -0.151411 0.984233
vn  -0.091434 -0.151411 0.984233
vn  -0.054579 -0.114453 0.991928
vn  -0.054579 -0.114453 0.991928
vn  -0.054579 -0.114453 0.991928
vn  -0.116460 -0.628406 0.769118
vn  -0.116460 -0.628406 0.769118
vn  -0.116460 -0.628406 0.769118
vn  -0.110516 -0.596330 0.795095
vn  -0.110516 -0.596330 0.795095
vn  -0.110516 -0.596330 0.795095
vn  -0.064283 -0.140092 0.988050
vn  -0.064283 -0.140092 0.988050
vn  -0.064283 -0.140092 0.988050
vn  -0.188856 -0.253281 0.948779
vn  -0.188856 -0.253281 0.948779
vn  -0.188856 -0.253281 0.948779
vn  -0.150807 -0.164546 -0.974773
vn  -0.150807 -0.164546 -0.974773
vn  -0.150807 -0.164546 -0.974773
vn  -0.064510 -0.177211 -0.982056
vn  -0.064510 -0.177211 -0.982056
vn  -0.064510 -0.177211 -0.982056
vn  -0.046156 -0.165717 0.985093
vn  -0.046156 -0.165717 0.985093
vn  -0.046156 -0.165717 0.985093
vn  -0.046163 -0.165725 0.985091
vn  -0.046163 -0.165725 0.985091
vn  -0.046163 -0.165725 0.985091
vn  -0.046163 -0.165721 -0.985092
vn  -0.046163 -0.165721 -0.985092
vn  -0.046163 -0.165721 -0.985092
vn  -0.046157 -0.165721 -0.985092
vn  -0.046157 -0.165721 -0.985092
vn  -0.046157 -0.165721 -0.985092
vn  -0.165362 -0.239153 0.956797
vn  -0.165362 -0.239153 0.956797
vn  -0.165362 -0.239153 0.956797
vn  -0.111232 -0.155538 0.981547
vn  -0.111232 -0.155538 0.981547
vn  -0.111232 -0.155538 0.981547
vn  -0.121495 -0.212453 -0.969589
vn  -0.121495 -0.212453 -0.969589
vn  -0.121495 -0.212453 -0.969589
vn  -0.183310 -0.153931 -0.970929
vn  -0.183310 -0.153931 -0.970929
vn  -0.183310 -0.153931 -0.970929
vn  -0.083047 -0.996546 -0.000002
vn  -0.083047 -0.996546 -0.000002
vn  -0.083047 -0.996546 -0.000002
vn  -0.083044 -0.996546 0.000001
vn  -0.083044 -0.996546 0.000001
vn  -0.083044 -0.996546 0.000001
vn  -0.033273 0.999446 -0.000000
vn  -0.033273 0.999446 -0.000000
vn  -0.033273 0.999446 -0.000000
vn  -0.033273 0.999446 -0.000000
vn  -0.033273 0.999446 -0.000000
vn  -0.033273 0.999446 -0.000000
vn  0.016216 0.999869 -0.000000
vn  0.016216 0.999869 -0.000000
vn  0.016216 0.999869 -0.000000
vn  0.016214 0.999869 0.000002
vn  0.016214 0.999869 0.000002
vn  0.016214 0.999869 0.000002
vn  -0.411592 -0.911368 -0.000000
vn  -0.411592 -0.911368 -0.000000
vn  -0.411592 -0.911368 -0.000000
vn  -0.411592 -0.911368 -0.000000
vn  -0.411592 -0.911368 -0.000000
vn  -0.411592 -0.911368 -0.000000
vn  0.013230 0.999913 -0.000000
vn  0.013230 0.999913 -0.000000
vn  0.013230 0.999913 -0.000000
vn  0.013230 0.999913 -0.000000
vn  0.013230 0.999913 -0.000000
vn  0.013230 0.999913 -0.000000
vn  -0.076411 -0.997076 -0.000000
vn  -0.076411 -0.997076 -0.000000
vn  -0.076411 -0.997076 -0.000000
vn  -0.076414 -0.997076 -0.000003
vn  -0.076414 -0.997076 -0.000003
vn  -0.076414 -0.997076 -0.000003
vn  -0.172067 0.985085 0.000002
vn  -0.172067 0.985085 0.000002
vn  -0.172067 0.985085 0.000002
vn  -0.172065 0.985086 -0.000000
vn  -0.172065 0.985086 -0.000000
vn  -0.172065 0.985086 -0.000000
vn  -0.193684 -0.981064 -0.000000
vn  -0.193684 -0.981064 -0.000000
vn  -0.193684 -0.981064 -0.000000
vn  -0.193684 -0.981064 -0.000000
vn  -0.193684 -0.981064 -0.000000
vn  -0.193684 -0.981064 -0.000000
vn  -0.263110 0.000000 -0.964766
vn  -0.263110 0.000000 -0.964766
vn  -0.263110 0.000000 -0.964766
vn  -0.263110 0.000000 -0.964766
vn  -0.263110 0.000000 -0.964766
vn  -0.263110 0.000000 -0.964766
vn  0.000000 0.000000 1.000000
vn  0.000000 0.000000 1.000000
vn  0.000000 0.000000 1.000000
vn  0.000000 0.000000 1.000000
vn  0.000000 0.000000 1.000000
vn  0.000000 0.000000 1.000000
vn  -0.263117 0.000000 0.964764
vn  -0.263117 0.000000 0.964764
vn  -0.263117 0.000000 0.964764
vn  -0.263117 0.000000 0.964764
vn  -0.263117 0.000000 0.964764
vn  -0.263117 0.000000 0.964764
vn  -0.263110 0.000000 0.964766
vn  -0.263110 0.000000 0.964766
vn  -0.263110 0.000000 0.964766
vn  -0.263110 0.000000 0.964766
vn  -0.263110 0.000000 0.964766
vn  -0.263110 0.000000 0.964766
vn  0.000000 0.000000 -1.000000
vn  0.000000 0.000000 -1.000000
vn  0.000000 0.000000 -1.000000
vn  0.000000 0.000000 -1.000000
vn  0.000000 0.000000 -1.000000
vn  0.000000 0.000000 -1.000000
vn  -0.263117 0.000000 -0.964764
vn  -0.263117 0.000000 -0.964764
vn  -0.263117 0.000000 -0.964764
vn  -0.263117 0.000000 -0.964764
vn  -0.263117 0.000000 -0.964764
vn  -0.263117 0.000000 -0.964764
vn  -0.305023 0.115394 0.945328
vn  -0.305023 0.115394 0.945328
vn  -0.305023 0.115394 0.945328
vn  -0.305017 0.115362 0.945334
vn  -0.305017 0.115362 0.945334
vn  -0.305017 0.115362 0.945334
vn  -0.141399 0.000000 0.989953
vn  -0.141399 0.000000 0.989953
vn  -0.141399 0.000000 0.989953
vn  -0.141399 0.000000 0.989953
vn  -0.141399 0.000000 0.989953
vn  -0.141399 0.000000 0.989953
vn  -0.305012 -0.115363 0.945335
vn  -0.305012 -0.115363 0.945335
vn  -0.305012 -0.115363 0.945335
vn  -0.305028 -0.115394 0.945326
vn  -0.305028 -0.115394 0.945326
vn  -0.305028 -0.115394 0.945326
vn  -0.380741 0.000000 0.924682
vn  -0.380741 0.000000 0.924682
vn  -0.380741 0.000000 0.924682
vn  -0.380741 0.000000 0.924682
vn  -0.380741 0.000000 0.924682
vn  -0.380741 0.000000 0.924682
vn  -0.489244 0.000000 -0.872147
vn  -0.489244 0.000000 -0.872147
vn  -0.489244 0.000000 -0.872147
vn  -0.489244 0.000000 -0.872147
vn  -0.489244 0.000000 -0.872147
vn  -0.489244 0.000000 -0.872147
vn  -0.341169 -0.225623 -0.912523
vn  -0.341169 -0.225623 -0.912523
vn  -0.341169 -0.225623 -0.912523
vn  -0.341163 -0.225587 -0.912534
vn  -0.341163 -0.225587 -0.912534
vn  -0.341163 -0.225587 -0.912534
vn  0.021238 0.000000 0.999774
vn  0.021238 0.000000 0.999774
vn  0.021238 0.000000 0.999774
vn  0.021238 0.000000 0.999774
vn  0.021238 0.000000 0.999774
vn  0.021238 0.000000 0.999774
vn  -0.341163 0.225599 -0.912531
vn  -0.341163 0.225599 -0.912531
vn  -0.341163 0.225599 -0.912531
vn  -0.341176 0.225628 -0.912519
vn  -0.341176 0.225628 -0.912519
vn  -0.341176 0.225628 -0.912519
vn  -0.378634 0.925547 0.000004
vn  -0.378634 0.925547 0.000004
vn  -0.378634 0.925547 0.000004
vn  -0.378631 0.925548 0.000006
vn  -0.378631 0.925548 0.000006
vn  -0.378631 0.925548 0.000006
vn  0.000000 1.000000 0.000004
vn  0.000000 1.000000 0.000004
vn  0.000000 1.000000 0.000004
vn  0.000000 1.000000 0.000004
vn  0.000000 1.000000 0.000004
vn  0.000000 1.000000 0.000004
vn  -0.378628 -0.925549 -0.000000
vn  -0.378628 -0.925549 -0.000000
vn  -0.378628 -0.925549 -0.000000
vn  -0.378632 -0.925547 -0.000004
vn  -0.378632 -0.925547 -0.000004
vn  -0.378632 -0.925547 -0.000004
vn  -1.000000 0.000000 -0.000000
vn  -1.000000 0.000000 -0.000000
vn  -1.000000 0.000000 -0.000000
vn  -1.000000 0.000000 -0.000000
vn  -1.000000 0.000000 -0.000000
vn  -1.000000 0.000000 -0.000000
vn  -0.378633 0.925547 -0.000000
vn  -0.378633 0.925547 -0.000000
vn  -0.378633 0.925547 -0.000000
vn  -0.378633 0.925547 -0.000000
vn  -0.378633 0.925547 -0.000000
vn  -0.378633 0.925547 -0.000000
vn  0.000000 -1.000000 -0.000000
vn  0.000000 -1.000000 -0.000000
vn  0.000000 -1.000000 -0.000000
vn  0.000000 -1.000000 -0.000000
vn  0.000000 -1.000000 -0.000000
vn  0.000000 -1.000000 -0.000000
vn  -0.378633 -0.925547 -0.000000
vn  -0.378633 -0.925547 -0.000000
vn  -0.378633 -0.925547 -0.000000
vn  -0.378633 -0.925547 -0.000000
vn  -0.378633 -0.925547 -0.000000
vn  -0.378633 -0.925547 -0.000000
vn  -1.000000 0.000000 -0.000000
vn  -1.000000 0.000000 -0.000000
vn  -1.000000 0.000000 -0.000000
vn  -1.000000 0.000000 -0.000000
vn  -1.000000 0.000000 -0.000000
vn  -1.000000 0.000000 -0.000000
vn  -0.199130 0.831986 -0.517828
vn  -0.199130 0.831986 -0.517828
vn  -0.199130 0.831986 -0.517828
vn  -0.199123 0.831970 -0.517856
vn  -0.199123 0.831970 -0.517856
vn  -0.199123 0.831970 -0.517856
vn  -0.980572 0.000000 0.196158
vn  -0.980572 0.000000 0.196158
vn  -0.980572 0.000000 0.196158
vn  -0.980572 0.000000 0.196158
vn  -0.980572 0.000000 0.196158
vn  -0.980572 0.000000 0.196158
vn  -0.199124 -0.831980 -0.517841
vn  -0.199124 -0.831980 -0.517841
vn  -0.199124 -0.831980 -0.517841
vn  -0.199134 -0.831986 -0.517827
vn  -0.199134 -0.831986 -0.517827
vn  -0.199134 -0.831986 -0.517827
vn  -0.745253 0.000000 -0.666782
vn  -0.745253 0.000000 -0.666782
vn  -0.745253 0.000000 -0.666782
vn  -0.745253 0.000000 -0.666782
vn  -0.745253 0.000000 -0.666782
vn  -0.745253 0.000000 -0.666782
vn  -0.745253 0.000000 0.666782
vn  -0.745253 0.000000 0.666782
vn  -0.745253 0.000000 0.666782
vn  -0.745253 0.000000 0.666782
vn  -0.745253 0.000000 0.666782
vn  -0.745253 0.000000 0.666782
vn  -0.199130 -0.831986 0.517828
vn  -0.199130 -0.831986 0.517828
vn  -0.199130 -0.831986 0.517828
vn  -0.199123 -0.831970 0.517856
vn  -0.199123 -0.831970 0.517856
vn  -0.199123 -0.831970 0.517856
vn  -0.980572 0.000000 -0.196158
vn  -0.980572 0.000000 -0.196158
vn  -0.980572 0.000000 -0.196158
vn  -0.980572 0.000000 -0.196158
vn  -0.980572 0.000000 -0.196158
vn  -0.980572 0.000000 -0.196158
vn  -0.199118 0.831974 0.517853
vn  -0.199118 0.831974 0.517853
vn  -0.199118 0.831974 0.517853
vn  -0.199138 0.831986 0.517826
vn  -0.199138 0.831986 0.517826
vn  -0.199138 0.831986 0.517826
vn  0.442919 0.493072 -0.748801
vn  0.442919 0.493072 -0.748801
vn  0.442919 0.493072 -0.748801
vn  0.444268 0.493968 -0.747410
vn  0.444268 0.493968 -0.747410
vn  0.444268 0.493968 -0.747410
vn  0.443242 0.492827 0.748771
vn  0.443242 0.492827 0.748771
vn  0.443242 0.492827 0.748771
vn  0.444504 0.493692 0.747452
vn  0.444504 0.493692 0.747452
vn  0.444504 0.493692 0.747452
vn  0.443538 0.492619 -0.748733
vn  0.443538 0.492619 -0.748733
vn  0.443538 0.492619 -0.748733
vn  0.444268 0.493968 -0.747410
vn  0.444268 0.493968 -0.747410
vn  0.444268 0.493968 -0.747410
vn  0.443251 0.492838 0.748758
vn  0.443251 0.492838 0.748758
vn  0.443251 0.492838 0.748758
vn  0.444002 0.494277 0.747364
vn  0.444002 0.494277 0.747364
vn  0.444002 0.494277 0.747364
vn  0.276466 0.593390 -0.755946
vn  0.276466 0.593390 -0.755946
vn  0.276466 0.593390 -0.755946
vn  0.277599 0.594425 -0.754717
vn  0.277599 0.594425 -0.754717
vn  0.277599 0.594425 -0.754717
vn  0.277001 0.593145 0.755943
vn  0.277001 0.593145 0.755943
vn  0.277001 0.593145 0.755943
vn  0.278091 0.594154 0.754749
vn  0.278091 0.594154 0.754749
vn  0.278091 0.594154 0.754749
vn  0.277508 0.592908 -0.755942
vn  0.277508 0.592908 -0.755942
vn  0.277508 0.592908 -0.755942
vn  0.277595 0.594417 -0.754725
vn  0.277595 0.594417 -0.754725
vn  0.277595 0.594417 -0.754725
vn  0.276999 0.593141 0.755946
vn  0.276999 0.593141 0.755946
vn  0.276999 0.593141 0.755946
vn  0.277077 0.594701 0.754691
vn  0.277077 0.594701 0.754691
vn  0.277077 0.594701 0.754691
vn  0.102102 0.647535 -0.755165
vn  0.102102 0.647535 -0.755165
vn  0.102102 0.647535 -0.755165
vn  0.109162 0.659634 -0.743617
vn  0.109162 0.659634 -0.743617
vn  0.109162 0.659634 -0.743617
vn  0.107062 0.646942 0.754986
vn  0.107062 0.646942 0.754986
vn  0.107062 0.646942 0.754986
vn  0.113392 0.658236 0.744223
vn  0.113392 0.658236 0.744223
vn  0.113392 0.658236 0.744223
vn  0.111356 0.646417 -0.754814
vn  0.111356 0.646417 -0.754814
vn  0.111356 0.646417 -0.754814
vn  0.109162 0.659632 -0.743619
vn  0.109162 0.659632 -0.743619
vn  0.109162 0.659632 -0.743619
vn  0.107062 0.646944 0.754985
vn  0.107062 0.646944 0.754985
vn  0.107062 0.646944 0.754985
vn  0.104262 0.661233 0.742900
vn  0.104262 0.661233 0.742900
vn  0.104262 0.661233 0.742900
vn  -0.024810 -0.654433 0.755713
vn  -0.024810 -0.654433 0.755713
vn  -0.024810 -0.654433 0.755713
vn  -0.024857 -0.654625 0.755545
vn  -0.024857 -0.654625 0.755545
vn  -0.024857 -0.654625 0.755545
vn  0.024850 0.654437 0.755708
vn  0.024850 0.654437 0.755708
vn  0.024850 0.654437 0.755708
vn  0.024894 0.654618 0.755550
vn  0.024894 0.654618 0.755550
vn  0.024894 0.654618 0.755550
vn  0.024887 0.654437 -0.755707
vn  0.024887 0.654437 -0.755707
vn  0.024887 0.654437 -0.755707
vn  0.024857 0.654620 -0.755549
vn  0.024857 0.654620 -0.755549
vn  0.024857 0.654620 -0.755549
vn  0.024850 0.654432 0.755713
vn  0.024850 0.654432 0.755713
vn  0.024850 0.654432 0.755713
vn  0.024818 0.654628 0.755544
vn  0.024818 0.654628 0.755544
vn  0.024818 0.654628 0.755544
vn  0.123609 0.644853 -0.754245
vn  0.123609 0.644853 -0.754245
vn  0.123609 0.644853 -0.754245
vn  0.165113 0.743163 -0.648418
vn  0.165113 0.743163 -0.648418
vn  0.165113 0.743163 -0.648418
vn  0.142685 0.642218 0.753125
vn  0.142685 0.642218 0.753125
vn  0.142685 0.642218 0.753125
vn  0.181677 0.731982 0.656656
vn  0.181677 0.731982 0.656656
vn  0.181677 0.731982 0.656656
vn  0.158797 0.639796 -0.751960
vn  0.158797 0.639796 -0.751960
vn  0.158797 0.639796 -0.751960
vn  0.165115 0.743169 -0.648411
vn  0.165115 0.743169 -0.648411
vn  0.165115 0.743169 -0.648411
vn  0.142685 0.642213 0.753129
vn  0.142685 0.642213 0.753129
vn  0.142685 0.642213 0.753129
vn  0.144963 0.756254 0.638017
vn  0.144963 0.756254 0.638017
vn  0.144963 0.756254 0.638017
vn  0.020484 -0.654897 0.755440
vn  0.020484 -0.654897 0.755440
vn  0.020484 -0.654897 0.755440
vn  0.019958 -0.656931 0.753686
vn  0.019958 -0.656931 0.753686
vn  0.019958 -0.656931 0.753686
vn  -0.019898 0.654940 0.755419
vn  -0.019898 0.654940 0.755419
vn  -0.019898 0.654940 0.755419
vn  -0.019403 0.656910 0.753719
vn  -0.019403 0.656910 0.753719
vn  -0.019403 0.656910 0.753719
vn  -0.019346 0.654969 -0.755408
vn  -0.019346 0.654969 -0.755408
vn  -0.019346 0.654969 -0.755408
vn  -0.019960 0.656931 -0.753687
vn  -0.019960 0.656931 -0.753687
vn  -0.019960 0.656931 -0.753687
vn  0.019899 -0.654940 -0.755419
vn  0.019899 -0.654940 -0.755419
vn  0.019899 -0.654940 -0.755419
vn  0.020548 -0.656953 -0.753652
vn  0.020548 -0.656953 -0.753652
vn  0.020548 -0.656953 -0.753652
vn  0.088830 -0.652046 0.752958
vn  0.088830 -0.652046 0.752958
vn  0.088830 -0.652046 0.752958
vn  0.088880 -0.649019 0.755563
vn  0.088880 -0.649019 0.755563
vn  0.088880 -0.649019 0.755563
vn  0.089291 -0.652025 -0.752922
vn  0.089291 -0.652025 -0.752922
vn  0.089291 -0.652025 -0.752922
vn  0.089343 -0.648974 -0.755547
vn  0.089343 -0.648974 -0.755547
vn  0.089343 -0.648974 -0.755547
vn  0.089759 -0.651997 0.752890
vn  0.089759 -0.651997 0.752890
vn  0.089759 -0.651997 0.752890
vn  0.088879 -0.649019 0.755563
vn  0.088879 -0.649019 0.755563
vn  0.088879 -0.649019 0.755563
vn  0.089290 -0.652019 -0.752926
vn  0.089290 -0.652019 -0.752926
vn  0.089290 -0.652019 -0.752926
vn  0.088425 -0.649073 -0.755569
vn  0.088425 -0.649073 -0.755569
vn  0.088425 -0.649073 -0.755569
vn  0.442910 0.493061 -0.748813
vn  0.442910 0.493061 -0.748813
vn  0.442910 0.493061 -0.748813
vn  0.444270 0.493965 -0.747411
vn  0.444270 0.493965 -0.747411
vn  0.444270 0.493965 -0.747411
vn  0.443247 0.492828 0.748767
vn  0.443247 0.492828 0.748767
vn  0.443247 0.492828 0.748767
vn  0.444506 0.493690 0.747452
vn  0.444506 0.493690 0.747452
vn  0.444506 0.493690 0.747452
vn  0.443542 0.492620 -0.748729
vn  0.443542 0.492620 -0.748729
vn  0.443542 0.492620 -0.748729
vn  0.444270 0.493965 -0.747411
vn  0.444270 0.493965 -0.747411
vn  0.444270 0.493965 -0.747411
vn  0.443245 0.492825 0.748771
vn  0.443245 0.492825 0.748771
vn  0.443245 0.492825 0.748771
vn  0.444002 0.494277 0.747364
vn  0.444002 0.494277 0.747364
vn  0.444002 0.494277 0.747364
vn  0.276466 0.593389 -0.755947
vn  0.276466 0.593389 -0.755947
vn  0.276466 0.593389 -0.755947
vn  0.277592 0.594419 -0.754725
vn  0.277592 0.594419 -0.754725
vn  0.277592 0.594419 -0.754725
vn  0.277000 0.593151 0.755938
vn  0.277000 0.593151 0.755938
vn  0.277000 0.593151 0.755938
vn  0.278090 0.594161 0.754744
vn  0.278090 0.594161 0.754744
vn  0.278090 0.594161 0.754744
vn  0.277507 0.592914 -0.755938
vn  0.277507 0.592914 -0.755938
vn  0.277507 0.592914 -0.755938
vn  0.277594 0.594423 -0.754720
vn  0.277594 0.594423 -0.754720
vn  0.277594 0.594423 -0.754720
vn  0.276996 0.593142 0.755947
vn  0.276996 0.593142 0.755947
vn  0.276996 0.593142 0.755947
vn  0.277073 0.594693 0.754699
vn  0.277073 0.594693 0.754699
vn  0.277073 0.594693 0.754699
vn  0.102105 0.647534 -0.755165
vn  0.102105 0.647534 -0.755165
vn  0.102105 0.647534 -0.755165
vn  0.109161 0.659627 -0.743624
vn  0.109161 0.659627 -0.743624
vn  0.109161 0.659627 -0.743624
vn  0.107062 0.646942 0.754986
vn  0.107062 0.646942 0.754986
vn  0.107062 0.646942 0.754986
vn  0.113395 0.658241 0.744218
vn  0.113395 0.658241 0.744218
vn  0.113395 0.658241 0.744218
vn  0.111358 0.646417 -0.754814
vn  0.111358 0.646417 -0.754814
vn  0.111358 0.646417 -0.754814
vn  0.109163 0.659637 -0.743614
vn  0.109163 0.659637 -0.743614
vn  0.109163 0.659637 -0.743614
vn  0.107062 0.646944 0.754985
vn  0.107062 0.646944 0.754985
vn  0.107062 0.646944 0.754985
vn  0.104264 0.661225 0.742907
vn  0.104264 0.661225 0.742907
vn  0.104264 0.661225 0.742907
vn  0.024810 0.654433 -0.755713
vn  0.024810 0.654433 -0.755713
vn  0.024810 0.654433 -0.755713
vn  0.024857 0.654625 -0.755545
vn  0.024857 0.654625 -0.755545
vn  0.024857 0.654625 -0.755545
vn  0.024850 0.654437 0.755708
vn  0.024850 0.654437 0.755708
vn  0.024850 0.654437 0.755708
vn  0.024894 0.654618 0.755550
vn  0.024894 0.654618 0.755550
vn  0.024894 0.654618 0.755550
vn  0.024887 0.654437 -0.755707
vn  0.024887 0.654437 -0.755707
vn  0.024887 0.654437 -0.755707
vn  0.024857 0.654620 -0.755549
vn  0.024857 0.654620 -0.755549
vn  0.024857 0.654620 -0.755549
vn  -0.024850 -0.654432 -0.755713
vn  -0.024850 -0.654432 -0.755713
vn  -0.024850 -0.654432 -0.755713
vn  -0.024818 -0.654628 -0.755544
vn  -0.024818 -0.654628 -0.755544
vn  -0.024818 -0.654628 -0.755544
# 924 vertex normals

g objStaticMeshActor2
s 0
f 1/1/1 2/2/2 3/3/3
f 4/4/4 5/5/5 6/6/6
f 7/7/7 8/8/8 9/9/9
f 10/10/10 11/11/11 12/12/12
f 13/13/13 14/14/14 15/15/15
f 16/16/16 17/17/17 18/18/18
f 20/20/20 19/19/19 21/21/21
f 23/23/23 22/22/22 24/24/24
f 25/25/25 26/26/26 27/27/27
f 28/28/28 29/29/29 30/30/30
f 31/31/31 32/32/32 33/33/33
f 34/34/34 35/35/35 36/36/36
f 37/37/37 38/38/38 39/39/39
f 40/40/40 41/41/41 42/42/42
f 43/43/43 44/44/44 45/45/45
f 46/46/46 47/47/47 48/48/48
f 49/49/49 50/50/50 51/51/51
f 52/52/52 53/53/53 54/54/54
f 55/55/55 56/56/56 57/57/57
f 58/58/58 59/59/59 60/60/60
f 61/61/61 62/62/62 63/63/63
f 64/64/64 65/65/65 66/66/66
f 67/67/67 68/68/68 69/69/69
f 70/70/70 71/71/71 72/72/72
f 73/73/73 74/74/74 75/75/75
f 76/76/76 77/77/77 78/78/78
f 79/79/79 80/80/80 81/81/81
f 82/82/82 83/83/83 84/84/84
f 85/85/85 86/86/86 87/87/87
f 88/88/88 89/89/89 90/90/90
f 91/91/91 92/92/92 93/93/93
f 94/94/94 95/95/95 96/96/96
f 97/97/97 98/98/98 99/99/99
f 100/100/100 101/101/101 102/102/102
f 103/103/103 104/104/104 105/105/105
f 106/106/106 107/107/107 108/108/108
f 110/110/110 109/109/109 111/111/111
f 113/113/113 112/112/112 114/114/114
f 116/116/116 115/115/115 117/117/117
f 119/119/119 118/118/118 120/120/120
f 121/121/121 122/122/122 123/123/123
f 124/124/124 125/125/125 126/126/126
f 127/127/127 128/128/128 129/129/129
f 130/130/130 131/131/131 132/132/132
f 133/133/133 134/134/134 135/135/135
f 136/136/136 137/137/137 138/138/138
f 139/139/139 140/140/140 141/141/141
f 142/142/142 143/143/143 144/144/144
f 145/145/145 146/146/146 147/147/147
f 148/148/148 149/149/149 150/150/150
f 151/151/151 152/152/152 153/153/153
f 154/154/154 155/155/155 156/156/156
f 157/157/157 158/158/158 159/159/159
f 160/160/160 161/161/161 162/162/162
f 163/163/163 164/164/164 165/165/165
f 166/166/166 167/167/167 168/168/168
f 169/169/169 170/170/170 171/171/171
f 172/172/172 173/173/173 174/174/174
f 175/175/175 176/176/176 177/177/177
f 178/178/178 179/179/179 180/180/180
f 181/181/181 182/182/182 183/183/183
f 184/184/184 185/185/185 186/186/186
f 187/187/187 188/188/188 189/189/189
f 190/190/190 191/191/191 192/192/192
f 193/193/193 194/194/194 195/195/195
f 196/196/196 197/197/197 198/198/198
f 199/199/199 200/200/200 201/201/201
f 202/202/202 203/203/203 204/204/204
f 205/205/205 206/206/206 207/207/207
f 208/208/208 209/209/209 210/210/210
f 211/211/211 212/212/212 213/213/213
f 214/214/214 215/215/215 216/216/216
f 217/217/217 218/218/218 219/219/219
f 220/220/220 221/221/221 222/222/222
f 223/223/223 224/224/224 225/225/225
f 226/226/226 227/227/227 228/228/228
f 229/229/229 230/230/230 231/231/231
f 232/232/232 233/233/233 234/234/234
f 236/236/236 235/235/235 237/237/237
f 239/239/239 238/238/238 240/240/240
f 242/242/242 241/241/241 243/243/243
f 245/245/245 244/244/244 246/246/246
f 248/248/248 247/247/247 249/249/249
f 251/251/251 250/250/250 252/252/252
f 254/254/254 253/253/253 255/255/255
f 257/257/257 256/256/256 258/258/258
f 260/260/260 259/259/259 261/261/261
f 263/263/263 262/262/262 264/264/264
f 266/266/266 265/265/265 267/267/267
f 269/269/269 268/268/268 270/270/270
f 272/272/272 271/271/271 273/273/273
f 275/275/275 274/274/274 276/276/276
f 277/277/277 278/278/278 279/279/279
f 280/280/280 281/281/281 282/282/282
f 283/283/283 284/284/284 285/285/285
f 286/286/286 287/287/287 288/288/288
f 289/289/289 290/290/290 291/291/291
f 292/292/292 293/293/293 294/294/294
f 295/295/295 296/296/296 297/297/297
f 298/298/298 299/299/299 300/300/300
f 301/301/301 302/302/302 303/303/303
f 304/304/304 305/305/305 306/306/306
f 307/307/307 308/308/308 309/309/309
f 310/310/310 311/311/311 312/312/312
f 313/313/313 314/314/314 315/315/315
f 316/316/316 317/317/317 318/318/318
f 319/319/319 320/320/320 321/321/321
f 322/322/322 323/323/323 324/324/324
f 325/325/325 326/326/326 327/327/327
f 328/328/328 329/329/329 330/330/330
f 331/331/331 332/332/332 333/333/333
f 334/334/334 335/335/335 336/336/336
f 337/337/337 338/338/338 339/339/339
f 340/340/340 341/341/341 342/342/342
f 343/343/343 344/344/344 345/345/345
f 346/346/346 347/347/347 348/348/348
f 349/349/349 350/350/350 351/351/351
f 352/352/352 353/353/353 354/354/354
f 355/355/355 356/356/356 357/357/357
f 358/358/358 359/359/359 360/360/360
f 361/361/361 362/362/362 363/363/363
f 364/364/364 365/365/365 366/366/366
f 367/367/367 368/368/368 369/369/369
f 370/370/370 371/371/371 372/372/372
f 373/373/373 374/374/374 375/375/375
f 376/376/376 377/377/377 378/378/378
f 379/379/379 380/380/380 381/381/381
f 382/382/382 383/383/383 384/384/384
f 385/385/385 386/386/386 387/387/387
f 388/388/388 389/389/389 390/390/390
f 391/391/391 392/392/392 393/393/393
f 394/394/394 395/395/395 396/396/396
f 397/397/397 398/398/398 399/399/399
f 400/400/400 401/401/401 402/402/402
f 403/403/403 404/404/404 405/405/405
f 406/406/406 407/407/407 408/408/408
f 409/409/409 410/410/410 411/411/411
f 412/412/412 413/413/413 414/414/414
f 415/415/415 416/416/416 417/417/417
f 418/418/418 419/419/419 420/420/420
f 421/421/421 422/422/422 423/423/423
f 424/424/424 425/425/425 426/426/426
f 427/427/427 428/428/428 429/429/429
f 430/430/430 431/431/431 432/432/432
f 433/433/433 434/434/434 435/435/435
f 436/436/436 437/437/437 438/438/438
f 439/439/439 440/440/440 441/441/441
f 442/442/442 443/443/443 444/444/444
f 445/445/445 446/446/446 447/447/447
f 448/448/448 449/449/449 450/450/450
f 451/451/451 452/452/452 453/453/453
f 454/454/454 455/455/455 456/456/456
f 457/457/457 458/458/458 459/459/459
f 460/460/460 461/461/461 462/462/462
f 463/463/463 464/464/464 465/465/465
f 466/466/466 467/467/467 468/468/468
f 469/469/469 470/470/470 471/471/471
f 472/472/472 473/473/473 474/474/474
f 475/475/475 476/476/476 477/477/477
f 478/478/478 479/479/479 480/480/480
f 482/482/482 481/481/481 483/483/483
f 485/485/485 484/484/484 486/486/486
f 487/487/487 488/488/488 489/489/489
f 490/490/490 491/491/491 492/492/492
f 493/493/493 494/494/494 495/495/495
f 496/496/496 497/497/497 498/498/498
f 500/500/500 499/499/499 501/501/501
f 503/503/503 502/502/502 504/504/504
f 505/505/505 506/506/506 507/507/507
f 508/508/508 509/509/509 510/510/510
f 511/511/511 512/512/512 513/513/513
f 514/514/514 515/515/515 516/516/516
f 518/518/518 517/517/517 519/519/519
f 521/521/521 520/520/520 522/522/522
f 524/524/524 523/523/523 525/525/525
f 527/527/527 526/526/526 528/528/528
f 530/530/530 529/529/529 531/531/531
f 533/533/533 532/532/532 534/534/534
f 536/536/536 535/535/535 537/537/537
f 539/539/539 538/538/538 540/540/540
f 542/542/542 541/541/541 543/543/543
f 545/545/545 544/544/544 546/546/546
f 548/548/548 547/547/547 549/549/549
f 551/551/551 550/550/550 552/552/552
f 553/553/553 554/554/554 555/555/555
f 556/556/556 557/557/557 558/558/558
f 560/560/560 559/559/559 561/561/561
f 563/563/563 562/562/562 564/564/564
f 565/565/565 566/566/566 567/567/567
f 568/568/568 569/569/569 570/570/570
f 571/571/571 572/572/572 573/573/573
f 574/574/574 575/575/575 576/576/576
f 578/578/578 577/577/577 579/579/579
f 581/581/581 580/580/580 582/582/582
f 584/584/584 583/583/583 585/585/585
f 587/587/587 586/586/586 588/588/588
f 590/590/590 589/589/589 591/591/591
f 593/593/593 592/592/592 594/594/594
f 595/595/595 596/596/596 597/597/597
f 598/598/598 599/599/599 600/600/600
f 601/601/601 602/602/602 603/603/603
f 604/604/604 605/605/605 606/606/606
f 607/607/607 608/608/608 609/609/609
f 610/610/610 611/611/611 612/612/612
f 613/613/613 614/614/614 615/615/615
f 616/616/616 617/617/617 618/618/618
f 620/620/620 619/619/619 621/621/621
f 623/623/623 622/622/622 624/624/624
f 625/625/625 626/626/626 627/627/627
f 628/628/628 629/629/629 630/630/630
f 631/631/631 632/632/632 633/633/633
f 634/634/634 635/635/635 636/636/636
f 637/637/637 638/638/638 639/639/639
f 640/640/640 641/641/641 642/642/642
f 643/643/643 644/644/644 645/645/645
f 646/646/646 647/647/647 648/648/648
f 650/650/650 649/649/649 651/651/651
f 653/653/653 652/652/652 654/654/654
f 655/655/655 656/656/656 657/657/657
f 658/658/658 659/659/659 660/660/660
f 662/662/662 661/661/661 663/663/663
f 665/665/665 664/664/664 666/666/666
f 667/667/667 668/668/668 669/669/669
f 670/670/670 671/671/671 672/672/672
f 673/673/673 674/674/674 675/675/675
f 676/676/676 677/677/677 678/678/678
f 680/680/680 679/679/679 681/681/681
f 683/683/683 682/682/682 684/684/684
f 686/686/686 685/685/685 687/687/687
f 689/689/689 688/688/688 690/690/690
f 691/691/691 692/692/692 693/693/693
f 694/694/694 695/695/695 696/696/696
f 697/697/697 698/698/698 699/699/699
f 700/700/700 701/701/701 702/702/702
f 704/704/704 703/703/703 705/705/705
f 707/707/707 706/706/706 708/708/708
f 710/710/710 709/709/709 711/711/711
f 713/713/713 712/712/712 714/714/714
f 715/715/715 716/716/716 717/717/717
f 718/718/718 719/719/719 720/720/720
f 721/721/721 722/722/722 723/723/723
f 724/724/724 725/725/725 726/726/726
f 728/728/728 727/727/727 729/729/729
f 731/731/731 730/730/730 732/732/732
f 733/733/733 734/734/734 735/735/735
f 736/736/736 737/737/737 738/738/738
f 739/739/739 740/740/740 741/741/741
f 742/742/742 743/743/743 744/744/744
f 745/745/745 746/746/746 747/747/747
f 748/748/748 749/749/749 750/750/750
f 752/752/752 751/751/751 753/753/753
f 755/755/755 754/754/754 756/756/756
f 758/758/758 757/757/757 759/759/759
f 761/761/761 760/760/760 762/762/762
f 763/763/763 764/764/764 765/765/765
f 766/766/766 767/767/767 768/768/768
f 769/769/769 770/770/770 771/771/771
f 772/772/772 773/773/773 774/774/774
f 776/776/776 775/775/775 777/777/777
f 779/779/779 778/778/778 780/780/780
f 781/781/781 782/782/782 783/783/783
f 784/784/784 785/785/785 786/786/786
f 787/787/787 788/788/788 789/789/789
f 790/790/790 791/791/791 792/792/792
f 793/793/793 794/794/794 795/795/795
f 796/796/796 797/797/797 798/798/798
f 799/799/799 800/800/800 801/801/801
f 802/802/802 803/803/803 804/804/804
f 805/805/805 806/806/806 807/807/807
f 808/808/808 809/809/809 810/810/810
f 812/812/812 811/811/811 813/813/813
f 815/815/815 814/814/814 816/816/816
f 818/818/818 817/817/817 819/819/819
f 821/821/821 820/820/820 822/822/822
f 823/823/823 824/824/824 825/825/825
f 826/826/826 827/827/827 828/828/828
f 830/830/830 829/829/829 831/831/831
f 833/833/833 832/832/832 834/834/834
f 835/835/835 836/836/836 837/837/837
f 838/838/838 839/839/839 840/840/840
f 841/841/841 842/842/842 843/843/843
f 844/844/844 845/845/845 846/846/846
f 848/848/848 847/847/847 849/849/849
f 851/851/851 850/850/850 852/852/852
f 854/854/854 853/853/853 855/855/855
f 857/857/857 856/856/856 858/858/858
f 859/859/859 860/860/860 861/861/861
f 862/862/862 863/863/863 864/864/864
f 865/865/865 866/866/866 867/867/867
f 868/868/868 869/869/869 870/870/870
f 872/872/872 871/871/871 873/873/873
f 875/875/875 874/874/874 876/876/876
f 878/878/878 877/877/877 879/879/879
f 881/881/881 880/880/880 882/882/882
f 883/883/883 884/884/884 885/885/885
f 886/886/886 887/887/887 888/888/888
f 889/889/889 890/890/890 891/891/891
f 892/892/892 893/893/893 894/894/894
f 896/896/896 895/895/895 897/897/897
f 899/899/899 898/898/898 900/900/900
f 902/902/902 901/901/901 903/903/903
f 905/905/905 904/904/904 906/906/906
f 907/907/907 908/908/908 909/909/909
f 910/910/910 911/911/911 912/912/912
f 913/913/913 914/914/914 915/915/915
f 916/916/916 917/917/917 918/918/918
f 919/919/919 920/920/920 921/921/921
f 922/922/922 923/923/923 924/924/924
# 308 faces

g
