# 3ds Max Wavefront OBJ Exporter v0.99 - (c)2007 guruware
# File Created: 09.04.2026 01:59:52

mtllib DropShip_Final_BetterpackedUVWs.mtl

#
# object Target
#

v  794.0143 -366.0626 62.2329
v  883.8048 -370.4492 129.3495
v  513.5013 -428.5709 252.0727
v  513.5013 -370.4491 -47.7671
v  -188.3869 -370.4492 -47.7672
v  -188.3870 -428.5709 252.0726
v  -424.0358 -428.5710 252.0725
v  -424.0358 -370.4492 -47.7672
v  51.1675 -370.4492 -47.7671
v  51.1674 -428.5710 252.0726
v  -188.3869 -343.0028 -73.5162
v  51.1674 -343.0028 -73.5161
v  -188.3870 -318.9897 342.2328
v  51.1674 -318.9897 342.2328
v  51.1674 -318.9897 252.0726
v  -188.3870 -318.9897 252.0726
v  -682.9998 -318.9898 342.2327
v  -424.0359 -318.9898 342.2327
v  -424.0359 -318.9898 252.0725
v  -682.9999 -318.9898 252.0725
v  -188.3869 -318.9897 -47.7672
v  51.1674 -318.9897 -47.7671
v  -424.0359 -200.0000 463.6809
v  -424.0359 -327.3492 463.6809
v  -188.3870 -327.3491 463.6810
v  -188.3870 -200.0000 463.6809
v  794.0142 366.0626 62.2329
v  883.8046 370.4492 129.3495
v  883.8046 318.9897 129.3495
v  883.8047 199.9999 129.3495
v  883.8047 -199.9999 129.3495
v  883.8048 -318.9896 129.3495
v  513.5013 -199.9999 463.6810
v  513.5013 -327.3490 463.6810
v  883.8048 -307.4759 267.1806
v  883.8047 -199.9999 267.1806
v  -682.9998 -318.9898 -47.7673
v  -682.9998 -318.9898 -62.1536
v  -682.9998 -318.9898 -73.5163
v  -682.9998 -343.0028 -73.5163
v  -682.9998 -370.4494 -47.7673
v  907.9418 -199.9998 129.3495
v  907.9418 -199.9998 279.0407
v  883.8047 -199.9999 202.3410
v  513.5013 -200.0000 480.4310
v  -424.0359 -200.0000 480.4308
v  -188.3870 -200.0000 480.4309
v  -716.0397 -200.0001 480.4308
v  -716.0396 -200.0001 342.2327
v  -682.9999 -200.0000 342.2327
v  -682.9999 -200.0000 463.6809
v  51.1674 -428.5709 323.1068
v  51.1674 -384.3027 391.1047
v  -188.3870 -384.3027 391.1046
v  -188.3870 -428.5710 323.1068
v  469.5082 -92.3157 -47.7671
v  469.5083 -199.9999 -47.7671
v  469.5082 -199.9999 252.0727
v  469.5081 -92.3157 252.0727
v  549.4832 -92.3157 -17.7671
v  549.4833 -92.3157 222.2329
v  907.9418 -169.8535 262.2329
v  907.9418 -169.8535 142.2329
v  886.5031 -144.3516 237.2329
v  886.5031 -144.3516 162.2329
v  883.8048 -318.9896 202.3410
v  883.8048 -336.1158 248.7742
v  883.8048 -343.6123 234.3335
v  773.5619 -332.7484 22.2329
v  513.5013 -343.0027 -73.5161
v  513.5013 -384.3026 391.1047
v  511.0147 -355.5474 446.9450
v  51.1674 -355.2349 446.7820
v  -188.3870 -355.2350 446.7820
v  513.5013 -428.5709 323.1069
v  883.8048 -370.4492 192.6065
v  -626.2814 -318.9898 -47.7673
v  864.8257 -221.6943 138.6357
v  864.8257 -221.6943 193.0548
v  864.8258 -301.8131 193.0548
v  864.8258 -301.8131 138.6357
v  883.8048 -308.2917 135.1348
v  883.8047 -215.2157 135.1348
v  883.8048 -308.2917 196.5557
v  883.8047 -215.2157 196.5557
v  773.5618 -199.9999 22.2329
v  773.5618 199.1546 22.2329
v  773.5617 332.7485 22.2329
v  -684.5757 -157.0738 437.5046
v  -684.5757 157.0735 437.5046
v  -684.5757 157.0736 385.1589
v  -684.5757 -157.0739 385.1589
v  513.5013 -199.9999 -73.5161
v  513.5013 200.0001 -73.5161
v  907.9418 199.9998 129.3495
v  907.9418 169.8536 142.2329
v  -424.0359 -318.9898 -47.7672
v  -706.8344 -331.9842 439.8719
v  -706.8345 -223.8090 439.8719
v  -706.8345 -223.8090 366.0416
v  -706.8344 -342.7988 366.0416
v  -706.8344 -363.7261 379.0724
v  469.5081 -318.9897 342.2328
v  469.5082 -318.9897 252.0727
v  469.5082 -318.9897 -47.7671
v  469.5082 -199.9999 342.2328
v  -716.0396 199.9998 342.2327
v  -682.9999 199.9998 342.2327
v  886.5031 144.3517 237.2329
v  907.9418 169.8536 262.2329
v  -424.0358 -200.0000 342.2327
v  -424.0359 199.9998 342.2327
v  -188.3871 199.9998 342.2328
v  -188.3870 -200.0000 342.2328
v  51.1674 -199.9999 342.2328
v  51.1673 199.9998 342.2328
v  469.5081 199.9998 342.2328
v  51.1674 -200.0000 -73.5161
v  -188.3869 -200.0000 -73.5162
v  -188.3870 200.0000 -73.5162
v  51.1674 200.0000 -73.5161
v  -424.0358 -343.0028 -73.5162
v  51.1673 -200.0000 463.6810
v  51.1674 -327.3490 463.6810
v  -682.9999 -327.3492 463.6809
v  51.1673 -200.0000 480.4309
v  -424.0358 -428.5711 323.1068
v  -424.0359 -384.3027 391.1046
v  -682.9998 -384.3028 391.1045
v  -682.9998 -428.5711 323.1067
v  -424.0359 -355.2350 446.7819
v  -682.9999 -355.2350 446.7819
v  51.1673 199.9999 480.4309
v  513.5013 200.0000 480.4310
v  -188.3871 199.9999 480.4309
v  -424.0359 199.9998 480.4308
v  -716.0397 199.9998 480.4308
v  -682.9998 -428.5711 252.0725
v  -424.0359 -200.0000 -47.7672
v  -188.3869 -200.0000 -47.7672
v  -188.3870 200.0000 -47.7672
v  -424.0359 200.0000 -47.7672
v  513.5013 370.4491 -47.7671
v  513.5012 428.5708 252.0727
v  -188.3870 370.4490 -47.7672
v  -424.0359 370.4491 -47.7672
v  -424.0359 428.5708 252.0725
v  -188.3870 428.5708 252.0726
v  51.1674 370.4492 -47.7671
v  51.1673 428.5709 252.0726
v  51.1674 343.0026 -73.5161
v  -188.3870 343.0026 -73.5162
v  -188.3871 318.9896 342.2328
v  -188.3870 318.9896 252.0726
v  51.1674 318.9896 252.0726
v  51.1673 318.9896 342.2328
v  -682.9999 318.9895 342.2327
v  -683.0001 318.9895 252.0725
v  -424.0359 318.9896 252.0725
v  -424.0359 318.9896 342.2327
v  -188.3870 318.9896 -47.7672
v  51.1674 318.9896 -47.7671
v  -424.0359 199.9998 463.6809
v  -188.3871 199.9998 463.6809
v  -188.3871 327.3489 463.6810
v  -424.0359 327.3489 463.6809
v  513.5013 199.9999 463.6810
v  883.8047 199.9999 267.1806
v  883.8046 307.4759 267.1806
v  513.1597 327.3716 463.7660
v  -706.8346 342.7985 -34.7573
v  -706.8347 342.7985 252.0725
v  -706.8346 404.7618 252.0727
v  -706.8347 350.8122 -34.7573
v  883.8047 199.9999 202.3410
v  907.9418 199.9998 279.0407
v  -682.9999 199.9998 463.6809
v  51.1673 428.5709 323.1068
v  -188.3871 428.5708 323.1068
v  -188.3871 384.3025 391.1046
v  51.1673 384.3025 391.1047
v  469.5082 92.3156 -47.7671
v  469.5081 92.3156 252.0727
v  469.5081 199.9998 252.0727
v  469.5082 200.0001 -47.7670
v  549.4832 92.3157 -17.7671
v  549.4833 92.3157 222.2329
v  886.5031 144.3517 162.2329
v  883.8046 318.9897 202.3410
v  883.8046 343.6124 234.3335
v  883.8046 336.1158 248.7742
v  513.5013 343.0027 -73.5161
v  513.5012 384.3026 391.1047
v  511.0147 355.5473 446.9450
v  -188.3871 355.2347 446.7820
v  51.1673 355.2347 446.7820
v  513.5012 428.5708 323.1069
v  883.8046 370.4492 192.6065
v  864.8257 221.6943 138.6357
v  864.8257 301.8132 138.6357
v  864.8257 301.8132 193.0548
v  864.8257 221.6943 193.0548
v  883.8046 308.2917 135.1348
v  883.8047 215.2158 135.1348
v  883.8046 308.2917 196.5557
v  883.8047 215.2158 196.5557
v  -625.9045 200.0000 -47.7673
v  -625.9045 -200.0000 -47.7673
v  51.1674 200.0000 -47.7671
v  51.1674 -200.0000 -47.7671
v  -682.9999 318.9895 -47.7673
v  -626.0101 318.9895 -47.7673
v  -424.0359 318.9896 -47.7672
v  -706.8346 331.9839 439.8719
v  -706.8346 363.7258 379.0724
v  -706.8346 342.7985 366.0416
v  -706.8345 223.8088 366.0416
v  -706.8345 223.8088 439.8719
v  469.5081 318.9896 252.0727
v  469.5081 318.9896 342.2328
v  469.5081 318.9896 -47.7671
v  -424.0359 200.0000 -73.5162
v  -424.0358 -200.0000 -73.5162
v  -424.0359 343.0026 -73.5162
v  51.1673 199.9999 463.6810
v  51.1673 327.3489 463.6810
v  -683.0000 327.3488 463.6809
v  -424.0359 428.5708 323.1068
v  -682.9999 428.5708 323.1067
v  -682.9999 384.3026 391.1045
v  -424.0360 384.3026 391.1046
v  -683.0000 355.2347 446.7819
v  -424.0359 355.2348 446.7819
v  -682.9999 370.4492 -47.7673
v  -682.9999 428.5708 252.0725
v  -682.9999 343.0026 -73.5163
v  -682.9998 -200.0000 -73.5163
v  -682.9998 -200.0000 -62.1536
v  -682.9998 200.0000 -62.1536
v  -682.9998 200.0000 -73.5163
v  -682.9999 318.9895 -62.1536
v  -682.9999 318.9895 -73.5163
v  -706.8346 -342.7988 252.0725
v  -706.8344 -404.7622 252.0727
v  -706.8344 -404.7622 316.0394
v  -706.8346 404.7618 316.0394
v  -706.8344 -342.7988 -34.7602
v  -706.8345 -350.8125 -34.7602
v  -695.3977 -338.9074 451.2963
v  -695.3979 338.9071 451.2963
v  -724.3281 -191.7116 472.1424
v  -724.3281 -180.8828 461.3135
v  -724.3280 -180.8828 361.3499
v  -724.3280 -191.7117 350.5211
v  -724.3280 180.8825 361.3499
v  -724.3280 191.7114 350.5211
v  -724.3281 180.8825 461.3135
v  -724.3281 191.7114 472.1424
v  -449.0192 407.3676 308.9450
v  -421.6259 365.5036 356.5628
v  -421.6259 476.8388 356.5627
v  -449.0192 521.2989 308.9450
v  -395.3335 365.5036 356.5628
v  -395.3335 476.8389 356.5628
v  -395.3335 521.2989 308.9452
v  -395.3336 365.5036 382.7205
v  -395.3336 488.3930 382.7205
v  -395.3335 546.3597 308.9452
v  -312.8854 488.3930 382.7206
v  -312.8853 365.5036 382.7206
v  -259.1995 407.3676 308.9454
v  -259.1996 521.2989 308.9454
v  -286.5929 476.8388 356.5630
v  -286.5929 365.5036 356.5630
v  -312.8853 365.5036 356.5630
v  -312.8853 476.8388 356.5630
v  -312.8853 521.2989 308.9453
v  -312.8853 546.3597 308.9453
v  -449.0190 -407.3676 308.9449
v  -449.0190 -521.2989 308.9449
v  -421.6259 -476.8388 356.5627
v  -421.6259 -365.5036 356.5627
v  -395.3334 -365.5036 356.5628
v  -395.3334 -476.8388 356.5627
v  -395.3333 -521.2989 308.9451
v  -395.3335 -488.3930 382.7204
v  -395.3335 -365.5036 382.7205
v  -395.3333 -546.3597 308.9451
v  -312.8853 -488.3930 382.7207
v  -312.8853 -365.5036 382.7207
v  -259.1993 -407.3676 308.9456
v  -286.5928 -365.5036 356.5631
v  -286.5928 -476.8387 356.5631
v  -259.1993 -521.2989 308.9456
v  -312.8853 -365.5036 356.5630
v  -312.8853 -476.8388 356.5630
v  -312.8851 -521.2989 308.9454
v  -312.8851 -546.3597 308.9454
v  -529.9078 -515.0060 -72.3159
v  -600.9490 -515.0060 -72.3161
v  -651.1827 -464.7722 -72.3162
v  -651.1826 -393.7308 -72.3162
v  -600.9488 -343.4971 -72.3161
v  -529.9075 -343.4972 -72.3160
v  -479.6739 -393.7310 -72.3158
v  -479.6740 -464.7722 -72.3158
v  -608.5342 -533.3181 -66.1134
v  -608.5342 -533.3181 -33.3435
v  -669.4949 -472.3572 -33.3437
v  -669.4949 -472.3573 -66.1135
v  -669.4949 -386.1457 -33.3437
v  -669.4948 -386.1457 -66.1135
v  -608.5340 -325.1849 -33.3435
v  -608.5339 -325.1849 -66.1134
v  -522.3224 -325.1850 -66.1132
v  -522.3224 -325.1850 -33.3434
v  -461.3618 -386.1458 -33.3432
v  -461.3617 -386.1458 -66.1131
v  -461.3619 -472.3574 -33.3432
v  -461.3619 -472.3575 -66.1131
v  -522.3227 -533.3182 -33.3433
v  -522.3226 -533.3182 -66.1132
v  -530.2650 -515.0060 -27.1406
v  -480.0312 -464.7722 -27.1405
v  -480.0312 -393.7310 -27.1405
v  -530.2648 -343.4972 -27.1406
v  -601.3061 -343.4971 -27.1408
v  -651.5399 -393.7308 -27.1409
v  -651.5399 -464.7721 -27.1409
v  -601.3062 -515.0060 -27.1408
v  -529.9079 515.0058 -72.3735
v  -479.6741 464.7721 -72.3735
v  -479.6740 393.7309 -72.3735
v  -529.9077 343.4970 -72.3736
v  -600.9490 343.4970 -72.3737
v  -651.1828 393.7307 -72.3737
v  -651.1829 464.7720 -72.3737
v  -600.9492 515.0057 -72.3736
v  -608.5344 533.3179 -66.1709
v  -669.4951 472.3571 -66.1710
v  -669.4951 472.3571 -33.4011
v  -608.5344 533.3179 -33.4010
v  -669.4949 386.1455 -66.1710
v  -669.4950 386.1455 -33.4011
v  -608.5341 325.1848 -66.1709
v  -608.5342 325.1847 -33.4011
v  -522.3225 325.1849 -66.1708
v  -461.3618 386.1457 -66.1707
v  -461.3619 386.1457 -33.4008
v  -522.3225 325.1849 -33.4009
v  -461.3620 472.3573 -66.1707
v  -461.3620 472.3573 -33.4008
v  -522.3228 533.3180 -66.1708
v  -522.3229 533.3180 -33.4009
v  -530.2651 515.0058 -27.1982
v  -601.3064 515.0057 -27.1983
v  -651.5400 464.7719 -27.1984
v  -651.5400 393.7307 -27.1984
v  -601.3062 343.4970 -27.1983
v  -530.2649 343.4970 -27.1982
v  -480.0312 393.7309 -27.1981
v  -480.0313 464.7721 -27.1981
v  -549.0975 505.3105 -30.4383
v  -582.9874 505.3105 -30.4384
v  -582.9874 505.3105 -13.3349
v  -549.0976 505.3105 -13.3348
v  -582.9874 468.9874 -30.4384
v  -606.9512 445.0236 -30.4384
v  -606.9513 445.0236 3.0592
v  -582.9875 468.9875 3.0593
v  -643.2743 445.0236 -30.4386
v  -643.2743 411.1337 -30.4386
v  -643.2744 411.1337 -13.3351
v  -643.2744 445.0236 -13.3351
v  -606.9512 411.1338 -30.4384
v  -582.9874 387.1700 -30.4383
v  -582.9875 387.1700 3.0593
v  -606.9513 411.1338 3.0592
v  -549.0975 387.1700 -30.4382
v  -525.1337 411.1338 -30.4382
v  -525.1338 411.1338 3.0595
v  -549.0977 387.1701 3.0594
v  -488.8106 411.1338 -30.4380
v  -488.8105 445.0237 -30.4380
v  -488.8106 445.0237 -13.3346
v  -488.8106 411.1338 -13.3346
v  -525.1337 445.0237 -30.4382
v  -549.0975 468.9874 -30.4383
v  -549.0976 468.9875 3.0594
v  -525.1338 445.0237 3.0595
v  -582.9878 468.9875 129.5785
v  -549.0980 468.9875 129.5786
v  -606.9516 445.0237 129.5784
v  -606.9517 411.1338 129.5784
v  -582.9879 387.1701 129.5785
v  -549.0980 387.1701 129.5786
v  -525.1342 411.1338 129.5786
v  -525.1342 445.0238 129.5786
v  -549.0976 350.8469 -13.3348
v  -549.0975 350.8469 -30.4382
v  -582.9875 350.8469 -13.3349
v  -582.9874 350.8469 -30.4383
v  -549.0975 -505.3104 -30.4383
v  -549.0976 -505.3104 -13.3348
v  -582.9874 -505.3104 -13.3349
v  -582.9874 -505.3104 -30.4384
v  -582.9874 -468.9873 -30.4384
v  -582.9875 -468.9873 3.0593
v  -606.9513 -445.0235 3.0592
v  -606.9512 -445.0235 -30.4384
v  -643.2743 -445.0235 -30.4386
v  -643.2744 -445.0235 -13.3351
v  -643.2744 -411.1336 -13.3351
v  -643.2743 -411.1336 -30.4386
v  -606.9512 -411.1336 -30.4384
v  -606.9513 -411.1336 3.0592
v  -582.9875 -387.1699 3.0593
v  -582.9874 -387.1698 -30.4383
v  -549.0975 -387.1699 -30.4382
v  -549.0977 -387.1699 3.0594
v  -525.1338 -411.1337 3.0595
v  -525.1337 -411.1337 -30.4382
v  -488.8107 -411.1337 -30.4380
v  -488.8107 -411.1337 -13.3346
v  -488.8107 -445.0236 -13.3346
v  -488.8107 -445.0236 -30.4380
v  -525.1337 -445.0235 -30.4382
v  -525.1338 -445.0236 3.0595
v  -549.0976 -468.9873 3.0594
v  -549.0975 -468.9873 -30.4382
v  -549.0980 -468.9874 129.5786
v  -582.9879 -468.9874 129.5785
v  -606.9517 -445.0235 129.5784
v  -606.9517 -411.1337 129.5784
v  -582.9879 -387.1699 129.5785
v  -549.0980 -387.1700 129.5786
v  -525.1342 -411.1338 129.5787
v  -525.1342 -445.0237 129.5786
v  -549.0975 -350.8468 -30.4382
v  -549.0976 -350.8468 -13.3348
v  -582.9875 -350.8468 -13.3349
v  -582.9874 -350.8468 -30.4383
v  322.5701 450.4630 273.9620
v  322.5701 531.7685 273.9620
v  295.1765 487.3083 321.5795
v  295.1765 408.5989 321.5796
v  268.8841 408.5989 321.5795
v  268.8841 487.3083 321.5795
v  268.8843 531.7684 273.9618
v  268.8840 498.8625 347.7371
v  268.8840 408.5989 347.7372
v  268.8843 556.8293 273.9618
v  186.4358 498.8625 347.7369
v  186.4358 408.5989 347.7370
v  132.7504 450.4629 273.9615
v  160.1435 408.5989 321.5792
v  160.1435 487.3083 321.5792
v  132.7504 531.7684 273.9615
v  186.4359 408.5989 321.5793
v  186.4359 487.3083 321.5793
v  186.4362 531.7684 273.9616
v  186.4362 556.8293 273.9616
v  322.5702 -450.4628 273.9621
v  295.1766 -408.5988 321.5796
v  295.1766 -487.3082 321.5796
v  322.5702 -531.7683 273.9621
v  268.8842 -408.5988 321.5796
v  268.8842 -487.3082 321.5795
v  268.8845 -531.7683 273.9619
v  268.8841 -408.5988 347.7372
v  268.8840 -498.8625 347.7372
v  268.8845 -556.8292 273.9619
v  186.4359 -498.8625 347.7369
v  186.4359 -408.5988 347.7369
v  132.7505 -450.4628 273.9614
v  132.7505 -531.7683 273.9614
v  160.1436 -487.3083 321.5791
v  160.1436 -408.5989 321.5792
v  186.4360 -408.5988 321.5793
v  186.4361 -487.3083 321.5793
v  186.4363 -531.7683 273.9616
v  186.4363 -556.8292 273.9616
v  500.8257 -514.9371 -72.3157
v  429.7845 -514.9371 -72.3158
v  379.5508 -464.7035 -72.3159
v  379.5508 -393.6622 -72.3159
v  429.7846 -343.4284 -72.3158
v  500.8259 -343.4284 -72.3157
v  551.0596 -393.6621 -72.3156
v  551.0595 -464.7033 -72.3156
v  422.1993 -533.2494 -66.1131
v  422.1992 -533.2493 -33.3432
v  361.2385 -472.2886 -33.3434
v  361.2385 -472.2886 -66.1132
v  361.2385 -386.0771 -33.3434
v  361.2386 -386.0771 -66.1132
v  422.1994 -325.1163 -33.3433
v  422.1995 -325.1163 -66.1131
v  508.4110 -325.1162 -66.1129
v  508.4109 -325.1162 -33.3431
v  569.3717 -386.0770 -33.3430
v  569.3717 -386.0770 -66.1128
v  569.3716 -472.2885 -33.3430
v  569.3716 -472.2885 -66.1128
v  508.4108 -533.2493 -33.3431
v  508.4109 -533.2493 -66.1129
v  500.4685 -514.9371 -27.1403
v  550.7023 -464.7033 -27.1402
v  550.7024 -393.6621 -27.1402
v  500.4686 -343.4284 -27.1404
v  429.4274 -343.4284 -27.1405
v  379.1935 -393.6622 -27.1406
v  379.1935 -464.7034 -27.1406
v  429.4272 -514.9371 -27.1405
v  500.8255 514.9372 -72.3733
v  551.0593 464.7034 -72.3732
v  551.0594 393.6622 -72.3732
v  500.8257 343.4285 -72.3733
v  429.7844 343.4285 -72.3734
v  379.5507 393.6622 -72.3734
v  379.5506 464.7035 -72.3734
v  429.7843 514.9373 -72.3734
v  422.1991 533.2495 -66.1706
v  361.2384 472.2886 -66.1707
v  361.2384 472.2886 -33.4008
v  422.1991 533.2495 -33.4008
v  361.2385 386.0771 -66.1707
v  361.2384 386.0771 -33.4009
v  422.1992 325.1163 -66.1706
v  422.1992 325.1163 -33.4008
v  508.4109 325.1163 -66.1705
v  569.3716 386.0770 -66.1705
v  569.3716 386.0770 -33.4006
v  508.4108 325.1162 -33.4007
v  569.3715 472.2885 -66.1704
v  569.3715 472.2885 -33.4006
v  508.4107 533.2494 -66.1705
v  508.4107 533.2494 -33.4007
v  500.4683 514.9372 -27.1979
v  429.4271 514.9372 -27.1980
v  379.1934 464.7035 -27.1981
v  379.1935 393.6622 -27.1981
v  429.4272 343.4285 -27.1980
v  500.4685 343.4285 -27.1980
v  550.7022 393.6621 -27.1979
v  550.7021 464.7034 -27.1979
v  479.0826 505.2420 -30.3017
v  445.1927 505.2420 -30.3019
v  445.1927 505.2420 -13.0828
v  479.0826 505.2421 -13.0827
v  445.1927 468.9190 -30.3018
v  421.2289 444.9552 -30.3019
v  421.2288 444.9552 3.0544
v  445.1926 468.9190 3.0544
v  384.9058 444.9552 -30.3020
v  384.9058 411.0653 -30.3020
v  384.9058 411.0653 -13.0830
v  384.9058 444.9552 -13.0830
v  421.2289 411.0653 -30.3019
v  445.1927 387.1016 -30.3018
v  445.1926 387.1016 3.0544
v  421.2288 411.0653 3.0544
v  479.0826 387.1016 -30.3017
v  503.0464 411.0653 -30.3016
v  503.0463 411.0654 3.0546
v  479.0825 387.1017 3.0545
v  539.3694 411.0654 -30.3015
v  539.3694 444.9553 -30.3015
v  539.3694 444.9553 -13.0825
v  539.3694 411.0654 -13.0825
v  503.0464 444.9553 -30.3016
v  479.0826 468.9190 -30.3017
v  479.0825 468.9190 3.0545
v  503.0463 444.9553 3.0546
v  445.1924 468.9190 79.3447
v  479.0823 468.9190 79.3448
v  421.2287 444.9553 48.4734
v  421.2287 411.0653 23.4584
v  445.1925 387.1016 23.4585
v  479.0824 387.1017 23.4586
v  503.0462 411.0654 23.4587
v  503.0461 444.9553 72.7607
v  479.0825 350.7785 -13.0827
v  479.0826 350.7785 -30.3017
v  445.1926 350.7785 -13.0828
v  445.1927 350.7785 -30.3018
v  479.0826 -505.2421 -30.3017
v  479.0826 -505.2421 -13.0827
v  445.1926 -505.2421 -13.0828
v  445.1927 -505.2421 -30.3019
v  445.1927 -468.9190 -30.3018
v  445.1925 -468.9190 3.0544
v  421.2288 -444.9552 3.0544
v  421.2289 -444.9552 -30.3019
v  384.9057 -444.9552 -30.3020
v  384.9057 -444.9552 -13.0830
v  384.9057 -411.0653 -13.0830
v  384.9057 -411.0653 -30.3020
v  421.2289 -411.0653 -30.3019
v  421.2288 -411.0653 3.0544
v  445.1925 -387.1016 3.0544
v  445.1926 -387.1015 -30.3018
v  479.0826 -387.1016 -30.3017
v  479.0825 -387.1016 3.0545
v  503.0462 -411.0654 3.0546
v  503.0463 -411.0654 -30.3016
v  539.3694 -411.0654 -30.3015
v  539.3694 -411.0655 -13.0825
v  539.3694 -444.9553 -13.0825
v  539.3694 -444.9553 -30.3015
v  503.0463 -444.9552 -30.3016
v  503.0462 -444.9553 3.0546
v  479.0825 -468.9190 3.0545
v  479.0826 -468.9190 -30.3017
v  479.0822 -468.9191 79.3448
v  445.1923 -468.9190 79.3447
v  421.2286 -444.9552 48.4734
v  421.2287 -411.0654 23.4584
v  445.1925 -387.1016 23.4585
v  479.0824 -387.1016 23.4586
v  503.0462 -411.0654 23.4587
v  503.0460 -444.9553 72.7607
v  479.0826 -350.7785 -30.3017
v  479.0825 -350.7785 -13.0827
v  445.1926 -350.7785 -13.0828
v  445.1926 -350.7785 -30.3018
v  142.1628 588.2214 186.5307
v  142.1631 588.2214 33.6690
v  91.6045 544.1438 33.6689
v  91.6042 544.1439 186.5306
v  70.3730 497.4292 186.5306
v  70.3733 497.4291 33.6688
v  70.3733 382.4012 33.6688
v  70.3730 411.2672 186.5306
v  148.5535 573.2032 257.9500
v  107.3954 537.7372 257.9500
v  130.9259 531.4850 276.7915
v  157.1621 554.0928 276.7915
v  86.0473 491.1608 257.9499
v  86.0473 424.7537 257.9500
v  107.8164 424.8448 276.7915
v  107.8164 482.3826 276.7915
v  107.3960 537.7371 -28.7308
v  148.5540 573.2031 -28.7307
v  157.8875 555.0106 -47.5135
v  126.4264 528.2687 -47.5136
v  86.0479 370.6178 -28.7308
v  86.0478 491.1607 -28.7308
v  107.1474 484.8642 -47.5136
v  107.7894 366.9311 -47.5136
v  166.5905 535.6815 -47.5135
v  150.9396 522.1952 -47.5135
v  204.7499 572.8405 -47.5134
v  253.6425 572.8405 -47.5133
v  242.2732 554.0774 -47.5133
v  216.1192 554.0774 -47.5134
v  166.5903 535.6815 9.8245
v  150.9395 522.1952 9.8245
v  242.2731 554.0774 9.8247
v  216.1191 554.0774 9.8246
v  148.5459 573.2101 18.1198
v  107.3828 537.7484 18.1197
v  107.3825 537.7484 202.0799
v  148.5455 573.2101 202.0799
v  198.0823 591.6278 202.0800
v  198.0822 591.6044 257.9371
v  260.3089 591.6044 257.9373
v  260.3091 591.6278 202.0802
v  86.0478 491.1607 18.1197
v  86.0478 379.4650 18.1197
v  86.0474 491.1608 202.0798
v  86.0474 414.2034 202.0798
v  191.5898 606.7611 186.5308
v  266.8016 606.7611 186.5310
v  191.5901 606.7610 33.6691
v  208.6759 572.8406 276.7916
v  198.0828 591.6043 -28.7176
v  129.5915 475.6188 -47.5136
v  129.5914 475.6188 9.8244
v  198.0827 591.6278 18.1199
v  129.5915 366.9311 -47.5136
v  129.5914 377.9009 9.8244
v  291.8018 535.6816 9.8248
v  307.4526 522.1953 9.8248
v  328.8008 475.6189 9.8248
v  328.8008 377.9009 9.8249
v  350.5747 424.8448 276.7920
v  350.5747 482.3826 276.7920
v  327.4652 531.4850 276.7919
v  301.2290 554.0928 276.7918
v  249.7152 572.8406 276.7917
v  266.8019 606.7611 33.6692
v  260.3094 591.6278 18.1200
v  260.3095 591.6043 -28.7175
v  316.2286 588.2214 186.5311
v  366.7873 544.1439 186.5312
v  366.7876 544.1439 33.6694
v  316.2290 588.2214 33.6693
v  388.0185 497.4292 186.5312
v  388.0185 411.2671 186.5312
v  388.0188 382.4012 33.6695
v  388.0188 497.4292 33.6695
v  309.8376 573.2032 257.9504
v  350.9958 537.7372 257.9504
v  372.3438 491.1609 257.9505
v  372.3438 424.7538 257.9505
v  350.9964 537.7371 -28.7303
v  331.9660 528.2688 -47.5131
v  300.5049 555.0107 -47.5132
v  309.8383 573.2032 -28.7304
v  372.3445 370.6179 -28.7302
v  350.6031 366.9311 -47.5131
v  351.2450 484.8642 -47.5131
v  372.3445 491.1608 -28.7302
v  307.4528 522.1952 -47.5132
v  291.8019 535.6815 -47.5132
v  309.8463 573.2101 18.1201
v  351.0092 537.7484 18.1202
v  351.0089 537.7484 202.0804
v  309.8459 573.2101 202.0803
v  372.3443 491.1608 18.1203
v  372.3444 379.4649 18.1203
v  372.3440 414.2034 202.0804
v  372.3439 491.1608 202.0804
v  328.8009 475.6189 -47.5131
v  328.8009 366.9312 -47.5131
v  -441.8010 588.2214 224.1117
v  -441.8008 588.2214 71.2499
v  -492.3593 544.1438 71.2498
v  -492.3596 544.1439 224.1116
v  -513.5908 497.4292 224.1115
v  -513.5905 497.4292 71.2498
v  -513.5905 382.4012 71.2498
v  -513.5908 411.2672 224.1115
v  -435.4103 573.2032 295.5310
v  -476.5683 537.7372 295.5309
v  -453.0378 531.4850 314.3725
v  -426.8017 554.0928 314.3725
v  -497.9165 491.1609 295.5309
v  -497.9165 424.7538 295.5309
v  -476.1474 424.8448 314.3725
v  -476.1474 482.3826 314.3725
v  -476.5678 537.7371 8.8502
v  -435.4098 573.2031 8.8503
v  -426.0763 555.0106 -9.9326
v  -457.5374 528.2687 -9.9326
v  -497.9159 370.6179 8.8502
v  -497.9159 491.1608 8.8502
v  -476.8164 484.8642 -9.9327
v  -476.1744 366.9311 -9.9327
v  -417.3733 535.6815 -9.9325
v  -433.0241 522.1952 -9.9326
v  -379.2139 572.8405 -9.9325
v  -330.3213 572.8405 -9.9324
v  -341.6906 554.0774 -9.9324
v  -367.8446 554.0774 -9.9324
v  -417.3735 535.6815 47.4055
v  -433.0243 522.1952 47.4054
v  -341.6907 554.0774 47.4056
v  -367.8447 554.0774 47.4056
v  -435.4179 573.2101 55.7008
v  -476.5809 537.7484 55.7007
v  -476.5813 537.7484 239.6608
v  -435.4183 573.2101 239.6609
v  -385.8815 591.6278 239.6610
v  -385.8816 591.6044 295.5181
v  -323.6549 591.6044 295.5182
v  -323.6548 591.6278 239.6611
v  -497.9160 491.1608 55.7006
v  -497.9160 379.4650 55.7006
v  -497.9164 491.1609 239.6608
v  -497.9164 414.2035 239.6608
v  -392.3739 606.7611 224.1118
v  -317.1622 606.7611 224.1119
v  -392.3736 606.7610 71.2500
v  -375.2879 572.8406 314.3725
v  -385.8810 591.6043 8.8633
v  -454.3723 475.6189 -9.9326
v  -454.3724 475.6189 47.4054
v  -385.8811 591.6278 55.7009
v  -454.3722 366.9311 -9.9326
v  -454.3724 377.9010 47.4054
v  -292.1620 535.6816 47.4057
v  -276.5111 522.1953 47.4057
v  -255.1630 475.6189 47.4058
v  -255.1630 377.9009 47.4058
v  -233.3891 424.8448 314.3729
v  -233.3891 482.3827 314.3729
v  -256.4986 531.4850 314.3729
v  -282.7348 554.0928 314.3727
v  -334.2486 572.8406 314.3726
v  -317.1619 606.7611 71.2502
v  -323.6544 591.6278 55.7010
v  -323.6543 591.6043 8.8634
v  -267.7351 588.2214 224.1120
v  -217.1765 544.1439 224.1121
v  -217.1762 544.1439 71.2504
v  -267.7348 588.2214 71.2503
v  -195.9454 497.4292 224.1122
v  -195.9454 411.2672 224.1122
v  -195.9450 382.4013 71.2504
v  -195.9451 497.4292 71.2504
v  -274.1261 573.2032 295.5313
v  -232.9680 537.7372 295.5314
v  -211.6199 491.1609 295.5314
v  -211.6199 424.7538 295.5314
v  -232.9674 537.7371 8.8507
v  -251.9978 528.2688 -9.9322
v  -283.4589 555.0107 -9.9323
v  -274.1255 573.2032 8.8506
v  -211.6193 370.6179 8.8507
v  -233.3607 366.9312 -9.9322
v  -232.7188 484.8642 -9.9322
v  -211.6193 491.1608 8.8507
v  -276.5110 522.1952 -9.9323
v  -292.1619 535.6815 -9.9323
v  -274.1175 573.2101 55.7011
v  -232.9545 537.7484 55.7012
v  -232.9549 537.7484 239.6613
v  -274.1179 573.2101 239.6612
v  -211.6195 491.1608 55.7012
v  -211.6194 379.4650 55.7012
v  -211.6198 414.2034 239.6613
v  -211.6198 491.1608 239.6613
v  -255.1629 475.6189 -9.9322
v  -255.1629 366.9312 -9.9322
v  142.1630 -588.2213 186.5308
v  91.6044 -544.1438 186.5307
v  91.6045 -544.1437 33.6690
v  142.1631 -588.2212 33.6691
v  70.3732 -497.4291 186.5307
v  70.3732 -411.2671 186.5307
v  70.3733 -382.4011 33.6690
v  70.3734 -497.4290 33.6690
v  148.5537 -573.2031 257.9501
v  157.1623 -554.0927 276.7916
v  130.9262 -531.4849 276.7916
v  107.3957 -537.7371 257.9501
v  86.0475 -491.1607 257.9500
v  107.8166 -482.3825 276.7916
v  107.8166 -424.8447 276.7916
v  86.0475 -424.7537 257.9501
v  107.3960 -537.7371 -28.7307
v  126.4264 -528.2687 -47.5135
v  157.8874 -555.0105 -47.5134
v  148.5540 -573.2031 -28.7306
v  86.0478 -370.6177 -28.7306
v  107.7893 -366.9311 -47.5135
v  107.1473 -484.8641 -47.5135
v  86.0478 -491.1606 -28.7307
v  150.9396 -522.1951 -47.5134
v  166.5904 -535.6815 -47.5134
v  204.7498 -572.8403 -47.5134
v  216.1192 -554.0772 -47.5134
v  242.2731 -554.0772 -47.5133
v  253.6425 -572.8403 -47.5133
v  150.9396 -522.1951 9.8245
v  166.5904 -535.6815 9.8246
v  216.1191 -554.0773 9.8246
v  242.2731 -554.0773 9.8247
v  148.5459 -573.2099 18.1199
v  107.3829 -537.7483 18.1198
v  107.3827 -537.7484 202.0800
v  148.5457 -573.2100 202.0800
v  198.0825 -591.6277 202.0801
v  260.3092 -591.6277 202.0802
v  260.3091 -591.6043 257.9372
v  198.0825 -591.6043 257.9371
v  86.0478 -491.1606 18.1198
v  86.0478 -379.4649 18.1198
v  86.0476 -414.2033 202.0799
v  86.0476 -491.1607 202.0799
v  191.5900 -606.7610 186.5309
v  266.8018 -606.7610 186.5309
v  191.5902 -606.7609 33.6691
v  208.6761 -572.8405 276.7916
v  198.0828 -591.6042 -28.7176
v  129.5915 -475.6187 -47.5135
v  129.5914 -475.6187 9.8245
v  198.0827 -591.6277 18.1199
v  129.5915 -366.9311 -47.5135
v  129.5914 -377.9008 9.8245
v  328.8008 -377.9008 9.8248
v  328.8008 -475.6187 9.8248
v  307.4526 -522.1951 9.8248
v  291.8018 -535.6815 9.8247
v  249.7154 -572.8405 276.7917
v  301.2292 -554.0927 276.7917
v  327.4654 -531.4849 276.7918
v  350.5749 -482.3825 276.7919
v  350.5749 -424.8447 276.7919
v  266.8020 -606.7609 33.6692
v  260.3095 -591.6042 -28.7175
v  260.3094 -591.6277 18.1200
v  316.2288 -588.2213 186.5310
v  316.2290 -588.2212 33.6693
v  366.7876 -544.1437 33.6693
v  366.7874 -544.1437 186.5311
v  388.0186 -497.4291 186.5311
v  388.0188 -497.4291 33.6694
v  388.0188 -382.4011 33.6694
v  388.0185 -411.2671 186.5311
v  309.8379 -573.2031 257.9503
v  350.9959 -537.7371 257.9504
v  372.3441 -491.1608 257.9504
v  372.3441 -424.7537 257.9504
v  350.9963 -537.7371 -28.7304
v  309.8383 -573.2031 -28.7304
v  300.5049 -555.0105 -47.5133
v  331.9660 -528.2687 -47.5132
v  372.3444 -370.6178 -28.7303
v  372.3445 -491.1607 -28.7303
v  351.2450 -484.8641 -47.5132
v  350.6030 -366.9310 -47.5132
v  291.8019 -535.6815 -47.5133
v  307.4527 -522.1951 -47.5133
v  309.8463 -573.2099 18.1201
v  351.0093 -537.7483 18.1201
v  351.0090 -537.7483 202.0803
v  309.8461 -573.2100 202.0802
v  372.3443 -491.1607 18.1201
v  372.3443 -379.4648 18.1201
v  372.3441 -491.1607 202.0803
v  372.3441 -414.2033 202.0803
v  328.8009 -475.6187 -47.5132
v  328.8009 -366.9310 -47.5132
v  -441.8008 -588.2214 224.1118
v  -492.3594 -544.1439 224.1117
v  -492.3593 -544.1439 71.2499
v  -441.8006 -588.2214 71.2500
v  -513.5906 -497.4292 224.1117
v  -513.5906 -411.2671 224.1117
v  -513.5904 -382.4012 71.2499
v  -513.5904 -497.4292 71.2499
v  -435.4100 -573.2032 295.5310
v  -426.8014 -554.0928 314.3725
v  -453.0376 -531.4850 314.3726
v  -476.5681 -537.7373 295.5310
v  -497.9163 -491.1609 295.5310
v  -476.1472 -482.3826 314.3726
v  -476.1472 -424.8448 314.3726
v  -497.9163 -424.7538 295.5310
v  -476.5678 -537.7372 8.8503
v  -457.5374 -528.2688 -9.9325
v  -426.0764 -555.0107 -9.9325
v  -435.4097 -573.2032 8.8503
v  -497.9160 -370.6179 8.8503
v  -476.1745 -366.9311 -9.9326
v  -476.8164 -484.8642 -9.9326
v  -497.9160 -491.1608 8.8503
v  -433.0242 -522.1952 -9.9325
v  -417.3734 -535.6816 -9.9325
v  -379.2139 -572.8405 -9.9324
v  -367.8446 -554.0774 -9.9324
v  -341.6906 -554.0774 -9.9324
v  -330.3213 -572.8405 -9.9324
v  -433.0243 -522.1953 47.4055
v  -417.3734 -535.6816 47.4055
v  -367.8446 -554.0774 47.4056
v  -341.6907 -554.0774 47.4056
v  -435.4179 -573.2101 55.7008
v  -476.5809 -537.7484 55.7008
v  -476.5811 -537.7484 239.6609
v  -435.4181 -573.2101 239.6609
v  -385.8812 -591.6278 239.6610
v  -323.6545 -591.6278 239.6611
v  -323.6547 -591.6045 295.5182
v  -385.8813 -591.6045 295.5181
v  -497.9160 -491.1608 55.7008
v  -497.9160 -379.4649 55.7008
v  -497.9162 -414.2034 239.6609
v  -497.9162 -491.1608 239.6609
v  -392.3737 -606.7611 224.1118
v  -317.1620 -606.7611 224.1119
v  -392.3736 -606.7611 71.2501
v  -375.2877 -572.8406 314.3725
v  -385.8810 -591.6043 8.8634
v  -454.3723 -475.6189 -9.9325
v  -454.3723 -475.6189 47.4055
v  -385.8810 -591.6278 55.7009
v  -454.3723 -366.9311 -9.9325
v  -454.3724 -377.9009 47.4055
v  -255.1630 -377.9009 47.4057
v  -255.1630 -475.6188 47.4057
v  -276.5111 -522.1952 47.4057
v  -292.1619 -535.6815 47.4057
v  -334.2484 -572.8406 314.3726
v  -282.7346 -554.0928 314.3727
v  -256.4984 -531.4850 314.3728
v  -233.3889 -482.3826 314.3728
v  -233.3889 -424.8448 314.3728
v  -317.1618 -606.7611 71.2502
v  -323.6543 -591.6043 8.8634
v  -323.6544 -591.6278 55.7010
v  -267.7350 -588.2214 224.1120
v  -267.7347 -588.2214 71.2502
v  -217.1762 -544.1438 71.2503
v  -217.1763 -544.1439 224.1120
v  -195.9452 -497.4292 224.1121
v  -195.9450 -497.4291 71.2503
v  -195.9450 -382.4012 71.2503
v  -195.9452 -411.2672 224.1121
v  -274.1259 -573.2032 295.5313
v  -232.9678 -537.7372 295.5313
v  -211.6197 -491.1608 295.5313
v  -211.6197 -424.7537 295.5313
v  -232.9675 -537.7371 8.8506
v  -274.1255 -573.2032 8.8505
v  -283.4589 -555.0107 -9.9323
v  -251.9978 -528.2687 -9.9323
v  -211.6193 -370.6178 8.8506
v  -211.6193 -491.1607 8.8506
v  -232.7188 -484.8642 -9.9323
v  -233.3607 -366.9312 -9.9323
v  -292.1619 -535.6815 -9.9323
v  -276.5110 -522.1952 -9.9323
v  -274.1175 -573.2101 55.7010
v  -232.9545 -537.7484 55.7011
v  -232.9547 -537.7484 239.6612
v  -274.1177 -573.2101 239.6612
v  -211.6194 -491.1607 55.7011
v  -211.6194 -379.4650 55.7011
v  -211.6196 -491.1608 239.6612
v  -211.6196 -414.2034 239.6612
v  -255.1629 -475.6188 -9.9323
v  -255.1629 -366.9312 -9.9323
v  364.8900 -381.3632 21.8185
v  520.3069 -381.3632 21.8185
v  520.3069 -436.1765 21.8186
v  364.8901 -436.1042 21.8185
v  364.8900 -531.6085 148.8529
v  364.8900 -531.6085 93.3427
v  640.7635 -485.5400 93.3428
v  640.7636 -485.5400 148.8531
v  364.8900 -460.2511 220.3775
v  508.6223 -426.8932 220.3776
v  508.6223 -413.6343 220.3775
v  364.8900 -408.9702 220.3775
v  530.0055 -428.1250 210.4289
v  572.6434 -447.7007 166.6919
v  572.6436 -381.3631 166.6919
v  530.0056 -407.9629 210.4288
v  572.6436 -381.3631 75.5039
v  572.6435 -460.2050 75.5039
v  364.8900 -480.5088 207.4455
v  364.8900 -506.5478 166.6918
v  557.0989 -463.6724 166.6919
v  517.1338 -445.2668 207.5763
v  364.8900 -506.5477 75.5038
v  364.8900 -519.7622 166.6918
v  645.0082 -472.9849 166.6919
v  583.8538 -463.5000 166.6919
v  652.2886 -381.3631 166.6919
v  652.2887 -381.3631 75.5040
v  645.0082 -472.9849 75.5040
v  364.8900 -519.7622 75.5038
v  658.2488 -473.5655 93.3428
v  716.0399 -376.1199 93.3429
v  716.0399 -376.1199 148.8541
v  658.2488 -473.5655 148.8532
v  701.7584 -377.2944 166.6927
v  701.7585 -377.2944 75.5040
v  364.8900 379.9850 21.8182
v  364.8901 434.7260 21.8182
v  520.3069 434.7983 21.8185
v  520.3069 379.9850 21.8185
v  364.8898 530.2304 148.8526
v  640.7634 484.1620 148.8532
v  640.7635 484.1620 93.3429
v  364.8899 530.2304 93.3424
v  364.8896 458.8730 220.3772
v  364.8896 415.9021 220.3772
v  508.6220 412.2562 220.3774
v  508.6219 425.5150 220.3775
v  530.0051 426.7469 210.4288
v  530.0052 406.5848 210.4288
v  572.6434 379.9850 166.6919
v  572.6432 446.3226 166.6919
v  572.6434 458.8268 75.5039
v  572.6435 379.9850 75.5039
v  364.8896 479.1307 207.4452
v  517.1335 443.8887 207.5762
v  557.0986 462.2943 166.6919
v  364.8898 505.1696 166.6915
v  364.8899 505.1696 75.5035
v  583.8535 462.1219 166.6920
v  645.0080 471.6068 166.6920
v  364.8898 518.3841 166.6915
v  652.2883 379.9850 166.6920
v  645.0082 471.6068 75.5041
v  652.2886 379.9850 75.5041
v  364.8899 518.3841 75.5035
v  658.2487 472.1874 93.3430
v  658.2486 472.1874 148.8533
v  716.0397 374.7418 148.8543
v  716.0398 374.7418 93.3431
v  701.7583 375.9164 166.6929
v  701.7584 375.9164 75.5042
v  -268.5624 -498.8721 273.3362
v  360.4674 -498.8719 273.3380
v  360.4674 -498.8720 304.0064
v  -268.5625 -498.1158 304.0045
v  483.7085 -420.6337 304.0067
v  483.7085 -420.6337 273.3383
v  420.4412 -427.9998 254.4670
v  358.8784 -446.1063 254.4669
v  -268.5623 -446.1065 254.4650
v  -268.5624 -427.9999 254.4650
v  -268.5625 -427.9999 322.8756
v  -268.5625 -445.3502 322.8757
v  358.8782 -446.1063 322.8775
v  420.4410 -427.9998 322.8777
v  -268.5625 498.8721 273.3365
v  -268.5626 498.1158 304.0048
v  360.4673 498.8720 304.0062
v  360.4673 498.8720 273.3379
v  483.7085 420.6339 304.0064
v  483.7085 420.6339 273.3380
v  420.4411 428.0000 254.4668
v  -268.5625 427.9999 254.4653
v  -268.5625 446.1064 254.4653
v  358.8783 446.1064 254.4667
v  -268.5625 427.9999 322.8759
v  420.4409 428.0000 322.8774
v  358.8781 446.1064 322.8773
v  -268.5626 445.3502 322.8759
v  -617.0996 -431.8850 262.2806
v  -617.0995 -384.9819 262.2806
v  -660.0973 -385.1230 218.5436
v  -660.0972 -451.9243 218.5436
v  -604.5875 -449.0268 259.4280
v  -596.5093 -430.6531 272.2293
v  -596.5093 -385.0752 272.2293
v  -644.5526 -467.4323 218.5436
v  -491.6606 -385.0654 272.2293
v  -491.6606 -447.3024 272.2293
v  -491.6606 -466.6244 259.3628
v  -491.6606 -487.7007 218.5435
v  -617.0996 -384.9819 82.6050
v  -617.0996 -432.4821 82.6050
v  -660.0973 -451.9243 127.3557
v  -660.0973 -385.1230 127.3557
v  -604.1745 -448.9659 82.6050
v  -491.6606 -449.2791 82.6049
v  -491.6606 -487.7007 127.3556
v  -645.4683 -467.2281 127.3557
v  -671.0289 -466.5531 218.5436
v  -732.4542 -385.1230 218.5437
v  -732.4542 -476.7448 218.5437
v  -671.0289 -466.5531 127.3557
v  -732.4542 -476.7448 127.3557
v  -732.4542 -385.1230 127.3557
v  -491.6606 -506.5982 127.3556
v  -720.8201 -489.3000 200.7048
v  -491.6606 -518.4445 200.7047
v  -491.6606 -506.5982 218.5436
v  -721.1382 -404.1610 157.8899
v  -721.1382 -455.9085 157.8899
v  -721.1382 -455.9085 188.0095
v  -721.1382 -404.1610 188.0095
v  -720.8200 -489.3000 145.1945
v  -670.0973 -368.8361 142.6228
v  -722.4464 -368.8360 142.6228
v  -722.4464 -368.8360 203.2766
v  -670.0973 -368.8361 203.2766
v  -744.8642 -393.2303 207.5500
v  -744.8642 -470.4956 207.5500
v  -744.8642 -393.2303 138.3493
v  -744.8642 -470.4956 138.3493
v  -745.9181 -465.8935 200.5481
v  -745.9181 -397.7719 200.5481
v  -745.9181 -397.7719 145.3512
v  -745.9181 -465.8935 145.3512
v  -596.5094 -429.1134 73.6703
v  -491.6606 -429.0797 73.6703
v  -596.5094 -385.0753 73.6703
v  -491.6606 -385.0654 73.6702
v  -491.6606 -518.4445 145.1945
v  -617.0996 408.4333 262.2806
v  -660.0973 451.9242 218.5437
v  -660.0974 385.1230 218.5437
v  -596.5093 407.8640 272.2293
v  -604.5875 449.0266 259.3954
v  -644.5527 467.4322 218.5437
v  -491.6604 385.0653 272.2291
v  -491.6605 447.3023 272.2291
v  -491.6605 466.6242 259.3952
v  -491.6606 487.7006 218.5434
v  -617.0999 384.9817 82.6050
v  -660.0975 385.1230 127.3557
v  -660.0975 451.9242 127.3557
v  -617.0999 432.4820 82.6050
v  -604.1748 448.9658 82.6049
v  -645.4684 467.2280 127.3557
v  -491.6607 487.7006 127.3554
v  -491.6608 449.2789 82.6048
v  -671.0290 466.5529 218.5437
v  -732.4542 476.7447 218.5438
v  -732.4542 385.1229 218.5438
v  -732.4543 385.1229 127.3559
v  -732.4543 476.7447 127.3559
v  -671.0291 466.5529 127.3557
v  -491.6607 506.5981 127.3554
v  -720.8202 489.2998 200.7050
v  -491.6607 506.5981 218.5434
v  -491.6607 518.4443 200.7046
v  -721.1383 404.1609 157.8900
v  -721.1383 404.1609 188.0096
v  -721.1383 455.9083 188.0096
v  -721.1384 455.9083 157.8900
v  -720.8202 489.2998 145.1947
v  -670.0974 368.8359 142.6228
v  -670.0974 368.8359 203.2766
v  -722.4464 368.8358 203.2767
v  -722.4465 368.8358 142.6229
v  -744.8643 470.4954 207.5502
v  -744.8642 393.2301 207.5502
v  -744.8644 393.2301 138.3495
v  -744.8644 470.4954 138.3495
v  -745.9183 465.8933 200.5483
v  -745.9182 397.7718 200.5483
v  -745.9183 397.7718 145.3513
v  -745.9183 465.8933 145.3513
v  -596.5096 429.1133 73.6703
v  -491.6608 429.0796 73.6701
v  -596.5096 385.0751 73.6703
v  -491.6607 385.0653 73.6701
v  -491.6607 518.4443 145.1943
# 1228 vertices

vn 0.4575 -0.6815 -0.5712
vn 0.7283 -0.5767 -0.3702
vn 0.0650 -0.9942 -0.0856
vn 0.1071 -0.8564 -0.5051
vn 0.4180 -0.8757 -0.2418
vn 0.2638 -0.8958 -0.3576
vn 0.0000 -0.9954 -0.0956
vn 0.0000 -0.8755 -0.4833
vn -0.4180 -0.8757 -0.2418
vn -0.2638 -0.8958 -0.3576
vn 0.0000 -0.3679 -0.9299
vn 0.0000 0.7071 -0.7071
vn -0.3015 0.9045 -0.3015
vn 0.3015 0.9045 -0.3015
vn -0.5739 0.5791 -0.5791
vn -0.0000 1.0000 0.0000
vn -0.3824 0.9240 0.0000
vn 0.3015 0.3015 0.9045
vn -0.3015 0.3015 0.9045
vn 0.0000 -0.7071 0.7071
vn -0.0000 -0.2691 0.9631
vn -0.0000 -0.7071 0.7071
vn 0.4575 0.6815 -0.5712
vn 0.7283 0.5767 -0.3702
vn 0.8941 0.0000 -0.4479
vn 0.6191 0.2817 -0.7330
vn 0.5774 -0.5773 0.5773
vn 0.7071 0.0000 -0.7071
vn 0.1553 -0.7657 0.6241
vn 0.2356 -0.2594 0.9366
vn 0.8143 -0.1734 0.5539
vn 0.4605 -0.8433 0.2770
vn -0.5714 0.8066 -0.1509
vn -0.3832 0.8742 0.2982
vn -0.7071 -0.0000 -0.7071
vn -0.6329 -0.2848 -0.7199
vn -0.4337 -0.7415 -0.5119
vn 0.5774 -0.5773 -0.5773
vn 0.6782 -0.6063 0.4152
vn 0.7071 -0.7071 -0.0000
vn 0.1761 -0.6581 0.7321
vn -0.3914 -0.6507 0.6507
vn -0.3914 -0.6507 -0.6507
vn -0.2400 -0.1590 -0.9577
vn -0.2806 -0.8386 0.4668
vn 0.0000 -0.9586 0.2846
vn 0.0000 -0.8633 0.5048
vn -0.0000 -0.8633 0.5048
vn 0.0000 -0.9587 0.2846
vn -0.4066 0.2322 0.8836
vn -0.7071 0.0000 0.7071
vn -1.0000 -0.0000 -0.0000
vn -0.9401 0.2169 -0.2630
vn -0.6584 0.5986 0.4562
vn -0.6581 0.5985 -0.4569
vn 0.9907 0.0967 -0.0962
vn 0.9890 0.1078 0.1016
vn 0.9252 0.2659 -0.2708
vn 0.9106 0.2606 0.3208
vn 1.0000 0.0000 0.0000
vn 0.7792 -0.4868 0.3950
vn 0.8134 -0.5008 0.2959
vn 0.5914 -0.2713 -0.7594
vn 0.1650 -0.3545 -0.9204
vn 0.1508 -0.8553 0.4956
vn 0.1818 -0.7045 0.6861
vn -0.0004 -0.7292 0.6843
vn -0.0000 -0.7293 0.6842
vn 0.1260 -0.9444 0.3037
vn 0.7315 -0.6635 0.1572
vn -0.0840 0.7362 0.6715
vn 0.7055 -0.4699 0.5305
vn 0.7055 -0.4699 -0.5305
vn 0.7055 0.4699 -0.5305
vn 0.7055 0.4699 0.5305
vn 0.9483 0.2328 0.2157
vn 0.9483 -0.2328 0.2157
vn 0.9483 0.2328 -0.2157
vn 0.9483 -0.2328 -0.2157
vn 0.6635 0.0000 -0.7482
vn 0.5914 0.2713 -0.7594
vn -0.8286 0.3959 -0.3959
vn -0.8286 -0.3959 -0.3959
vn -0.8286 -0.3959 0.3959
vn -0.8286 0.3959 0.3959
vn 0.1755 0.0000 -0.9845
vn 0.5774 0.5773 -0.5773
vn 0.9890 -0.1078 0.1016
vn -0.0000 0.7071 0.7071
vn -0.8968 -0.2294 0.3785
vn -0.9053 0.3004 0.3004
vn -0.9053 0.3004 -0.3004
vn -0.9878 0.1101 -0.1101
vn -0.9280 -0.3217 0.1881
vn -0.5773 0.5774 -0.5774
vn -0.7071 0.7071 -0.0000
vn -0.5774 0.5774 0.5774
vn -0.7071 0.0000 -0.7071
vn -0.3914 0.6507 -0.6507
vn -0.2400 0.1590 -0.9577
vn 0.9252 -0.2659 -0.2708
vn 0.9907 -0.0967 -0.0962
vn 0.0000 -0.0000 -1.0000
vn 0.0000 0.0000 -1.0000
vn -0.3253 -0.2117 0.9216
vn -0.0000 -0.8632 0.5048
vn -0.3869 -0.7960 0.4655
vn -0.3686 -0.8912 0.2645
vn -0.3253 -0.7190 0.6142
vn 0.1761 0.6581 0.7321
vn -0.3914 0.6507 0.6507
vn -0.3735 -0.9235 -0.0872
vn -0.0000 -0.0000 1.0000
vn -0.0000 0.0000 1.0000
vn 0.1071 0.8564 -0.5050
vn 0.0650 0.9942 -0.0856
vn 0.4180 0.8757 -0.2418
vn 0.0000 0.8755 -0.4833
vn 0.0000 0.9954 -0.0956
vn 0.2638 0.8958 -0.3576
vn -0.4180 0.8757 -0.2418
vn -0.2638 0.8958 -0.3576
vn 0.0000 0.3679 -0.9299
vn 0.0000 -0.7071 -0.7071
vn 0.3015 -0.9045 -0.3015
vn -0.3015 -0.9045 -0.3015
vn -0.5739 -0.5791 -0.5791
vn -0.3824 -0.9240 0.0000
vn 0.0000 -1.0000 0.0000
vn 0.3015 -0.3015 0.9045
vn -0.3015 -0.3015 0.9045
vn -0.0000 0.2691 0.9631
vn 0.1556 0.7657 0.6241
vn 0.4605 0.8433 0.2769
vn 0.8142 0.1734 0.5540
vn 0.2345 0.2595 0.9368
vn -0.8565 -0.2910 -0.4264
vn -0.9238 -0.3829 0.0000
vn -0.9152 0.4012 -0.0391
vn -0.8454 0.2800 -0.4549
vn 0.7071 0.7071 0.0000
vn 0.6782 0.6063 0.4152
vn -0.2806 0.8386 0.4668
vn -0.0000 0.9587 0.2846
vn -0.0000 0.8632 0.5048
vn -0.4066 -0.2322 0.8836
vn -0.9401 -0.2169 -0.2630
vn -1.0000 0.0000 -0.0000
vn -0.7071 -0.0000 0.7071
vn -0.6584 -0.5986 0.4562
vn -0.6581 -0.5985 -0.4569
vn 0.9106 -0.2606 0.3208
vn 1.0000 0.0000 -0.0000
vn 0.8134 0.5008 0.2959
vn 0.7792 0.4868 0.3950
vn 0.1650 0.3545 -0.9204
vn 0.1508 0.8553 0.4956
vn 0.1827 0.7045 0.6858
vn -0.0000 0.7293 0.6842
vn -0.0004 0.7292 0.6843
vn 0.1260 0.9444 0.3038
vn 0.7315 0.6635 0.1572
vn -0.1231 -0.0001 0.9924
vn -0.1230 0.0002 0.9924
vn -0.5714 -0.8066 -0.1509
vn -0.0835 -0.7360 0.6718
vn -0.8968 0.2293 0.3785
vn -0.9280 0.3217 0.1881
vn -0.9878 -0.1101 -0.1101
vn -0.9053 -0.3004 -0.3004
vn -0.9053 -0.3004 0.3004
vn -0.7071 -0.7071 -0.0000
vn -0.5773 -0.5774 -0.5774
vn -0.5774 -0.5774 0.5774
vn -0.0001 0.2691 0.9631
vn -0.3253 0.2117 0.9216
vn 0.0000 0.9587 0.2846
vn -0.3686 0.8912 0.2645
vn -0.3869 0.7960 0.4655
vn -0.3253 0.7190 0.6142
vn -0.4337 0.7415 -0.5119
vn -0.3735 0.9235 -0.0872
vn -0.6329 0.2848 -0.7199
vn -0.7888 -0.0000 0.6147
vn -0.3829 -0.8743 0.2982
vn -0.9238 0.3829 0.0000
vn -0.9152 -0.4012 -0.0391
vn -0.9033 -0.4113 0.1221
vn -0.9033 0.4113 0.1221
vn -0.8565 0.2910 -0.4264
vn -0.8454 -0.2800 -0.4549
vn -0.6508 -0.3935 0.6493
vn -0.6508 0.3935 0.6493
vn -0.9054 -0.3002 0.3002
vn -0.9750 0.1570 -0.1570
vn -0.9750 0.1570 0.1570
vn -0.9054 -0.3002 -0.3002
vn -0.9750 -0.1570 0.1570
vn -0.9054 0.3002 -0.3002
vn -0.9750 -0.1570 -0.1570
vn -0.9054 0.3002 0.3002
vn -0.8668 0.0000 0.4986
vn -0.3656 0.0000 0.9308
vn -0.4144 0.3056 0.8573
vn -0.4549 0.5052 0.7334
vn -0.8087 0.2344 0.5395
vn -0.8283 0.4096 0.3824
vn -0.6206 0.3428 0.7052
vn -0.4992 0.6813 0.5353
vn 0.6207 0.3427 0.7052
vn 0.7071 0.0000 0.7071
vn 0.8668 0.0000 0.4987
vn 0.4549 0.5052 0.7334
vn 0.4144 0.3056 0.8573
vn 0.3656 0.0000 0.9308
vn 0.8087 0.2344 0.5395
vn 0.8283 0.4096 0.3824
vn 0.4991 0.6814 0.5354
vn -0.4549 -0.5052 0.7334
vn -0.4144 -0.3056 0.8573
vn -0.3656 -0.0000 0.9308
vn -0.8087 -0.2344 0.5395
vn -0.8283 -0.4096 0.3824
vn -0.6207 -0.3427 0.7052
vn -0.4991 -0.6814 0.5354
vn 0.6207 -0.3427 0.7052
vn 0.7071 -0.0000 0.7071
vn 0.8668 -0.0000 0.4987
vn 0.3656 -0.0000 0.9308
vn 0.4144 -0.3056 0.8573
vn 0.4549 -0.5052 0.7334
vn 0.8087 -0.2344 0.5395
vn 0.8283 -0.4096 0.3824
vn 0.4991 -0.6814 0.5354
vn 0.0717 -0.1732 -0.9823
vn -0.0717 -0.1732 -0.9823
vn -0.1732 -0.0717 -0.9823
vn -0.1732 0.0717 -0.9823
vn -0.1039 0.1039 -0.9891
vn 0.1039 0.1039 -0.9891
vn 0.1732 0.0717 -0.9823
vn 0.1732 -0.0717 -0.9823
vn -0.3241 -0.7825 -0.5317
vn -0.3238 -0.7831 0.5310
vn -0.7834 -0.3247 0.5300
vn -0.7825 -0.3241 -0.5317
vn -0.7834 0.3247 0.5300
vn -0.7825 0.3242 -0.5316
vn -0.6139 0.6139 0.4963
vn -0.6117 0.6117 -0.5016
vn 0.6117 0.6117 -0.5017
vn 0.6095 0.6095 0.5070
vn 0.7816 0.3236 0.5333
vn 0.7825 0.3241 -0.5317
vn 0.7816 -0.3235 0.5333
vn 0.7825 -0.3242 -0.5316
vn 0.3244 -0.7819 0.5323
vn 0.3241 -0.7825 -0.5317
vn 0.0703 -0.1725 0.9825
vn 0.1704 -0.0711 0.9828
vn 0.1704 0.0711 0.9828
vn 0.1022 0.1022 0.9895
vn -0.1057 0.1057 0.9888
vn -0.1761 0.0724 0.9817
vn -0.1761 -0.0724 0.9817
vn -0.0732 -0.1739 0.9820
vn 0.0717 0.1732 -0.9823
vn 0.1039 -0.1039 -0.9891
vn -0.1039 -0.1039 -0.9891
vn -0.0717 0.1732 -0.9823
vn -0.3241 0.7825 -0.5317
vn -0.7825 0.3241 -0.5317
vn -0.3238 0.7831 0.5310
vn -0.6117 -0.6117 -0.5017
vn -0.6139 -0.6139 0.4963
vn 0.6117 -0.6117 -0.5017
vn 0.7825 -0.3241 -0.5317
vn 0.7816 -0.3236 0.5333
vn 0.6095 -0.6095 0.5070
vn 0.7825 0.3242 -0.5316
vn 0.3242 0.7825 -0.5316
vn 0.3244 0.7819 0.5323
vn 0.0703 0.1725 0.9825
vn -0.0732 0.1739 0.9820
vn -0.1057 -0.1057 0.9888
vn 0.1022 -0.1022 0.9895
vn -0.6030 0.6702 0.4328
vn 0.6030 0.6702 0.4328
vn -0.9239 0.3827 -0.0000
vn -0.3826 0.9239 -0.0000
vn -0.7715 0.5855 0.2489
vn -0.5855 0.7715 0.2489
vn -0.6702 -0.6030 0.4328
vn -0.6702 0.6030 0.4328
vn -0.3827 -0.9239 -0.0000
vn -0.9239 -0.3827 -0.0000
vn -0.5855 -0.7715 0.2489
vn -0.7715 -0.5855 0.2489
vn 0.9239 -0.3827 0.0000
vn 0.3827 -0.9239 0.0000
vn 0.7715 -0.5855 0.2489
vn 0.5855 -0.7715 0.2489
vn 0.7071 -0.7071 0.0000
vn 0.6702 0.6030 0.4328
vn 0.6702 -0.6030 0.4328
vn 0.3827 0.9239 0.0000
vn 0.9239 0.3827 0.0000
vn 0.5855 0.7715 0.2489
vn 0.7715 0.5855 0.2489
vn -0.3827 0.9239 -0.0000
vn -0.9239 -0.3826 -0.0000
vn 0.7857 -0.2545 0.5639
vn 1.0000 -0.0000 0.0000
vn -0.7857 -0.2545 0.5639
vn 0.6029 -0.6702 0.4329
vn -0.6029 -0.6702 0.4328
vn -0.7071 -0.7071 0.0000
vn -0.5855 -0.7715 0.2488
vn -0.9239 0.3826 -0.0000
vn 0.3826 -0.9239 -0.0000
vn 0.5855 -0.7715 0.2488
vn 0.9239 -0.3826 0.0000
vn 0.9239 0.3826 0.0000
vn 0.7857 0.2545 0.5639
vn -0.7857 0.2545 0.5639
vn 0.6206 0.3428 0.7052
vn 0.4992 0.6813 0.5353
vn -0.6207 0.3427 0.7052
vn -0.4991 0.6814 0.5354
vn -0.8668 -0.0000 0.4986
vn -0.6117 0.6117 -0.5017
vn 0.6095 0.6095 0.5069
vn 0.7816 0.3235 0.5333
vn 0.3242 -0.7825 -0.5316
vn -0.3239 0.7831 0.5309
vn 0.6117 -0.6117 -0.5016
vn 0.3241 0.7825 -0.5317
vn 0.7071 0.7071 -0.0000
vn -0.6026 0.6691 0.4349
vn 0.6026 0.6691 0.4349
vn -0.7703 0.5867 0.2496
vn -0.5867 0.7703 0.2496
vn -0.6691 -0.6026 0.4349
vn -0.6691 0.6026 0.4349
vn -0.5867 -0.7703 0.2496
vn -0.7703 -0.5868 0.2496
vn 0.7703 -0.5867 0.2496
vn 0.5867 -0.7703 0.2496
vn 0.6691 0.6026 0.4349
vn 0.6691 -0.6026 0.4349
vn 0.5867 0.7703 0.2497
vn 0.7703 0.5867 0.2497
vn -0.2629 0.9648 -0.0000
vn 0.3577 0.9339 0.0000
vn -0.8438 0.5366 -0.0000
vn -0.9483 -0.3175 -0.0000
vn 0.9567 -0.2911 0.0000
vn 0.8291 0.5590 0.0000
vn 0.7848 -0.2516 0.5664
vn -0.7848 -0.2516 0.5664
vn 0.6026 -0.6691 0.4349
vn -0.6026 -0.6691 0.4349
vn -0.7703 -0.5867 0.2496
vn 0.5868 0.7703 0.2496
vn 0.7703 0.5867 0.2496
vn 0.3827 -0.9239 -0.0000
vn 0.5867 -0.7703 0.2497
vn 0.3577 -0.9339 0.0000
vn -0.2629 -0.9648 -0.0000
vn -0.8438 -0.5366 -0.0000
vn -0.9483 0.3175 -0.0000
vn 0.9567 0.2911 0.0000
vn 0.8291 -0.5590 0.0000
vn 0.7848 0.2516 0.5664
vn -0.7848 0.2516 0.5664
vn -1.0000 0.0000 0.0000
vn -0.4715 0.7973 0.3767
vn -0.4715 0.7973 -0.3767
vn -0.7468 0.5464 -0.3790
vn -0.7468 0.5465 0.3790
vn -0.9027 0.2008 0.3805
vn -0.9027 0.2008 -0.3805
vn -0.9057 0.0000 -0.4239
vn -0.9383 -0.0000 0.3459
vn -0.4657 0.7943 0.3900
vn -0.7375 0.5396 0.4060
vn -0.2956 0.2476 0.9227
vn -0.2031 0.3383 0.9189
vn -0.8906 0.1996 0.4087
vn -0.9200 0.0000 0.3918
vn -0.3496 -0.0000 0.9369
vn -0.3687 0.0743 0.9266
vn -0.7398 0.5492 -0.3887
vn -0.4677 0.7951 -0.3862
vn -0.2038 0.3404 -0.9179
vn -0.3162 0.2478 -0.9157
vn -0.8889 -0.0000 -0.4580
vn -0.8957 0.1978 -0.3982
vn -0.3792 0.0754 -0.9222
vn -0.3331 -0.0018 -0.9429
vn 0.3368 -0.5704 -0.7492
vn 0.5210 -0.3917 -0.7584
vn -0.0678 0.4031 -0.9126
vn 0.0678 0.4032 -0.9126
vn -0.1172 -0.6519 -0.7492
vn 0.1172 -0.6519 -0.7492
vn 0.3778 -0.6397 -0.6694
vn 0.5990 -0.4503 -0.6621
vn -0.1314 -0.7312 -0.6693
vn 0.1314 -0.7312 -0.6694
vn -0.4684 0.7836 -0.4082
vn -0.7201 0.5562 -0.4148
vn -0.7201 0.5562 0.4148
vn -0.4684 0.7836 0.4082
vn -0.1536 0.9011 0.4056
vn -0.1719 0.9061 0.3865
vn 0.1719 0.9061 0.3865
vn 0.1536 0.9011 0.4056
vn -0.8888 0.1861 -0.4188
vn -0.9383 -0.0000 -0.3459
vn -0.8888 0.1861 0.4188
vn -0.9057 0.0000 0.4239
vn -0.1713 0.9108 0.3757
vn 0.1713 0.9108 0.3757
vn -0.1713 0.9108 -0.3757
vn -0.0573 0.3983 0.9155
vn -0.1680 0.9103 -0.3784
vn 0.6368 -0.1390 -0.7584
vn 0.7321 -0.1598 -0.6622
vn -0.1536 0.9010 -0.4056
vn 0.6605 0.0000 -0.7508
vn 0.7460 -0.0000 -0.6659
vn -0.3778 -0.6397 -0.6693
vn -0.5990 -0.4503 -0.6621
vn -0.7322 -0.1598 -0.6621
vn -0.7460 -0.0000 -0.6659
vn 0.3495 -0.0000 0.9369
vn 0.3687 0.0743 0.9266
vn 0.2956 0.2476 0.9227
vn 0.2031 0.3383 0.9189
vn 0.0573 0.3983 0.9155
vn 0.1713 0.9108 -0.3757
vn 0.1536 0.9010 -0.4056
vn 0.1680 0.9103 -0.3784
vn 0.4715 0.7973 0.3767
vn 0.7468 0.5464 0.3790
vn 0.7468 0.5465 -0.3790
vn 0.4715 0.7973 -0.3767
vn 0.9027 0.2008 0.3805
vn 0.9383 -0.0000 0.3459
vn 0.9057 -0.0000 -0.4239
vn 0.9027 0.2008 -0.3805
vn 0.4657 0.7944 0.3900
vn 0.7375 0.5396 0.4061
vn 0.8906 0.1996 0.4087
vn 0.9200 0.0000 0.3918
vn 0.7398 0.5492 -0.3887
vn 0.3162 0.2478 -0.9157
vn 0.2038 0.3404 -0.9179
vn 0.4677 0.7951 -0.3862
vn 0.8889 -0.0000 -0.4580
vn 0.3331 -0.0018 -0.9429
vn 0.3792 0.0754 -0.9222
vn 0.8957 0.1978 -0.3982
vn -0.5210 -0.3917 -0.7584
vn -0.3368 -0.5704 -0.7492
vn 0.4684 0.7836 -0.4082
vn 0.7201 0.5562 -0.4148
vn 0.7201 0.5562 0.4148
vn 0.4684 0.7836 0.4082
vn 0.8888 0.1861 -0.4188
vn 0.9383 0.0000 -0.3459
vn 0.9057 0.0000 0.4239
vn 0.8888 0.1861 0.4188
vn -0.6368 -0.1390 -0.7584
vn -0.6605 0.0000 -0.7508
vn -0.7469 0.5464 -0.3789
vn -0.9027 0.2007 -0.3805
vn -0.9383 0.0000 0.3459
vn -0.4657 0.7944 0.3900
vn -0.3496 0.0000 0.9369
vn 0.3369 -0.5704 -0.7491
vn 0.5210 -0.3916 -0.7584
vn 0.0678 0.4031 -0.9126
vn 0.3778 -0.6397 -0.6693
vn 0.5990 -0.4503 -0.6622
vn -0.1314 -0.7312 -0.6694
vn -0.9383 0.0000 -0.3459
vn 0.7322 -0.1598 -0.6621
vn -0.3778 -0.6397 -0.6694
vn 0.7468 0.5465 0.3790
vn 0.9057 0.0000 -0.4239
vn 0.9200 -0.0000 0.3918
vn -0.6605 -0.0000 -0.7508
vn -0.4715 -0.7974 0.3767
vn -0.7468 -0.5465 0.3790
vn -0.7468 -0.5465 -0.3790
vn -0.4715 -0.7973 -0.3767
vn -0.9027 -0.2008 0.3805
vn -0.9057 -0.0000 -0.4239
vn -0.9027 -0.2008 -0.3805
vn -0.4657 -0.7944 0.3900
vn -0.2031 -0.3383 0.9189
vn -0.2956 -0.2476 0.9227
vn -0.7375 -0.5396 0.4060
vn -0.8906 -0.1996 0.4087
vn -0.3687 -0.0743 0.9266
vn -0.9200 -0.0000 0.3918
vn -0.7398 -0.5492 -0.3887
vn -0.3162 -0.2478 -0.9157
vn -0.2038 -0.3404 -0.9179
vn -0.4677 -0.7951 -0.3862
vn -0.3331 0.0018 -0.9429
vn -0.3792 -0.0754 -0.9222
vn -0.8957 -0.1978 -0.3982
vn 0.5210 0.3917 -0.7584
vn 0.3368 0.5704 -0.7492
vn -0.0678 -0.4031 -0.9126
vn 0.1172 0.6519 -0.7492
vn -0.1172 0.6520 -0.7491
vn 0.0678 -0.4031 -0.9126
vn 0.5990 0.4503 -0.6621
vn 0.3778 0.6397 -0.6694
vn 0.1314 0.7312 -0.6694
vn -0.1314 0.7312 -0.6694
vn -0.4684 -0.7836 -0.4082
vn -0.7201 -0.5562 -0.4148
vn -0.7201 -0.5562 0.4148
vn -0.4684 -0.7836 0.4082
vn -0.1536 -0.9011 0.4056
vn 0.1536 -0.9011 0.4056
vn 0.1719 -0.9061 0.3865
vn -0.1719 -0.9061 0.3865
vn -0.8888 -0.1861 -0.4188
vn -0.9057 -0.0000 0.4239
vn -0.8888 -0.1861 0.4188
vn -0.1713 -0.9108 0.3757
vn 0.1713 -0.9108 0.3757
vn -0.1713 -0.9108 -0.3757
vn -0.0573 -0.3983 0.9155
vn -0.1680 -0.9103 -0.3784
vn 0.6368 0.1390 -0.7584
vn 0.7322 0.1598 -0.6621
vn -0.1536 -0.9010 -0.4056
vn 0.7460 0.0000 -0.6659
vn -0.7460 0.0000 -0.6659
vn -0.7322 0.1598 -0.6621
vn -0.5990 0.4503 -0.6622
vn -0.3778 0.6397 -0.6693
vn 0.0573 -0.3983 0.9155
vn 0.2031 -0.3383 0.9189
vn 0.2956 -0.2476 0.9227
vn 0.3687 -0.0743 0.9266
vn 0.3495 0.0000 0.9369
vn 0.1713 -0.9108 -0.3757
vn 0.1680 -0.9103 -0.3783
vn 0.1536 -0.9010 -0.4056
vn 0.4715 -0.7973 0.3767
vn 0.4715 -0.7973 -0.3767
vn 0.7468 -0.5465 -0.3790
vn 0.7468 -0.5465 0.3790
vn 0.9027 -0.2008 0.3805
vn 0.9027 -0.2008 -0.3805
vn 0.9383 0.0000 0.3459
vn 0.4657 -0.7944 0.3900
vn 0.7375 -0.5396 0.4060
vn 0.8906 -0.1996 0.4087
vn 0.7398 -0.5492 -0.3887
vn 0.4677 -0.7951 -0.3862
vn 0.2038 -0.3404 -0.9179
vn 0.3162 -0.2478 -0.9157
vn 0.8889 0.0000 -0.4580
vn 0.8957 -0.1978 -0.3982
vn 0.3792 -0.0754 -0.9222
vn 0.3331 0.0018 -0.9429
vn -0.3368 0.5704 -0.7491
vn -0.5210 0.3917 -0.7584
vn 0.4684 -0.7836 -0.4082
vn 0.7201 -0.5562 -0.4148
vn 0.7201 -0.5562 0.4148
vn 0.4684 -0.7836 0.4082
vn 0.8888 -0.1861 -0.4188
vn 0.9383 -0.0000 -0.3459
vn 0.8888 -0.1861 0.4188
vn 0.9057 -0.0000 0.4239
vn -0.6368 0.1390 -0.7584
vn -0.4715 -0.7973 0.3767
vn -0.7375 -0.5396 0.4061
vn -0.8889 0.0000 -0.4580
vn 0.5210 0.3916 -0.7584
vn 0.3368 0.5704 -0.7491
vn -0.1172 0.6519 -0.7492
vn 0.5990 0.4503 -0.6622
vn -0.1680 -0.9103 -0.3783
vn 0.7321 0.1598 -0.6622
vn -0.3368 0.5703 -0.7492
vn -0.5209 0.3917 -0.7584
vn 0.3886 -0.0000 -0.9214
vn 0.2950 -0.4598 -0.8376
vn -0.0001 -0.3198 -0.9475
vn 0.1582 -0.9477 0.2773
vn 0.1582 -0.9477 -0.2773
vn 0.3414 -0.9050 -0.2538
vn 0.3414 -0.9050 0.2538
vn 0.0733 -0.3160 0.9459
vn 0.2138 -0.2256 0.9505
vn 0.2289 0.0000 0.9735
vn 0.5448 -0.2150 0.8105
vn 0.2625 -0.1085 0.9588
vn 0.3295 -0.0000 0.9442
vn 0.6072 -0.0000 0.7945
vn 0.1782 -0.1287 -0.9755
vn 0.1643 -0.7121 0.6826
vn 0.0945 -0.4237 0.9009
vn 0.1849 -0.2832 0.9411
vn 0.2895 -0.6209 0.7285
vn 0.0620 -0.2782 -0.9585
vn 0.0848 -0.5077 0.8574
vn 0.3239 -0.4730 0.8194
vn 0.3239 -0.4730 -0.8194
vn 0.0848 -0.5077 -0.8574
vn 0.7204 -0.6454 -0.2538
vn 0.8334 -0.4942 -0.2474
vn 0.8334 -0.4942 0.2474
vn 0.7204 -0.6454 0.2538
vn 0.5394 -0.3199 0.7789
vn 0.5394 -0.3199 -0.7789
vn -0.0001 0.3198 -0.9475
vn 0.2950 0.4598 -0.8376
vn 0.3886 0.0000 -0.9214
vn 0.1582 0.9477 0.2773
vn 0.3414 0.9050 0.2538
vn 0.3414 0.9050 -0.2538
vn 0.1582 0.9477 -0.2773
vn 0.0733 0.3160 0.9459
vn 0.2328 -0.0000 0.9725
vn 0.2138 0.2256 0.9505
vn 0.5448 0.2150 0.8105
vn 0.6072 0.0000 0.7945
vn 0.3295 0.0000 0.9442
vn 0.2625 0.1085 0.9588
vn 0.1782 0.1287 -0.9755
vn 0.1643 0.7121 0.6826
vn 0.2895 0.6209 0.7285
vn 0.1849 0.2832 0.9411
vn 0.0945 0.4237 0.9009
vn 0.0620 0.2782 -0.9585
vn 0.3239 0.4730 0.8194
vn 0.0848 0.5077 0.8574
vn 0.3239 0.4730 -0.8194
vn 0.0848 0.5077 -0.8574
vn 0.7204 0.6454 -0.2538
vn 0.7204 0.6454 0.2538
vn 0.8334 0.4942 0.2474
vn 0.8334 0.4942 -0.2474
vn 0.5394 0.3199 0.7789
vn 0.5394 0.3199 -0.7789
vn 0.0000 -0.8246 -0.5657
vn 0.2304 -0.8165 -0.5294
vn 0.2299 -0.8166 0.5294
vn -0.0010 -0.8102 0.5861
vn 0.5219 -0.8221 0.2277
vn 0.5219 -0.8221 -0.2277
vn 0.2324 -0.7901 -0.5673
vn 0.0287 -0.1849 -0.9823
vn 0.0000 -0.1709 -0.9853
vn -0.0002 -0.1708 0.9853
vn 0.0286 -0.1850 0.9823
vn 0.2324 -0.7901 0.5673
vn 0.0000 0.8245 -0.5658
vn -0.0010 0.8102 0.5861
vn 0.2299 0.8166 0.5294
vn 0.2304 0.8165 -0.5294
vn 0.5219 0.8221 0.2277
vn 0.5219 0.8221 -0.2277
vn 0.2324 0.7901 -0.5673
vn 0.0000 0.1709 -0.9853
vn 0.0287 0.1849 -0.9823
vn 0.2324 0.7901 0.5673
vn 0.0286 0.1850 0.9823
vn -0.0002 0.1708 0.9853
vn -0.5482 -0.2119 0.8090
vn -0.5827 0.0000 0.8127
vn -0.0954 0.3350 0.9374
vn -0.2582 -0.1090 0.9599
vn -0.2665 -0.6447 0.7165
vn -0.2113 -0.2364 0.9484
vn -0.2234 0.0000 0.9747
vn -0.1720 -0.2869 0.9424
vn 0.0000 0.0000 1.0000
vn -0.0501 -0.3153 0.9477
vn -0.1166 -0.7506 0.6503
vn -0.0644 -0.4859 0.8716
vn -0.5708 0.0000 -0.8211
vn -0.5491 -0.1774 -0.8167
vn -0.2669 -0.1089 -0.9575
vn -0.0991 0.3360 -0.9366
vn -0.2155 -0.6510 -0.7279
vn -0.0017 -0.5966 -0.8026
vn -0.0515 -0.3871 -0.9206
vn -0.1809 -0.2932 -0.9388
vn 0.0000 -0.0000 1.0000
vn -0.4654 0.4705 0.7497
vn -0.4409 -0.5126 0.7367
vn -0.0000 -0.0000 -1.0000
vn -0.4409 -0.5126 -0.7367
vn -0.4654 0.4705 -0.7497
vn -0.0619 -0.4995 -0.8641
vn -0.3918 -0.8977 0.2017
vn -0.1211 -0.9522 0.2806
vn -0.0619 -0.4995 0.8641
vn -0.7517 -0.5107 0.4173
vn -0.7833 0.4581 0.4202
vn -0.7833 0.4581 -0.4202
vn -0.7517 -0.5107 -0.4173
vn -0.3918 -0.8977 -0.2017
vn 0.4020 0.8632 -0.3054
vn -0.4019 0.8633 -0.3054
vn -0.4019 0.8633 0.3054
vn 0.4020 0.8632 0.3054
vn -0.8463 0.4079 0.3426
vn -0.8224 -0.4557 0.3404
vn -0.8463 0.4079 -0.3426
vn -0.8224 -0.4557 -0.3404
vn -0.9869 0.0850 -0.1368
vn -0.9834 -0.0900 -0.1578
vn -0.9834 -0.0900 0.1578
vn -0.9869 0.0850 0.1368
vn -0.1709 -0.1758 -0.9695
vn 0.0001 -0.2067 -0.9784
vn -0.2035 -0.0000 -0.9791
vn -0.1211 -0.9521 -0.2806
vn -0.5605 0.1534 0.8139
vn -0.2190 0.1070 0.9698
vn -0.0278 -0.3596 0.9327
vn -0.2131 0.1998 0.9564
vn -0.3073 0.5243 0.7942
vn -0.1720 0.2867 0.9425
vn -0.1295 0.3442 0.9299
vn -0.1169 0.7503 0.6506
vn -0.0644 0.4861 0.8715
vn -0.0991 -0.3360 -0.9366
vn -0.2669 0.1089 -0.9575
vn -0.5491 0.1774 -0.8167
vn -0.2155 0.6510 -0.7279
vn -0.1809 0.2932 -0.9388
vn -0.0515 0.3871 -0.9206
vn -0.0017 0.5966 -0.8026
vn -0.4409 0.5126 0.7367
vn -0.4654 -0.4705 0.7497
vn -0.4654 -0.4705 -0.7497
vn -0.4409 0.5126 -0.7367
vn -0.0619 0.4995 -0.8641
vn -0.3918 0.8977 0.2017
vn -0.0619 0.4995 0.8641
vn -0.1211 0.9521 0.2806
vn -0.7517 0.5107 0.4173
vn -0.7517 0.5107 -0.4173
vn -0.7833 -0.4581 -0.4202
vn -0.7833 -0.4581 0.4202
vn -0.3918 0.8977 -0.2017
vn 0.4020 -0.8632 -0.3054
vn 0.4020 -0.8632 0.3054
vn -0.4019 -0.8633 0.3054
vn -0.4019 -0.8633 -0.3054
vn -0.8224 0.4557 0.3405
vn -0.8463 -0.4079 0.3426
vn -0.8463 -0.4079 -0.3426
vn -0.8224 0.4557 -0.3404
vn -0.9869 -0.0850 -0.1368
vn -0.9834 0.0900 -0.1578
vn -0.9834 0.0900 0.1578
vn -0.9869 -0.0850 0.1368
vn -0.1710 0.1758 -0.9695
vn 0.0001 0.2067 -0.9784
vn -0.2035 0.0000 -0.9791
vn -0.1211 0.9521 -0.2806
# 777 vertex normals

vt 0.5939 0.8396 0.0000
vt 0.6290 0.8659 0.0000
vt 0.4841 0.9139 0.0000
vt 0.4841 0.7966 0.0000
vt 0.2094 0.7966 0.0000
vt 0.2094 0.9139 0.0000
vt 0.1171 0.9139 0.0000
vt 0.1171 0.7966 0.0000
vt 0.3031 0.7966 0.0000
vt 0.3031 0.9139 0.0000
vt 0.2094 0.7865 0.0000
vt 0.3031 0.7865 0.0000
vt 0.5243 0.3331 0.0000
vt 0.4305 0.3331 0.0000
vt 0.4305 0.2978 0.0000
vt 0.5243 0.2978 0.0000
vt 0.7179 0.3331 0.0000
vt 0.6165 0.3331 0.0000
vt 0.6165 0.2978 0.0000
vt 0.7179 0.2978 0.0000
vt 0.2177 0.0111 0.0000
vt 0.2177 0.0540 0.0000
vt 0.3350 0.0313 0.0000
vt 0.3350 0.0111 0.0000
vt 0.1239 0.0111 0.0000
vt 0.1239 0.0540 0.0000
vt 0.0066 0.0111 0.0000
vt 0.0066 0.0313 0.0000
vt 0.1629 0.3248 0.0000
vt 0.1428 0.3248 0.0000
vt 0.1428 0.2310 0.0000
vt 0.1629 0.2310 0.0000
vt 0.1142 0.1652 0.0000
vt 0.1142 0.1154 0.0000
vt 0.2064 0.1154 0.0000
vt 0.2064 0.1652 0.0000
vt 0.9412 0.5243 0.0000
vt 0.6546 0.5243 0.0000
vt 0.6529 0.4980 0.0000
vt 0.6731 0.4980 0.0000
vt 0.7196 0.4980 0.0000
vt 0.8762 0.4980 0.0000
vt 0.9228 0.4980 0.0000
vt 0.9429 0.4980 0.0000
vt 0.4811 0.1652 0.0000
vt 0.4811 0.1154 0.0000
vt 0.6261 0.1231 0.0000
vt 0.6261 0.1652 0.0000
vt 0.0384 0.0909 0.0000
vt 0.0384 0.0965 0.0000
vt 0.0384 0.1009 0.0000
vt 0.0291 0.1009 0.0000
vt 0.0183 0.0909 0.0000
vt 0.8570 0.3514 0.0000
vt 0.9156 0.3514 0.0000
vt 0.9109 0.3609 0.0000
vt 0.8855 0.3609 0.0000
vt 0.8570 0.3609 0.0000
vt 0.9944 0.5058 0.0000
vt 0.9878 0.5058 0.0000
vt 0.9944 0.8728 0.0000
vt 0.9878 0.8728 0.0000
vt 0.9878 0.7805 0.0000
vt 0.9944 0.7805 0.0000
vt 0.9944 0.9871 0.0000
vt 0.9403 0.9871 0.0000
vt 0.9403 0.9741 0.0000
vt 0.9878 0.9741 0.0000
vt 0.3031 0.9417 0.0000
vt 0.3031 0.9683 0.0000
vt 0.2094 0.9683 0.0000
vt 0.2094 0.9417 0.0000
vt 0.0951 0.3330 0.0000
vt 0.0530 0.3330 0.0000
vt 0.0530 0.2156 0.0000
vt 0.0951 0.2156 0.0000
vt 0.1378 0.2297 0.0000
vt 0.1065 0.2180 0.0000
vt 0.1065 0.3353 0.0000
vt 0.1378 0.3236 0.0000
vt 0.8644 0.4366 0.0000
vt 0.8762 0.4300 0.0000
vt 0.8762 0.4886 0.0000
vt 0.8644 0.4835 0.0000
vt 0.8544 0.4464 0.0000
vt 0.8544 0.4757 0.0000
vt 0.9228 0.4695 0.0000
vt 0.8762 0.4695 0.0000
vt 0.8762 0.4441 0.0000
vt 0.9183 0.4441 0.0000
vt 0.9295 0.4513 0.0000
vt 0.9324 0.4569 0.0000
vt 0.5859 0.8240 0.0000
vt 0.4841 0.7865 0.0000
vt 0.4841 0.9683 0.0000
vt 0.6290 0.9070 0.0000
vt 0.6290 0.9126 0.0000
vt 0.4831 0.9902 0.0000
vt 0.3031 0.9901 0.0000
vt 0.2094 0.9901 0.0000
vt 0.4841 0.9417 0.0000
vt 0.6290 0.8907 0.0000
vt 0.6957 0.1804 0.0000
vt 0.7179 0.1748 0.0000
vt 0.7179 0.1804 0.0000
vt 0.9429 0.4733 0.0000
vt 0.6248 0.5210 0.0000
vt 0.6248 0.5423 0.0000
vt 0.5935 0.5423 0.0000
vt 0.5935 0.5210 0.0000
vt 0.9186 0.4958 0.0000
vt 0.8821 0.4958 0.0000
vt 0.9186 0.4717 0.0000
vt 0.8821 0.4717 0.0000
vt 0.5909 0.5134 0.0000
vt 0.6274 0.5134 0.0000
vt 0.5860 0.5436 0.0000
vt 0.5860 0.5196 0.0000
vt 0.6274 0.5497 0.0000
vt 0.5909 0.5497 0.0000
vt 0.6322 0.5196 0.0000
vt 0.6322 0.5436 0.0000
vt 0.9282 0.5400 0.0000
vt 0.8762 0.5400 0.0000
vt 0.7200 0.5400 0.0000
vt 0.6677 0.5400 0.0000
vt 0.9343 0.7790 0.0000
vt 0.9343 0.6560 0.0000
vt 0.9547 0.6560 0.0000
vt 0.9547 0.7790 0.0000
vt 0.5721 0.5680 0.0000
vt 0.4703 0.5680 0.0000
vt 0.4703 0.7246 0.0000
vt 0.5721 0.7243 0.0000
vt 0.7196 0.4886 0.0000
vt 0.7314 0.4835 0.0000
vt 0.6165 0.1804 0.0000
vt 0.9249 0.1444 0.0000
vt 0.8825 0.1444 0.0000
vt 0.8818 0.1733 0.0000
vt 0.9291 0.1733 0.0000
vt 0.9373 0.1682 0.0000
vt 0.2668 0.3331 0.0000
vt 0.2668 0.2978 0.0000
vt 0.4305 0.1804 0.0000
vt 0.2668 0.1804 0.0000
vt 0.0064 0.1803 0.0000
vt 0.0530 0.1803 0.0000
vt 0.0064 0.2156 0.0000
vt 0.0064 0.3330 0.0000
vt 0.2453 0.0808 0.0000
vt 0.0888 0.0808 0.0000
vt 0.0888 0.0679 0.0000
vt 0.2453 0.0679 0.0000
vt 0.7414 0.4464 0.0000
vt 0.7314 0.4366 0.0000
vt 0.8472 0.9194 0.0000
vt 0.6906 0.9194 0.0000
vt 0.6906 0.8272 0.0000
vt 0.8472 0.8272 0.0000
vt 0.5243 0.1804 0.0000
vt 0.8472 0.9985 0.0000
vt 0.8937 0.9194 0.0000
vt 0.8937 0.9985 0.0000
vt 0.8472 0.7334 0.0000
vt 0.6906 0.7334 0.0000
vt 0.6906 0.5474 0.0000
vt 0.8472 0.5474 0.0000
vt 0.8937 0.8272 0.0000
vt 0.8937 0.7334 0.0000
vt 0.8937 0.5474 0.0000
vt 0.2894 0.5680 0.0000
vt 0.1956 0.5680 0.0000
vt 0.1956 0.7246 0.0000
vt 0.2894 0.7246 0.0000
vt 0.1171 0.7865 0.0000
vt 0.3002 0.1652 0.0000
vt 0.3002 0.1154 0.0000
vt 0.0128 0.1652 0.0000
vt 0.0128 0.1154 0.0000
vt 0.9944 0.6868 0.0000
vt 0.9878 0.6868 0.0000
vt 0.1171 0.9417 0.0000
vt 0.1171 0.9683 0.0000
vt 0.0158 0.9683 0.0000
vt 0.0158 0.9417 0.0000
vt 0.1171 0.9901 0.0000
vt 0.0158 0.9901 0.0000
vt 0.3393 0.3449 0.0000
vt 0.3393 0.5014 0.0000
vt 0.1584 0.5014 0.0000
vt 0.1584 0.3449 0.0000
vt 0.4331 0.3449 0.0000
vt 0.4331 0.5014 0.0000
vt 0.5253 0.5014 0.0000
vt 0.5253 0.3449 0.0000
vt 0.6396 0.3449 0.0000
vt 0.6396 0.5014 0.0000
vt 0.0158 0.9139 0.0000
vt 0.0159 0.7965 0.0000
vt 0.0158 0.7865 0.0000
vt 0.5244 0.3331 0.0000
vt 0.5244 0.2978 0.0000
vt 0.4306 0.2978 0.0000
vt 0.4306 0.3331 0.0000
vt 0.7180 0.3331 0.0000
vt 0.7180 0.2978 0.0000
vt 0.6166 0.2978 0.0000
vt 0.6166 0.3331 0.0000
vt 0.4810 0.1154 0.0000
vt 0.9291 0.3302 0.0000
vt 0.9291 0.2179 0.0000
vt 0.9534 0.2179 0.0000
vt 0.9322 0.3302 0.0000
vt 0.1674 0.3330 0.0000
vt 0.1674 0.2156 0.0000
vt 0.2095 0.2156 0.0000
vt 0.2095 0.3330 0.0000
vt 0.7196 0.4300 0.0000
vt 0.7414 0.4757 0.0000
vt 0.6731 0.4695 0.0000
vt 0.6634 0.4569 0.0000
vt 0.6663 0.4513 0.0000
vt 0.6776 0.4441 0.0000
vt 0.7196 0.4441 0.0000
vt 0.7196 0.4695 0.0000
vt 0.6529 0.4733 0.0000
vt 0.6772 0.4958 0.0000
vt 0.7137 0.4958 0.0000
vt 0.6772 0.4717 0.0000
vt 0.7137 0.4717 0.0000
vt 0.9062 0.8402 0.0000
vt 0.9784 0.8402 0.0000
vt 0.9784 0.9342 0.0000
vt 0.9062 0.9342 0.0000
vt 0.9062 0.9655 0.0000
vt 0.9784 0.9655 0.0000
vt 0.6906 0.9985 0.0000
vt 0.7180 0.1804 0.0000
vt 0.6166 0.1804 0.0000
vt 0.2669 0.2978 0.0000
vt 0.2669 0.3331 0.0000
vt 0.4306 0.1804 0.0000
vt 0.2669 0.1804 0.0000
vt 0.2561 0.1803 0.0000
vt 0.2561 0.2156 0.0000
vt 0.2095 0.1803 0.0000
vt 0.2561 0.3330 0.0000
vt 0.0040 0.5014 0.0000
vt 0.0040 0.3449 0.0000
vt 0.1034 0.7246 0.0000
vt 0.1034 0.5680 0.0000
vt 0.9062 0.8089 0.0000
vt 0.9784 0.8089 0.0000
vt 0.5244 0.1804 0.0000
vt 0.6440 0.9985 0.0000
vt 0.6440 0.9194 0.0000
vt 0.6440 0.8272 0.0000
vt 0.6440 0.7334 0.0000
vt 0.6440 0.5474 0.0000
vt 0.0850 0.1009 0.0000
vt 0.0850 0.0965 0.0000
vt 0.2416 0.0965 0.0000
vt 0.2416 0.1009 0.0000
vt 0.7233 0.0331 0.0000
vt 0.7233 0.0107 0.0000
vt 0.8798 0.0107 0.0000
vt 0.8798 0.0331 0.0000
vt 0.7328 0.5696 0.0000
vt 0.8050 0.5696 0.0000
vt 0.8472 0.5696 0.0000
vt 0.6906 0.5696 0.0000
vt 0.0020 0.5680 0.0000
vt 0.0020 0.7246 0.0000
vt 0.4703 0.7806 0.0000
vt 0.5721 0.7765 0.0000
vt 0.5721 0.5161 0.0000
vt 0.4703 0.5120 0.0000
vt 0.1956 0.7806 0.0000
vt 0.2894 0.7806 0.0000
vt 0.2894 0.5120 0.0000
vt 0.1956 0.5120 0.0000
vt 0.1034 0.5120 0.0000
vt 0.1034 0.7806 0.0000
vt 0.2882 0.0965 0.0000
vt 0.2882 0.1009 0.0000
vt 0.9264 0.0107 0.0000
vt 0.9264 0.0331 0.0000
vt 0.6767 0.0331 0.0000
vt 0.6767 0.0108 0.0000
vt 0.0020 0.7712 0.0000
vt 0.0020 0.7806 0.0000
vt 0.0020 0.5120 0.0000
vt 0.0020 0.5214 0.0000
vt 0.8937 0.5696 0.0000
vt 0.6440 0.5696 0.0000
vt 0.7180 0.1748 0.0000
vt 0.9534 0.1929 0.0000
vt 0.2882 0.0909 0.0000
vt 0.3083 0.0909 0.0000
vt 0.2976 0.1009 0.0000
vt 0.0064 0.9139 0.0000
vt 0.0063 0.8017 0.0000
vt 0.0034 0.8007 0.0000
vt -0.0015 0.7893 0.0000
vt 0.7272 0.1855 0.0000
vt 0.7272 0.2978 0.0000
vt 0.7272 0.3424 0.0000
vt 0.2919 0.0679 0.0000
vt 0.3012 0.0772 0.0000
vt 0.2547 0.0772 0.0000
vt 0.8732 0.1827 0.0000
vt 0.8732 0.1351 0.0000
vt 0.0035 0.1559 0.0000
vt 0.0035 0.1136 0.0000
vt 0.0080 0.1108 0.0000
vt 0.0109 0.9919 0.0000
vt 0.0064 0.9874 0.0000
vt 0.0064 0.9636 0.0000
vt 0.0064 0.9390 0.0000
vt 0.7273 0.3424 0.0000
vt 0.7273 0.2978 0.0000
vt 0.7273 0.1855 0.0000
vt 0.0795 0.0772 0.0000
vt 0.0329 0.0772 0.0000
vt 0.0422 0.0679 0.0000
vt 0.9207 0.7925 0.0000
vt 0.9249 0.7883 0.0000
vt 0.9641 0.7883 0.0000
vt 0.9683 0.7925 0.0000
vt 0.9641 0.6467 0.0000
vt 0.9683 0.6424 0.0000
vt 0.9249 0.6467 0.0000
vt 0.9207 0.6424 0.0000
vt 0.9435 0.9903 0.0000
vt 0.9912 0.9903 0.0000
vt 0.0920 0.0840 0.0000
vt 0.2421 0.0840 0.0000
vt 0.6429 0.4982 0.0000
vt 0.6429 0.3481 0.0000
vt 0.0128 0.1045 0.0000
vt 0.2094 0.9968 0.0000
vt 0.1171 0.9968 0.0000
vt 0.4802 0.1043 0.0000
vt 0.6261 0.1119 0.0000
vt 0.3031 0.9968 0.0000
vt 0.4841 0.9968 0.0000
vt 0.0158 0.9968 0.0000
vt 0.4840 0.9968 0.0000
vt 0.6981 0.3444 0.0000
vt 0.7148 0.3632 0.0000
vt 0.6712 0.3632 0.0000
vt 0.6543 0.3444 0.0000
vt 0.7148 0.3735 0.0000
vt 0.6712 0.3735 0.0000
vt 0.6543 0.3735 0.0000
vt 0.7647 0.3355 0.0000
vt 0.7593 0.3442 0.0000
vt 0.7996 0.3691 0.0000
vt 0.8012 0.3580 0.0000
vt 0.8341 0.3564 0.0000
vt 0.8257 0.3513 0.0000
vt 0.6228 0.5971 0.0000
vt 0.5905 0.5971 0.0000
vt 0.5905 0.6333 0.0000
vt 0.6228 0.6333 0.0000
vt 0.6228 0.5682 0.0000
vt 0.5905 0.5682 0.0000
vt 0.9268 0.5572 0.0000
vt 0.9540 0.5572 0.0000
vt 0.9741 0.5767 0.0000
vt 0.9741 0.6046 0.0000
vt 0.9546 0.6243 0.0000
vt 0.9268 0.6243 0.0000
vt 0.9071 0.6046 0.0000
vt 0.9071 0.5768 0.0000
vt 0.4522 0.0082 0.0000
vt 0.4522 0.0210 0.0000
vt 0.4283 0.0210 0.0000
vt 0.4283 0.0082 0.0000
vt 0.3946 0.0210 0.0000
vt 0.3946 0.0082 0.0000
vt 0.3707 0.0210 0.0000
vt 0.3707 0.0082 0.0000
vt 0.5674 0.0082 0.0000
vt 0.5674 0.0210 0.0000
vt 0.5436 0.0210 0.0000
vt 0.5436 0.0082 0.0000
vt 0.5098 0.0210 0.0000
vt 0.5098 0.0082 0.0000
vt 0.4860 0.0210 0.0000
vt 0.4860 0.0082 0.0000
vt 0.9813 0.5736 0.0000
vt 0.9571 0.5500 0.0000
vt 0.9238 0.5500 0.0000
vt 0.9000 0.5739 0.0000
vt 0.9000 0.6076 0.0000
vt 0.9238 0.6315 0.0000
vt 0.9578 0.6314 0.0000
vt 0.9813 0.6074 0.0000
vt 0.6156 0.7870 0.0000
vt 0.6023 0.7870 0.0000
vt 0.6023 0.7803 0.0000
vt 0.6156 0.7803 0.0000
vt 0.2419 0.9090 0.0000
vt 0.2326 0.9090 0.0000
vt 0.2326 0.8959 0.0000
vt 0.2419 0.8959 0.0000
vt 0.9670 0.1812 0.0000
vt 0.9802 0.1812 0.0000
vt 0.9802 0.1879 0.0000
vt 0.9670 0.1879 0.0000
vt 0.2646 0.9090 0.0000
vt 0.2552 0.9090 0.0000
vt 0.2552 0.8959 0.0000
vt 0.2646 0.8959 0.0000
vt 0.9413 0.0564 0.0000
vt 0.9280 0.0564 0.0000
vt 0.9280 0.0631 0.0000
vt 0.9413 0.0631 0.0000
vt 0.2419 0.8463 0.0000
vt 0.2552 0.8463 0.0000
vt 0.2326 0.8463 0.0000
vt 0.5329 0.9733 0.0000
vt 0.5824 0.9733 0.0000
vt 0.5824 0.9866 0.0000
vt 0.5329 0.9866 0.0000
vt 0.2646 0.8463 0.0000
vt 0.9280 0.0787 0.0000
vt 0.9280 0.1282 0.0000
vt 0.9413 0.1282 0.0000
vt 0.9413 0.0787 0.0000
vt 0.5903 0.7701 0.0000
vt 0.6023 0.7647 0.0000
vt 0.5962 0.7830 0.0000
vt 0.6156 0.7647 0.0000
vt 0.6275 0.7701 0.0000
vt 0.6217 0.7830 0.0000
vt 0.2788 0.9023 0.0000
vt 0.2788 0.9090 0.0000
vt 0.9802 0.2041 0.0000
vt 0.9670 0.2041 0.0000
vt 0.2183 0.9090 0.0000
vt 0.2183 0.9023 0.0000
vt 0.6931 0.1677 0.0000
vt 0.6811 0.1731 0.0000
vt 0.6811 0.1575 0.0000
vt 0.6872 0.1547 0.0000
vt 0.6679 0.1731 0.0000
vt 0.6679 0.1575 0.0000
vt 0.6559 0.1677 0.0000
vt 0.6618 0.1547 0.0000
vt 0.9418 0.0564 0.0000
vt 0.9418 0.0631 0.0000
vt 0.9285 0.0631 0.0000
vt 0.9285 0.0564 0.0000
vt 0.9285 0.0787 0.0000
vt 0.9418 0.0787 0.0000
vt 0.9418 0.1282 0.0000
vt 0.9285 0.1282 0.0000
vt 0.6156 0.7871 0.0000
vt 0.6023 0.7871 0.0000
vt 0.9128 0.1123 0.0000
vt 0.9128 0.1256 0.0000
vt 0.9060 0.1256 0.0000
vt 0.9060 0.1123 0.0000
vt 0.6331 0.8110 0.0000
vt 0.6331 0.8204 0.0000
vt 0.6200 0.8204 0.0000
vt 0.6200 0.8110 0.0000
vt 0.6331 0.8337 0.0000
vt 0.6331 0.8430 0.0000
vt 0.6200 0.8430 0.0000
vt 0.6200 0.8337 0.0000
vt 0.2419 0.8660 0.0000
vt 0.2552 0.8660 0.0000
vt 0.2326 0.8781 0.0000
vt 0.8905 0.1256 0.0000
vt 0.8825 0.1256 0.0000
vt 0.8727 0.1123 0.0000
vt 0.8905 0.1123 0.0000
vt 0.6120 0.8204 0.0000
vt 0.6120 0.8110 0.0000
vt 0.6120 0.8337 0.0000
vt 0.6120 0.8430 0.0000
vt 0.2646 0.8686 0.0000
vt 0.5904 0.7701 0.0000
vt 0.6023 0.7648 0.0000
vt 0.5961 0.7831 0.0000
vt 0.6156 0.7648 0.0000
vt 0.6217 0.7831 0.0000
vt 0.6263 0.7968 0.0000
vt 0.6331 0.7968 0.0000
vt 0.2183 0.9022 0.0000
vt 0.6930 0.1677 0.0000
vt 0.6811 0.1730 0.0000
vt 0.6678 0.1730 0.0000
vt 0.6678 0.1575 0.0000
vt 0.6617 0.1547 0.0000
vt 0.2788 0.9022 0.0000
vt 0.6331 0.8572 0.0000
vt 0.6263 0.8572 0.0000
vt 0.8979 0.3007 0.0000
vt 0.8979 0.2409 0.0000
vt 0.9177 0.2409 0.0000
vt 0.9177 0.3007 0.0000
vt 0.8733 0.0645 0.0000
vt 0.8135 0.0645 0.0000
vt 0.8135 0.1096 0.0000
vt 0.8733 0.0983 0.0000
vt 0.8954 0.3287 0.0000
vt 0.9115 0.3287 0.0000
vt 0.9023 0.3361 0.0000
vt 0.8920 0.3361 0.0000
vt 0.9012 0.0670 0.0000
vt 0.9012 0.0930 0.0000
vt 0.9086 0.0929 0.0000
vt 0.9086 0.0704 0.0000
vt 0.7525 0.0745 0.0000
vt 0.7347 0.0606 0.0000
vt 0.7328 0.0678 0.0000
vt 0.7451 0.0782 0.0000
vt 0.7609 0.1399 0.0000
vt 0.7609 0.0927 0.0000
vt 0.7526 0.0952 0.0000
vt 0.7524 0.1414 0.0000
vt 0.7293 0.0753 0.0000
vt 0.7355 0.0806 0.0000
vt 0.7127 0.0608 0.0000
vt 0.6935 0.0608 0.0000
vt 0.6980 0.0681 0.0000
vt 0.7082 0.0681 0.0000
vt 0.9629 0.3579 0.0000
vt 0.9629 0.3517 0.0000
vt 0.9854 0.3517 0.0000
vt 0.9854 0.3579 0.0000
vt 0.9629 0.3324 0.0000
vt 0.9629 0.3221 0.0000
vt 0.9854 0.3221 0.0000
vt 0.9854 0.3324 0.0000
vt 0.8954 0.2348 0.0000
vt 0.8954 0.2165 0.0000
vt 0.9115 0.2165 0.0000
vt 0.9115 0.2348 0.0000
vt 0.9115 0.3068 0.0000
vt 0.8954 0.3068 0.0000
vt 0.8760 0.3068 0.0000
vt 0.8760 0.3287 0.0000
vt 0.8516 0.3287 0.0000
vt 0.8516 0.3068 0.0000
vt 0.8074 0.0670 0.0000
vt 0.7890 0.0670 0.0000
vt 0.7890 0.1142 0.0000
vt 0.8074 0.1107 0.0000
vt 0.8794 0.0670 0.0000
vt 0.8794 0.0971 0.0000
vt 0.8785 0.3007 0.0000
vt 0.8491 0.3007 0.0000
vt 0.8785 0.2409 0.0000
vt 0.8733 0.0462 0.0000
vt 0.8135 0.0462 0.0000
vt 0.9086 0.0512 0.0000
vt 0.9012 0.0487 0.0000
vt 0.8719 0.3361 0.0000
vt 0.7153 0.0534 0.0000
vt 0.7438 0.0988 0.0000
vt 0.9854 0.3761 0.0000
vt 0.9629 0.3761 0.0000
vt 0.8760 0.2348 0.0000
vt 0.8760 0.2165 0.0000
vt 0.8074 0.0487 0.0000
vt 0.7890 0.0487 0.0000
vt 0.8794 0.0487 0.0000
vt 0.9629 0.4186 0.0000
vt 0.9854 0.4144 0.0000
vt 0.6689 0.1387 0.0000
vt 0.6689 0.1032 0.0000
vt 0.6767 0.0862 0.0000
vt 0.6824 0.0813 0.0000
vt 0.7004 0.0746 0.0000
vt 0.7099 0.0746 0.0000
vt 0.7279 0.0813 0.0000
vt 0.7336 0.0862 0.0000
vt 0.7414 0.1032 0.0000
vt 0.7414 0.1387 0.0000
vt 0.8200 0.1255 0.0000
vt 0.8402 0.1328 0.0000
vt 0.8505 0.1417 0.0000
vt 0.8595 0.1609 0.0000
vt 0.8595 0.1840 0.0000
vt 0.7645 0.1840 0.0000
vt 0.7645 0.1609 0.0000
vt 0.7735 0.1417 0.0000
vt 0.7838 0.1328 0.0000
vt 0.8040 0.1255 0.0000
vt 0.8491 0.2409 0.0000
vt 0.8558 0.3361 0.0000
vt 0.8516 0.2348 0.0000
vt 0.8516 0.2165 0.0000
vt 0.8298 0.3007 0.0000
vt 0.8100 0.3007 0.0000
vt 0.8100 0.2409 0.0000
vt 0.8298 0.2409 0.0000
vt 0.8323 0.3287 0.0000
vt 0.8356 0.3361 0.0000
vt 0.8254 0.3361 0.0000
vt 0.8161 0.3287 0.0000
vt 0.6572 0.0745 0.0000
vt 0.6646 0.0782 0.0000
vt 0.6769 0.0678 0.0000
vt 0.6715 0.0606 0.0000
vt 0.6909 0.0534 0.0000
vt 0.6488 0.1399 0.0000
vt 0.6573 0.1414 0.0000
vt 0.6571 0.0952 0.0000
vt 0.6488 0.0927 0.0000
vt 0.6742 0.0806 0.0000
vt 0.6803 0.0753 0.0000
vt 0.9629 0.2966 0.0000
vt 0.9854 0.2966 0.0000
vt 0.9854 0.3027 0.0000
vt 0.9629 0.3027 0.0000
vt 0.8323 0.2348 0.0000
vt 0.8161 0.2348 0.0000
vt 0.8161 0.2165 0.0000
vt 0.8323 0.2165 0.0000
vt 0.8161 0.3068 0.0000
vt 0.8323 0.3068 0.0000
vt 0.6659 0.0988 0.0000
vt 0.9854 0.2784 0.0000
vt 0.9629 0.2784 0.0000
vt 0.9629 0.2358 0.0000
vt 0.9854 0.2401 0.0000
vt 0.6659 0.1414 0.0000
vt 0.7438 0.1414 0.0000
vt 0.8917 0.2091 0.0000
vt 0.9040 0.2091 0.0000
vt 0.8734 0.2091 0.0000
vt 0.8236 0.2091 0.0000
vt 0.8359 0.2091 0.0000
vt 0.8543 0.2091 0.0000
vt 0.7391 0.1982 0.0000
vt 0.7391 0.2591 0.0000
vt 0.7606 0.2591 0.0000
vt 0.7605 0.1982 0.0000
vt 0.9811 0.0303 0.0000
vt 0.9593 0.0303 0.0000
vt 0.9593 0.1383 0.0000
vt 0.9811 0.1383 0.0000
vt 0.7778 0.3944 0.0000
vt 0.7271 0.4098 0.0000
vt 0.7262 0.4168 0.0000
vt 0.7778 0.4186 0.0000
vt 0.7178 0.4111 0.0000
vt 0.7011 0.4034 0.0000
vt 0.7011 0.4294 0.0000
vt 0.7178 0.4190 0.0000
vt 0.7391 0.2796 0.0000
vt 0.7700 0.2796 0.0000
vt 0.7778 0.3861 0.0000
vt 0.7778 0.3797 0.0000
vt 0.7061 0.3966 0.0000
vt 0.7234 0.4047 0.0000
vt 0.7881 0.1982 0.0000
vt 0.7778 0.3752 0.0000
vt 0.6728 0.3935 0.0000
vt 0.6967 0.3973 0.0000
vt 0.6699 0.4294 0.0000
vt 0.7391 0.3107 0.0000
vt 0.7750 0.3079 0.0000
vt 0.7933 0.1982 0.0000
vt 0.9593 0.1451 0.0000
vt 0.9593 0.1677 0.0000
vt 0.9811 0.1677 0.0000
vt 0.9811 0.1451 0.0000
vt 0.6506 0.4310 0.0000
vt 0.7375 0.3301 0.0000
vt 0.9524 0.1399 0.0000
vt 0.9881 0.1399 0.0000
vt 0.9881 0.0303 0.0000
vt 0.7979 0.1982 0.0000
vt 0.7799 0.3062 0.0000
vt 0.6450 0.4315 0.0000
vt 0.6676 0.3933 0.0000
vt 0.7752 0.3131 0.0000
vt 0.7371 0.3357 0.0000
vt 0.3423 0.0697 0.0000
vt 0.5885 0.0697 0.0000
vt 0.5885 0.0577 0.0000
vt 0.3423 0.0577 0.0000
vt 0.6368 0.0577 0.0000
vt 0.6369 0.0697 0.0000
vt 0.6122 0.0975 0.0000
vt 0.5879 0.0904 0.0000
vt 0.3423 0.0904 0.0000
vt 0.3423 0.0975 0.0000
vt 0.3423 0.0303 0.0000
vt 0.3423 0.0371 0.0000
vt 0.5879 0.0371 0.0000
vt 0.6119 0.0300 0.0000
vt 0.6369 0.1004 0.0000
vt 0.6367 0.0270 0.0000
vt 0.6120 0.0975 0.0000
vt 0.8636 0.3874 0.0000
vt 0.8587 0.3698 0.0000
vt 0.8356 0.3762 0.0000
vt 0.8426 0.4014 0.0000
vt 0.8678 0.3933 0.0000
vt 0.8718 0.3869 0.0000
vt 0.8668 0.3675 0.0000
vt 0.8480 0.4058 0.0000
vt 0.9031 0.3689 0.0000
vt 0.9037 0.3908 0.0000
vt 0.9035 0.3991 0.0000
vt 0.8959 0.4089 0.0000
vt 0.5853 0.7008 0.0000
vt 0.6039 0.7008 0.0000
vt 0.6115 0.6839 0.0000
vt 0.5854 0.6839 0.0000
vt 0.6104 0.7058 0.0000
vt 0.6105 0.7499 0.0000
vt 0.6255 0.7499 0.0000
vt 0.6175 0.6897 0.0000
vt 0.8412 0.4077 0.0000
vt 0.8165 0.3815 0.0000
vt 0.8260 0.4161 0.0000
vt 0.6172 0.6797 0.0000
vt 0.6212 0.6556 0.0000
vt 0.5854 0.6556 0.0000
vt 0.6329 0.7499 0.0000
vt 0.4878 0.1963 0.0000
vt 0.4878 0.2860 0.0000
vt 0.4808 0.2860 0.0000
vt 0.4808 0.1917 0.0000
vt 0.2590 0.8264 0.0000
vt 0.2373 0.8264 0.0000
vt 0.2373 0.8146 0.0000
vt 0.2590 0.8146 0.0000
vt 0.5165 0.1917 0.0000
vt 0.5095 0.1963 0.0000
vt 0.6258 0.9460 0.0000
vt 0.6258 0.9665 0.0000
vt 0.6021 0.9665 0.0000
vt 0.6021 0.9460 0.0000
vt 0.8111 0.3863 0.0000
vt 0.8191 0.4154 0.0000
vt 0.5961 0.9704 0.0000
vt 0.6318 0.9704 0.0000
vt 0.6275 0.9753 0.0000
vt 0.6004 0.9753 0.0000
vt 0.6188 0.6508 0.0000
vt 0.5885 0.6508 0.0000
vt 0.4851 0.1868 0.0000
vt 0.5122 0.1868 0.0000
vt 0.5961 0.9421 0.0000
vt 0.6318 0.9421 0.0000
vt 0.2348 0.8049 0.0000
vt 0.2615 0.8049 0.0000
vt 0.2687 0.8097 0.0000
vt 0.2687 0.8313 0.0000
vt 0.2615 0.8367 0.0000
vt 0.2348 0.8367 0.0000
vt 0.2276 0.8313 0.0000
vt 0.2276 0.8097 0.0000
vt 0.8094 0.3886 0.0000
vt 0.8165 0.4143 0.0000
vt 0.7945 0.3927 0.0000
vt 0.7924 0.3914 0.0000
vt 0.8016 0.4184 0.0000
vt 0.8005 0.4206 0.0000
vt 0.6026 0.7088 0.0000
vt 0.6026 0.7499 0.0000
vt 0.5853 0.7088 0.0000
vt 0.5853 0.7499 0.0000
vt 0.5095 0.2860 0.0000
vt 0.8951 0.4231 0.0000
vt 0.5165 0.2860 0.0000
vt 0.4458 0.2766 0.0000
vt 0.4388 0.2812 0.0000
vt 0.4388 0.1869 0.0000
vt 0.4458 0.1869 0.0000
vt 0.4676 0.2766 0.0000
vt 0.4741 0.2812 0.0000
vt 0.4702 0.2860 0.0000
vt 0.4431 0.2860 0.0000
vt 0.4676 0.1869 0.0000
vt 0.4741 0.1869 0.0000
# 787 texture coords

o Target
g Target
usemtl wire_087225087
s 1
f 1/1/1 2/2/2 3/3/3 4/4/4 
f 5/5/5 6/6/6 7/7/7 8/8/8 
f 9/9/9 4/4/4 3/3/3 10/10/10 
s 2
f 9/9/9 5/5/5 11/11/11 12/12/11 
s 1
f 13/13/12 14/14/12 15/15/13 16/16/14 
f 17/17/15 18/18/12 19/19/16 20/20/17 
s 4
f 16/21/14 6/22/6 5/23/5 21/24/18 
s 2
f 15/25/13 10/26/10 6/22/6 16/21/14 
s 4
f 15/25/13 22/27/19 9/28/9 10/26/10 
s 8
f 21/29/18 5/30/5 9/31/9 22/32/19 
s 2
f 23/33/20 24/34/21 25/35/21 26/36/22 
s 4
f 1/37/1 27/38/23 28/39/24 29/40/25 30/41/26 31/42/27 32/43/28 2/44/2 
s 2
f 33/45/29 34/46/30 35/47/31 36/48/32 
s 4
f 37/49/33 38/50/34 39/51/35 40/52/36 41/53/37 
s 1
f 42/54/38 43/55/39 36/56/32 44/57/40 31/58/27 
f 45/59/41 33/60/29 36/56/32 43/55/39 
f 46/61/20 23/62/20 26/63/22 47/64/22 
f 48/65/42 49/66/43 50/67/44 51/68/45 
s 2
f 52/69/46 53/70/47 54/71/48 55/72/49 
f 56/73/50 57/74/51 58/75/52 59/76/53 
s 1
f 60/77/54 56/78/50 59/79/53 61/80/55 
s 2
f 62/81/56 43/82/39 42/83/38 63/84/57 
s 1
f 64/85/58 62/81/56 63/84/57 65/86/59 
s 8
f 66/87/60 44/88/40 36/89/32 35/90/31 67/91/61 68/92/62 
s 2
f 69/93/63 1/1/1 4/4/4 70/94/64 
f 71/95/65 68/96/62 67/97/61 72/98/66 
f 53/70/47 73/99/67 74/100/68 54/71/48 
f 75/101/69 76/102/70 68/96/62 71/95/65 
s 1
f 77/103/71 38/104/34 37/105/33 
s 8
f 66/87/60 68/92/62 76/106/70 2/44/2 32/43/28 
s 1
f 3/3/3 2/2/2 76/102/70 75/101/69 
f 75/101/69 52/69/46 10/10/10 3/3/3 
f 78/107/72 79/108/73 80/109/74 81/110/75 
s 8
f 82/111/76 32/43/28 31/42/27 83/112/77 
f 84/113/78 66/87/60 32/43/28 82/111/76 
f 85/114/79 44/88/40 66/87/60 84/113/78 
f 83/112/77 31/42/27 44/88/40 85/114/79 
s 2
f 81/110/75 82/115/76 83/116/77 78/107/72 
s 4
f 80/109/74 84/117/78 82/118/76 81/110/75 
s 2
f 79/108/73 85/119/79 84/120/78 80/109/74 
s 4
f 78/107/72 83/121/77 85/122/79 79/108/73 
f 69/123/63 86/124/80 87/125/80 88/126/81 27/38/23 1/37/1 
s 1
f 89/127/82 90/128/83 91/129/84 92/130/85 
f 86/131/80 93/132/86 94/133/86 87/134/80 
s 2
f 63/84/57 42/83/38 95/135/87 96/136/88 
s 1
f 20/20/17 19/19/16 97/137/89 77/103/71 37/105/33 
f 98/138/90 99/139/91 100/140/92 101/141/93 102/142/94 
f 15/15/13 14/14/12 103/143/95 104/144/96 
f 22/145/19 15/15/13 104/144/96 105/146/97 
s 2
f 103/147/95 106/148/98 58/75/52 104/149/96 
f 104/149/96 58/75/52 57/74/51 105/150/97 
s 4
f 49/151/43 107/152/99 108/153/100 50/154/44 
f 64/85/58 109/155/101 110/156/102 62/81/56 
f 111/157/103 112/158/104 113/159/104 114/160/104 
s 1
f 19/19/16 18/18/12 13/13/12 16/16/14 
f 97/137/89 19/19/16 16/16/14 21/161/18 
s 4
f 50/162/44 111/157/103 18/163/12 17/164/15 
f 115/165/104 116/166/104 117/167/35 106/168/98 
f 18/163/12 111/157/103 114/160/104 13/169/12 
f 13/169/12 114/160/104 115/165/104 14/170/12 
f 14/170/12 115/165/104 106/168/98 103/171/95 
s 1
f 118/172/104 119/173/103 120/174/104 121/175/104 
s 2
f 9/9/9 12/12/11 70/94/64 4/4/4 
f 11/11/11 5/5/5 8/8/8 122/176/11 
f 123/177/22 124/178/21 34/46/30 33/45/29 
f 26/36/22 25/35/21 124/178/21 123/177/22 
f 24/34/21 23/33/20 51/179/45 125/180/105 
s 1
f 126/181/22 123/182/22 33/60/29 45/59/41 
f 47/64/22 26/63/22 123/182/22 126/181/22 
f 23/62/20 46/61/20 48/65/42 51/68/45 
s 2
f 127/183/49 128/184/106 129/185/107 130/186/108 
f 55/72/49 54/71/48 128/184/106 127/183/49 
f 53/70/47 52/69/46 75/101/69 71/95/65 
f 128/184/106 131/187/68 132/188/109 129/185/107 
f 54/71/48 74/100/68 131/187/68 128/184/106 
f 73/99/67 53/70/47 71/95/65 72/98/66 
s 4
f 133/189/89 126/190/22 45/191/41 134/192/110 
f 135/193/89 47/194/22 126/190/22 133/189/89 
f 46/195/20 136/196/89 137/197/111 48/198/42 
s 1
f 10/10/10 52/69/46 55/72/49 6/6/6 
f 6/6/6 55/72/49 127/183/49 7/7/7 
f 8/8/8 7/7/7 138/199/112 41/200/37 
s 2
f 122/176/11 8/8/8 41/200/37 40/201/36 
s 1
f 7/7/7 127/183/49 130/186/108 138/199/112 
s 8
f 139/158/113 140/159/114 141/160/113 142/157/113 
s 1
f 27/1/23 143/4/115 144/3/116 28/2/24 
f 145/5/117 146/8/118 147/7/119 148/6/120 
f 149/9/121 150/10/122 144/3/116 143/4/115 
s 2
f 149/9/121 151/12/123 152/11/123 145/5/117 
s 1
f 153/202/124 154/203/125 155/204/126 156/205/124 
f 157/206/127 158/207/128 159/208/129 160/209/124 
s 4
f 154/21/125 161/24/130 145/23/117 148/22/120 
s 2
f 155/25/126 154/21/125 148/22/120 150/26/122 
s 4
f 155/25/126 150/26/122 149/28/121 162/27/131 
s 8
f 161/30/130 162/31/131 149/32/121 145/29/117 
s 2
f 163/33/89 164/36/89 165/35/132 166/34/132 
f 167/45/133 168/48/134 169/47/135 170/210/136 
s 1
f 171/211/137 172/212/138 173/213/139 174/214/140 
f 95/54/87 30/58/26 175/57/141 168/56/134 176/55/142 
f 134/59/110 176/55/142 168/56/134 167/60/133 
f 136/61/89 135/64/89 164/63/89 163/62/89 
f 137/65/111 177/68/143 108/67/100 107/66/99 
s 2
f 178/69/144 179/72/144 180/71/145 181/70/145 
f 182/215/146 183/216/147 184/217/148 185/218/149 
s 1
f 186/77/150 187/80/151 183/79/147 182/78/146 
s 2
f 110/156/102 96/136/88 95/135/87 176/219/142 
s 1
f 109/155/101 188/220/152 96/136/88 110/156/102 
s 8
f 189/221/153 190/222/154 191/223/155 169/224/135 168/225/134 175/226/141 
s 2
f 88/93/81 192/94/156 143/4/115 27/1/23 
f 193/95/157 194/98/158 191/97/155 190/96/154 
f 181/70/145 180/71/145 195/100/159 196/99/160 
f 197/101/161 193/95/157 190/96/154 198/102/162 
s 8
f 189/221/153 29/40/25 28/39/24 198/227/162 190/222/154 
s 1
f 144/3/116 197/101/161 198/102/162 28/2/24 
f 197/101/161 144/3/116 150/10/122 178/69/144 
f 199/110/75 200/107/72 201/108/73 202/109/74 
s 8
f 203/228/77 204/229/76 30/41/26 29/40/25 
f 205/230/79 203/228/77 29/40/25 189/221/153 
f 206/231/78 205/230/79 189/221/153 175/226/141 
f 204/229/76 206/231/78 175/226/141 30/41/26 
s 2
f 200/107/72 199/110/75 204/115/76 203/116/77 
s 4
f 201/108/73 200/107/72 203/121/77 205/122/79 
s 2
f 202/109/74 201/108/73 205/119/79 206/120/78 
s 4
f 199/110/75 202/109/74 206/117/78 204/118/76 
f 136/196/89 46/195/20 47/194/22 135/193/89 
s 2
f 109/155/101 64/85/58 65/86/59 188/220/152 
f 176/219/142 43/82/39 62/81/56 110/156/102 
f 186/232/150 60/233/54 61/234/55 187/235/151 
s 16
f 30/41/26 95/135/87 42/83/38 31/42/27 
s 4
f 183/236/147 187/235/151 61/234/55 59/237/53 
f 188/220/152 65/86/59 63/84/57 96/136/88 
s 8
f 142/157/113 207/162/163 208/238/164 139/158/113 
f 209/165/113 141/160/113 140/159/114 210/166/113 
s 1
f 158/207/128 211/239/165 212/103/166 213/240/22 159/208/129 
f 214/138/167 215/142/168 216/141/169 217/140/170 218/139/171 
f 155/204/126 219/241/172 220/242/173 156/205/124 
f 162/243/131 221/244/174 219/241/172 155/204/126 
s 2
f 220/245/173 219/246/172 184/217/148 117/247/35 
f 219/246/172 221/248/174 185/218/149 184/217/148 
s 4
f 43/249/39 176/250/142 134/192/110 45/191/41 
s 2
f 106/148/98 117/247/35 184/217/148 183/216/147 59/76/53 58/75/52 
s 1
f 222/251/103 120/174/104 119/173/103 223/252/104 
s 8
f 60/233/54 186/232/150 182/253/146 56/254/50 
s 1
f 159/208/129 154/203/125 153/202/124 160/209/124 
f 213/240/22 161/255/130 154/203/125 159/208/129 
s 4
f 108/238/100 157/256/127 160/257/124 112/158/104 
f 113/159/104 116/166/104 115/165/104 114/160/104 
f 112/158/104 111/157/103 50/162/44 108/238/100 
f 160/257/124 153/258/124 113/159/104 112/158/104 
f 153/258/124 156/259/124 116/166/104 113/159/104 
f 156/259/124 220/260/173 117/167/35 116/166/104 
s 1
f 121/175/104 94/133/86 93/132/86 118/172/104 
s 2
f 149/9/121 143/4/115 192/94/156 151/12/123 
f 152/11/123 224/176/123 146/8/118 145/5/117 
f 225/177/89 167/45/133 170/210/136 226/178/175 
f 164/36/89 225/177/89 226/178/175 165/35/132 
f 166/34/132 227/180/176 177/179/143 163/33/89 
s 1
f 133/181/89 134/59/110 167/60/133 225/182/89 
f 135/64/89 133/181/89 225/182/89 164/63/89 
f 163/62/89 177/68/143 137/65/111 136/61/89 
s 2
f 228/183/177 229/186/178 230/185/179 231/184/145 
f 179/72/144 228/183/177 231/184/145 180/71/145 
f 181/70/145 193/95/157 197/101/161 178/69/144 
f 231/184/145 230/185/179 232/188/180 233/187/159 
f 180/71/145 231/184/145 233/187/159 195/100/159 
f 196/99/160 194/98/158 193/95/157 181/70/145 
s 1
f 150/10/122 148/6/120 179/72/144 178/69/144 
f 148/6/120 147/7/119 228/183/177 179/72/144 
f 146/8/118 234/200/181 235/199/182 147/7/119 
s 2
f 224/176/123 236/201/183 234/200/181 146/8/118 
s 1
f 147/7/119 235/199/182 229/186/178 228/183/177 
s 4
f 237/261/35 238/262/184 239/263/184 240/264/35 
s 8
f 238/265/184 208/266/164 207/267/163 239/268/184 
f 56/269/50 182/270/146 185/271/149 209/165/113 210/166/113 57/272/51 
s 1
f 223/252/104 237/273/35 240/274/35 222/251/103 
f 87/134/80 94/133/86 192/275/156 88/276/81 
f 93/132/86 86/131/80 69/277/63 70/278/64 
f 121/175/104 120/174/104 152/279/123 151/280/123 
f 119/173/103 118/172/104 12/281/11 11/282/11 
s 8
f 142/157/113 141/160/113 161/169/130 213/163/22 
f 140/159/114 139/158/113 97/257/89 21/258/18 
f 139/158/113 208/238/164 77/256/71 97/257/89 
f 207/162/163 142/157/113 213/163/22 212/164/166 
f 210/166/113 140/159/114 21/258/18 22/259/19 
f 141/160/113 209/165/113 162/170/131 161/169/130 
s 1
f 223/252/104 119/173/103 11/282/11 122/283/11 
f 120/174/104 222/251/103 224/284/123 152/279/123 
f 118/172/104 93/132/86 70/278/64 12/281/11 
f 94/133/86 121/175/104 151/280/123 192/275/156 
s 4
f 240/264/35 239/263/184 241/285/185 242/286/35 
f 238/262/184 237/261/35 39/51/35 38/50/34 
s 8
f 239/268/184 207/267/163 212/287/166 241/288/185 
f 208/266/164 238/265/184 38/289/34 77/290/71 
s 1
f 222/251/103 240/274/35 242/291/35 236/292/183 224/284/123 
f 237/273/35 223/252/104 122/283/11 40/293/36 39/294/35 
s 8
f 209/165/113 185/271/149 221/295/174 162/170/131 
f 57/272/51 210/166/113 22/259/19 105/296/97 
s 1
f 212/103/166 211/239/165 241/297/185 
f 102/142/94 101/141/93 243/212/186 244/213/187 245/298/188 
f 216/141/169 215/142/168 246/298/189 173/213/139 172/212/138 
f 247/211/190 248/214/191 244/213/187 243/212/186 
s 4
f 211/299/165 234/300/181 236/301/183 242/286/35 241/285/185 
s 8
f 138/199/112 244/302/187 248/303/191 41/200/37 
s 16
f 41/200/37 248/303/191 247/304/190 37/305/33 
s 2
f 37/105/33 247/306/190 243/307/186 20/20/17 
f 20/20/17 243/307/186 101/308/93 17/17/15 
s 8
f 17/309/15 101/310/93 100/311/92 50/154/44 
s 16
f 50/312/44 100/140/92 99/139/91 51/313/45 
s 4
f 51/179/45 99/314/91 98/315/90 249/316/192 125/180/105 
s 8
f 132/188/109 249/317/192 98/318/90 102/319/94 129/185/107 
f 129/185/107 102/319/94 245/320/188 130/186/108 
f 130/186/108 245/320/188 244/302/187 138/199/112 
s 2
f 157/206/127 216/321/169 172/322/138 158/207/128 
f 158/207/128 172/322/138 171/323/137 211/239/165 
s 8
f 211/305/165 171/304/137 174/303/140 234/200/181 
s 16
f 234/200/181 174/303/140 173/302/139 235/199/182 
f 235/199/182 173/302/139 246/320/189 229/186/178 
f 229/186/178 246/320/189 215/319/168 230/185/179 
f 230/185/179 215/319/168 214/318/167 250/317/193 232/188/180 
s 4
f 227/180/176 250/316/193 214/315/167 218/314/171 177/179/143 
s 8
f 177/313/143 218/139/171 217/140/170 108/312/100 
s 16
f 108/153/100 217/324/170 216/325/169 157/326/127 
s 1
f 251/327/194 252/328/195 253/329/196 254/330/197 
f 254/330/197 253/329/196 255/331/198 256/332/199 
f 256/332/199 255/331/198 257/333/200 258/334/201 
f 258/334/201 257/333/200 252/328/195 251/327/194 
s 2
f 252/328/195 89/127/82 92/130/85 253/329/196 
s 4
f 253/329/196 92/130/85 91/129/84 255/331/198 
s 2
f 255/331/198 91/129/84 90/128/83 257/333/200 
s 4
f 257/333/200 90/128/83 89/127/82 252/328/195 
s 2
f 254/335/197 49/66/43 48/65/42 251/336/194 
s 8
f 256/337/199 107/152/99 49/151/43 254/338/197 
s 2
f 258/336/201 137/65/111 107/66/99 256/335/199 
s 8
f 251/339/194 48/198/42 137/197/111 258/340/201 
s 2
f 125/180/105 249/316/192 132/341/109 
f 232/341/180 250/316/193 227/180/176 
f 25/342/21 24/343/21 131/187/68 74/100/68 
f 35/47/31 34/46/30 72/344/66 67/345/61 
f 74/100/68 73/99/67 124/346/21 25/342/21 
f 34/347/30 124/346/21 73/99/67 72/98/66 
f 24/343/21 125/348/105 132/188/109 131/187/68 
f 166/343/132 165/342/132 195/100/159 233/187/159 
f 170/210/136 169/47/135 191/345/155 194/344/158 
f 196/99/160 195/100/159 165/342/132 226/346/175 
f 226/346/175 170/349/136 194/98/158 196/99/160 
f 227/348/176 166/343/132 233/187/159 232/188/180 
s 8
f 259/350/202 260/351/203 261/352/204 262/353/205 
s 4
f 263/354/51 264/355/206 261/352/204 260/351/203 
s 16
f 264/355/206 265/356/207 262/353/205 261/352/204 
s off
f 263/357/51 266/358/51 267/359/208 264/360/206 
f 264/360/206 267/359/208 268/361/209 265/362/207 
s 4
f 269/363/210 267/364/208 266/365/51 270/366/211 
s 8
f 271/350/212 272/353/213 273/352/214 274/351/215 
s 4
f 275/354/211 274/351/215 273/352/214 276/355/216 
s 16
f 276/355/216 273/352/214 272/353/213 277/356/217 
s off
f 275/357/211 276/360/216 269/359/210 270/358/211 
f 276/360/216 277/362/217 278/361/218 269/359/210 
s 1
f 269/363/210 278/367/218 268/368/209 267/364/208 
s 8
f 279/350/202 280/353/219 281/352/220 282/351/221 
s 4
f 283/354/149 282/351/221 281/352/220 284/355/222 
s 16
f 284/355/222 281/352/220 280/353/219 285/356/223 
s off
f 283/357/149 284/360/222 286/359/224 287/358/149 
f 284/360/222 285/362/223 288/361/225 286/359/224 
s 4
f 289/363/226 290/366/227 287/365/149 286/364/224 
s 8
f 291/350/228 292/351/229 293/352/230 294/353/231 
s 4
f 295/354/227 296/355/232 293/352/230 292/351/229 
s 16
f 296/355/232 297/356/233 294/353/231 293/352/230 
s off
f 295/357/227 290/358/227 289/359/226 296/360/232 
f 296/360/232 289/359/226 298/361/234 297/362/233 
s 1
f 289/363/226 286/364/224 288/368/225 298/367/234 
f 299/369/235 300/370/236 301/371/237 302/372/238 303/373/239 304/374/240 305/375/241 306/376/242 
s 8
f 307/377/243 308/378/244 309/379/245 310/380/246 
f 310/380/246 309/379/245 311/381/247 312/382/248 
f 312/382/248 311/381/247 313/383/249 314/384/250 
f 315/385/251 316/386/252 317/387/253 318/388/254 
f 318/388/254 317/387/253 319/389/255 320/390/256 
f 320/390/256 319/389/255 321/391/257 322/392/258 
f 322/392/258 321/391/257 308/378/244 307/377/243 
s 1
f 323/370/259 324/371/260 325/372/261 326/373/262 327/374/263 328/375/264 329/376/265 330/369/266 
s off
f 310/393/246 301/371/237 300/370/236 307/394/243 
f 307/394/243 300/370/236 299/369/235 322/395/258 
f 322/395/258 299/369/235 306/376/242 320/396/256 
f 320/396/256 306/376/242 305/375/241 318/397/254 
f 318/397/254 305/375/241 304/374/240 315/398/251 
f 314/399/250 303/373/239 302/372/238 312/400/248 
f 312/400/248 302/372/238 301/371/237 310/393/246 
f 308/395/244 330/369/266 329/376/265 309/396/245 
f 309/396/245 329/376/265 328/375/264 311/397/247 
f 311/397/247 328/375/264 327/374/263 313/398/249 
f 316/399/252 326/373/262 325/372/261 317/400/253 
f 317/400/253 325/372/261 324/371/260 319/393/255 
f 319/393/255 324/371/260 323/370/259 321/394/257 
f 321/394/257 323/370/259 330/369/266 308/395/244 
s 1
f 331/370/267 332/371/241 333/372/242 334/373/268 335/374/269 336/375/237 337/376/238 338/369/270 
s 8
f 339/392/271 340/390/272 341/389/247 342/391/273 
f 340/390/272 343/388/246 344/387/245 341/389/247 
f 343/388/246 345/385/274 346/386/275 344/387/245 
f 347/384/276 348/382/277 349/381/278 350/383/279 
f 348/382/277 351/380/280 352/379/253 349/381/278 
f 351/380/280 353/377/281 354/378/282 352/379/253 
f 353/377/281 339/392/271 342/391/273 354/378/282 
s 1
f 355/369/283 356/370/284 357/371/264 358/372/265 359/373/285 360/374/286 361/375/260 362/376/261 
s off
f 340/396/272 339/395/271 338/369/270 337/376/238 
f 339/395/271 353/394/281 331/370/267 338/369/270 
f 353/394/281 351/393/280 332/371/241 331/370/267 
f 351/393/280 348/400/277 333/372/242 332/371/241 
f 348/400/277 347/399/276 334/373/268 333/372/242 
f 345/398/274 343/397/246 336/375/237 335/374/269 
f 343/397/246 340/396/272 337/376/238 336/375/237 
f 342/394/273 341/393/247 357/371/264 356/370/284 
f 341/393/247 344/400/245 358/372/265 357/371/264 
f 344/400/245 346/399/275 359/373/285 358/372/265 
f 350/398/279 349/397/278 361/375/260 360/374/286 
f 349/397/278 352/396/253 362/376/261 361/375/260 
f 352/396/253 354/395/282 355/369/283 362/376/261 
f 354/395/282 342/394/273 356/370/284 355/369/283 
s 8
f 363/401/141 364/402/96 365/403/287 366/404/288 
f 367/405/289 368/406/290 369/407/291 370/408/292 
f 371/409/96 372/410/172 373/411/293 374/412/294 
f 375/413/295 376/414/296 377/415/297 378/416/298 
f 379/405/299 380/406/300 381/407/301 382/408/302 
f 383/417/303 384/418/141 385/419/304 386/420/305 
f 387/413/306 388/414/307 389/415/308 390/416/309 
f 370/408/292 391/421/310 392/422/306 389/415/308 
f 369/407/291 393/423/289 391/421/310 370/408/292 
f 378/424/298 394/425/311 393/426/289 369/427/291 
f 377/415/297 395/422/295 394/428/311 378/416/298 
f 382/408/302 396/421/300 395/422/295 377/415/297 
f 381/407/301 397/423/299 396/421/300 382/408/302 
f 390/429/309 398/430/307 397/431/299 381/432/301 
f 389/415/308 392/422/306 398/428/307 390/416/309 
s off
f 367/433/289 370/434/292 365/403/287 364/435/96 
f 370/434/292 389/436/308 366/404/288 365/403/287 
f 389/436/308 388/437/307 363/438/141 366/404/288 
f 375/413/295 378/416/298 373/439/293 372/440/172 
f 378/441/298 369/442/291 374/412/294 373/411/293 
f 369/407/291 368/406/290 371/443/96 374/444/294 
f 379/445/299 382/446/302 399/447/312 400/448/313 
f 382/446/302 377/449/297 401/450/314 399/447/312 
f 377/449/297 376/451/296 402/452/148 401/450/314 
f 387/413/306 390/416/309 385/439/304 384/440/141 
f 390/429/309 381/432/301 386/420/305 385/419/304 
f 381/407/301 380/406/300 383/443/303 386/444/305 
s 8
f 403/402/303 404/403/315 405/404/316 406/401/317 
f 407/414/296 408/415/318 409/416/298 410/413/295 
f 411/410/172 412/411/293 413/412/294 414/409/96 
f 415/406/290 416/407/291 417/408/292 418/405/319 
f 419/414/307 420/415/308 421/416/309 422/413/306 
f 423/453/141 424/454/304 425/455/305 426/456/303 
f 427/406/320 428/407/301 429/408/321 430/405/322 
f 408/415/318 429/408/321 431/421/300 432/422/295 
f 409/416/298 408/415/318 432/422/295 433/428/296 
f 416/424/291 409/427/298 433/426/296 434/425/289 
f 417/408/292 416/407/291 434/423/289 435/421/310 
f 420/415/308 417/408/292 435/421/310 436/422/306 
f 421/416/309 420/415/308 436/422/306 437/428/323 
f 428/457/301 421/458/309 437/459/323 438/460/299 
f 429/408/321 428/407/301 438/423/299 431/421/300 
s off
f 407/437/296 406/438/317 405/404/316 408/436/318 
f 408/436/318 405/404/316 404/403/315 429/434/321 
f 429/434/321 404/403/315 403/435/303 430/433/322 
f 415/406/290 414/443/96 413/444/294 416/407/291 
f 416/442/291 413/412/294 412/411/293 409/441/298 
f 409/416/298 412/439/293 411/440/172 410/413/295 
f 419/451/307 439/452/313 440/450/324 420/449/308 
f 420/449/308 440/450/324 441/447/325 417/446/292 
f 417/446/292 441/447/325 442/448/148 418/445/319 
f 427/406/320 426/443/303 425/444/305 428/407/301 
f 428/457/301 425/455/305 424/454/304 421/458/309 
f 421/416/309 424/439/304 423/440/141 422/413/306 
s 8
f 443/350/228 444/353/213 445/352/214 446/351/215 
s 4
f 447/354/211 446/351/215 445/352/214 448/355/216 
s 16
f 448/355/216 445/352/214 444/353/213 449/356/217 
s off
f 447/357/211 448/360/216 450/359/326 451/358/211 
f 448/360/216 449/362/217 452/361/327 450/359/326 
s 4
f 453/364/328 454/365/51 451/366/211 450/363/326 
s 8
f 455/350/202 456/351/203 457/352/204 458/353/205 
s 4
f 459/354/51 460/355/206 457/352/204 456/351/203 
s 16
f 460/355/206 461/356/207 458/353/205 457/352/204 
s off
f 459/357/51 454/358/51 453/359/328 460/360/206 
f 460/360/206 453/359/328 462/361/329 461/362/207 
s 1
f 453/364/328 450/363/326 452/367/327 462/368/329 
s 8
f 463/350/212 464/351/229 465/352/230 466/353/231 
s 4
f 467/354/227 468/355/232 465/352/230 464/351/229 
s 16
f 468/355/232 469/356/233 466/353/231 465/352/230 
s off
f 467/357/227 470/358/227 471/359/226 468/360/232 
f 468/360/232 471/359/226 472/361/234 469/362/233 
s 4
f 473/364/224 471/363/226 470/366/227 474/365/149 
s 8
f 475/350/330 476/353/219 477/352/220 478/351/221 
s 4
f 479/354/149 478/351/221 477/352/220 480/355/222 
s 16
f 480/355/222 477/352/220 476/353/219 481/356/223 
s off
f 479/357/149 480/360/222 473/359/224 474/358/149 
f 480/360/222 481/362/223 482/361/225 473/359/224 
s 1
f 473/364/224 482/368/225 472/367/234 471/363/226 
f 483/369/235 484/370/236 485/371/237 486/372/238 487/373/239 488/374/240 489/375/241 490/376/242 
s 8
f 491/377/243 492/378/244 493/379/245 494/380/246 
f 494/380/246 493/379/245 495/381/247 496/382/248 
f 496/382/248 495/381/247 497/383/249 498/384/331 
f 499/385/251 500/386/332 501/387/333 502/388/280 
f 502/388/280 501/387/333 503/389/278 504/390/256 
f 504/390/256 503/389/278 505/391/257 506/392/334 
f 506/392/334 505/391/257 492/378/244 491/377/243 
s 1
f 507/370/259 508/371/260 509/372/261 510/373/262 511/374/263 512/375/264 513/376/265 514/369/266 
s off
f 494/393/246 485/371/237 484/370/236 491/394/243 
f 491/394/243 484/370/236 483/369/235 506/395/334 
f 506/395/334 483/369/235 490/376/242 504/396/256 
f 504/396/256 490/376/242 489/375/241 502/397/280 
f 502/397/280 489/375/241 488/374/240 499/398/251 
f 498/399/331 487/373/239 486/372/238 496/400/248 
f 496/400/248 486/372/238 485/371/237 494/393/246 
f 492/395/244 514/369/266 513/376/265 493/396/245 
f 493/396/245 513/376/265 512/375/264 495/397/247 
f 495/397/247 512/375/264 511/374/263 497/398/249 
f 500/399/332 510/373/262 509/372/261 501/400/333 
f 501/400/333 509/372/261 508/371/260 503/393/278 
f 503/393/278 508/371/260 507/370/259 505/394/257 
f 505/394/257 507/370/259 514/369/266 492/395/244 
s 1
f 515/370/267 516/371/241 517/372/242 518/373/268 519/374/269 520/375/237 521/376/238 522/369/270 
s 8
f 523/392/271 524/390/272 525/389/247 526/391/335 
f 524/390/272 527/388/246 528/387/245 525/389/247 
f 527/388/246 529/385/274 530/386/275 528/387/245 
f 531/384/336 532/382/256 533/381/278 534/383/279 
f 532/382/256 535/380/280 536/379/333 533/381/278 
f 535/380/280 537/377/337 538/378/282 536/379/333 
f 537/377/337 523/392/271 526/391/335 538/378/282 
s 1
f 539/369/283 540/370/284 541/371/264 542/372/265 543/373/285 544/374/286 545/375/260 546/376/261 
s off
f 524/396/272 523/395/271 522/369/270 521/376/238 
f 523/395/271 537/394/337 515/370/267 522/369/270 
f 537/394/337 535/393/280 516/371/241 515/370/267 
f 535/393/280 532/400/256 517/372/242 516/371/241 
f 532/400/256 531/399/336 518/373/268 517/372/242 
f 529/398/274 527/397/246 520/375/237 519/374/269 
f 527/397/246 524/396/272 521/376/238 520/375/237 
f 526/394/335 525/393/247 541/371/264 540/370/284 
f 525/393/247 528/400/245 542/372/265 541/371/264 
f 528/400/245 530/399/275 543/373/285 542/372/265 
f 534/398/279 533/397/278 545/375/260 544/374/286 
f 533/397/278 536/396/333 546/376/261 545/375/260 
f 536/396/333 538/395/282 539/369/283 546/376/261 
f 538/395/282 526/394/335 540/370/284 539/369/283 
s 8
f 547/461/338 548/462/96 549/403/339 550/404/340 
f 551/405/289 552/406/310 553/407/341 554/408/342 
f 555/463/96 556/464/172 557/465/343 558/466/344 
f 559/467/295 560/468/296 561/469/345 562/470/346 
f 563/471/299 564/472/300 565/473/347 566/474/348 
f 567/464/303 568/463/141 569/466/349 570/465/350 
f 571/413/306 572/414/307 573/415/351 574/416/352 
f 554/408/342 575/475/353 576/476/354 573/415/351 
f 553/407/341 577/477/355 575/475/353 554/408/342 
f 562/478/346 578/479/356 577/480/355 553/481/341 
f 561/469/345 579/482/295 578/483/356 562/470/346 
f 566/474/348 580/484/300 579/482/295 561/469/345 
f 565/473/347 581/485/357 580/484/300 566/474/348 
f 574/481/352 582/480/358 581/479/357 565/478/347 
f 573/415/351 576/476/354 582/486/358 574/416/352 
s off
f 551/487/289 554/488/342 549/403/339 548/489/96 
f 554/488/342 573/490/351 550/404/340 549/403/339 
f 573/490/351 572/437/307 547/491/338 550/404/340 
f 559/467/295 562/470/346 557/492/343 556/493/172 
f 562/478/346 553/481/341 558/466/344 557/465/343 
f 553/407/341 552/406/310 555/443/96 558/494/344 
f 563/495/299 566/496/348 583/447/359 584/448/313 
f 566/496/348 561/497/345 585/498/360 583/447/359 
f 561/497/345 560/451/296 586/499/148 585/498/360 
f 571/413/306 574/416/352 569/500/349 568/440/141 
f 574/481/352 565/478/347 570/465/350 569/466/349 
f 565/473/347 564/472/300 567/501/303 570/502/350 
s 8
f 587/462/303 588/403/361 589/404/362 590/461/172 
f 591/405/296 592/408/345 593/407/363 594/406/295 
f 595/463/172 596/466/343 597/465/344 598/464/96 
f 599/472/310 600/473/341 601/474/342 602/471/289 
f 603/468/307 604/469/364 605/470/365 606/467/306 
f 607/464/141 608/465/349 609/466/350 610/463/303 
f 611/413/366 612/416/347 613/415/367 614/414/299 
f 592/408/345 613/415/367 615/476/368 616/475/369 
f 593/407/363 592/408/345 616/475/369 617/477/370 
f 600/478/341 593/481/363 617/480/370 618/479/371 
f 601/474/342 600/473/341 618/485/371 619/484/310 
f 604/469/364 601/474/342 619/484/310 620/482/306 
f 605/470/365 604/469/364 620/482/306 621/483/372 
f 612/481/347 605/478/365 621/479/372 622/480/373 
f 613/415/367 612/416/347 622/486/373 615/476/368 
s off
f 591/437/296 590/491/172 589/404/362 592/490/345 
f 592/490/345 589/404/362 588/403/361 613/488/367 
f 613/488/367 588/403/361 587/489/303 614/487/299 
f 599/472/310 598/501/96 597/502/344 600/473/341 
f 600/478/341 597/465/344 596/466/343 593/481/363 
f 593/407/363 596/494/343 595/443/172 594/406/295 
f 603/451/307 623/499/313 624/498/374 604/497/364 
f 604/497/364 624/498/374 625/447/375 601/496/342 
f 601/496/342 625/447/375 626/448/376 602/495/289 
f 611/413/366 610/440/303 609/500/350 612/416/347 
f 612/481/347 609/466/350 608/465/349 605/478/365 
f 605/470/365 608/492/349 607/493/141 606/467/306 
s 1
f 627/503/377 628/504/378 629/505/379 630/506/380 
f 631/507/381 632/508/382 633/509/383 634/510/384 
s 2
f 635/511/385 636/512/386 637/513/387 638/514/388 
f 639/515/389 640/516/390 641/517/391 642/518/392 
s 1
f 643/519/393 644/520/394 645/521/395 646/522/396 
f 647/523/397 648/524/398 649/525/399 650/526/400 
s 2
f 646/522/396 645/521/395 651/527/401 652/528/402 
f 653/529/403 654/530/404 655/531/405 656/532/406 
s 1
f 652/533/402 651/534/401 657/535/407 658/536/408 
f 656/537/406 655/538/405 659/539/409 660/540/410 
s 2
f 661/541/411 644/542/394 643/543/393 662/544/412 
s 1
f 663/545/413 636/512/386 635/511/385 664/546/414 
f 665/547/415 666/548/416 667/549/417 668/550/418 
s 2
f 669/551/419 648/552/398 647/553/397 670/554/420 
s 1
f 640/516/390 639/515/389 671/555/421 672/556/422 
s 4
f 628/504/378 661/541/411 662/544/412 629/505/379 
s 2
f 630/506/380 663/545/413 664/546/414 627/503/377 
f 673/557/423 665/547/415 668/550/418 674/558/424 
s 4
f 632/508/382 669/551/419 670/554/420 633/509/383 
s 2
f 672/556/422 671/555/421 631/507/381 634/510/384 
s 1
f 628/504/378 627/503/377 673/557/423 675/559/425 
f 630/560/380 629/561/379 632/508/382 631/507/381 
s 2
f 637/562/387 636/563/386 639/515/389 642/518/392 
f 676/564/426 666/548/416 635/511/385 638/514/388 
s 1
f 645/521/395 644/520/394 677/565/427 653/529/403 
f 649/525/399 648/524/398 643/519/393 646/522/396 
s 2
f 651/527/401 645/521/395 653/529/403 656/532/406 
f 678/566/428 649/525/399 646/522/396 652/528/402 
s 1
f 657/535/407 651/534/401 656/537/406 660/540/410 
f 679/567/429 678/568/428 652/533/402 658/536/408 
s 2
f 644/542/394 661/541/411 680/569/430 677/570/427 
f 662/571/412 643/572/393 648/552/398 669/551/419 
s 1
f 636/563/386 663/573/413 671/555/421 639/515/389 
f 664/546/414 635/511/385 666/548/416 665/547/415 
s 4
f 661/541/411 628/504/378 675/559/425 680/569/430 
f 629/561/379 662/571/412 669/551/419 632/508/382 
s 2
f 663/573/413 630/560/380 631/507/381 671/555/421 
f 627/503/377 664/546/414 665/547/415 673/557/423 
s 1
f 681/574/431 678/568/428 679/567/429 682/575/432 
s 2
f 682/576/432 679/577/429 658/578/408 657/579/407 660/580/410 659/581/409 683/582/433 684/583/434 685/584/435 686/585/436 
s 1
f 676/586/426 638/587/388 637/588/387 642/589/392 641/590/391 687/591/437 688/592/438 689/593/439 690/594/440 691/595/441 
f 675/559/425 673/557/423 674/558/424 692/596/442 
s 2
f 666/548/416 676/564/426 691/597/441 667/549/417 
f 677/570/427 680/569/430 693/598/443 694/599/444 
s 4
f 680/569/430 675/559/425 692/596/442 693/598/443 
s 1
f 695/600/445 696/601/446 697/602/447 698/603/448 
f 699/507/449 700/510/450 701/509/451 702/508/452 
s 2
f 703/604/453 690/605/440 689/606/439 704/607/454 
f 705/515/455 688/518/438 687/517/437 706/516/456 
s 1
f 707/608/457 708/609/458 709/610/459 710/611/460 
f 694/612/444 654/530/404 653/529/403 677/565/427 
f 711/613/461 712/614/462 713/615/463 714/616/464 
s 2
f 708/609/458 715/617/465 716/618/466 709/610/459 
s 1
f 715/619/465 684/620/434 683/621/433 716/622/466 
s 2
f 717/623/467 718/624/468 707/625/457 710/626/460 
s 1
f 719/627/469 720/628/470 703/604/453 704/607/454 
s 2
f 721/551/471 722/554/472 711/553/461 714/552/464 
s 1
f 706/516/456 723/556/473 724/555/474 705/515/455 
s 4
f 698/603/448 697/602/447 718/624/468 717/623/467 
s 2
f 696/601/446 695/600/445 720/628/470 719/627/469 
s 4
f 702/508/452 701/509/451 722/554/472 721/551/471 
s 2
f 723/556/473 700/510/450 699/507/449 724/555/474 
s 1
f 698/603/448 692/596/442 674/558/424 695/600/445 
f 696/560/446 699/507/449 702/508/452 697/561/447 
s 2
f 689/562/439 688/518/438 705/515/455 704/563/454 
f 691/597/441 690/605/440 703/604/453 667/549/417 
s 1
f 709/610/459 654/530/404 694/612/444 710/611/460 
f 713/615/463 708/609/458 707/608/457 714/616/464 
s 2
f 716/618/466 655/531/405 654/530/404 709/610/459 
f 725/629/475 715/617/465 708/609/458 713/615/463 
s 1
f 683/621/433 659/539/409 655/538/405 716/622/466 
f 685/630/435 684/620/434 715/619/465 725/631/475 
s 2
f 710/626/460 694/599/444 693/598/443 717/623/467 
f 718/571/468 721/551/471 714/552/464 707/572/457 
s 1
f 704/563/454 705/515/455 724/555/474 719/573/469 
f 720/628/470 668/550/418 667/549/417 703/604/453 
s 4
f 717/623/467 693/598/443 692/596/442 698/603/448 
f 697/561/447 702/508/452 721/551/471 718/571/468 
s 2
f 719/573/469 724/555/474 699/507/449 696/560/446 
f 695/600/445 674/558/424 668/550/418 720/628/470 
s 1
f 726/632/476 686/633/436 685/630/435 725/631/475 
s 2
f 726/634/476 725/629/475 713/615/463 712/614/462 
f 650/526/400 649/525/399 678/566/428 681/635/431 
s 1
f 727/503/377 728/504/378 729/505/477 730/506/380 
f 731/507/381 732/508/478 733/509/383 734/510/479 
s 2
f 735/511/480 736/512/386 737/513/387 738/514/388 
f 739/515/389 740/516/390 741/517/481 742/518/392 
s 1
f 743/543/393 744/542/394 745/636/395 746/637/396 
f 747/613/397 748/616/398 749/615/399 750/614/400 
s 2
f 746/609/396 745/610/395 751/618/482 752/617/483 
f 753/530/403 754/529/484 755/532/405 756/531/406 
s 1
f 752/533/483 751/534/482 757/535/485 758/536/486 
f 756/537/406 755/538/405 759/539/487 760/540/410 
s 2
f 761/541/411 744/542/394 743/543/393 762/544/412 
s 1
f 763/545/413 736/512/386 735/511/480 764/546/414 
f 765/547/415 766/548/416 767/549/417 768/550/418 
s 2
f 769/551/419 748/552/398 747/553/397 770/554/488 
s 1
f 740/516/390 739/515/389 771/555/421 772/556/422 
s 4
f 728/504/378 761/541/411 762/544/412 729/505/477 
s 2
f 730/506/380 763/545/413 764/546/414 727/503/377 
f 773/557/423 765/547/415 768/550/418 774/558/424 
s 4
f 732/508/478 769/551/419 770/554/488 733/509/383 
s 2
f 772/556/422 771/555/421 731/507/381 734/510/479 
s 1
f 728/504/378 727/503/377 773/557/423 775/559/425 
f 730/560/380 729/561/477 732/508/478 731/507/381 
s 2
f 737/562/387 736/563/386 739/515/389 742/518/392 
f 776/564/426 766/548/416 735/511/480 738/514/388 
s 1
f 745/636/395 744/542/394 777/570/427 753/638/403 
f 749/615/399 748/616/398 743/608/393 746/609/396 
s 2
f 751/618/482 745/610/395 753/530/403 756/531/406 
f 778/629/428 749/615/399 746/609/396 752/617/483 
s 1
f 757/535/485 751/534/482 756/537/406 760/540/410 
f 779/567/489 778/568/428 752/533/483 758/536/486 
s 2
f 744/542/394 761/541/411 780/569/430 777/570/427 
f 762/571/412 743/572/393 748/552/398 769/551/419 
s 1
f 736/563/386 763/573/413 771/555/421 739/515/389 
f 764/546/414 735/511/480 766/548/416 765/547/415 
s 4
f 761/541/411 728/504/378 775/559/425 780/569/430 
f 729/561/477 762/571/412 769/551/419 732/508/478 
s 2
f 763/573/413 730/560/380 731/507/381 771/555/421 
f 727/503/377 764/546/414 765/547/415 773/557/423 
s 1
f 781/574/431 778/568/428 779/567/489 782/575/432 
s 2
f 782/576/432 779/577/489 758/578/486 757/579/485 760/580/410 759/581/487 783/582/490 784/583/434 785/584/435 786/585/436 
s 1
f 776/586/426 738/587/388 737/588/387 742/589/392 741/590/481 787/591/437 788/592/438 789/593/439 790/594/440 791/595/441 
f 775/559/425 773/557/423 774/558/424 792/596/442 
s 2
f 766/548/416 776/564/426 791/597/441 767/549/417 
f 777/570/427 780/569/430 793/598/443 794/599/444 
s 4
f 780/569/430 775/559/425 792/596/442 793/598/443 
s 1
f 795/600/445 796/601/491 797/602/447 798/603/448 
f 799/507/449 800/510/450 801/509/492 802/508/452 
s 2
f 803/604/453 790/605/440 789/606/439 804/607/454 
f 805/515/455 788/518/438 787/517/437 806/516/493 
s 1
f 807/625/457 808/639/458 809/640/459 810/626/460 
f 794/599/444 754/641/484 753/638/403 777/570/427 
f 811/523/461 812/526/462 813/525/463 814/524/464 
s 2
f 808/522/458 815/528/465 816/527/466 809/521/459 
s 1
f 815/619/465 784/620/434 783/621/490 816/622/466 
s 2
f 817/623/467 818/624/468 807/625/457 810/626/460 
s 1
f 819/627/469 820/628/470 803/604/453 804/607/454 
s 2
f 821/551/471 822/554/472 811/553/461 814/552/464 
s 1
f 806/516/493 823/556/473 824/555/474 805/515/455 
s 4
f 798/603/448 797/602/447 818/624/468 817/623/467 
s 2
f 796/601/491 795/600/445 820/628/470 819/627/469 
s 4
f 802/508/452 801/509/492 822/554/472 821/551/471 
s 2
f 823/556/473 800/510/450 799/507/449 824/555/474 
s 1
f 798/603/448 792/596/442 774/558/424 795/600/445 
f 796/560/491 799/507/449 802/508/452 797/561/447 
s 2
f 789/562/439 788/518/438 805/515/455 804/563/454 
f 791/597/441 790/605/440 803/604/453 767/549/417 
s 1
f 809/640/459 754/641/484 794/599/444 810/626/460 
f 813/525/463 808/522/458 807/519/457 814/524/464 
s 2
f 816/527/466 755/532/405 754/529/484 809/521/459 
f 825/566/475 815/528/465 808/522/458 813/525/463 
s 1
f 783/621/490 759/539/487 755/538/405 816/622/466 
f 785/630/435 784/620/434 815/619/465 825/631/475 
s 2
f 810/626/460 794/599/444 793/598/443 817/623/467 
f 818/571/468 821/551/471 814/552/464 807/572/457 
s 1
f 804/563/454 805/515/455 824/555/474 819/573/469 
f 820/628/470 768/550/418 767/549/417 803/604/453 
s 4
f 817/623/467 793/598/443 792/596/442 798/603/448 
f 797/561/447 802/508/452 821/551/471 818/571/468 
s 2
f 819/573/469 824/555/474 799/507/449 796/560/491 
f 795/600/445 774/558/424 768/550/418 820/628/470 
s 1
f 826/632/494 786/633/436 785/630/435 825/631/475 
s 2
f 826/635/494 825/566/475 813/525/463 812/526/462 
f 750/614/400 749/615/399 778/629/428 781/634/431 
s 1
f 827/600/495 828/601/496 829/602/497 830/603/498 
f 831/507/499 832/510/479 833/509/500 834/508/501 
s 2
f 835/604/502 836/605/503 837/606/504 838/607/505 
f 839/515/506 840/518/507 841/517/481 842/516/508 
s 1
f 843/625/509 844/639/510 845/640/511 846/626/512 
f 847/523/397 848/526/513 849/525/514 850/524/515 
s 2
f 844/522/510 851/528/516 852/527/517 845/521/511 
f 853/529/518 854/532/519 855/531/520 856/530/521 
s 1
f 851/619/516 857/620/522 858/621/523 852/622/517 
f 854/538/519 859/539/524 860/540/525 855/537/520 
s 2
f 861/623/526 862/624/527 843/625/509 846/626/512 
s 1
f 863/627/528 864/628/529 835/604/502 838/607/505 
f 865/550/530 866/547/531 867/548/532 868/549/533 
s 2
f 869/551/534 870/554/420 847/553/397 850/552/515 
s 1
f 842/516/508 871/556/535 872/555/536 839/515/506 
s 4
f 830/603/498 829/602/497 862/624/527 861/623/526 
s 2
f 828/601/496 827/600/495 864/628/529 863/627/528 
f 873/558/537 874/557/538 866/547/531 865/550/530 
s 4
f 834/508/501 833/509/500 870/554/420 869/551/534 
s 2
f 871/556/535 832/510/479 831/507/499 872/555/536 
s 1
f 830/603/498 875/596/539 873/558/537 827/600/495 
f 828/560/496 831/507/499 834/508/501 829/561/497 
s 2
f 837/562/504 840/518/507 839/515/506 838/563/505 
f 876/597/540 836/605/503 835/604/502 868/549/533 
s 1
f 845/640/511 853/641/518 877/599/541 846/626/512 
f 849/525/514 844/522/510 843/519/509 850/524/515 
s 2
f 852/527/517 854/532/519 853/529/518 845/521/511 
f 878/566/542 851/528/516 844/522/510 849/525/514 
s 1
f 858/621/523 859/539/524 854/538/519 852/622/517 
f 879/630/543 857/620/522 851/619/516 878/631/542 
s 2
f 846/626/512 877/599/541 880/598/544 861/623/526 
f 862/571/527 869/551/534 850/552/515 843/572/509 
s 1
f 838/563/505 839/515/506 872/555/536 863/573/528 
f 864/628/529 865/550/530 868/549/533 835/604/502 
s 4
f 861/623/526 880/598/544 875/596/539 830/603/498 
f 829/561/497 834/508/501 869/551/534 862/571/527 
s 2
f 863/573/528 872/555/536 831/507/499 828/560/496 
f 827/600/495 873/558/537 865/550/530 864/628/529 
s 1
f 881/632/431 882/633/545 879/630/543 878/631/542 
s 2
f 882/585/545 883/576/546 884/577/547 885/578/548 886/579/549 860/580/525 859/581/524 858/582/523 857/583/522 879/584/543 
s 1
f 876/595/540 887/586/550 888/587/551 889/588/552 890/589/553 891/590/554 841/591/481 840/592/507 837/593/504 836/594/503 
f 875/596/539 892/559/555 874/557/538 873/558/537 
s 2
f 868/549/533 867/548/532 887/564/550 876/597/540 
f 877/599/541 893/570/556 894/569/557 880/598/544 
s 4
f 880/598/544 894/569/557 892/559/555 875/596/539 
s 1
f 895/503/558 896/504/559 897/505/560 898/506/561 
f 899/507/562 900/508/563 901/509/451 902/510/564 
s 2
f 903/511/565 904/512/566 889/513/552 888/514/551 
f 905/515/567 906/516/493 891/517/554 890/518/553 
s 1
f 907/543/568 908/542/569 909/636/570 910/637/571 
f 893/570/556 877/599/541 853/641/518 856/638/521 
f 911/613/572 912/616/573 913/615/574 914/614/575 
s 2
f 910/609/571 909/610/570 915/618/576 916/617/577 
s 1
f 916/533/577 915/534/576 886/535/549 885/536/548 
s 2
f 917/541/578 908/542/569 907/543/568 918/544/579 
s 1
f 919/545/580 904/512/566 903/511/565 920/546/581 
s 2
f 921/551/582 912/552/573 911/553/572 922/554/583 
s 1
f 906/516/493 905/515/567 923/555/584 924/556/585 
s 4
f 896/504/559 917/541/578 918/544/579 897/505/560 
s 2
f 898/506/561 919/545/580 920/546/581 895/503/558 
s 4
f 900/508/563 921/551/582 922/554/583 901/509/451 
s 2
f 924/556/585 923/555/584 899/507/562 902/510/564 
s 1
f 896/504/559 895/503/558 874/557/538 892/559/555 
f 898/560/561 897/561/560 900/508/563 899/507/562 
s 2
f 889/562/552 904/563/566 905/515/567 890/518/553 
f 887/564/550 867/548/532 903/511/565 888/514/551 
s 1
f 909/636/570 908/542/569 893/570/556 856/638/521 
f 913/615/574 912/616/573 907/608/568 910/609/571 
s 2
f 915/618/576 909/610/570 856/530/521 855/531/520 
f 925/629/586 913/615/574 910/609/571 916/617/577 
s 1
f 886/535/549 915/534/576 855/537/520 860/540/525 
f 884/567/547 925/568/586 916/533/577 885/536/548 
s 2
f 908/542/569 917/541/578 894/569/557 893/570/556 
f 918/571/579 907/572/568 912/552/573 921/551/582 
s 1
f 904/563/566 919/573/580 923/555/584 905/515/567 
f 920/546/581 903/511/565 867/548/532 866/547/531 
s 4
f 917/541/578 896/504/559 892/559/555 894/569/557 
f 897/561/560 918/571/579 921/551/582 900/508/563 
s 2
f 919/573/580 898/560/561 899/507/562 923/555/584 
f 895/503/558 920/546/581 866/547/531 874/557/538 
s 1
f 926/574/476 925/568/586 884/567/547 883/575/546 
s 2
f 926/634/476 914/614/575 913/615/574 925/629/586 
f 848/526/513 881/635/431 878/566/542 849/525/514 
s 1
f 927/600/587 928/601/496 929/602/497 930/603/498 
f 931/507/499 932/510/479 933/509/383 934/508/501 
s 2
f 935/604/502 936/605/503 937/606/504 938/607/588 
f 939/515/506 940/518/507 941/517/481 942/516/508 
s 1
f 943/625/509 944/639/510 945/640/511 946/626/512 
f 947/523/589 948/526/513 949/525/514 950/524/515 
s 2
f 944/522/510 951/528/590 952/527/591 945/521/511 
f 953/529/518 954/532/519 955/531/592 956/530/521 
s 1
f 951/619/590 957/620/593 958/621/523 952/622/591 
f 954/538/519 959/539/524 960/540/525 955/537/592 
s 2
f 961/623/526 962/624/527 943/625/509 946/626/512 
s 1
f 963/627/528 964/628/529 935/604/502 938/607/588 
f 965/550/530 966/547/531 967/548/532 968/549/533 
s 2
f 969/551/534 970/554/488 947/553/589 950/552/515 
s 1
f 942/516/508 971/556/422 972/555/536 939/515/506 
s 4
f 930/603/498 929/602/497 962/624/527 961/623/526 
s 2
f 928/601/496 927/600/587 964/628/529 963/627/528 
f 973/558/537 974/557/538 966/547/531 965/550/530 
s 4
f 934/508/501 933/509/383 970/554/488 969/551/534 
s 2
f 971/556/422 932/510/479 931/507/499 972/555/536 
s 1
f 930/603/498 975/596/539 973/558/537 927/600/587 
f 928/560/496 931/507/499 934/508/501 929/561/497 
s 2
f 937/562/504 940/518/507 939/515/506 938/563/588 
f 976/597/540 936/605/503 935/604/502 968/549/533 
s 1
f 945/640/511 953/641/518 977/599/594 946/626/512 
f 949/525/514 944/522/510 943/519/509 950/524/515 
s 2
f 952/527/591 954/532/519 953/529/518 945/521/511 
f 978/566/542 951/528/590 944/522/510 949/525/514 
s 1
f 958/621/523 959/539/524 954/538/519 952/622/591 
f 979/630/595 957/620/593 951/619/590 978/631/542 
s 2
f 946/626/512 977/599/594 980/598/544 961/623/526 
f 962/571/527 969/551/534 950/552/515 943/572/509 
s 1
f 938/563/588 939/515/506 972/555/536 963/573/528 
f 964/628/529 965/550/530 968/549/533 935/604/502 
s 4
f 961/623/526 980/598/544 975/596/539 930/603/498 
f 929/561/497 934/508/501 969/551/534 962/571/527 
s 2
f 963/573/528 972/555/536 931/507/499 928/560/496 
f 927/600/587 973/558/537 965/550/530 964/628/529 
s 1
f 981/632/431 982/633/545 979/630/595 978/631/542 
s 2
f 982/585/545 983/576/546 984/577/547 985/578/548 986/579/549 960/580/525 959/581/524 958/582/523 957/583/593 979/584/595 
s 1
f 976/595/540 987/586/550 988/587/551 989/588/552 990/589/553 991/590/554 941/591/481 940/592/507 937/593/504 936/594/503 
f 975/596/539 992/559/555 974/557/538 973/558/537 
s 2
f 968/549/533 967/548/532 987/564/550 976/597/540 
f 977/599/594 993/570/556 994/569/557 980/598/544 
s 4
f 980/598/544 994/569/557 992/559/555 975/596/539 
s 1
f 995/503/558 996/504/559 997/505/560 998/506/561 
f 999/507/562 1000/508/563 1001/509/451 1002/510/564 
s 2
f 1003/511/565 1004/512/566 989/513/552 988/514/551 
f 1005/515/567 1006/516/493 991/517/554 990/518/553 
s 1
f 1007/543/568 1008/542/569 1009/636/570 1010/637/571 
f 993/570/556 977/599/594 953/641/518 956/638/521 
f 1011/613/572 1012/616/573 1013/615/574 1014/614/575 
s 2
f 1010/609/571 1009/610/570 1015/618/596 1016/617/597 
s 1
f 1016/533/597 1015/534/596 986/535/549 985/536/548 
s 2
f 1017/541/578 1008/542/569 1007/543/568 1018/544/579 
s 1
f 1019/545/580 1004/512/566 1003/511/565 1020/546/581 
s 2
f 1021/551/582 1012/552/573 1011/553/572 1022/554/583 
s 1
f 1006/516/493 1005/515/567 1023/555/584 1024/556/585 
s 4
f 996/504/559 1017/541/578 1018/544/579 997/505/560 
s 2
f 998/506/561 1019/545/580 1020/546/581 995/503/558 
s 4
f 1000/508/563 1021/551/582 1022/554/583 1001/509/451 
s 2
f 1024/556/585 1023/555/584 999/507/562 1002/510/564 
s 1
f 996/504/559 995/503/558 974/557/538 992/559/555 
f 998/560/561 997/561/560 1000/508/563 999/507/562 
s 2
f 989/562/552 1004/563/566 1005/515/567 990/518/553 
f 987/564/550 967/548/532 1003/511/565 988/514/551 
s 1
f 1009/636/570 1008/542/569 993/570/556 956/638/521 
f 1013/615/574 1012/616/573 1007/608/568 1010/609/571 
s 2
f 1015/618/596 1009/610/570 956/530/521 955/531/592 
f 1025/629/586 1013/615/574 1010/609/571 1016/617/597 
s 1
f 986/535/549 1015/534/596 955/537/592 960/540/525 
f 984/567/547 1025/568/586 1016/533/597 985/536/548 
s 2
f 1008/542/569 1017/541/578 994/569/557 993/570/556 
f 1018/571/579 1007/572/568 1012/552/573 1021/551/582 
s 1
f 1004/563/566 1019/573/580 1023/555/584 1005/515/567 
f 1020/546/581 1003/511/565 967/548/532 966/547/531 
s 4
f 1017/541/578 996/504/559 992/559/555 994/569/557 
f 997/561/560 1018/571/579 1021/551/582 1000/508/563 
s 2
f 1019/573/580 998/560/561 999/507/562 1023/555/584 
f 995/503/558 1020/546/581 966/547/531 974/557/538 
s 1
f 1026/574/494 1025/568/586 984/567/547 983/575/546 
s 2
f 1026/634/494 1014/614/575 1013/615/574 1025/629/586 
f 948/526/513 981/635/431 978/566/542 949/525/514 
s 1
f 1027/642/103 1028/643/598 1029/644/599 1030/645/600 
f 1031/646/601 1032/647/602 1033/648/603 1034/649/604 
f 1035/650/605 1036/651/606 1037/652/607 1038/653/114 
f 1039/654/608 1040/655/609 1041/656/610 1042/657/611 
s 2
f 1028/643/598 1043/658/598 1044/659/612 1029/644/599 
s 1
f 1045/660/613 1046/661/614 1047/662/615 1048/663/616 
s 4
f 1029/644/599 1044/659/612 1049/664/617 1030/645/600 
s 2
f 1046/661/614 1050/665/618 1051/666/619 1052/667/113 1047/662/615 
f 1052/667/113 1051/666/619 1053/668/114 1041/656/610 1040/655/609 
s 1
f 1043/658/598 1054/669/104 1055/670/620 1044/659/612 
f 1044/659/612 1055/670/620 1056/671/621 1049/664/617 
f 1057/672/622 1058/673/623 1059/674/624 1060/675/625 
s 2
f 1051/666/619 1061/676/626 1053/668/114 
s 1
f 1054/669/104 1062/677/627 1055/670/620 
f 1039/654/608 1036/651/606 1048/663/616 
s 2
f 1040/655/609 1047/662/615 1052/667/113 
f 1057/672/622 1033/648/603 1055/678/620 
s 4
f 1034/649/604 1051/679/619 1050/680/618 1031/646/601 
s 1
f 1033/648/603 1057/672/622 1060/675/625 1034/649/604 
s 2
f 1032/681/602 1056/671/621 1055/670/620 1033/682/603 
s 1
f 1036/651/606 1039/654/608 1042/657/611 1037/652/607 
f 1035/650/605 1045/660/613 1048/663/616 1036/651/606 
f 1039/654/608 1048/663/616 1047/662/615 1040/655/609 
s 4
f 1059/683/624 1061/676/626 1051/666/619 1060/684/625 
s 2
f 1057/685/622 1055/670/620 1062/677/627 1058/686/623 
s 4
f 1051/679/619 1034/649/604 1060/675/625 
s 1
f 1063/642/104 1064/645/628 1065/644/629 1066/643/630 
f 1067/646/631 1068/649/632 1069/648/633 1070/647/634 
f 1071/650/635 1072/653/113 1073/652/636 1074/651/637 
f 1075/654/638 1076/657/639 1077/656/640 1078/655/641 
s 2
f 1066/643/630 1065/644/629 1079/659/642 1080/658/630 
s 1
f 1081/660/643 1082/663/644 1083/662/645 1084/661/646 
s 4
f 1065/644/629 1064/645/628 1085/664/647 1079/659/642 
s 2
f 1084/661/646 1083/662/645 1086/667/114 1087/666/648 1088/665/649 
f 1086/667/114 1078/655/641 1077/656/640 1089/668/113 1087/666/648 
s 1
f 1080/658/630 1079/659/642 1090/670/650 1091/669/103 
f 1079/659/642 1085/664/647 1092/671/651 1090/670/650 
f 1093/672/652 1094/675/653 1095/674/654 1096/673/655 
s 2
f 1087/666/648 1089/668/113 1097/676/656 
s 1
f 1091/669/103 1090/670/650 1098/677/657 
f 1075/654/638 1082/663/644 1074/651/637 
s 2
f 1078/655/641 1086/667/114 1083/662/645 
f 1093/672/652 1090/678/650 1069/648/633 
s 4
f 1068/649/632 1067/646/631 1088/680/649 1087/679/648 
s 1
f 1069/648/633 1068/649/632 1094/675/653 1093/672/652 
s 2
f 1070/681/634 1069/682/633 1090/670/650 1092/671/651 
s 1
f 1074/651/637 1073/652/636 1076/657/639 1075/654/638 
f 1071/650/635 1074/651/637 1082/663/644 1081/660/643 
f 1075/654/638 1078/655/641 1083/662/645 1082/663/644 
s 4
f 1095/683/654 1094/684/653 1087/666/648 1097/676/656 
s 2
f 1093/685/652 1096/686/655 1098/677/657 1090/670/650 
s 4
f 1087/679/648 1094/675/653 1068/649/632 
s 1
f 1099/687/658 1100/688/659 1101/689/660 1102/690/661 
f 1103/691/662 1101/689/660 1100/688/659 1104/692/663 
f 1105/693/664 1106/694/665 1107/695/666 1108/696/104 
f 1109/697/114 1110/698/667 1111/699/668 1112/700/669 
s 2
f 1101/689/660 1111/699/668 1110/698/667 1102/690/661 
f 1099/687/658 1107/695/666 1106/694/665 1100/688/659 
f 1100/688/659 1106/694/665 1105/693/664 1104/701/663 
f 1111/699/668 1101/689/660 1103/702/662 1112/700/669 
s 1
f 1113/687/670 1114/690/671 1115/689/672 1116/688/673 
f 1117/691/674 1118/692/675 1116/688/673 1115/689/672 
f 1119/703/676 1120/696/103 1121/695/677 1122/694/678 
f 1123/697/113 1124/700/679 1125/699/680 1126/698/681 
s 2
f 1115/689/672 1114/690/671 1126/698/681 1125/699/680 
f 1113/687/670 1116/688/673 1122/694/678 1121/695/677 
f 1116/688/673 1118/701/675 1119/703/676 1122/694/678 
f 1125/699/680 1124/700/679 1117/702/674 1115/689/672 
s 1
f 1127/704/682 1128/705/683 1129/706/684 1130/707/685 
f 1127/704/682 1131/708/686 1132/709/687 
f 1132/709/687 1133/710/688 1128/705/683 1127/704/682 
f 1127/704/682 1130/707/685 1134/711/689 1131/708/686 
f 1135/712/690 1133/710/688 1132/709/687 1136/713/691 
f 1137/714/692 1131/708/686 1134/711/689 1138/715/693 
f 1136/713/691 1132/709/687 1131/708/686 1137/714/692 
f 1139/716/694 1140/717/695 1141/718/696 1142/719/697 
f 1143/720/698 1144/721/699 1145/722/700 1146/723/701 
s 2
f 1147/724/702 1130/707/685 1129/706/684 1148/725/703 1149/726/704 
f 1142/719/697 1141/718/696 1150/727/705 1151/728/706 1152/729/707 
f 1150/727/705 1146/723/701 1145/722/700 1153/730/708 1151/728/706 
f 1130/707/685 1147/724/702 1134/711/689 
s 4
f 1154/731/709 1155/732/710 1156/733/711 1149/734/704 
s 1
f 1157/735/712 1158/736/713 1159/737/714 1160/738/715 
s 8
f 1154/731/709 1149/734/704 1151/739/706 1161/740/716 
s 1
f 1162/741/717 1163/742/718 1164/743/719 1165/744/720 
f 1149/726/704 1148/725/703 1166/745/721 1167/746/722 
s 4
f 1148/747/703 1152/748/707 1168/749/723 1166/750/721 
s 1
f 1152/729/707 1151/728/706 1169/751/724 1168/752/723 
s 16
f 1151/739/706 1149/734/704 1167/753/722 1169/754/724 
s 8
f 1148/747/703 1129/755/684 1165/744/720 1164/743/719 
s 4
f 1129/755/684 1142/756/697 1162/741/717 1165/744/720 
s 8
f 1142/756/697 1152/748/707 1163/742/718 1162/741/717 
s 4
f 1152/748/707 1148/747/703 1164/743/719 1163/742/718 
s 2
f 1170/757/725 1171/758/726 1160/738/715 1159/737/714 
s 8
f 1171/759/726 1172/760/727 1157/735/712 1160/738/715 
s 2
f 1172/761/727 1173/762/728 1158/736/713 1157/735/712 
s 4
f 1173/763/728 1170/764/725 1159/737/714 1158/736/713 
s 2
f 1171/765/726 1170/766/725 1167/746/722 1166/745/721 
s 8
f 1172/767/727 1171/765/726 1166/745/721 1168/768/723 
s 2
f 1173/769/728 1172/767/727 1168/768/723 1169/770/724 
s 4
f 1170/766/725 1173/769/728 1169/770/724 1167/746/722 
s 1
f 1143/720/698 1140/717/695 1174/771/729 
s 2
f 1146/723/701 1150/727/705 1141/718/696 
s 1
f 1174/771/729 1175/772/730 1144/721/699 1143/720/698 
f 1176/773/731 1174/771/729 1140/717/695 1139/716/694 
f 1141/718/696 1140/717/695 1143/720/698 1146/723/701 
f 1175/772/730 1174/771/729 1176/773/731 1177/774/705 
f 1155/732/710 1154/731/709 1161/740/716 1178/775/732 
s 2
f 1138/715/693 1134/711/689 1147/724/702 1149/726/704 1156/776/711 
s 4
f 1178/775/732 1161/740/716 1151/739/706 1153/777/708 
s 1
f 1179/704/733 1180/707/734 1181/706/735 
f 1179/704/733 1182/709/736 1183/708/737 
f 1179/704/733 1183/708/737 1184/711/738 1180/707/734 
f 1185/712/690 1186/713/739 1182/709/736 
f 1187/714/740 1188/715/741 1184/711/738 1183/708/737 
f 1186/713/739 1187/714/740 1183/708/737 1182/709/736 
f 1189/716/694 1190/719/742 1191/718/743 1192/717/744 
f 1193/720/745 1194/723/746 1195/722/747 1196/721/748 
s 2
f 1197/724/702 1198/726/749 1199/725/750 1181/706/735 1180/707/734 
f 1190/719/742 1200/729/751 1201/728/752 1202/727/705 1191/718/743 
f 1202/727/705 1201/728/752 1203/730/753 1195/722/747 1194/723/746 
f 1180/707/734 1184/711/738 1197/724/702 
s 4
f 1204/778/754 1198/779/749 1205/780/755 1206/781/756 
s 1
f 1207/736/757 1208/737/758 1209/738/759 1210/735/760 
s 8
f 1204/778/754 1211/782/761 1201/783/752 1198/779/749 
s 1
f 1212/744/762 1213/741/763 1214/742/764 1215/743/765 
f 1198/726/749 1216/746/766 1217/745/767 1199/725/750 
s 4
f 1199/748/750 1217/749/767 1218/750/768 1200/747/751 
s 1
f 1200/729/751 1218/752/768 1219/751/769 1201/728/752 
s 16
f 1201/783/752 1219/784/769 1216/785/766 1198/779/749 
s 8
f 1199/748/750 1214/742/764 1213/741/763 1181/756/735 
s 4
f 1181/756/735 1213/741/763 1212/744/762 1190/755/742 
s 8
f 1190/755/742 1212/744/762 1215/743/765 1200/747/751 
s 4
f 1200/747/751 1215/743/765 1214/742/764 1199/748/750 
s 2
f 1220/758/770 1209/738/759 1208/737/758 1221/757/771 
s 8
f 1221/764/771 1208/737/758 1207/736/757 1222/763/772 
s 2
f 1222/762/772 1207/736/757 1210/735/760 1223/761/773 
s 4
f 1223/760/773 1210/735/760 1209/738/759 1220/759/770 
s 2
f 1221/765/771 1217/745/767 1216/746/766 1220/766/770 
s 8
f 1222/767/772 1218/768/768 1217/745/767 1221/765/771 
s 2
f 1223/769/773 1219/770/769 1218/768/768 1222/767/772 
s 4
f 1220/766/770 1216/746/766 1219/770/769 1223/769/773 
s 1
f 1193/720/745 1224/771/774 1192/717/744 
s 2
f 1194/723/746 1191/718/743 1202/727/705 
s 1
f 1224/771/774 1193/720/745 1196/721/748 1225/772/775 
f 1226/773/776 1189/716/694 1192/717/744 1224/771/774 
f 1191/718/743 1194/723/746 1193/720/745 1192/717/744 
f 1225/772/775 1227/774/705 1226/773/776 1224/771/774 
f 1206/781/756 1228/786/777 1211/782/761 1204/778/754 
s 2
f 1188/715/741 1205/776/755 1198/726/749 1197/724/702 1184/711/738 
s 4
f 1228/786/777 1203/787/753 1201/783/752 1211/782/761 
# 951 polygons - 26 triangles

#
# object bn_Left_Back_Engine
#

v  -626.8638 432.5977 176.9381
v  -626.8293 432.5983 172.9382
v  -626.9753 436.5956 172.9376
v  -627.0099 436.5950 176.9375
v  -716.9186 451.3246 194.1643
v  -716.5733 451.3309 154.1658
v  -715.4580 411.3513 194.1706
v  -715.1127 411.3576 154.1721
v  -736.0016 430.6108 173.9956
# 9 vertices

vn 0.6938 -0.4935 0.5245
vn 0.7028 -0.4933 -0.5126
vn 0.6649 0.5431 -0.5127
vn 0.6560 0.5429 0.5243
vn -0.3018 0.6701 0.6781
vn -0.2901 0.6703 -0.6830
vn -0.2521 -0.6902 0.6783
vn -0.2404 -0.6899 -0.6828
vn -0.9993 -0.0365 -0.0086
# 9 vertex normals

o bn_Left_Back_Engine
g bn_Left_Back_Engine
usemtl wire_174186203
s 1
f 1229//778 1230//779 1231//780 1232//781 
s 2
f 1233//782 1232//781 1231//780 1234//783 
s 4
f 1235//784 1229//778 1232//781 1233//782 
s 8
f 1230//779 1236//785 1234//783 1231//780 
s 16
f 1229//778 1235//784 1236//785 1230//779 
s 32
f 1237//786 1235//784 1233//782 
s 64
f 1237//786 1233//782 1234//783 
s 128
f 1237//786 1234//783 1236//785 
s 256
f 1237//786 1236//785 1235//784 
# 5 polygons - 4 triangles

#
# object bn_Right_Back_Engine
#

v  -626.9878 -426.4694 177.1138
v  -626.9532 -426.4687 173.1139
v  -627.0993 -422.4714 173.1133
v  -627.1339 -422.4720 177.1131
v  -717.0425 -407.7424 194.3400
v  -716.6973 -407.7361 154.3415
v  -715.5820 -447.7157 194.3463
v  -715.2367 -447.7094 154.3478
v  -736.1255 -428.4562 174.1712
# 9 vertices

vn 0.6938 -0.4935 0.5245
vn 0.7028 -0.4933 -0.5126
vn 0.6649 0.5431 -0.5127
vn 0.6560 0.5429 0.5243
vn -0.3018 0.6701 0.6781
vn -0.2901 0.6703 -0.6830
vn -0.2521 -0.6902 0.6783
vn -0.2404 -0.6899 -0.6828
vn -0.9993 -0.0365 -0.0086
# 9 vertex normals

o bn_Right_Back_Engine
g bn_Right_Back_Engine
usemtl wire_174186203
s 1
f 1238//787 1239//788 1240//789 1241//790 
s 2
f 1242//791 1241//790 1240//789 1243//792 
s 4
f 1244//793 1238//787 1241//790 1242//791 
s 8
f 1239//788 1245//794 1243//792 1240//789 
s 16
f 1238//787 1244//793 1245//794 1239//788 
s 32
f 1246//795 1244//793 1242//791 
s 64
f 1246//795 1242//791 1243//792 
s 128
f 1246//795 1243//792 1245//794 
s 256
f 1246//795 1245//794 1244//793 
# 5 polygons - 4 triangles

#
# object Front_Cabin
#

v  670.6503 22.3615 255.6152
v  670.6545 22.3616 255.1152
v  670.6363 22.8613 255.1151
v  670.6320 22.8612 255.6151
v  633.0568 23.7401 257.5409
v  633.1000 23.7409 252.5411
v  633.2394 18.7435 257.5417
v  633.2825 18.7442 252.5419
v  630.6714 21.1509 255.0198
# 9 vertices

vn 0.6239 -0.5385 0.5663
vn 0.6336 -0.5383 -0.5556
vn 0.5926 0.5829 -0.5558
vn 0.5830 0.5828 0.5662
vn -0.3839 0.6478 0.6581
vn -0.3725 0.6480 -0.6644
vn -0.3356 -0.6738 0.6583
vn -0.3242 -0.6736 -0.6642
vn -0.9993 -0.0365 -0.0086
# 9 vertex normals

o Front_Cabin
g Front_Cabin
usemtl wire_174186203
s 1
f 1247//796 1248//797 1249//798 1250//799 
s 2
f 1251//800 1250//799 1249//798 1252//801 
s 4
f 1253//802 1247//796 1250//799 1251//800 
s 8
f 1248//797 1254//803 1252//801 1249//798 
s 16
f 1247//796 1253//802 1254//803 1248//797 
s 32
f 1255//804 1253//802 1251//800 
s 64
f 1255//804 1251//800 1252//801 
s 128
f 1255//804 1252//801 1254//803 
s 256
f 1255//804 1254//803 1253//802 
# 5 polygons - 4 triangles

#
# object bn_Middle_Front_Weapon
#

v  541.1351 15.6550 484.1578
v  541.1394 15.6551 483.6578
v  541.1212 16.1547 483.6577
v  541.1169 16.1547 484.1577
v  503.5417 17.0336 486.0835
v  503.5848 17.0343 481.0837
v  503.7242 12.0369 486.0843
v  503.7674 12.0377 481.0845
v  501.1563 14.4443 483.5624
# 9 vertices

vn 0.6239 -0.5385 0.5663
vn 0.6336 -0.5383 -0.5556
vn 0.5926 0.5829 -0.5558
vn 0.5830 0.5828 0.5662
vn -0.3839 0.6478 0.6581
vn -0.3725 0.6480 -0.6644
vn -0.3356 -0.6738 0.6583
vn -0.3242 -0.6736 -0.6642
vn -0.9993 -0.0365 -0.0086
# 9 vertex normals

o bn_Middle_Front_Weapon
g bn_Middle_Front_Weapon
usemtl wire_174186203
s 1
f 1256//805 1257//806 1258//807 1259//808 
s 2
f 1260//809 1259//808 1258//807 1261//810 
s 4
f 1262//811 1256//805 1259//808 1260//809 
s 8
f 1257//806 1263//812 1261//810 1258//807 
s 16
f 1256//805 1262//811 1263//812 1257//806 
s 32
f 1264//813 1262//811 1260//809 
s 64
f 1264//813 1260//809 1261//810 
s 128
f 1264//813 1261//810 1263//812 
s 256
f 1264//813 1263//812 1262//811 
# 5 polygons - 4 triangles

#
# object bn_Right_Back_Thruster
#

v  -223.2059 -503.3219 34.1586
v  -223.1714 -503.3212 30.1587
v  -223.3174 -499.3239 30.1581
v  -223.3519 -499.3245 34.1579
v  -334.1872 -485.3595 51.2041
v  -333.8419 -485.3531 11.2056
v  -332.7267 -525.3328 51.2104
v  -332.3814 -525.3265 11.2119
v  -353.2702 -506.0732 31.0354
# 9 vertices

vn 0.6756 -0.5060 0.5362
vn 0.6847 -0.5059 -0.5246
vn 0.6460 0.5543 -0.5248
vn 0.6368 0.5542 0.5360
vn -0.3232 0.6648 0.6734
vn -0.3115 0.6651 -0.6787
vn -0.2738 -0.6865 0.6737
vn -0.2621 -0.6862 -0.6785
vn -0.9993 -0.0365 -0.0086
# 9 vertex normals

o bn_Right_Back_Thruster
g bn_Right_Back_Thruster
usemtl wire_174186203
s 1
f 1265//814 1266//815 1267//816 1268//817 
s 2
f 1269//818 1268//817 1267//816 1270//819 
s 4
f 1271//820 1265//814 1268//817 1269//818 
s 8
f 1266//815 1272//821 1270//819 1267//816 
s 16
f 1265//814 1271//820 1272//821 1266//815 
s 32
f 1273//822 1271//820 1269//818 
s 64
f 1273//822 1269//818 1270//819 
s 128
f 1273//822 1270//819 1272//821 
s 256
f 1273//822 1272//821 1271//820 
# 5 polygons - 4 triangles

#
# object bn_Right_Front_Thruster
#

v  356.6659 -506.5880 -8.7834
v  356.7004 -506.5874 -12.7832
v  356.5544 -502.5901 -12.7839
v  356.5198 -502.5907 -8.7840
v  245.6846 -488.6257 8.2622
v  246.0298 -488.6193 -31.7363
v  247.1451 -528.5990 8.2685
v  247.4904 -528.5927 -31.7300
v  226.6016 -509.3394 -11.9065
# 9 vertices

vn 0.6756 -0.5060 0.5362
vn 0.6847 -0.5059 -0.5246
vn 0.6460 0.5543 -0.5248
vn 0.6368 0.5542 0.5360
vn -0.3232 0.6648 0.6734
vn -0.3115 0.6651 -0.6787
vn -0.2738 -0.6865 0.6737
vn -0.2621 -0.6862 -0.6785
vn -0.9993 -0.0365 -0.0086
# 9 vertex normals

o bn_Right_Front_Thruster
g bn_Right_Front_Thruster
usemtl wire_174186203
s 1
f 1274//823 1275//824 1276//825 1277//826 
s 2
f 1278//827 1277//826 1276//825 1279//828 
s 4
f 1280//829 1274//823 1277//826 1278//827 
s 8
f 1275//824 1281//830 1279//828 1276//825 
s 16
f 1274//823 1280//829 1281//830 1275//824 
s 32
f 1282//831 1280//829 1278//827 
s 64
f 1282//831 1278//827 1279//828 
s 128
f 1282//831 1279//828 1281//830 
s 256
f 1282//831 1281//830 1280//829 
# 5 polygons - 4 triangles

#
# object bn_Left_Front_thruster
#

v  356.1089 502.0406 -1.0772
v  356.1434 502.0412 -5.0771
v  355.9974 506.0385 -5.0777
v  355.9628 506.0379 -1.0779
v  245.1276 520.0030 15.9683
v  245.4729 520.0093 -24.0302
v  246.5881 480.0297 15.9746
v  246.9334 480.0360 -24.0239
v  226.0446 499.2892 -4.2004
# 9 vertices

vn 0.6756 -0.5060 0.5362
vn 0.6847 -0.5059 -0.5246
vn 0.6460 0.5543 -0.5248
vn 0.6368 0.5542 0.5360
vn -0.3232 0.6648 0.6734
vn -0.3115 0.6651 -0.6787
vn -0.2738 -0.6865 0.6737
vn -0.2621 -0.6862 -0.6785
vn -0.9993 -0.0365 -0.0086
# 9 vertex normals

o bn_Left_Front_thruster
g bn_Left_Front_thruster
usemtl wire_174186203
s 1
f 1283//832 1284//833 1285//834 1286//835 
s 2
f 1287//836 1286//835 1285//834 1288//837 
s 4
f 1289//838 1283//832 1286//835 1287//836 
s 8
f 1284//833 1290//839 1288//837 1285//834 
s 16
f 1283//832 1289//838 1290//839 1284//833 
s 32
f 1291//840 1289//838 1287//836 
s 64
f 1291//840 1287//836 1288//837 
s 128
f 1291//840 1288//837 1290//839 
s 256
f 1291//840 1290//839 1289//838 
# 5 polygons - 4 triangles

#
# object bn_Left_Back_Thruster
#

v  -223.7170 488.4130 34.0705
v  -223.6824 488.4136 30.0707
v  -223.8285 492.4109 30.0701
v  -223.8630 492.4103 34.0699
v  -334.6983 506.3754 51.1162
v  -334.3531 506.3817 11.1177
v  -333.2378 466.4020 51.1225
v  -332.8925 466.4084 11.1239
v  -353.7813 485.6616 30.9474
# 9 vertices

vn 0.6756 -0.5060 0.5362
vn 0.6847 -0.5059 -0.5246
vn 0.6460 0.5543 -0.5248
vn 0.6368 0.5542 0.5360
vn -0.3232 0.6648 0.6734
vn -0.3115 0.6651 -0.6787
vn -0.2738 -0.6865 0.6737
vn -0.2621 -0.6862 -0.6785
vn -0.9993 -0.0365 -0.0086
# 9 vertex normals

o bn_Left_Back_Thruster
g bn_Left_Back_Thruster
usemtl wire_174186203
s 1
f 1292//841 1293//842 1294//843 1295//844 
s 2
f 1296//845 1295//844 1294//843 1297//846 
s 4
f 1298//847 1292//841 1295//844 1296//845 
s 8
f 1293//842 1299//848 1297//846 1294//843 
s 16
f 1292//841 1298//847 1299//848 1293//842 
s 32
f 1300//849 1298//847 1296//845 
s 64
f 1300//849 1296//845 1297//846 
s 128
f 1300//849 1297//846 1299//848 
s 256
f 1300//849 1299//848 1298//847 
# 5 polygons - 4 triangles

#
# object bn_Right_Miiddle_Weapon
#

v  -65.3155 -272.4677 465.9739
v  -65.3112 -272.4676 465.4739
v  -65.3294 -271.9679 465.4738
v  -65.3338 -271.9680 465.9738
v  -102.9089 -271.0891 467.8997
v  -102.8658 -271.0883 462.8998
v  -102.7264 -276.0857 467.9005
v  -102.6832 -276.0849 462.9006
v  -105.2943 -273.6783 465.3786
# 9 vertices

vn 0.6239 -0.5385 0.5663
vn 0.6336 -0.5383 -0.5556
vn 0.5926 0.5829 -0.5558
vn 0.5830 0.5828 0.5662
vn -0.3839 0.6478 0.6581
vn -0.3725 0.6480 -0.6644
vn -0.3356 -0.6738 0.6583
vn -0.3242 -0.6736 -0.6642
vn -0.9993 -0.0365 -0.0086
# 9 vertex normals

o bn_Right_Miiddle_Weapon
g bn_Right_Miiddle_Weapon
usemtl wire_174186203
s 1
f 1301//850 1302//851 1303//852 1304//853 
s 2
f 1305//854 1304//853 1303//852 1306//855 
s 4
f 1307//856 1301//850 1304//853 1305//854 
s 8
f 1302//851 1308//857 1306//855 1303//852 
s 16
f 1301//850 1307//856 1308//857 1302//851 
s 32
f 1309//858 1307//856 1305//854 
s 64
f 1309//858 1305//854 1306//855 
s 128
f 1309//858 1306//855 1308//857 
s 256
f 1309//858 1308//857 1307//856 
# 5 polygons - 4 triangles

#
# object bn_Right_Front_weapon
#

v  358.8956 -272.3971 466.1685
v  358.9000 -272.3970 465.6685
v  358.8817 -271.8973 465.6685
v  358.8774 -271.8974 466.1685
v  321.3022 -271.0185 468.0943
v  321.3454 -271.0177 463.0945
v  321.4848 -276.0151 468.0951
v  321.5280 -276.0143 463.0953
v  318.9168 -273.6077 465.5732
# 9 vertices

vn 0.6239 -0.5385 0.5663
vn 0.6336 -0.5383 -0.5556
vn 0.5926 0.5829 -0.5558
vn 0.5830 0.5828 0.5662
vn -0.3839 0.6478 0.6581
vn -0.3725 0.6480 -0.6644
vn -0.3356 -0.6738 0.6583
vn -0.3242 -0.6736 -0.6642
vn -0.9993 -0.0365 -0.0086
# 9 vertex normals

o bn_Right_Front_weapon
g bn_Right_Front_weapon
usemtl wire_174186203
s 1
f 1310//859 1311//860 1312//861 1313//862 
s 2
f 1314//863 1313//862 1312//861 1315//864 
s 4
f 1316//865 1310//859 1313//862 1314//863 
s 8
f 1311//860 1317//866 1315//864 1312//861 
s 16
f 1310//859 1316//865 1317//866 1311//860 
s 32
f 1318//867 1316//865 1314//863 
s 64
f 1318//867 1314//863 1315//864 
s 128
f 1318//867 1315//864 1317//866 
s 256
f 1318//867 1317//866 1316//865 
# 5 polygons - 4 triangles

#
# object bn_Right_Back_Weapon
#

v  -552.6780 -271.8535 465.9382
v  -552.6906 -271.7619 465.4468
v  -552.7181 -271.2712 465.5390
v  -552.7057 -271.3629 466.0304
v  -590.2048 -271.7768 469.1953
v  -590.3297 -270.8602 464.2816
v  -589.9285 -276.6832 468.2730
v  -590.0533 -275.7666 463.3593
v  -592.6245 -273.9190 466.3132
# 9 vertices

vn 0.6527 -0.6174 0.4391
vn 0.6245 -0.4118 -0.6636
vn 0.5626 0.6892 -0.4566
vn 0.5906 0.4835 0.6461
vn -0.3737 0.5068 0.7769
vn -0.4067 0.7492 -0.5228
vn -0.3006 -0.7910 0.5330
vn -0.3336 -0.5485 -0.7667
vn -0.9982 -0.0589 0.0144
# 9 vertex normals

o bn_Right_Back_Weapon
g bn_Right_Back_Weapon
usemtl wire_174186203
s 1
f 1319//868 1320//869 1321//870 1322//871 
s 2
f 1323//872 1322//871 1321//870 1324//873 
s 4
f 1325//874 1319//868 1322//871 1323//872 
s 8
f 1320//869 1326//875 1324//873 1321//870 
s 16
f 1319//868 1325//874 1326//875 1320//869 
s 32
f 1327//876 1325//874 1323//872 
s 64
f 1327//876 1323//872 1324//873 
s 128
f 1327//876 1324//873 1326//875 
s 256
f 1327//876 1326//875 1325//874 
# 5 polygons - 4 triangles

#
# object bn_Left_middle_weapon
#

v  -64.9604 262.2652 465.9327
v  -64.9561 262.2653 465.4327
v  -64.9744 262.7650 465.4326
v  -64.9787 262.7649 465.9326
v  -102.5539 263.6438 467.8585
v  -102.5107 263.6446 462.8586
v  -102.3713 258.6472 467.8593
v  -102.3281 258.6479 462.8594
v  -104.9392 261.0546 465.3374
# 9 vertices

vn 0.6239 -0.5385 0.5663
vn 0.6336 -0.5383 -0.5556
vn 0.5926 0.5829 -0.5558
vn 0.5830 0.5828 0.5662
vn -0.3839 0.6478 0.6581
vn -0.3725 0.6480 -0.6644
vn -0.3356 -0.6738 0.6583
vn -0.3242 -0.6736 -0.6642
vn -0.9993 -0.0365 -0.0086
# 9 vertex normals

o bn_Left_middle_weapon
g bn_Left_middle_weapon
usemtl wire_174186203
s 1
f 1328//877 1329//878 1330//879 1331//880 
s 2
f 1332//881 1331//880 1330//879 1333//882 
s 4
f 1334//883 1328//877 1331//880 1332//881 
s 8
f 1329//878 1335//884 1333//882 1330//879 
s 16
f 1328//877 1334//883 1335//884 1329//878 
s 32
f 1336//885 1334//883 1332//881 
s 64
f 1336//885 1332//881 1333//882 
s 128
f 1336//885 1333//882 1335//884 
s 256
f 1336//885 1335//884 1334//883 
# 5 polygons - 4 triangles

#
# object bn_Left_Front_Weapon
#

v  359.2981 263.0853 466.2933
v  359.3025 263.0854 465.7933
v  359.2842 263.5850 465.7933
v  359.2799 263.5850 466.2932
v  321.7047 264.4639 468.2191
v  321.7479 264.4646 463.2193
v  321.8873 259.4672 468.2199
v  321.9305 259.4680 463.2201
v  319.3193 261.8746 465.6980
# 9 vertices

vn 0.6239 -0.5385 0.5663
vn 0.6336 -0.5383 -0.5556
vn 0.5926 0.5829 -0.5558
vn 0.5830 0.5828 0.5662
vn -0.3839 0.6478 0.6581
vn -0.3725 0.6480 -0.6644
vn -0.3356 -0.6738 0.6583
vn -0.3242 -0.6736 -0.6642
vn -0.9993 -0.0365 -0.0086
# 9 vertex normals

o bn_Left_Front_Weapon
g bn_Left_Front_Weapon
usemtl wire_174186203
s 1
f 1337//886 1338//887 1339//888 1340//889 
s 2
f 1341//890 1340//889 1339//888 1342//891 
s 4
f 1343//892 1337//886 1340//889 1341//890 
s 8
f 1338//887 1344//893 1342//891 1339//888 
s 16
f 1337//886 1343//892 1344//893 1338//887 
s 32
f 1345//894 1343//892 1341//890 
s 64
f 1345//894 1341//890 1342//891 
s 128
f 1345//894 1342//891 1344//893 
s 256
f 1345//894 1344//893 1343//892 
# 5 polygons - 4 triangles

#
# object bn_left_Back_Weapon
#

v  -552.3646 262.5788 466.9798
v  -552.3603 262.5789 466.4798
v  -552.3785 263.0786 466.4797
v  -552.3828 263.0785 466.9797
v  -589.9580 263.9574 468.9055
v  -589.9149 263.9582 463.9057
v  -589.7755 258.9607 468.9063
v  -589.7323 258.9615 463.9065
v  -592.3434 261.3682 466.3845
# 9 vertices

vn 0.6239 -0.5385 0.5663
vn 0.6336 -0.5383 -0.5556
vn 0.5926 0.5829 -0.5558
vn 0.5830 0.5828 0.5662
vn -0.3839 0.6478 0.6581
vn -0.3725 0.6480 -0.6644
vn -0.3356 -0.6738 0.6583
vn -0.3242 -0.6736 -0.6642
vn -0.9993 -0.0365 -0.0086
# 9 vertex normals

o bn_left_Back_Weapon
g bn_left_Back_Weapon
usemtl wire_174186203
s 1
f 1346//895 1347//896 1348//897 1349//898 
s 2
f 1350//899 1349//898 1348//897 1351//900 
s 4
f 1352//901 1346//895 1349//898 1350//899 
s 8
f 1347//896 1353//902 1351//900 1348//897 
s 16
f 1346//895 1352//901 1353//902 1347//896 
s 32
f 1354//903 1352//901 1350//899 
s 64
f 1354//903 1350//899 1351//900 
s 128
f 1354//903 1351//900 1353//902 
s 256
f 1354//903 1353//902 1352//901 
# 5 polygons - 4 triangles

